Hour,AbsoluteHour,SystemNetGridImport_MW,SystemGridPurchase_MW,SystemGridSell_MW,SystemFacilityLoad_MW,SystemAvailableRenewable_MW,SystemCurtailment_MW,Scenario,Method,ReportedPositivePeak_MW,PeakLinkSlack_MW
0,2328,-546.1512495833,0.0000000000,546.1512495833,2302.3980608567,3241.1400000000,418.8871695600,observed,candidate,0.0000000000,546.1512495833
1,2329,-484.9558337500,0.0000000000,484.9558337500,2704.8149495500,3527.2200000000,411.3182367000,observed,candidate,0.0000000000,484.9558337500
2,2330,-436.5604166667,0.0000000000,436.5604166667,2965.2963462533,3900.0000000000,534.0101399900,observed,candidate,0.0000000000,436.5604166667
3,2331,-615.7820841667,0.0000000000,615.7820841667,3121.6184515900,4334.1000000000,767.1866146600,observed,candidate,0.0000000000,615.7820841667
4,2332,-620.0000000000,0.0000000000,620.0000000000,3266.3363467333,4800.0000000000,1022.8949028500,observed,candidate,0.0000000000,620.0000000000
5,2333,-620.0000000000,0.0000000000,620.0000000000,3323.0172266667,5265.9000000000,1359.7327733333,observed,candidate,0.0000000000,620.0000000000
6,2334,-620.0000000000,0.0000000000,620.0000000000,3315.8861019900,5700.0000000000,1764.1138980100,observed,candidate,0.0000000000,620.0000000000
7,2335,-620.0000000000,0.0000000000,620.0000000000,3322.5123529000,6072.7800000000,2130.2676471000,observed,candidate,0.0000000000,620.0000000000
8,2336,-620.0000000000,0.0000000000,620.0000000000,3270.7540913100,6358.8600000000,2468.1059086900,observed,candidate,0.0000000000,620.0000000000
9,2337,-620.0000000000,0.0000000000,620.0000000000,3251.6388470500,6538.6800000000,2667.0411529500,observed,candidate,0.0000000000,620.0000000000
10,2338,-620.0000000000,0.0000000000,620.0000000000,3142.7827062133,6600.0000000000,2837.2172937867,observed,candidate,0.0000000000,620.0000000000
11,2339,-620.0000000000,0.0000000000,620.0000000000,2971.0183586400,6538.6800000000,2947.6616413600,observed,candidate,0.0000000000,620.0000000000
12,2340,-620.0000000000,0.0000000000,620.0000000000,2794.3882404233,6358.8600000000,2944.4717595767,observed,candidate,0.0000000000,620.0000000000
13,2341,-620.0000000000,0.0000000000,620.0000000000,2658.3066800067,6072.7800000000,2554.4733199933,observed,candidate,0.0000000000,620.0000000000
14,2342,-620.0000000000,0.0000000000,620.0000000000,2558.7165742400,5700.0000000000,2299.7380090933,observed,candidate,0.0000000000,620.0000000000
15,2343,-620.0000000000,0.0000000000,620.0000000000,2274.3146124767,5265.9000000000,2198.7149704400,observed,candidate,0.0000000000,620.0000000000
16,2344,-620.0000000000,0.0000000000,620.0000000000,1992.3273395433,4800.0000000000,2048.2743271233,observed,candidate,0.0000000000,620.0000000000
17,2345,-620.0000000000,0.0000000000,620.0000000000,1798.1384000000,4334.1000000000,1468.1718000887,observed,candidate,0.0000000000,620.0000000000
18,2346,-620.0000000000,0.0000000000,620.0000000000,1703.3972128767,3900.0000000000,1413.1040004500,observed,candidate,0.0000000000,620.0000000000
19,2347,-620.0000000000,0.0000000000,620.0000000000,1707.8413808800,3527.2200000000,1062.8863257800,observed,candidate,0.0000000000,620.0000000000
20,2348,-620.0000000000,0.0000000000,620.0000000000,1721.4209528800,3241.1400000000,796.8303742100,observed,candidate,0.0000000000,620.0000000000
21,2349,-620.0000000000,0.0000000000,620.0000000000,1903.8677870867,3061.3200000000,575.4401887064,observed,candidate,0.0000000000,620.0000000000
22,2350,-620.0000000000,0.0000000000,620.0000000000,2077.5737128833,3000.0000000000,498.8457804500,observed,candidate,0.0000000000,620.0000000000
23,2351,-620.0000000000,0.0000000000,620.0000000000,2495.5148257933,3061.3200000000,223.2324462400,observed,candidate,0.0000000000,620.0000000000
24,2352,-336.6475004233,0.0000000000,336.6475004233,2632.7812595533,3241.1400000000,271.7112400233,observed,candidate,0.0000000000,336.6475004233
25,2353,-420.2122825000,0.0000000000,420.2122825000,3038.8786458000,3527.2200000000,238.2863204500,observed,candidate,0.0000000000,420.2122825000
26,2354,-620.0000000000,0.0000000000,620.0000000000,3336.3906475767,3900.0000000000,333.0381990900,observed,candidate,0.0000000000,620.0000000000
27,2355,-620.0000000000,0.0000000000,620.0000000000,3432.4594375433,4334.1000000000,529.9744495500,observed,candidate,0.0000000000,620.0000000000
28,2356,-620.0000000000,0.0000000000,620.0000000000,3473.3926203667,4800.0000000000,788.1806271400,observed,candidate,0.0000000000,620.0000000000
29,2357,-620.0000000000,0.0000000000,620.0000000000,3571.6647804033,5265.9000000000,1074.2352195967,observed,candidate,0.0000000000,620.0000000000
30,2358,-620.0000000000,0.0000000000,620.0000000000,3539.4488800367,5700.0000000000,1540.5511199633,observed,candidate,0.0000000000,620.0000000000
31,2359,-620.0000000000,0.0000000000,620.0000000000,3349.0057337867,6072.7800000000,2103.7742662133,observed,candidate,0.0000000000,620.0000000000
32,2360,-620.0000000000,0.0000000000,620.0000000000,3227.1888708500,6358.8600000000,2511.6711291500,observed,candidate,0.0000000000,620.0000000000
33,2361,-620.0000000000,0.0000000000,620.0000000000,3165.8994757900,6538.6800000000,2752.7805242100,observed,candidate,0.0000000000,620.0000000000
34,2362,-620.0000000000,0.0000000000,620.0000000000,3089.0116928467,6600.0000000000,2890.9883071533,observed,candidate,0.0000000000,620.0000000000
35,2363,-620.0000000000,0.0000000000,620.0000000000,2977.3029929067,6538.6800000000,2941.3770070933,observed,candidate,0.0000000000,620.0000000000
36,2364,-620.0000000000,0.0000000000,620.0000000000,2854.5274549067,6358.8600000000,2884.3325450933,observed,candidate,0.0000000000,620.0000000000
37,2365,-620.0000000000,0.0000000000,620.0000000000,2775.2537041767,6072.7800000000,2677.5262958233,observed,candidate,0.0000000000,620.0000000000
38,2366,-620.0000000000,0.0000000000,620.0000000000,2666.0847087000,5700.0000000000,2229.7682075500,observed,candidate,0.0000000000,620.0000000000
39,2367,-620.0000000000,0.0000000000,620.0000000000,2341.3201729200,5265.9000000000,2128.8123266633,observed,candidate,0.0000000000,620.0000000000
40,2368,-620.0000000000,0.0000000000,620.0000000000,1951.8718053533,4800.0000000000,1866.6461603293,observed,candidate,0.0000000000,620.0000000000
41,2369,-620.0000000000,0.0000000000,620.0000000000,1796.4496438200,4334.1000000000,1625.8259744446,observed,candidate,0.0000000000,620.0000000000
42,2370,-620.0000000000,0.0000000000,620.0000000000,1613.9036162133,3900.0000000000,1334.7611904600,observed,candidate,0.0000000000,620.0000000000
43,2371,-620.0000000000,0.0000000000,620.0000000000,1609.6107770700,3527.2200000000,1149.9614562633,observed,candidate,0.0000000000,620.0000000000
44,2372,-620.0000000000,0.0000000000,620.0000000000,1743.7909957900,3241.1400000000,761.5514458229,observed,candidate,0.0000000000,620.0000000000
45,2373,-620.0000000000,0.0000000000,620.0000000000,1927.2675555333,3061.3200000000,599.7141115500,observed,candidate,0.0000000000,620.0000000000
46,2374,-620.0000000000,0.0000000000,620.0000000000,2250.2297366333,3000.0000000000,379.0864204500,observed,candidate,0.0000000000,620.0000000000
47,2375,-620.0000000000,0.0000000000,620.0000000000,2594.0784586500,3061.3200000000,250.9602676000,observed,candidate,0.0000000000,620.0000000000
48,2376,-231.3701108533,0.0000000000,231.3701108533,2929.6210808600,3241.1400000000,190.5724991000,observed,candidate,0.0000000000,231.3701108533
49,2377,-616.2954162500,0.0000000000,616.2954162500,3039.1923341767,3527.2200000000,224.8677800000,observed,candidate,0.0000000000,616.2954162500
50,2378,-620.0000000000,0.0000000000,620.0000000000,3124.0239196100,3900.0000000000,327.1773799667,observed,candidate,0.0000000000,620.0000000000
51,2379,-620.0000000000,0.0000000000,620.0000000000,3270.6079953333,4334.1000000000,539.5278409100,observed,candidate,0.0000000000,620.0000000000
52,2380,-620.0000000000,0.0000000000,620.0000000000,3333.0487995867,4800.0000000000,882.3136999967,observed,candidate,0.0000000000,620.0000000000
53,2381,-620.0000000000,0.0000000000,620.0000000000,3296.5539142267,5265.9000000000,1349.3460857733,observed,candidate,0.0000000000,620.0000000000
54,2382,-620.0000000000,0.0000000000,620.0000000000,3366.7540466600,5700.0000000000,1713.2459533400,observed,candidate,0.0000000000,620.0000000000
55,2383,-620.0000000000,0.0000000000,620.0000000000,3337.2007008633,6072.7800000000,2115.5792991367,observed,candidate,0.0000000000,620.0000000000
56,2384,-620.0000000000,0.0000000000,620.0000000000,3358.8145171033,6358.8600000000,2380.0454828967,observed,candidate,0.0000000000,620.0000000000
57,2385,-620.0000000000,0.0000000000,620.0000000000,3221.8834457667,6538.6800000000,2696.7965542333,observed,candidate,0.0000000000,620.0000000000
58,2386,-620.0000000000,0.0000000000,620.0000000000,3173.2452057567,6600.0000000000,2806.7547942433,observed,candidate,0.0000000000,620.0000000000
59,2387,-620.0000000000,0.0000000000,620.0000000000,2974.3109399867,6538.6800000000,2944.3690600133,observed,candidate,0.0000000000,620.0000000000
60,2388,-620.0000000000,0.0000000000,620.0000000000,2815.6163537933,6358.8600000000,2923.2436462067,observed,candidate,0.0000000000,620.0000000000
61,2389,-620.0000000000,0.0000000000,620.0000000000,2801.8864829133,6072.7800000000,2650.8935170867,observed,candidate,0.0000000000,620.0000000000
62,2390,-620.0000000000,0.0000000000,620.0000000000,2496.8112537700,5700.0000000000,2474.6240303346,observed,candidate,0.0000000000,620.0000000000
63,2391,-620.0000000000,0.0000000000,620.0000000000,2193.8643771100,5265.9000000000,2212.0356228900,observed,candidate,0.0000000000,620.0000000000
64,2392,-620.0000000000,0.0000000000,620.0000000000,1853.6174904433,4800.0000000000,2086.3825095567,observed,candidate,0.0000000000,620.0000000000
65,2393,-620.0000000000,0.0000000000,620.0000000000,1573.1089120133,4334.1000000000,1694.4494209033,observed,candidate,0.0000000000,620.0000000000
66,2394,-620.0000000000,0.0000000000,620.0000000000,1673.1165946267,3900.0000000000,1437.9573053733,observed,candidate,0.0000000000,620.0000000000
67,2395,-620.0000000000,0.0000000000,620.0000000000,1647.7481528733,3527.2200000000,1259.4718471267,observed,candidate,0.0000000000,620.0000000000
68,2396,-620.0000000000,0.0000000000,620.0000000000,1637.8644699800,3241.1400000000,917.9566687574,observed,candidate,0.0000000000,620.0000000000
69,2397,-620.0000000000,0.0000000000,620.0000000000,1901.7515342667,3061.3200000000,635.9067990667,observed,candidate,0.0000000000,620.0000000000
70,2398,-620.0000000000,0.0000000000,620.0000000000,2162.1710709200,3000.0000000000,409.2535953300,observed,candidate,0.0000000000,620.0000000000
71,2399,-611.1725004167,0.0000000000,611.1725004167,2482.5053333533,3061.3200000000,243.8614862300,observed,candidate,0.0000000000,611.1725004167
0,2328,-557.1879695833,0.0000000000,557.1879695833,2368.5048608567,3241.1400000000,315.4471695600,observed,baseline,0.0000000000,557.1879695833
1,2329,-509.7130137500,0.0000000000,509.7130137500,2730.9647495500,3527.2200000000,286.5422367000,observed,baseline,0.0000000000,509.7130137500
2,2330,-521.6584637567,0.0000000000,521.6584637567,2991.7159462533,3900.0000000000,386.6255899900,observed,baseline,0.0000000000,521.6584637567
3,2331,-553.5209337500,0.0000000000,553.5209337500,3163.0086649233,4334.1000000000,617.5704013267,observed,baseline,0.0000000000,553.5209337500
4,2332,-619.0375004167,0.0000000000,619.0375004167,3337.6014667333,4800.0000000000,843.3610328500,observed,baseline,0.0000000000,619.0375004167
5,2333,-620.0000000000,0.0000000000,620.0000000000,3378.6550000000,5265.9000000000,1267.2450000000,observed,baseline,0.0000000000,620.0000000000
6,2334,-620.0000000000,0.0000000000,620.0000000000,3374.1741986567,5700.0000000000,1705.8258013433,observed,baseline,0.0000000000,620.0000000000
7,2335,-620.0000000000,0.0000000000,620.0000000000,3360.7710995667,6072.7800000000,2092.0089004333,observed,baseline,0.0000000000,620.0000000000
8,2336,-620.0000000000,0.0000000000,620.0000000000,3293.0764013100,6358.8600000000,2445.7835986900,observed,baseline,0.0000000000,620.0000000000
9,2337,-620.0000000000,0.0000000000,620.0000000000,3286.7751003833,6538.6800000000,2631.9048996167,observed,baseline,0.0000000000,620.0000000000
10,2338,-620.0000000000,0.0000000000,620.0000000000,3169.7877995467,6600.0000000000,2810.2122004533,observed,baseline,0.0000000000,620.0000000000
11,2339,-620.0000000000,0.0000000000,620.0000000000,2998.2723986400,6538.6800000000,2920.4076013600,observed,baseline,0.0000000000,620.0000000000
12,2340,-620.0000000000,0.0000000000,620.0000000000,2802.2552004233,6358.8600000000,2936.6047995767,observed,baseline,0.0000000000,620.0000000000
13,2341,-620.0000000000,0.0000000000,620.0000000000,2618.3991000067,6072.7800000000,2834.3808999933,observed,baseline,0.0000000000,620.0000000000
14,2342,-620.0000000000,0.0000000000,620.0000000000,2474.8529409067,5700.0000000000,2605.1470590933,observed,baseline,0.0000000000,620.0000000000
15,2343,-620.0000000000,0.0000000000,620.0000000000,2232.1382691433,5265.9000000000,2413.7617308567,observed,baseline,0.0000000000,620.0000000000
16,2344,-620.0000000000,0.0000000000,620.0000000000,2000.8407395433,4800.0000000000,2179.1592604567,observed,baseline,0.0000000000,620.0000000000
17,2345,-620.0000000000,0.0000000000,620.0000000000,1899.6946000000,4334.1000000000,1814.4054000000,observed,baseline,0.0000000000,620.0000000000
18,2346,-620.0000000000,0.0000000000,620.0000000000,1824.4716995433,3900.0000000000,1455.5283004567,observed,baseline,0.0000000000,620.0000000000
19,2347,-620.0000000000,0.0000000000,620.0000000000,1825.7550008800,3527.2200000000,1081.4649991200,observed,baseline,0.0000000000,620.0000000000
20,2348,-620.0000000000,0.0000000000,620.0000000000,1877.9282995467,3241.1400000000,743.2117004533,observed,baseline,0.0000000000,620.0000000000
21,2349,-554.5741995800,0.0000000000,554.5741995800,2102.6098004200,3061.3200000000,404.1360000000,observed,baseline,0.0000000000,554.5741995800
22,2350,-390.5660000000,0.0000000000,390.5660000000,2218.6080995500,3000.0000000000,390.8259004500,observed,baseline,0.0000000000,390.5660000000
23,2351,-346.9525004133,0.0000000000,346.9525004133,2559.0517991267,3061.3200000000,155.3157004600,observed,baseline,0.0000000000,346.9525004133
24,2352,-335.5828666633,0.0000000000,335.5828666633,2643.8173328867,3241.1400000000,261.7398004500,observed,baseline,0.0000000000,335.5828666633
25,2353,-308.6237004167,0.0000000000,308.6237004167,3037.7127991333,3527.2200000000,180.8835004500,observed,baseline,0.0000000000,308.6237004167
26,2354,-364.1184333333,0.0000000000,364.1184333333,3198.1055675767,3900.0000000000,337.7759990900,observed,baseline,0.0000000000,364.1184333333
27,2355,-521.9023995733,0.0000000000,521.9023995733,3257.3716008767,4334.1000000000,554.8259995500,observed,baseline,0.0000000000,521.9023995733
28,2356,-620.0000000000,0.0000000000,620.0000000000,3279.1101003667,4800.0000000000,900.8898996333,observed,baseline,0.0000000000,620.0000000000
29,2357,-620.0000000000,0.0000000000,620.0000000000,3350.7202004033,5265.9000000000,1295.1797995967,observed,baseline,0.0000000000,620.0000000000
30,2358,-620.0000000000,0.0000000000,620.0000000000,3409.4607000367,5700.0000000000,1670.5392999633,observed,baseline,0.0000000000,620.0000000000
31,2359,-620.0000000000,0.0000000000,620.0000000000,3401.9550004533,6072.7800000000,2050.8249995467,observed,baseline,0.0000000000,620.0000000000
32,2360,-620.0000000000,0.0000000000,620.0000000000,3349.6025008500,6358.8600000000,2389.2574991500,observed,baseline,0.0000000000,620.0000000000
33,2361,-620.0000000000,0.0000000000,620.0000000000,3260.7920991233,6538.6800000000,2657.8879008767,observed,baseline,0.0000000000,620.0000000000
34,2362,-620.0000000000,0.0000000000,620.0000000000,3150.8007995133,6600.0000000000,2829.1992004867,observed,baseline,0.0000000000,620.0000000000
35,2363,-620.0000000000,0.0000000000,620.0000000000,2996.6053995733,6538.6800000000,2922.0746004267,observed,baseline,0.0000000000,620.0000000000
36,2364,-620.0000000000,0.0000000000,620.0000000000,2743.4568982400,6358.8600000000,2995.4031017600,observed,baseline,0.0000000000,620.0000000000
37,2365,-620.0000000000,0.0000000000,620.0000000000,2616.1647841767,6072.7800000000,2836.6152158233,observed,baseline,0.0000000000,620.0000000000
38,2366,-620.0000000000,0.0000000000,620.0000000000,2501.1031453667,5700.0000000000,2578.8968546333,observed,baseline,0.0000000000,620.0000000000
39,2367,-620.0000000000,0.0000000000,620.0000000000,2247.4321595867,5265.9000000000,2398.4678404133,observed,baseline,0.0000000000,620.0000000000
40,2368,-620.0000000000,0.0000000000,620.0000000000,1995.9023520200,4800.0000000000,2184.0976479800,observed,baseline,0.0000000000,620.0000000000
41,2369,-620.0000000000,0.0000000000,620.0000000000,1931.3690671533,4334.1000000000,1782.7309328467,observed,baseline,0.0000000000,620.0000000000
42,2370,-620.0000000000,0.0000000000,620.0000000000,1802.7240995467,3900.0000000000,1477.2759004533,observed,baseline,0.0000000000,620.0000000000
43,2371,-620.0000000000,0.0000000000,620.0000000000,1845.9986004033,3527.2200000000,1061.2213995967,observed,baseline,0.0000000000,620.0000000000
44,2372,-620.0000000000,0.0000000000,620.0000000000,1954.1666991233,3241.1400000000,666.9733008767,observed,baseline,0.0000000000,620.0000000000
45,2373,-527.9939991600,0.0000000000,527.9939991600,2097.5406022000,3061.3200000000,435.7853986400,observed,baseline,0.0000000000,527.9939991600
46,2374,-449.3562995833,0.0000000000,449.3562995833,2244.8689999667,3000.0000000000,305.7747004500,observed,baseline,0.0000000000,449.3562995833
47,2375,-354.3648999900,0.0000000000,354.3648999900,2475.8074986500,3061.3200000000,231.1476013600,observed,baseline,0.0000000000,354.3648999900
48,2376,-294.5922995800,0.0000000000,294.5922995800,2740.0172008600,3241.1400000000,206.5304995600,observed,baseline,0.0000000000,294.5922995800
49,2377,-321.4464991567,0.0000000000,321.4464991567,2949.0698008433,3527.2200000000,256.7037000000,observed,baseline,0.0000000000,321.4464991567
50,2378,-407.0573675167,0.0000000000,407.0573675167,3151.1436329433,3900.0000000000,341.7989995400,observed,baseline,0.0000000000,407.0573675167
51,2379,-503.9206337567,0.0000000000,503.9206337567,3275.3533653333,4334.1000000000,554.8260009100,observed,baseline,0.0000000000,503.9206337567
52,2380,-619.1125004167,0.0000000000,619.1125004167,3318.4735995867,4800.0000000000,862.4138999967,observed,baseline,0.0000000000,619.1125004167
53,2381,-620.0000000000,0.0000000000,620.0000000000,3318.8803675600,5265.9000000000,1327.0196324400,observed,baseline,0.0000000000,620.0000000000
54,2382,-620.0000000000,0.0000000000,620.0000000000,3394.6136999933,5700.0000000000,1685.3863000067,observed,baseline,0.0000000000,620.0000000000
55,2383,-620.0000000000,0.0000000000,620.0000000000,3394.4927741967,6072.7800000000,2058.2872258033,observed,baseline,0.0000000000,620.0000000000
56,2384,-620.0000000000,0.0000000000,620.0000000000,3398.5055604367,6358.8600000000,2340.3544395633,observed,baseline,0.0000000000,620.0000000000
57,2385,-620.0000000000,0.0000000000,620.0000000000,3233.8270991000,6538.6800000000,2684.8529009000,observed,baseline,0.0000000000,620.0000000000
58,2386,-620.0000000000,0.0000000000,620.0000000000,3177.6319990900,6600.0000000000,2802.3680009100,observed,baseline,0.0000000000,620.0000000000
59,2387,-620.0000000000,0.0000000000,620.0000000000,2976.7064999867,6538.6800000000,2941.9735000133,observed,baseline,0.0000000000,620.0000000000
60,2388,-620.0000000000,0.0000000000,620.0000000000,2708.1993004600,6358.8600000000,3030.6606995400,observed,baseline,0.0000000000,620.0000000000
61,2389,-620.0000000000,0.0000000000,620.0000000000,2685.3857895800,6072.7800000000,2767.3942104200,observed,baseline,0.0000000000,620.0000000000
62,2390,-620.0000000000,0.0000000000,620.0000000000,2442.0210204367,5700.0000000000,2637.9789795633,observed,baseline,0.0000000000,620.0000000000
63,2391,-620.0000000000,0.0000000000,620.0000000000,2241.6164004433,5265.9000000000,2404.2835995567,observed,baseline,0.0000000000,620.0000000000
64,2392,-620.0000000000,0.0000000000,620.0000000000,2027.2370504433,4800.0000000000,2152.7629495567,observed,baseline,0.0000000000,620.0000000000
65,2393,-620.0000000000,0.0000000000,620.0000000000,1754.3553853467,4334.1000000000,1959.7446146533,observed,baseline,0.0000000000,620.0000000000
66,2394,-620.0000000000,0.0000000000,620.0000000000,1887.2273146267,3900.0000000000,1392.7726853733,observed,baseline,0.0000000000,620.0000000000
67,2395,-620.0000000000,0.0000000000,620.0000000000,1876.5157328733,3527.2200000000,1030.7042671267,observed,baseline,0.0000000000,620.0000000000
68,2396,-609.2908329167,0.0000000000,609.2908329167,1904.9904666467,3241.1400000000,726.8587004367,observed,baseline,0.0000000000,609.2908329167
69,2397,-508.5138866667,0.0000000000,508.5138866667,2104.5412142667,3061.3200000000,448.2648990667,observed,baseline,0.0000000000,508.5138866667
70,2398,-375.3210133233,0.0000000000,375.3210133233,2337.0542875867,3000.0000000000,287.6246990900,observed,baseline,0.0000000000,375.3210133233
71,2399,-296.9710999900,0.0000000000,296.9710999900,2537.3719000200,3061.3200000000,226.9769999900,observed,baseline,0.0000000000,296.9710999900
0,2328,-546.1512495833,0.0000000000,546.1512495833,2302.3980608567,3241.1400000000,418.8871695600,peak_price_empirical,candidate,0.0000000000,546.1512495833
1,2329,-484.9558337500,0.0000000000,484.9558337500,2704.8149495500,3527.2200000000,411.3182367000,peak_price_empirical,candidate,0.0000000000,484.9558337500
2,2330,-436.5604166667,0.0000000000,436.5604166667,2965.2963462533,3900.0000000000,534.0101399900,peak_price_empirical,candidate,0.0000000000,436.5604166667
3,2331,-615.7820841667,0.0000000000,615.7820841667,3121.6184515900,4334.1000000000,767.1866146600,peak_price_empirical,candidate,0.0000000000,615.7820841667
4,2332,-620.0000000000,0.0000000000,620.0000000000,3266.3363467333,4800.0000000000,1022.8949028500,peak_price_empirical,candidate,0.0000000000,620.0000000000
5,2333,-620.0000000000,0.0000000000,620.0000000000,3323.0172266667,5265.9000000000,1359.7327733333,peak_price_empirical,candidate,0.0000000000,620.0000000000
6,2334,-620.0000000000,0.0000000000,620.0000000000,3315.8861019900,5700.0000000000,1764.1138980100,peak_price_empirical,candidate,0.0000000000,620.0000000000
7,2335,-620.0000000000,0.0000000000,620.0000000000,3322.5123529000,6072.7800000000,2130.2676471000,peak_price_empirical,candidate,0.0000000000,620.0000000000
8,2336,-620.0000000000,0.0000000000,620.0000000000,3270.7540913100,6358.8600000000,2468.1059086900,peak_price_empirical,candidate,0.0000000000,620.0000000000
9,2337,-620.0000000000,0.0000000000,620.0000000000,3251.6388470500,6538.6800000000,2667.0411529500,peak_price_empirical,candidate,0.0000000000,620.0000000000
10,2338,-620.0000000000,0.0000000000,620.0000000000,3142.7827062133,6600.0000000000,2837.2172937867,peak_price_empirical,candidate,0.0000000000,620.0000000000
11,2339,-620.0000000000,0.0000000000,620.0000000000,2971.0183586400,6538.6800000000,2947.6616413600,peak_price_empirical,candidate,0.0000000000,620.0000000000
12,2340,-620.0000000000,0.0000000000,620.0000000000,2794.3882404233,6358.8600000000,2944.4717595767,peak_price_empirical,candidate,0.0000000000,620.0000000000
13,2341,-620.0000000000,0.0000000000,620.0000000000,2658.3066800067,6072.7800000000,2554.4733199933,peak_price_empirical,candidate,0.0000000000,620.0000000000
14,2342,-620.0000000000,0.0000000000,620.0000000000,2558.7165742400,5700.0000000000,2299.7380090933,peak_price_empirical,candidate,0.0000000000,620.0000000000
15,2343,-620.0000000000,0.0000000000,620.0000000000,2274.3146124767,5265.9000000000,2198.7149704400,peak_price_empirical,candidate,0.0000000000,620.0000000000
16,2344,-620.0000000000,0.0000000000,620.0000000000,1992.3273395433,4800.0000000000,2048.2743271233,peak_price_empirical,candidate,0.0000000000,620.0000000000
17,2345,-620.0000000000,0.0000000000,620.0000000000,1798.1384000000,4334.1000000000,1468.1718000887,peak_price_empirical,candidate,0.0000000000,620.0000000000
18,2346,-620.0000000000,0.0000000000,620.0000000000,1703.3972128767,3900.0000000000,1413.1040004500,peak_price_empirical,candidate,0.0000000000,620.0000000000
19,2347,-620.0000000000,0.0000000000,620.0000000000,1707.8413808800,3527.2200000000,1062.8863257800,peak_price_empirical,candidate,0.0000000000,620.0000000000
20,2348,-620.0000000000,0.0000000000,620.0000000000,1721.4209528800,3241.1400000000,796.8303742100,peak_price_empirical,candidate,0.0000000000,620.0000000000
21,2349,-620.0000000000,0.0000000000,620.0000000000,1903.8677870867,3061.3200000000,575.4401887064,peak_price_empirical,candidate,0.0000000000,620.0000000000
22,2350,-620.0000000000,0.0000000000,620.0000000000,2077.5737128833,3000.0000000000,498.8457804500,peak_price_empirical,candidate,0.0000000000,620.0000000000
23,2351,-620.0000000000,0.0000000000,620.0000000000,2495.5148257933,3061.3200000000,223.2324462400,peak_price_empirical,candidate,0.0000000000,620.0000000000
24,2352,-336.6475004233,0.0000000000,336.6475004233,2632.7812595533,3241.1400000000,271.7112400233,peak_price_empirical,candidate,0.0000000000,336.6475004233
25,2353,-420.2122825000,0.0000000000,420.2122825000,3038.8786458000,3527.2200000000,238.2863204500,peak_price_empirical,candidate,0.0000000000,420.2122825000
26,2354,-620.0000000000,0.0000000000,620.0000000000,3336.3906475767,3900.0000000000,333.0381990900,peak_price_empirical,candidate,0.0000000000,620.0000000000
27,2355,-620.0000000000,0.0000000000,620.0000000000,3432.4594375433,4334.1000000000,529.9744495500,peak_price_empirical,candidate,0.0000000000,620.0000000000
28,2356,-620.0000000000,0.0000000000,620.0000000000,3473.3926203667,4800.0000000000,788.1806271400,peak_price_empirical,candidate,0.0000000000,620.0000000000
29,2357,-620.0000000000,0.0000000000,620.0000000000,3571.6647804033,5265.9000000000,1074.2352195967,peak_price_empirical,candidate,0.0000000000,620.0000000000
30,2358,-620.0000000000,0.0000000000,620.0000000000,3539.4488800367,5700.0000000000,1540.5511199633,peak_price_empirical,candidate,0.0000000000,620.0000000000
31,2359,-620.0000000000,0.0000000000,620.0000000000,3349.0057337867,6072.7800000000,2103.7742662133,peak_price_empirical,candidate,0.0000000000,620.0000000000
32,2360,-620.0000000000,0.0000000000,620.0000000000,3227.1888708500,6358.8600000000,2511.6711291500,peak_price_empirical,candidate,0.0000000000,620.0000000000
33,2361,-620.0000000000,0.0000000000,620.0000000000,3165.8994757900,6538.6800000000,2752.7805242100,peak_price_empirical,candidate,0.0000000000,620.0000000000
34,2362,-620.0000000000,0.0000000000,620.0000000000,3089.0116928467,6600.0000000000,2890.9883071533,peak_price_empirical,candidate,0.0000000000,620.0000000000
35,2363,-620.0000000000,0.0000000000,620.0000000000,2977.3029929067,6538.6800000000,2941.3770070933,peak_price_empirical,candidate,0.0000000000,620.0000000000
36,2364,-620.0000000000,0.0000000000,620.0000000000,2854.5274549067,6358.8600000000,2884.3325450933,peak_price_empirical,candidate,0.0000000000,620.0000000000
37,2365,-620.0000000000,0.0000000000,620.0000000000,2775.2537041767,6072.7800000000,2677.5262958233,peak_price_empirical,candidate,0.0000000000,620.0000000000
38,2366,-620.0000000000,0.0000000000,620.0000000000,2666.0847087000,5700.0000000000,2229.7682075500,peak_price_empirical,candidate,0.0000000000,620.0000000000
39,2367,-620.0000000000,0.0000000000,620.0000000000,2341.3201729200,5265.9000000000,2134.3085136308,peak_price_empirical,candidate,0.0000000000,620.0000000000
40,2368,-620.0000000000,0.0000000000,620.0000000000,1951.8718053533,4800.0000000000,1866.6461603293,peak_price_empirical,candidate,0.0000000000,620.0000000000
41,2369,-620.0000000000,0.0000000000,620.0000000000,1796.4496438200,4334.1000000000,1580.9319390900,peak_price_empirical,candidate,0.0000000000,620.0000000000
42,2370,-620.0000000000,0.0000000000,620.0000000000,1613.9036162133,3900.0000000000,1334.7611904600,peak_price_empirical,candidate,0.0000000000,620.0000000000
43,2371,-620.0000000000,0.0000000000,620.0000000000,1609.6107770700,3527.2200000000,1149.9614562633,peak_price_empirical,candidate,0.0000000000,620.0000000000
44,2372,-620.0000000000,0.0000000000,620.0000000000,1743.7909957900,3241.1400000000,800.9492942100,peak_price_empirical,candidate,0.0000000000,620.0000000000
45,2373,-620.0000000000,0.0000000000,620.0000000000,1927.2675555333,3061.3200000000,599.7141115500,peak_price_empirical,candidate,0.0000000000,620.0000000000
46,2374,-620.0000000000,0.0000000000,620.0000000000,2250.2297366333,3000.0000000000,379.0864204500,peak_price_empirical,candidate,0.0000000000,620.0000000000
47,2375,-620.0000000000,0.0000000000,620.0000000000,2594.0784586500,3061.3200000000,250.9602676000,peak_price_empirical,candidate,0.0000000000,620.0000000000
48,2376,-231.3701108533,0.0000000000,231.3701108533,2929.6210808600,3241.1400000000,190.5724991000,peak_price_empirical,candidate,0.0000000000,231.3701108533
49,2377,-616.2954162500,0.0000000000,616.2954162500,3039.1923341767,3527.2200000000,224.8677800000,peak_price_empirical,candidate,0.0000000000,616.2954162500
50,2378,-620.0000000000,0.0000000000,620.0000000000,3124.0239196100,3900.0000000000,327.1773799667,peak_price_empirical,candidate,0.0000000000,620.0000000000
51,2379,-620.0000000000,0.0000000000,620.0000000000,3270.6079953333,4334.1000000000,539.5278409100,peak_price_empirical,candidate,0.0000000000,620.0000000000
52,2380,-620.0000000000,0.0000000000,620.0000000000,3333.0487995867,4800.0000000000,882.3136999967,peak_price_empirical,candidate,0.0000000000,620.0000000000
53,2381,-620.0000000000,0.0000000000,620.0000000000,3296.5539142267,5265.9000000000,1349.3460857733,peak_price_empirical,candidate,0.0000000000,620.0000000000
54,2382,-620.0000000000,0.0000000000,620.0000000000,3366.7540466600,5700.0000000000,1713.2459533400,peak_price_empirical,candidate,0.0000000000,620.0000000000
55,2383,-620.0000000000,0.0000000000,620.0000000000,3337.2007008633,6072.7800000000,2115.5792991367,peak_price_empirical,candidate,0.0000000000,620.0000000000
56,2384,-620.0000000000,0.0000000000,620.0000000000,3358.8145171033,6358.8600000000,2380.0454828967,peak_price_empirical,candidate,0.0000000000,620.0000000000
57,2385,-620.0000000000,0.0000000000,620.0000000000,3221.8834457667,6538.6800000000,2696.7965542333,peak_price_empirical,candidate,0.0000000000,620.0000000000
58,2386,-620.0000000000,0.0000000000,620.0000000000,3173.2452057567,6600.0000000000,2806.7547942433,peak_price_empirical,candidate,0.0000000000,620.0000000000
59,2387,-620.0000000000,0.0000000000,620.0000000000,2974.3109399867,6538.6800000000,2944.3690600133,peak_price_empirical,candidate,0.0000000000,620.0000000000
60,2388,-620.0000000000,0.0000000000,620.0000000000,2815.6163537933,6358.8600000000,2923.2436462067,peak_price_empirical,candidate,0.0000000000,620.0000000000
61,2389,-620.0000000000,0.0000000000,620.0000000000,2801.8864829133,6072.7800000000,2410.8935170867,peak_price_empirical,candidate,0.0000000000,620.0000000000
62,2390,-620.0000000000,0.0000000000,620.0000000000,2496.8112537700,5700.0000000000,2583.1887462300,peak_price_empirical,candidate,0.0000000000,620.0000000000
63,2391,-620.0000000000,0.0000000000,620.0000000000,2193.8643771100,5265.9000000000,2212.0356228900,peak_price_empirical,candidate,0.0000000000,620.0000000000
64,2392,-620.0000000000,0.0000000000,620.0000000000,1853.6174904433,4800.0000000000,2217.8177936613,peak_price_empirical,candidate,0.0000000000,620.0000000000
65,2393,-620.0000000000,0.0000000000,620.0000000000,1573.1089120133,4334.1000000000,1694.4494209033,peak_price_empirical,candidate,0.0000000000,620.0000000000
66,2394,-620.0000000000,0.0000000000,620.0000000000,1673.1165946267,3900.0000000000,1437.9573053733,peak_price_empirical,candidate,0.0000000000,620.0000000000
67,2395,-620.0000000000,0.0000000000,620.0000000000,1647.7481528733,3527.2200000000,1259.4718471267,peak_price_empirical,candidate,0.0000000000,620.0000000000
68,2396,-620.0000000000,0.0000000000,620.0000000000,1637.8644699800,3241.1400000000,917.9566687574,peak_price_empirical,candidate,0.0000000000,620.0000000000
69,2397,-620.0000000000,0.0000000000,620.0000000000,1901.7515342667,3061.3200000000,635.9067990667,peak_price_empirical,candidate,0.0000000000,620.0000000000
70,2398,-620.0000000000,0.0000000000,620.0000000000,2162.1710709200,3000.0000000000,409.2535953300,peak_price_empirical,candidate,0.0000000000,620.0000000000
71,2399,-611.1725004167,0.0000000000,611.1725004167,2482.5053333533,3061.3200000000,243.8614862300,peak_price_empirical,candidate,0.0000000000,611.1725004167
0,2328,-557.1879695833,0.0000000000,557.1879695833,2368.5048608567,3241.1400000000,315.4471695600,peak_price_empirical,baseline,0.0000000000,557.1879695833
1,2329,-509.7130137500,0.0000000000,509.7130137500,2730.9647495500,3527.2200000000,286.5422367000,peak_price_empirical,baseline,0.0000000000,509.7130137500
2,2330,-521.6584637567,0.0000000000,521.6584637567,2991.7159462533,3900.0000000000,386.6255899900,peak_price_empirical,baseline,0.0000000000,521.6584637567
3,2331,-553.5209337500,0.0000000000,553.5209337500,3163.0086649233,4334.1000000000,617.5704013267,peak_price_empirical,baseline,0.0000000000,553.5209337500
4,2332,-619.0375004167,0.0000000000,619.0375004167,3337.6014667333,4800.0000000000,843.3610328500,peak_price_empirical,baseline,0.0000000000,619.0375004167
5,2333,-620.0000000000,0.0000000000,620.0000000000,3378.6550000000,5265.9000000000,1267.2450000000,peak_price_empirical,baseline,0.0000000000,620.0000000000
6,2334,-620.0000000000,0.0000000000,620.0000000000,3374.1741986567,5700.0000000000,1705.8258013433,peak_price_empirical,baseline,0.0000000000,620.0000000000
7,2335,-620.0000000000,0.0000000000,620.0000000000,3360.7710995667,6072.7800000000,2092.0089004333,peak_price_empirical,baseline,0.0000000000,620.0000000000
8,2336,-620.0000000000,0.0000000000,620.0000000000,3293.0764013100,6358.8600000000,2445.7835986900,peak_price_empirical,baseline,0.0000000000,620.0000000000
9,2337,-620.0000000000,0.0000000000,620.0000000000,3286.7751003833,6538.6800000000,2631.9048996167,peak_price_empirical,baseline,0.0000000000,620.0000000000
10,2338,-620.0000000000,0.0000000000,620.0000000000,3169.7877995467,6600.0000000000,2810.2122004533,peak_price_empirical,baseline,0.0000000000,620.0000000000
11,2339,-620.0000000000,0.0000000000,620.0000000000,2998.2723986400,6538.6800000000,2920.4076013600,peak_price_empirical,baseline,0.0000000000,620.0000000000
12,2340,-620.0000000000,0.0000000000,620.0000000000,2802.2552004233,6358.8600000000,2936.6047995767,peak_price_empirical,baseline,0.0000000000,620.0000000000
13,2341,-620.0000000000,0.0000000000,620.0000000000,2618.3991000067,6072.7800000000,2834.3808999933,peak_price_empirical,baseline,0.0000000000,620.0000000000
14,2342,-620.0000000000,0.0000000000,620.0000000000,2474.8529409067,5700.0000000000,2605.1470590933,peak_price_empirical,baseline,0.0000000000,620.0000000000
15,2343,-620.0000000000,0.0000000000,620.0000000000,2232.1382691433,5265.9000000000,2413.7617308567,peak_price_empirical,baseline,0.0000000000,620.0000000000
16,2344,-620.0000000000,0.0000000000,620.0000000000,2000.8407395433,4800.0000000000,2179.1592604567,peak_price_empirical,baseline,0.0000000000,620.0000000000
17,2345,-620.0000000000,0.0000000000,620.0000000000,1899.6946000000,4334.1000000000,1814.4054000000,peak_price_empirical,baseline,0.0000000000,620.0000000000
18,2346,-620.0000000000,0.0000000000,620.0000000000,1824.4716995433,3900.0000000000,1455.5283004567,peak_price_empirical,baseline,0.0000000000,620.0000000000
19,2347,-620.0000000000,0.0000000000,620.0000000000,1825.7550008800,3527.2200000000,1081.4649991200,peak_price_empirical,baseline,0.0000000000,620.0000000000
20,2348,-620.0000000000,0.0000000000,620.0000000000,1877.9282995467,3241.1400000000,743.2117004533,peak_price_empirical,baseline,0.0000000000,620.0000000000
21,2349,-554.5741995800,0.0000000000,554.5741995800,2102.6098004200,3061.3200000000,404.1360000000,peak_price_empirical,baseline,0.0000000000,554.5741995800
22,2350,-390.5660000000,0.0000000000,390.5660000000,2218.6080995500,3000.0000000000,390.8259004500,peak_price_empirical,baseline,0.0000000000,390.5660000000
23,2351,-346.9525004133,0.0000000000,346.9525004133,2559.0517991267,3061.3200000000,155.3157004600,peak_price_empirical,baseline,0.0000000000,346.9525004133
24,2352,-335.5828666633,0.0000000000,335.5828666633,2643.8173328867,3241.1400000000,261.7398004500,peak_price_empirical,baseline,0.0000000000,335.5828666633
25,2353,-308.6237004167,0.0000000000,308.6237004167,3037.7127991333,3527.2200000000,180.8835004500,peak_price_empirical,baseline,0.0000000000,308.6237004167
26,2354,-364.1184333333,0.0000000000,364.1184333333,3198.1055675767,3900.0000000000,337.7759990900,peak_price_empirical,baseline,0.0000000000,364.1184333333
27,2355,-521.9023995733,0.0000000000,521.9023995733,3257.3716008767,4334.1000000000,554.8259995500,peak_price_empirical,baseline,0.0000000000,521.9023995733
28,2356,-620.0000000000,0.0000000000,620.0000000000,3279.1101003667,4800.0000000000,900.8898996333,peak_price_empirical,baseline,0.0000000000,620.0000000000
29,2357,-620.0000000000,0.0000000000,620.0000000000,3350.7202004033,5265.9000000000,1295.1797995967,peak_price_empirical,baseline,0.0000000000,620.0000000000
30,2358,-620.0000000000,0.0000000000,620.0000000000,3409.4607000367,5700.0000000000,1670.5392999633,peak_price_empirical,baseline,0.0000000000,620.0000000000
31,2359,-620.0000000000,0.0000000000,620.0000000000,3401.9550004533,6072.7800000000,2050.8249995467,peak_price_empirical,baseline,0.0000000000,620.0000000000
32,2360,-620.0000000000,0.0000000000,620.0000000000,3349.6025008500,6358.8600000000,2389.2574991500,peak_price_empirical,baseline,0.0000000000,620.0000000000
33,2361,-620.0000000000,0.0000000000,620.0000000000,3260.7920991233,6538.6800000000,2657.8879008767,peak_price_empirical,baseline,0.0000000000,620.0000000000
34,2362,-620.0000000000,0.0000000000,620.0000000000,3150.8007995133,6600.0000000000,2829.1992004867,peak_price_empirical,baseline,0.0000000000,620.0000000000
35,2363,-620.0000000000,0.0000000000,620.0000000000,2996.6053995733,6538.6800000000,2922.0746004267,peak_price_empirical,baseline,0.0000000000,620.0000000000
36,2364,-620.0000000000,0.0000000000,620.0000000000,2743.4568982400,6358.8600000000,2995.4031017600,peak_price_empirical,baseline,0.0000000000,620.0000000000
37,2365,-620.0000000000,0.0000000000,620.0000000000,2616.1647841767,6072.7800000000,2836.6152158233,peak_price_empirical,baseline,0.0000000000,620.0000000000
38,2366,-620.0000000000,0.0000000000,620.0000000000,2501.1031453667,5700.0000000000,2578.8968546333,peak_price_empirical,baseline,0.0000000000,620.0000000000
39,2367,-620.0000000000,0.0000000000,620.0000000000,2247.4321595867,5265.9000000000,2398.4678404133,peak_price_empirical,baseline,0.0000000000,620.0000000000
40,2368,-620.0000000000,0.0000000000,620.0000000000,1995.9023520200,4800.0000000000,2184.0976479800,peak_price_empirical,baseline,0.0000000000,620.0000000000
41,2369,-620.0000000000,0.0000000000,620.0000000000,1931.3690671533,4334.1000000000,1782.7309328467,peak_price_empirical,baseline,0.0000000000,620.0000000000
42,2370,-620.0000000000,0.0000000000,620.0000000000,1802.7240995467,3900.0000000000,1477.2759004533,peak_price_empirical,baseline,0.0000000000,620.0000000000
43,2371,-620.0000000000,0.0000000000,620.0000000000,1845.9986004033,3527.2200000000,1061.2213995967,peak_price_empirical,baseline,0.0000000000,620.0000000000
44,2372,-620.0000000000,0.0000000000,620.0000000000,1954.1666991233,3241.1400000000,666.9733008767,peak_price_empirical,baseline,0.0000000000,620.0000000000
45,2373,-527.9939991600,0.0000000000,527.9939991600,2097.5406022000,3061.3200000000,435.7853986400,peak_price_empirical,baseline,0.0000000000,527.9939991600
46,2374,-449.3562995833,0.0000000000,449.3562995833,2244.8689999667,3000.0000000000,305.7747004500,peak_price_empirical,baseline,0.0000000000,449.3562995833
47,2375,-354.3648999900,0.0000000000,354.3648999900,2475.8074986500,3061.3200000000,231.1476013600,peak_price_empirical,baseline,0.0000000000,354.3648999900
48,2376,-294.5922995800,0.0000000000,294.5922995800,2740.0172008600,3241.1400000000,206.5304995600,peak_price_empirical,baseline,0.0000000000,294.5922995800
49,2377,-321.4464991567,0.0000000000,321.4464991567,2949.0698008433,3527.2200000000,256.7037000000,peak_price_empirical,baseline,0.0000000000,321.4464991567
50,2378,-407.0573675167,0.0000000000,407.0573675167,3151.1436329433,3900.0000000000,341.7989995400,peak_price_empirical,baseline,0.0000000000,407.0573675167
51,2379,-503.9206337567,0.0000000000,503.9206337567,3275.3533653333,4334.1000000000,554.8260009100,peak_price_empirical,baseline,0.0000000000,503.9206337567
52,2380,-619.1125004167,0.0000000000,619.1125004167,3318.4735995867,4800.0000000000,862.4138999967,peak_price_empirical,baseline,0.0000000000,619.1125004167
53,2381,-620.0000000000,0.0000000000,620.0000000000,3318.8803675600,5265.9000000000,1327.0196324400,peak_price_empirical,baseline,0.0000000000,620.0000000000
54,2382,-620.0000000000,0.0000000000,620.0000000000,3394.6136999933,5700.0000000000,1685.3863000067,peak_price_empirical,baseline,0.0000000000,620.0000000000
55,2383,-620.0000000000,0.0000000000,620.0000000000,3394.4927741967,6072.7800000000,2058.2872258033,peak_price_empirical,baseline,0.0000000000,620.0000000000
56,2384,-620.0000000000,0.0000000000,620.0000000000,3398.5055604367,6358.8600000000,2340.3544395633,peak_price_empirical,baseline,0.0000000000,620.0000000000
57,2385,-620.0000000000,0.0000000000,620.0000000000,3233.8270991000,6538.6800000000,2684.8529009000,peak_price_empirical,baseline,0.0000000000,620.0000000000
58,2386,-620.0000000000,0.0000000000,620.0000000000,3177.6319990900,6600.0000000000,2802.3680009100,peak_price_empirical,baseline,0.0000000000,620.0000000000
59,2387,-620.0000000000,0.0000000000,620.0000000000,2976.7064999867,6538.6800000000,2941.9735000133,peak_price_empirical,baseline,0.0000000000,620.0000000000
60,2388,-620.0000000000,0.0000000000,620.0000000000,2708.1993004600,6358.8600000000,3030.6606995400,peak_price_empirical,baseline,0.0000000000,620.0000000000
61,2389,-620.0000000000,0.0000000000,620.0000000000,2685.3857895800,6072.7800000000,2767.3942104200,peak_price_empirical,baseline,0.0000000000,620.0000000000
62,2390,-620.0000000000,0.0000000000,620.0000000000,2442.0210204367,5700.0000000000,2637.9789795633,peak_price_empirical,baseline,0.0000000000,620.0000000000
63,2391,-620.0000000000,0.0000000000,620.0000000000,2241.6164004433,5265.9000000000,2404.2835995567,peak_price_empirical,baseline,0.0000000000,620.0000000000
64,2392,-620.0000000000,0.0000000000,620.0000000000,2027.2370504433,4800.0000000000,2152.7629495567,peak_price_empirical,baseline,0.0000000000,620.0000000000
65,2393,-620.0000000000,0.0000000000,620.0000000000,1754.3553853467,4334.1000000000,1959.7446146533,peak_price_empirical,baseline,0.0000000000,620.0000000000
66,2394,-620.0000000000,0.0000000000,620.0000000000,1887.2273146267,3900.0000000000,1392.7726853733,peak_price_empirical,baseline,0.0000000000,620.0000000000
67,2395,-620.0000000000,0.0000000000,620.0000000000,1876.5157328733,3527.2200000000,1030.7042671267,peak_price_empirical,baseline,0.0000000000,620.0000000000
68,2396,-609.2908329167,0.0000000000,609.2908329167,1904.9904666467,3241.1400000000,726.8587004367,peak_price_empirical,baseline,0.0000000000,609.2908329167
69,2397,-508.5138866667,0.0000000000,508.5138866667,2104.5412142667,3061.3200000000,448.2648990667,peak_price_empirical,baseline,0.0000000000,508.5138866667
70,2398,-375.3210133233,0.0000000000,375.3210133233,2337.0542875867,3000.0000000000,287.6246990900,peak_price_empirical,baseline,0.0000000000,375.3210133233
71,2399,-296.9710999900,0.0000000000,296.9710999900,2537.3719000200,3061.3200000000,226.9769999900,peak_price_empirical,baseline,0.0000000000,296.9710999900
0,2328,-546.1512495833,0.0000000000,546.1512495833,2302.3980608567,3241.1400000000,418.8871695600,high_carbon_empirical,candidate,0.0000000000,546.1512495833
1,2329,-484.9558337500,0.0000000000,484.9558337500,2704.8149495500,3527.2200000000,411.3182367000,high_carbon_empirical,candidate,0.0000000000,484.9558337500
2,2330,-436.5604166667,0.0000000000,436.5604166667,2965.2963462533,3900.0000000000,534.0101399900,high_carbon_empirical,candidate,0.0000000000,436.5604166667
3,2331,-615.7820841667,0.0000000000,615.7820841667,3121.6184515900,4334.1000000000,767.1866146600,high_carbon_empirical,candidate,0.0000000000,615.7820841667
4,2332,-620.0000000000,0.0000000000,620.0000000000,3266.3363467333,4800.0000000000,1022.8949028500,high_carbon_empirical,candidate,0.0000000000,620.0000000000
5,2333,-620.0000000000,0.0000000000,620.0000000000,3323.0172266667,5265.9000000000,1359.7327733333,high_carbon_empirical,candidate,0.0000000000,620.0000000000
6,2334,-620.0000000000,0.0000000000,620.0000000000,3315.8861019900,5700.0000000000,1764.1138980100,high_carbon_empirical,candidate,0.0000000000,620.0000000000
7,2335,-620.0000000000,0.0000000000,620.0000000000,3322.5123529000,6072.7800000000,2130.2676471000,high_carbon_empirical,candidate,0.0000000000,620.0000000000
8,2336,-620.0000000000,0.0000000000,620.0000000000,3270.7540913100,6358.8600000000,2468.1059086900,high_carbon_empirical,candidate,0.0000000000,620.0000000000
9,2337,-620.0000000000,0.0000000000,620.0000000000,3251.6388470500,6538.6800000000,2667.0411529500,high_carbon_empirical,candidate,0.0000000000,620.0000000000
10,2338,-620.0000000000,0.0000000000,620.0000000000,3142.7827062133,6600.0000000000,2837.2172937867,high_carbon_empirical,candidate,0.0000000000,620.0000000000
11,2339,-620.0000000000,0.0000000000,620.0000000000,2971.0183586400,6538.6800000000,2947.6616413600,high_carbon_empirical,candidate,0.0000000000,620.0000000000
12,2340,-620.0000000000,0.0000000000,620.0000000000,2794.3882404233,6358.8600000000,2944.4717595767,high_carbon_empirical,candidate,0.0000000000,620.0000000000
13,2341,-620.0000000000,0.0000000000,620.0000000000,2658.3066800067,6072.7800000000,2554.4733199933,high_carbon_empirical,candidate,0.0000000000,620.0000000000
14,2342,-620.0000000000,0.0000000000,620.0000000000,2558.7165742400,5700.0000000000,2299.7380090933,high_carbon_empirical,candidate,0.0000000000,620.0000000000
15,2343,-620.0000000000,0.0000000000,620.0000000000,2274.3146124767,5265.9000000000,2198.7149704400,high_carbon_empirical,candidate,0.0000000000,620.0000000000
16,2344,-620.0000000000,0.0000000000,620.0000000000,1992.3273395433,4800.0000000000,2048.2743271233,high_carbon_empirical,candidate,0.0000000000,620.0000000000
17,2345,-620.0000000000,0.0000000000,620.0000000000,1798.1384000000,4334.1000000000,1468.1718000887,high_carbon_empirical,candidate,0.0000000000,620.0000000000
18,2346,-620.0000000000,0.0000000000,620.0000000000,1703.3972128767,3900.0000000000,1413.1040004500,high_carbon_empirical,candidate,0.0000000000,620.0000000000
19,2347,-620.0000000000,0.0000000000,620.0000000000,1707.8413808800,3527.2200000000,1062.8863257800,high_carbon_empirical,candidate,0.0000000000,620.0000000000
20,2348,-620.0000000000,0.0000000000,620.0000000000,1721.4209528800,3241.1400000000,796.8303742100,high_carbon_empirical,candidate,0.0000000000,620.0000000000
21,2349,-620.0000000000,0.0000000000,620.0000000000,1903.8677870867,3061.3200000000,575.4401887064,high_carbon_empirical,candidate,0.0000000000,620.0000000000
22,2350,-620.0000000000,0.0000000000,620.0000000000,2077.5737128833,3000.0000000000,498.8457804500,high_carbon_empirical,candidate,0.0000000000,620.0000000000
23,2351,-620.0000000000,0.0000000000,620.0000000000,2495.5148257933,3061.3200000000,223.2324462400,high_carbon_empirical,candidate,0.0000000000,620.0000000000
24,2352,-336.6475004233,0.0000000000,336.6475004233,2632.7812595533,3241.1400000000,271.7112400233,high_carbon_empirical,candidate,0.0000000000,336.6475004233
25,2353,-420.2122825000,0.0000000000,420.2122825000,3038.8786458000,3527.2200000000,238.2863204500,high_carbon_empirical,candidate,0.0000000000,420.2122825000
26,2354,-620.0000000000,0.0000000000,620.0000000000,3336.3906475767,3900.0000000000,333.0381990900,high_carbon_empirical,candidate,0.0000000000,620.0000000000
27,2355,-620.0000000000,0.0000000000,620.0000000000,3432.4594375433,4334.1000000000,529.9744495500,high_carbon_empirical,candidate,0.0000000000,620.0000000000
28,2356,-620.0000000000,0.0000000000,620.0000000000,3473.3926203667,4800.0000000000,788.1806271400,high_carbon_empirical,candidate,0.0000000000,620.0000000000
29,2357,-620.0000000000,0.0000000000,620.0000000000,3571.6647804033,5265.9000000000,1074.2352195967,high_carbon_empirical,candidate,0.0000000000,620.0000000000
30,2358,-620.0000000000,0.0000000000,620.0000000000,3539.4488800367,5700.0000000000,1540.5511199633,high_carbon_empirical,candidate,0.0000000000,620.0000000000
31,2359,-620.0000000000,0.0000000000,620.0000000000,3349.0057337867,6072.7800000000,2103.7742662133,high_carbon_empirical,candidate,0.0000000000,620.0000000000
32,2360,-620.0000000000,0.0000000000,620.0000000000,3227.1888708500,6358.8600000000,2511.6711291500,high_carbon_empirical,candidate,0.0000000000,620.0000000000
33,2361,-620.0000000000,0.0000000000,620.0000000000,3165.8994757900,6538.6800000000,2752.7805242100,high_carbon_empirical,candidate,0.0000000000,620.0000000000
34,2362,-620.0000000000,0.0000000000,620.0000000000,3089.0116928467,6600.0000000000,2890.9883071533,high_carbon_empirical,candidate,0.0000000000,620.0000000000
35,2363,-620.0000000000,0.0000000000,620.0000000000,2977.3029929067,6538.6800000000,2941.3770070933,high_carbon_empirical,candidate,0.0000000000,620.0000000000
36,2364,-620.0000000000,0.0000000000,620.0000000000,2854.5274549067,6358.8600000000,2884.3325450933,high_carbon_empirical,candidate,0.0000000000,620.0000000000
37,2365,-620.0000000000,0.0000000000,620.0000000000,2775.2537041767,6072.7800000000,2677.5262958233,high_carbon_empirical,candidate,0.0000000000,620.0000000000
38,2366,-620.0000000000,0.0000000000,620.0000000000,2666.0847087000,5700.0000000000,2229.7682075500,high_carbon_empirical,candidate,0.0000000000,620.0000000000
39,2367,-620.0000000000,0.0000000000,620.0000000000,2341.3201729200,5265.9000000000,2128.8123266633,high_carbon_empirical,candidate,0.0000000000,620.0000000000
40,2368,-620.0000000000,0.0000000000,620.0000000000,1951.8718053533,4800.0000000000,1866.6461603293,high_carbon_empirical,candidate,0.0000000000,620.0000000000
41,2369,-620.0000000000,0.0000000000,620.0000000000,1796.4496438200,4334.1000000000,1625.8259744446,high_carbon_empirical,candidate,0.0000000000,620.0000000000
42,2370,-620.0000000000,0.0000000000,620.0000000000,1613.9036162133,3900.0000000000,1334.7611904600,high_carbon_empirical,candidate,0.0000000000,620.0000000000
43,2371,-620.0000000000,0.0000000000,620.0000000000,1609.6107770700,3527.2200000000,1149.9614562633,high_carbon_empirical,candidate,0.0000000000,620.0000000000
44,2372,-620.0000000000,0.0000000000,620.0000000000,1743.7909957900,3241.1400000000,761.5514458229,high_carbon_empirical,candidate,0.0000000000,620.0000000000
45,2373,-620.0000000000,0.0000000000,620.0000000000,1927.2675555333,3061.3200000000,599.7141115500,high_carbon_empirical,candidate,0.0000000000,620.0000000000
46,2374,-620.0000000000,0.0000000000,620.0000000000,2250.2297366333,3000.0000000000,379.0864204500,high_carbon_empirical,candidate,0.0000000000,620.0000000000
47,2375,-620.0000000000,0.0000000000,620.0000000000,2594.0784586500,3061.3200000000,250.9602676000,high_carbon_empirical,candidate,0.0000000000,620.0000000000
48,2376,-231.3701108533,0.0000000000,231.3701108533,2929.6210808600,3241.1400000000,190.5724991000,high_carbon_empirical,candidate,0.0000000000,231.3701108533
49,2377,-616.2954162500,0.0000000000,616.2954162500,3039.1923341767,3527.2200000000,224.8677800000,high_carbon_empirical,candidate,0.0000000000,616.2954162500
50,2378,-620.0000000000,0.0000000000,620.0000000000,3124.0239196100,3900.0000000000,327.1773799667,high_carbon_empirical,candidate,0.0000000000,620.0000000000
51,2379,-620.0000000000,0.0000000000,620.0000000000,3270.6079953333,4334.1000000000,539.5278409100,high_carbon_empirical,candidate,0.0000000000,620.0000000000
52,2380,-620.0000000000,0.0000000000,620.0000000000,3333.0487995867,4800.0000000000,882.3136999967,high_carbon_empirical,candidate,0.0000000000,620.0000000000
53,2381,-620.0000000000,0.0000000000,620.0000000000,3296.5539142267,5265.9000000000,1349.3460857733,high_carbon_empirical,candidate,0.0000000000,620.0000000000
54,2382,-620.0000000000,0.0000000000,620.0000000000,3366.7540466600,5700.0000000000,1713.2459533400,high_carbon_empirical,candidate,0.0000000000,620.0000000000
55,2383,-620.0000000000,0.0000000000,620.0000000000,3337.2007008633,6072.7800000000,2115.5792991367,high_carbon_empirical,candidate,0.0000000000,620.0000000000
56,2384,-620.0000000000,0.0000000000,620.0000000000,3358.8145171033,6358.8600000000,2380.0454828967,high_carbon_empirical,candidate,0.0000000000,620.0000000000
57,2385,-620.0000000000,0.0000000000,620.0000000000,3221.8834457667,6538.6800000000,2696.7965542333,high_carbon_empirical,candidate,0.0000000000,620.0000000000
58,2386,-620.0000000000,0.0000000000,620.0000000000,3173.2452057567,6600.0000000000,2806.7547942433,high_carbon_empirical,candidate,0.0000000000,620.0000000000
59,2387,-620.0000000000,0.0000000000,620.0000000000,2974.3109399867,6538.6800000000,2944.3690600133,high_carbon_empirical,candidate,0.0000000000,620.0000000000
60,2388,-620.0000000000,0.0000000000,620.0000000000,2815.6163537933,6358.8600000000,2923.2436462067,high_carbon_empirical,candidate,0.0000000000,620.0000000000
61,2389,-620.0000000000,0.0000000000,620.0000000000,2801.8864829133,6072.7800000000,2650.8935170867,high_carbon_empirical,candidate,0.0000000000,620.0000000000
62,2390,-620.0000000000,0.0000000000,620.0000000000,2496.8112537700,5700.0000000000,2474.6240303346,high_carbon_empirical,candidate,0.0000000000,620.0000000000
63,2391,-620.0000000000,0.0000000000,620.0000000000,2193.8643771100,5265.9000000000,2212.0356228900,high_carbon_empirical,candidate,0.0000000000,620.0000000000
64,2392,-620.0000000000,0.0000000000,620.0000000000,1853.6174904433,4800.0000000000,2086.3825095567,high_carbon_empirical,candidate,0.0000000000,620.0000000000
65,2393,-620.0000000000,0.0000000000,620.0000000000,1573.1089120133,4334.1000000000,1694.4494209033,high_carbon_empirical,candidate,0.0000000000,620.0000000000
66,2394,-620.0000000000,0.0000000000,620.0000000000,1673.1165946267,3900.0000000000,1437.9573053733,high_carbon_empirical,candidate,0.0000000000,620.0000000000
67,2395,-620.0000000000,0.0000000000,620.0000000000,1647.7481528733,3527.2200000000,1259.4718471267,high_carbon_empirical,candidate,0.0000000000,620.0000000000
68,2396,-620.0000000000,0.0000000000,620.0000000000,1637.8644699800,3241.1400000000,917.9566687574,high_carbon_empirical,candidate,0.0000000000,620.0000000000
69,2397,-620.0000000000,0.0000000000,620.0000000000,1901.7515342667,3061.3200000000,635.9067990667,high_carbon_empirical,candidate,0.0000000000,620.0000000000
70,2398,-620.0000000000,0.0000000000,620.0000000000,2162.1710709200,3000.0000000000,409.2535953300,high_carbon_empirical,candidate,0.0000000000,620.0000000000
71,2399,-611.1725004167,0.0000000000,611.1725004167,2482.5053333533,3061.3200000000,243.8614862300,high_carbon_empirical,candidate,0.0000000000,611.1725004167
0,2328,-557.1879695833,0.0000000000,557.1879695833,2368.5048608567,3241.1400000000,315.4471695600,high_carbon_empirical,baseline,0.0000000000,557.1879695833
1,2329,-509.7130137500,0.0000000000,509.7130137500,2730.9647495500,3527.2200000000,286.5422367000,high_carbon_empirical,baseline,0.0000000000,509.7130137500
2,2330,-521.6584637567,0.0000000000,521.6584637567,2991.7159462533,3900.0000000000,386.6255899900,high_carbon_empirical,baseline,0.0000000000,521.6584637567
3,2331,-553.5209337500,0.0000000000,553.5209337500,3163.0086649233,4334.1000000000,617.5704013267,high_carbon_empirical,baseline,0.0000000000,553.5209337500
4,2332,-619.0375004167,0.0000000000,619.0375004167,3337.6014667333,4800.0000000000,843.3610328500,high_carbon_empirical,baseline,0.0000000000,619.0375004167
5,2333,-620.0000000000,0.0000000000,620.0000000000,3378.6550000000,5265.9000000000,1267.2450000000,high_carbon_empirical,baseline,0.0000000000,620.0000000000
6,2334,-620.0000000000,0.0000000000,620.0000000000,3374.1741986567,5700.0000000000,1705.8258013433,high_carbon_empirical,baseline,0.0000000000,620.0000000000
7,2335,-620.0000000000,0.0000000000,620.0000000000,3360.7710995667,6072.7800000000,2092.0089004333,high_carbon_empirical,baseline,0.0000000000,620.0000000000
8,2336,-620.0000000000,0.0000000000,620.0000000000,3293.0764013100,6358.8600000000,2445.7835986900,high_carbon_empirical,baseline,0.0000000000,620.0000000000
9,2337,-620.0000000000,0.0000000000,620.0000000000,3286.7751003833,6538.6800000000,2631.9048996167,high_carbon_empirical,baseline,0.0000000000,620.0000000000
10,2338,-620.0000000000,0.0000000000,620.0000000000,3169.7877995467,6600.0000000000,2810.2122004533,high_carbon_empirical,baseline,0.0000000000,620.0000000000
11,2339,-620.0000000000,0.0000000000,620.0000000000,2998.2723986400,6538.6800000000,2920.4076013600,high_carbon_empirical,baseline,0.0000000000,620.0000000000
12,2340,-620.0000000000,0.0000000000,620.0000000000,2802.2552004233,6358.8600000000,2936.6047995767,high_carbon_empirical,baseline,0.0000000000,620.0000000000
13,2341,-620.0000000000,0.0000000000,620.0000000000,2618.3991000067,6072.7800000000,2834.3808999933,high_carbon_empirical,baseline,0.0000000000,620.0000000000
14,2342,-620.0000000000,0.0000000000,620.0000000000,2474.8529409067,5700.0000000000,2605.1470590933,high_carbon_empirical,baseline,0.0000000000,620.0000000000
15,2343,-620.0000000000,0.0000000000,620.0000000000,2232.1382691433,5265.9000000000,2413.7617308567,high_carbon_empirical,baseline,0.0000000000,620.0000000000
16,2344,-620.0000000000,0.0000000000,620.0000000000,2000.8407395433,4800.0000000000,2179.1592604567,high_carbon_empirical,baseline,0.0000000000,620.0000000000
17,2345,-620.0000000000,0.0000000000,620.0000000000,1899.6946000000,4334.1000000000,1814.4054000000,high_carbon_empirical,baseline,0.0000000000,620.0000000000
18,2346,-620.0000000000,0.0000000000,620.0000000000,1824.4716995433,3900.0000000000,1455.5283004567,high_carbon_empirical,baseline,0.0000000000,620.0000000000
19,2347,-620.0000000000,0.0000000000,620.0000000000,1825.7550008800,3527.2200000000,1081.4649991200,high_carbon_empirical,baseline,0.0000000000,620.0000000000
20,2348,-620.0000000000,0.0000000000,620.0000000000,1877.9282995467,3241.1400000000,743.2117004533,high_carbon_empirical,baseline,0.0000000000,620.0000000000
21,2349,-554.5741995800,0.0000000000,554.5741995800,2102.6098004200,3061.3200000000,404.1360000000,high_carbon_empirical,baseline,0.0000000000,554.5741995800
22,2350,-390.5660000000,0.0000000000,390.5660000000,2218.6080995500,3000.0000000000,390.8259004500,high_carbon_empirical,baseline,0.0000000000,390.5660000000
23,2351,-346.9525004133,0.0000000000,346.9525004133,2559.0517991267,3061.3200000000,155.3157004600,high_carbon_empirical,baseline,0.0000000000,346.9525004133
24,2352,-335.5828666633,0.0000000000,335.5828666633,2643.8173328867,3241.1400000000,261.7398004500,high_carbon_empirical,baseline,0.0000000000,335.5828666633
25,2353,-308.6237004167,0.0000000000,308.6237004167,3037.7127991333,3527.2200000000,180.8835004500,high_carbon_empirical,baseline,0.0000000000,308.6237004167
26,2354,-364.1184333333,0.0000000000,364.1184333333,3198.1055675767,3900.0000000000,337.7759990900,high_carbon_empirical,baseline,0.0000000000,364.1184333333
27,2355,-521.9023995733,0.0000000000,521.9023995733,3257.3716008767,4334.1000000000,554.8259995500,high_carbon_empirical,baseline,0.0000000000,521.9023995733
28,2356,-620.0000000000,0.0000000000,620.0000000000,3279.1101003667,4800.0000000000,900.8898996333,high_carbon_empirical,baseline,0.0000000000,620.0000000000
29,2357,-620.0000000000,0.0000000000,620.0000000000,3350.7202004033,5265.9000000000,1295.1797995967,high_carbon_empirical,baseline,0.0000000000,620.0000000000
30,2358,-620.0000000000,0.0000000000,620.0000000000,3409.4607000367,5700.0000000000,1670.5392999633,high_carbon_empirical,baseline,0.0000000000,620.0000000000
31,2359,-620.0000000000,0.0000000000,620.0000000000,3401.9550004533,6072.7800000000,2050.8249995467,high_carbon_empirical,baseline,0.0000000000,620.0000000000
32,2360,-620.0000000000,0.0000000000,620.0000000000,3349.6025008500,6358.8600000000,2389.2574991500,high_carbon_empirical,baseline,0.0000000000,620.0000000000
33,2361,-620.0000000000,0.0000000000,620.0000000000,3260.7920991233,6538.6800000000,2657.8879008767,high_carbon_empirical,baseline,0.0000000000,620.0000000000
34,2362,-620.0000000000,0.0000000000,620.0000000000,3150.8007995133,6600.0000000000,2829.1992004867,high_carbon_empirical,baseline,0.0000000000,620.0000000000
35,2363,-620.0000000000,0.0000000000,620.0000000000,2996.6053995733,6538.6800000000,2922.0746004267,high_carbon_empirical,baseline,0.0000000000,620.0000000000
36,2364,-620.0000000000,0.0000000000,620.0000000000,2743.4568982400,6358.8600000000,2995.4031017600,high_carbon_empirical,baseline,0.0000000000,620.0000000000
37,2365,-620.0000000000,0.0000000000,620.0000000000,2616.1647841767,6072.7800000000,2836.6152158233,high_carbon_empirical,baseline,0.0000000000,620.0000000000
38,2366,-620.0000000000,0.0000000000,620.0000000000,2501.1031453667,5700.0000000000,2578.8968546333,high_carbon_empirical,baseline,0.0000000000,620.0000000000
39,2367,-620.0000000000,0.0000000000,620.0000000000,2247.4321595867,5265.9000000000,2398.4678404133,high_carbon_empirical,baseline,0.0000000000,620.0000000000
40,2368,-620.0000000000,0.0000000000,620.0000000000,1995.9023520200,4800.0000000000,2184.0976479800,high_carbon_empirical,baseline,0.0000000000,620.0000000000
41,2369,-620.0000000000,0.0000000000,620.0000000000,1931.3690671533,4334.1000000000,1782.7309328467,high_carbon_empirical,baseline,0.0000000000,620.0000000000
42,2370,-620.0000000000,0.0000000000,620.0000000000,1802.7240995467,3900.0000000000,1477.2759004533,high_carbon_empirical,baseline,0.0000000000,620.0000000000
43,2371,-620.0000000000,0.0000000000,620.0000000000,1845.9986004033,3527.2200000000,1061.2213995967,high_carbon_empirical,baseline,0.0000000000,620.0000000000
44,2372,-620.0000000000,0.0000000000,620.0000000000,1954.1666991233,3241.1400000000,666.9733008767,high_carbon_empirical,baseline,0.0000000000,620.0000000000
45,2373,-527.9939991600,0.0000000000,527.9939991600,2097.5406022000,3061.3200000000,435.7853986400,high_carbon_empirical,baseline,0.0000000000,527.9939991600
46,2374,-449.3562995833,0.0000000000,449.3562995833,2244.8689999667,3000.0000000000,305.7747004500,high_carbon_empirical,baseline,0.0000000000,449.3562995833
47,2375,-354.3648999900,0.0000000000,354.3648999900,2475.8074986500,3061.3200000000,231.1476013600,high_carbon_empirical,baseline,0.0000000000,354.3648999900
48,2376,-294.5922995800,0.0000000000,294.5922995800,2740.0172008600,3241.1400000000,206.5304995600,high_carbon_empirical,baseline,0.0000000000,294.5922995800
49,2377,-321.4464991567,0.0000000000,321.4464991567,2949.0698008433,3527.2200000000,256.7037000000,high_carbon_empirical,baseline,0.0000000000,321.4464991567
50,2378,-407.0573675167,0.0000000000,407.0573675167,3151.1436329433,3900.0000000000,341.7989995400,high_carbon_empirical,baseline,0.0000000000,407.0573675167
51,2379,-503.9206337567,0.0000000000,503.9206337567,3275.3533653333,4334.1000000000,554.8260009100,high_carbon_empirical,baseline,0.0000000000,503.9206337567
52,2380,-619.1125004167,0.0000000000,619.1125004167,3318.4735995867,4800.0000000000,862.4138999967,high_carbon_empirical,baseline,0.0000000000,619.1125004167
53,2381,-620.0000000000,0.0000000000,620.0000000000,3318.8803675600,5265.9000000000,1327.0196324400,high_carbon_empirical,baseline,0.0000000000,620.0000000000
54,2382,-620.0000000000,0.0000000000,620.0000000000,3394.6136999933,5700.0000000000,1685.3863000067,high_carbon_empirical,baseline,0.0000000000,620.0000000000
55,2383,-620.0000000000,0.0000000000,620.0000000000,3394.4927741967,6072.7800000000,2058.2872258033,high_carbon_empirical,baseline,0.0000000000,620.0000000000
56,2384,-620.0000000000,0.0000000000,620.0000000000,3398.5055604367,6358.8600000000,2340.3544395633,high_carbon_empirical,baseline,0.0000000000,620.0000000000
57,2385,-620.0000000000,0.0000000000,620.0000000000,3233.8270991000,6538.6800000000,2684.8529009000,high_carbon_empirical,baseline,0.0000000000,620.0000000000
58,2386,-620.0000000000,0.0000000000,620.0000000000,3177.6319990900,6600.0000000000,2802.3680009100,high_carbon_empirical,baseline,0.0000000000,620.0000000000
59,2387,-620.0000000000,0.0000000000,620.0000000000,2976.7064999867,6538.6800000000,2941.9735000133,high_carbon_empirical,baseline,0.0000000000,620.0000000000
60,2388,-620.0000000000,0.0000000000,620.0000000000,2708.1993004600,6358.8600000000,3030.6606995400,high_carbon_empirical,baseline,0.0000000000,620.0000000000
61,2389,-620.0000000000,0.0000000000,620.0000000000,2685.3857895800,6072.7800000000,2767.3942104200,high_carbon_empirical,baseline,0.0000000000,620.0000000000
62,2390,-620.0000000000,0.0000000000,620.0000000000,2442.0210204367,5700.0000000000,2637.9789795633,high_carbon_empirical,baseline,0.0000000000,620.0000000000
63,2391,-620.0000000000,0.0000000000,620.0000000000,2241.6164004433,5265.9000000000,2404.2835995567,high_carbon_empirical,baseline,0.0000000000,620.0000000000
64,2392,-620.0000000000,0.0000000000,620.0000000000,2027.2370504433,4800.0000000000,2152.7629495567,high_carbon_empirical,baseline,0.0000000000,620.0000000000
65,2393,-620.0000000000,0.0000000000,620.0000000000,1754.3553853467,4334.1000000000,1959.7446146533,high_carbon_empirical,baseline,0.0000000000,620.0000000000
66,2394,-620.0000000000,0.0000000000,620.0000000000,1887.2273146267,3900.0000000000,1392.7726853733,high_carbon_empirical,baseline,0.0000000000,620.0000000000
67,2395,-620.0000000000,0.0000000000,620.0000000000,1876.5157328733,3527.2200000000,1030.7042671267,high_carbon_empirical,baseline,0.0000000000,620.0000000000
68,2396,-609.2908329167,0.0000000000,609.2908329167,1904.9904666467,3241.1400000000,726.8587004367,high_carbon_empirical,baseline,0.0000000000,609.2908329167
69,2397,-508.5138866667,0.0000000000,508.5138866667,2104.5412142667,3061.3200000000,448.2648990667,high_carbon_empirical,baseline,0.0000000000,508.5138866667
70,2398,-375.3210133233,0.0000000000,375.3210133233,2337.0542875867,3000.0000000000,287.6246990900,high_carbon_empirical,baseline,0.0000000000,375.3210133233
71,2399,-296.9710999900,0.0000000000,296.9710999900,2537.3719000200,3061.3200000000,226.9769999900,high_carbon_empirical,baseline,0.0000000000,296.9710999900
0,2328,-357.7977695833,0.0000000000,357.7977695833,2302.3980608567,2754.9690000000,101.5218700100,renewable_low_empirical,candidate,0.0000000000,357.7977695833
1,2329,-237.9504800000,0.0000000000,237.9504800000,2704.8149495500,2998.1370000000,71.3683466900,renewable_low_empirical,candidate,0.0000000000,237.9504800000
2,2330,-266.6330970900,0.0000000000,266.6330970900,2965.2963462533,3315.0000000000,146.8410004500,renewable_low_empirical,candidate,0.0000000000,266.6330970900
3,2331,-395.6170233333,0.0000000000,395.6170233333,3121.6184515900,3683.9850000000,333.7766146600,renewable_low_empirical,candidate,0.0000000000,395.6170233333
4,2332,-400.0000000000,0.0000000000,400.0000000000,3266.3363467333,4080.0000000000,524.1015528500,renewable_low_empirical,candidate,0.0000000000,400.0000000000
5,2333,-513.5976773142,0.0000000000,513.5976773142,3323.0172266667,4476.0150000000,724.2657000000,renewable_low_empirical,candidate,0.0000000000,513.5976773142
6,2334,-620.0000000000,0.0000000000,620.0000000000,3315.8861019900,4845.0000000000,973.9255650933,renewable_low_empirical,candidate,0.0000000000,620.0000000000
7,2335,-620.0000000000,0.0000000000,620.0000000000,3322.5123529000,5161.8630000000,1240.5834808500,renewable_low_empirical,candidate,0.0000000000,620.0000000000
8,2336,-620.0000000000,0.0000000000,620.0000000000,3270.7540913100,5405.0310000000,1479.9078657961,renewable_low_empirical,candidate,0.0000000000,620.0000000000
9,2337,-620.0000000000,0.0000000000,620.0000000000,3251.6388470500,5557.8780000000,1509.1669698893,renewable_low_empirical,candidate,0.0000000000,620.0000000000
10,2338,-620.0000000000,0.0000000000,620.0000000000,3142.7827062133,5610.0000000000,1503.4914604533,renewable_low_empirical,candidate,0.0000000000,620.0000000000
11,2339,-620.0000000000,0.0000000000,620.0000000000,2971.0183586400,5557.8780000000,1846.0883080267,renewable_low_empirical,candidate,0.0000000000,620.0000000000
12,2340,-620.0000000000,0.0000000000,620.0000000000,2794.3882404233,5405.0310000000,1814.2459262433,renewable_low_empirical,candidate,0.0000000000,620.0000000000
13,2341,-620.0000000000,0.0000000000,620.0000000000,2658.3066800067,5161.8630000000,1749.1845695767,renewable_low_empirical,candidate,0.0000000000,620.0000000000
14,2342,-620.0000000000,0.0000000000,620.0000000000,2558.7165742400,4845.0000000000,1587.2380090933,renewable_low_empirical,candidate,0.0000000000,620.0000000000
15,2343,-620.0000000000,0.0000000000,620.0000000000,2274.3146124767,4476.0150000000,1391.4859004400,renewable_low_empirical,candidate,0.0000000000,620.0000000000
16,2344,-620.0000000000,0.0000000000,620.0000000000,1992.3273395433,4080.0000000000,1308.0095267000,renewable_low_empirical,candidate,0.0000000000,620.0000000000
17,2345,-620.0000000000,0.0000000000,620.0000000000,1798.1384000000,3683.9850000000,969.1571806299,renewable_low_empirical,candidate,0.0000000000,620.0000000000
18,2346,-620.0000000000,0.0000000000,620.0000000000,1703.3972128767,3315.0000000000,1103.6965375400,renewable_low_empirical,candidate,0.0000000000,620.0000000000
19,2347,-620.0000000000,0.0000000000,620.0000000000,1707.8413808800,2998.1370000000,773.4644528700,renewable_low_empirical,candidate,0.0000000000,620.0000000000
20,2348,-620.0000000000,0.0000000000,620.0000000000,1721.4209528800,2754.9690000000,434.1240471200,renewable_low_empirical,candidate,0.0000000000,620.0000000000
21,2349,-620.0000000000,0.0000000000,620.0000000000,1903.8677870867,2602.1220000000,225.3420000000,renewable_low_empirical,candidate,0.0000000000,620.0000000000
22,2350,-513.4716666667,0.0000000000,513.4716666667,2077.5737128833,2550.0000000000,198.8457804500,renewable_low_empirical,candidate,0.0000000000,513.4716666667
23,2351,-576.6031120933,8.3487995400,584.9519116333,2495.5148257933,2602.1220000000,11.0399457900,renewable_low_empirical,candidate,0.0000000000,576.6031120933
24,2352,-180.0000000000,0.0000000000,180.0000000000,2632.7812595533,2754.9690000000,3.8060004500,renewable_low_empirical,candidate,0.0000000000,180.0000000000
25,2353,-180.0000000000,0.0000000000,180.0000000000,3038.8786458000,2998.1370000000,0.0000000000,renewable_low_empirical,candidate,0.0000000000,180.0000000000
26,2354,-180.0000000000,0.0000000000,180.0000000000,3336.3906475767,3315.0000000000,40.5381990900,renewable_low_empirical,candidate,0.0000000000,180.0000000000
27,2355,-180.7830800000,0.0000000000,180.7830800000,3432.4594375433,3683.9850000000,204.9169495500,renewable_low_empirical,candidate,0.0000000000,180.7830800000
28,2356,-295.7075782006,0.0000000000,295.7075782006,3473.3926203667,4080.0000000000,410.4714009000,renewable_low_empirical,candidate,0.0000000000,295.7075782006
29,2357,-379.0567329167,0.0000000000,379.0567329167,3571.6647804033,4476.0150000000,593.1184004400,renewable_low_empirical,candidate,0.0000000000,379.0567329167
30,2358,-492.3765121100,0.0000000000,492.3765121100,3539.4488800367,4845.0000000000,823.2028991233,renewable_low_empirical,candidate,0.0000000000,492.3765121100
31,2359,-620.0000000000,0.0000000000,620.0000000000,3349.0057337867,5161.8630000000,1197.0534328800,renewable_low_empirical,candidate,0.0000000000,620.0000000000
32,2360,-620.0000000000,0.0000000000,620.0000000000,3227.1888708500,5405.0310000000,1470.3590458167,renewable_low_empirical,candidate,0.0000000000,620.0000000000
33,2361,-620.0000000000,0.0000000000,620.0000000000,3165.8994757900,5557.8780000000,1621.5192742100,renewable_low_empirical,candidate,0.0000000000,620.0000000000
34,2362,-620.0000000000,0.0000000000,620.0000000000,3089.0116928467,5610.0000000000,1435.1259316060,renewable_low_empirical,candidate,0.0000000000,620.0000000000
35,2363,-620.0000000000,0.0000000000,620.0000000000,2977.3029929067,5557.8780000000,1797.5244037600,renewable_low_empirical,candidate,0.0000000000,620.0000000000
36,2364,-620.0000000000,0.0000000000,620.0000000000,2854.5274549067,5405.0310000000,1743.1900450933,renewable_low_empirical,candidate,0.0000000000,620.0000000000
37,2365,-620.0000000000,0.0000000000,620.0000000000,2775.2537041767,5161.8630000000,1521.4656628446,renewable_low_empirical,candidate,0.0000000000,620.0000000000
38,2366,-620.0000000000,0.0000000000,620.0000000000,2666.0847087000,4845.0000000000,1410.8344704600,renewable_low_empirical,candidate,0.0000000000,620.0000000000
39,2367,-620.0000000000,0.0000000000,620.0000000000,2341.3201729200,4476.0150000000,1396.5104933233,renewable_low_empirical,candidate,0.0000000000,620.0000000000
40,2368,-620.0000000000,0.0000000000,620.0000000000,1951.8718053533,4080.0000000000,1056.1907342233,renewable_low_empirical,candidate,0.0000000000,620.0000000000
41,2369,-620.0000000000,0.0000000000,620.0000000000,1796.4496438200,3683.9850000000,1180.2111057567,renewable_low_empirical,candidate,0.0000000000,620.0000000000
42,2370,-620.0000000000,0.0000000000,620.0000000000,1613.9036162133,3315.0000000000,716.7324671521,renewable_low_empirical,candidate,0.0000000000,620.0000000000
43,2371,-620.0000000000,0.0000000000,620.0000000000,1609.6107770700,2998.1370000000,741.3979137394,renewable_low_empirical,candidate,0.0000000000,620.0000000000
44,2372,-620.0000000000,0.0000000000,620.0000000000,1743.7909957900,2754.9690000000,502.5390042100,renewable_low_empirical,candidate,0.0000000000,620.0000000000
45,2373,-620.0000000000,0.0000000000,620.0000000000,1927.2675555333,2602.1220000000,279.2882386400,renewable_low_empirical,candidate,0.0000000000,620.0000000000
46,2374,-495.5452479167,0.0000000000,495.5452479167,2250.2297366333,2550.0000000000,91.2041804500,renewable_low_empirical,candidate,0.0000000000,495.5452479167
47,2375,-553.2152737500,0.0000000000,553.2152737500,2594.0784586500,2602.1220000000,42.3062009000,renewable_low_empirical,candidate,0.0000000000,553.2152737500
48,2376,-167.0785004600,12.9214995400,180.0000000000,2929.6210808600,2754.9690000000,39.3519995500,renewable_low_empirical,candidate,0.0000000000,167.0785004600
49,2377,-180.0000000000,0.0000000000,180.0000000000,3039.1923341767,2998.1370000000,2.8984995500,renewable_low_empirical,candidate,0.0000000000,180.0000000000
50,2378,-223.6688674332,0.0000000000,223.6688674332,3124.0239196100,3315.0000000000,36.9745000000,renewable_low_empirical,candidate,0.0000000000,223.6688674332
51,2379,-307.2591637567,0.0000000000,307.2591637567,3270.6079953333,3683.9850000000,211.2909009100,renewable_low_empirical,candidate,0.0000000000,307.2591637567
52,2380,-431.5362983533,0.0000000000,431.5362983533,3333.0487995867,4080.0000000000,434.3328000000,renewable_low_empirical,candidate,0.0000000000,431.5362983533
53,2381,-525.8824995833,0.0000000000,525.8824995833,3296.5539142267,4476.0150000000,672.7828524333,renewable_low_empirical,candidate,0.0000000000,525.8824995833
54,2382,-526.9074995833,0.0000000000,526.9074995833,3366.7540466600,4845.0000000000,985.8082533333,renewable_low_empirical,candidate,0.0000000000,526.9074995833
55,2383,-620.0000000000,0.0000000000,620.0000000000,3337.2007008633,5161.8630000000,1221.0678569674,renewable_low_empirical,candidate,0.0000000000,620.0000000000
56,2384,-620.0000000000,0.0000000000,620.0000000000,3358.8145171033,5405.0310000000,1426.2164828967,renewable_low_empirical,candidate,0.0000000000,620.0000000000
57,2385,-620.0000000000,0.0000000000,620.0000000000,3221.8834457667,5557.8780000000,1715.9945542333,renewable_low_empirical,candidate,0.0000000000,620.0000000000
58,2386,-620.0000000000,0.0000000000,620.0000000000,3173.2452057567,5610.0000000000,1816.7547942433,renewable_low_empirical,candidate,0.0000000000,620.0000000000
59,2387,-620.0000000000,0.0000000000,620.0000000000,2974.3109399867,5557.8780000000,1963.5670600133,renewable_low_empirical,candidate,0.0000000000,620.0000000000
60,2388,-620.0000000000,0.0000000000,620.0000000000,2815.6163537933,5405.0310000000,1812.7136462067,renewable_low_empirical,candidate,0.0000000000,620.0000000000
61,2389,-620.0000000000,0.0000000000,620.0000000000,2801.8864829133,5161.8630000000,1138.0235704267,renewable_low_empirical,candidate,0.0000000000,620.0000000000
62,2390,-620.0000000000,0.0000000000,620.0000000000,2496.8112537700,4845.0000000000,1361.5093062300,renewable_low_empirical,candidate,0.0000000000,620.0000000000
63,2391,-620.0000000000,0.0000000000,620.0000000000,2193.8643771100,4476.0150000000,1414.8355603213,renewable_low_empirical,candidate,0.0000000000,620.0000000000
64,2392,-620.0000000000,0.0000000000,620.0000000000,1853.6174904433,4080.0000000000,1162.7527087878,renewable_low_empirical,candidate,0.0000000000,620.0000000000
65,2393,-620.0000000000,0.0000000000,620.0000000000,1573.1089120133,3683.9850000000,1361.3091833439,renewable_low_empirical,candidate,0.0000000000,620.0000000000
66,2394,-620.0000000000,0.0000000000,620.0000000000,1673.1165946267,3315.0000000000,1021.8834053733,renewable_low_empirical,candidate,0.0000000000,620.0000000000
67,2395,-620.0000000000,0.0000000000,620.0000000000,1647.7481528733,2998.1370000000,654.9168408767,renewable_low_empirical,candidate,0.0000000000,620.0000000000
68,2396,-620.0000000000,0.0000000000,620.0000000000,1637.8644699800,2754.9690000000,502.4305304367,renewable_low_empirical,candidate,0.0000000000,620.0000000000
69,2397,-620.0000000000,0.0000000000,620.0000000000,1901.7515342667,2602.1220000000,213.3859705954,renewable_low_empirical,candidate,0.0000000000,620.0000000000
70,2398,-512.6516666667,0.0000000000,512.6516666667,2162.1710709200,2550.0000000000,116.0036495500,renewable_low_empirical,candidate,0.0000000000,512.6516666667
71,2399,-400.0000000000,0.0000000000,400.0000000000,2482.5053333533,2602.1220000000,54.6965004500,renewable_low_empirical,candidate,0.0000000000,400.0000000000
0,2328,-375.0982186833,20.0327509000,395.1309695833,2368.5048608567,2754.9690000000,11.3659204600,renewable_low_empirical,baseline,39.5757991333,414.6740178167
1,2329,-259.7917500000,11.6681099900,271.4598599900,2730.9647495500,2998.1370000000,7.3805004500,renewable_low_empirical,baseline,39.5757991333,299.3675491333
2,2330,-259.2608637567,0.0000000000,259.2608637567,2991.7159462533,3315.0000000000,64.0231899900,renewable_low_empirical,baseline,39.5757991333,298.8366628900
3,2331,-284.3596741767,0.0000000000,284.3596741767,3163.0086649233,3683.9850000000,236.6166609000,renewable_low_empirical,baseline,39.5757991333,323.9354733100
4,2332,-311.0486341767,0.0000000000,311.0486341767,3337.6014667333,4080.0000000000,431.3498990900,renewable_low_empirical,baseline,39.5757991333,350.6244333100
5,2333,-470.5640000000,0.0000000000,470.5640000000,3378.6550000000,4476.0150000000,626.7960000000,renewable_low_empirical,baseline,39.5757991333,510.1397991333
6,2334,-609.0760004233,0.0000000000,609.0760004233,3374.1741986567,4845.0000000000,861.7498009200,renewable_low_empirical,baseline,39.5757991333,648.6517995567
7,2335,-620.0000000000,0.0000000000,620.0000000000,3360.7710995667,5161.8630000000,1181.0919004333,renewable_low_empirical,baseline,39.5757991333,659.5757991333
8,2336,-620.0000000000,0.0000000000,620.0000000000,3293.0764013100,5405.0310000000,1491.9545986900,renewable_low_empirical,baseline,39.5757991333,659.5757991333
9,2337,-620.0000000000,0.0000000000,620.0000000000,3286.7751003833,5557.8780000000,1651.1028996167,renewable_low_empirical,baseline,39.5757991333,659.5757991333
10,2338,-620.0000000000,0.0000000000,620.0000000000,3169.7877995467,5610.0000000000,1820.2122004533,renewable_low_empirical,baseline,39.5757991333,659.5757991333
11,2339,-620.0000000000,0.0000000000,620.0000000000,2998.2723986400,5557.8780000000,1939.6056013600,renewable_low_empirical,baseline,39.5757991333,659.5757991333
12,2340,-620.0000000000,0.0000000000,620.0000000000,2802.2552004233,5405.0310000000,1982.7757995767,renewable_low_empirical,baseline,39.5757991333,659.5757991333
13,2341,-620.0000000000,0.0000000000,620.0000000000,2618.3991000067,5161.8630000000,1923.4638999933,renewable_low_empirical,baseline,39.5757991333,659.5757991333
14,2342,-620.0000000000,0.0000000000,620.0000000000,2474.8529409067,4845.0000000000,1750.1470590933,renewable_low_empirical,baseline,39.5757991333,659.5757991333
15,2343,-620.0000000000,0.0000000000,620.0000000000,2232.1382691433,4476.0150000000,1623.8767308567,renewable_low_empirical,baseline,39.5757991333,659.5757991333
16,2344,-620.0000000000,0.0000000000,620.0000000000,2000.8407395433,4080.0000000000,1459.1592604567,renewable_low_empirical,baseline,39.5757991333,659.5757991333
17,2345,-620.0000000000,0.0000000000,620.0000000000,1899.6946000000,3683.9850000000,1164.2904000000,renewable_low_empirical,baseline,39.5757991333,659.5757991333
18,2346,-620.0000000000,0.0000000000,620.0000000000,1824.4716995433,3315.0000000000,870.5283004567,renewable_low_empirical,baseline,39.5757991333,659.5757991333
19,2347,-608.0644995833,0.0000000000,608.0644995833,1825.7550008800,2998.1370000000,564.3174995367,renewable_low_empirical,baseline,39.5757991333,647.6402987167
20,2348,-466.0044000033,0.0000000000,466.0044000033,1877.9282995467,2754.9690000000,411.0363004500,renewable_low_empirical,baseline,39.5757991333,505.5801991367
21,2349,-324.9751995800,0.0000000000,324.9751995800,2102.6098004200,2602.1220000000,174.5370000000,renewable_low_empirical,baseline,39.5757991333,364.5509987133
22,2350,-165.5660000000,0.0000000000,165.5660000000,2218.6080995500,2550.0000000000,165.8259004500,renewable_low_empirical,baseline,39.5757991333,205.1417991333
23,2351,-41.3832013233,75.9702990900,117.3535004133,2559.0517991267,2602.1220000000,1.6869995500,renewable_low_empirical,baseline,39.5757991333,80.9590004567
24,2352,-85.5033671133,8.1439991267,93.6473662400,2643.8173328867,2754.9690000000,25.6483000000,renewable_low_empirical,baseline,39.5757991333,125.0791662467
25,2353,39.5757991333,83.6579995500,44.0822004167,3037.7127991333,2998.1370000000,0.0000000000,renewable_low_empirical,baseline,39.5757991333,0.0000000000
26,2354,-71.6184333333,1.3416666667,72.9601000000,3198.1055675767,3315.0000000000,45.2759990900,renewable_low_empirical,baseline,39.5757991333,111.1942324667
27,2355,-196.8448995733,0.0000000000,196.8448995733,3257.3716008767,3683.9850000000,229.7684995500,renewable_low_empirical,baseline,39.5757991333,236.4206987067
28,2356,-365.5898987333,0.0000000000,365.5898987333,3279.1101003667,4080.0000000000,435.3000009000,renewable_low_empirical,baseline,39.5757991333,405.1656978667
29,2357,-507.0352991567,0.0000000000,507.0352991567,3350.7202004033,4476.0150000000,618.2595004400,renewable_low_empirical,baseline,39.5757991333,546.6110982900
30,2358,-604.9375004167,0.0000000000,604.9375004167,3409.4607000367,4845.0000000000,830.6017995467,renewable_low_empirical,baseline,39.5757991333,644.5132995500
31,2359,-620.0000000000,0.0000000000,620.0000000000,3401.9550004533,5161.8630000000,1139.9079995467,renewable_low_empirical,baseline,39.5757991333,659.5757991333
32,2360,-620.0000000000,0.0000000000,620.0000000000,3349.6025008500,5405.0310000000,1435.4284991500,renewable_low_empirical,baseline,39.5757991333,659.5757991333
33,2361,-620.0000000000,0.0000000000,620.0000000000,3260.7920991233,5557.8780000000,1677.0859008767,renewable_low_empirical,baseline,39.5757991333,659.5757991333
34,2362,-620.0000000000,0.0000000000,620.0000000000,3150.8007995133,5610.0000000000,1839.1992004867,renewable_low_empirical,baseline,39.5757991333,659.5757991333
35,2363,-620.0000000000,0.0000000000,620.0000000000,2996.6053995733,5557.8780000000,1941.2726004267,renewable_low_empirical,baseline,39.5757991333,659.5757991333
36,2364,-620.0000000000,0.0000000000,620.0000000000,2743.4568982400,5405.0310000000,2041.5741017600,renewable_low_empirical,baseline,39.5757991333,659.5757991333
37,2365,-620.0000000000,0.0000000000,620.0000000000,2616.1647841767,5161.8630000000,1925.6982158233,renewable_low_empirical,baseline,39.5757991333,659.5757991333
38,2366,-620.0000000000,0.0000000000,620.0000000000,2501.1031453667,4845.0000000000,1723.8968546333,renewable_low_empirical,baseline,39.5757991333,659.5757991333
39,2367,-620.0000000000,0.0000000000,620.0000000000,2247.4321595867,4476.0150000000,1608.5828404133,renewable_low_empirical,baseline,39.5757991333,659.5757991333
40,2368,-620.0000000000,0.0000000000,620.0000000000,1995.9023520200,4080.0000000000,1464.0976479800,renewable_low_empirical,baseline,39.5757991333,659.5757991333
41,2369,-620.0000000000,0.0000000000,620.0000000000,1931.3690671533,3683.9850000000,1132.6159328467,renewable_low_empirical,baseline,39.5757991333,659.5757991333
42,2370,-620.0000000000,0.0000000000,620.0000000000,1802.7240995467,3315.0000000000,892.2759004533,renewable_low_empirical,baseline,39.5757991333,659.5757991333
43,2371,-594.5409991567,0.0000000000,594.5409991567,1845.9986004033,2998.1370000000,557.5974004400,renewable_low_empirical,baseline,39.5757991333,634.1167982900
44,2372,-459.4578004267,0.0000000000,459.4578004267,1954.1666991233,2754.9690000000,341.3445004500,renewable_low_empirical,baseline,39.5757991333,499.0335995600
45,2373,-298.3949991600,0.0000000000,298.3949991600,2097.5406022000,2602.1220000000,206.1863986400,renewable_low_empirical,baseline,39.5757991333,337.9707982933
46,2374,-224.3562995833,0.0000000000,224.3562995833,2244.8689999667,2550.0000000000,80.7747004500,renewable_low_empirical,baseline,39.5757991333,263.9320987167
47,2375,-111.2114004400,13.5544995500,124.7658999900,2475.8074986500,2602.1220000000,15.1031009100,renewable_low_empirical,baseline,39.5757991333,150.7871995733
48,2376,7.0257004100,60.8878004167,53.8621000067,2740.0172008600,2754.9690000000,21.9774995500,renewable_low_empirical,baseline,39.5757991333,32.5500987233
49,2377,-31.0804991567,25.8245000000,56.9049991567,2949.0698008433,2998.1370000000,17.9867000000,renewable_low_empirical,baseline,39.5757991333,70.6562982900
50,2378,-114.5573675167,0.0000000000,114.5573675167,3151.1436329433,3315.0000000000,49.2989995400,renewable_low_empirical,baseline,39.5757991333,154.1331666500
51,2379,-178.8631337567,0.0000000000,178.8631337567,3275.3533653333,3683.9850000000,229.7685009100,renewable_low_empirical,baseline,39.5757991333,218.4389328900
52,2380,-333.7504004133,0.0000000000,333.7504004133,3318.4735995867,4080.0000000000,427.7760000000,renewable_low_empirical,baseline,39.5757991333,373.3261995467
53,2381,-531.3511333400,0.0000000000,531.3511333400,3318.8803675600,4476.0150000000,625.7834991000,renewable_low_empirical,baseline,39.5757991333,570.9269324733
54,2382,-580.6615000067,0.0000000000,580.6615000067,3394.6136999933,4845.0000000000,869.7248000000,renewable_low_empirical,baseline,39.5757991333,620.2372991400
55,2383,-620.0000000000,0.0000000000,620.0000000000,3394.4927741967,5161.8630000000,1147.3702258033,renewable_low_empirical,baseline,39.5757991333,659.5757991333
56,2384,-620.0000000000,0.0000000000,620.0000000000,3398.5055604367,5405.0310000000,1386.5254395633,renewable_low_empirical,baseline,39.5757991333,659.5757991333
57,2385,-620.0000000000,0.0000000000,620.0000000000,3233.8270991000,5557.8780000000,1704.0509009000,renewable_low_empirical,baseline,39.5757991333,659.5757991333
58,2386,-620.0000000000,0.0000000000,620.0000000000,3177.6319990900,5610.0000000000,1812.3680009100,renewable_low_empirical,baseline,39.5757991333,659.5757991333
59,2387,-620.0000000000,0.0000000000,620.0000000000,2976.7064999867,5557.8780000000,1961.1715000133,renewable_low_empirical,baseline,39.5757991333,659.5757991333
60,2388,-620.0000000000,0.0000000000,620.0000000000,2708.1993004600,5405.0310000000,2076.8316995400,renewable_low_empirical,baseline,39.5757991333,659.5757991333
61,2389,-620.0000000000,0.0000000000,620.0000000000,2685.3857895800,5161.8630000000,1856.4772104200,renewable_low_empirical,baseline,39.5757991333,659.5757991333
62,2390,-620.0000000000,0.0000000000,620.0000000000,2442.0210204367,4845.0000000000,1782.9789795633,renewable_low_empirical,baseline,39.5757991333,659.5757991333
63,2391,-620.0000000000,0.0000000000,620.0000000000,2241.6164004433,4476.0150000000,1614.3985995567,renewable_low_empirical,baseline,39.5757991333,659.5757991333
64,2392,-620.0000000000,0.0000000000,620.0000000000,2027.2370504433,4080.0000000000,1432.7629495567,renewable_low_empirical,baseline,39.5757991333,659.5757991333
65,2393,-620.0000000000,0.0000000000,620.0000000000,1754.3553853467,3683.9850000000,1309.6296146533,renewable_low_empirical,baseline,39.5757991333,659.5757991333
66,2394,-620.0000000000,0.0000000000,620.0000000000,1887.2273146267,3315.0000000000,807.7726853733,renewable_low_empirical,baseline,39.5757991333,659.5757991333
67,2395,-559.1686662500,0.0000000000,559.1686662500,1876.5157328733,2998.1370000000,562.4526008767,renewable_low_empirical,baseline,39.5757991333,598.7444653833
68,2396,-426.1301333433,0.0000000000,426.1301333433,1904.9904666467,2754.9690000000,423.8484000100,renewable_low_empirical,baseline,39.5757991333,465.7059324767
69,2397,-281.7748870933,0.0000000000,281.7748870933,2104.5412142667,2602.1220000000,215.8058986400,renewable_low_empirical,baseline,39.5757991333,321.3506862267
70,2398,-150.3210133233,0.0000000000,150.3210133233,2337.0542875867,2550.0000000000,62.6246990900,renewable_low_empirical,baseline,39.5757991333,189.8968124567
71,2399,-42.7590995300,24.6130004600,67.3720999900,2537.3719000200,2602.1220000000,21.9910004500,renewable_low_empirical,baseline,39.5757991333,82.3348986633
0,2328,-357.7977695833,0.0000000000,357.7977695833,2302.3980608567,2754.9690000000,101.5218700100,joint_stress,candidate,0.0000000000,357.7977695833
1,2329,-237.9504800000,0.0000000000,237.9504800000,2704.8149495500,2998.1370000000,71.3683466900,joint_stress,candidate,0.0000000000,237.9504800000
2,2330,-266.6330970900,0.0000000000,266.6330970900,2965.2963462533,3315.0000000000,146.8410004500,joint_stress,candidate,0.0000000000,266.6330970900
3,2331,-395.6170233333,0.0000000000,395.6170233333,3121.6184515900,3683.9850000000,333.7766146600,joint_stress,candidate,0.0000000000,395.6170233333
4,2332,-400.0000000000,0.0000000000,400.0000000000,3266.3363467333,4080.0000000000,524.1015528500,joint_stress,candidate,0.0000000000,400.0000000000
5,2333,-513.5976773142,0.0000000000,513.5976773142,3323.0172266667,4476.0150000000,724.2657000000,joint_stress,candidate,0.0000000000,513.5976773142
6,2334,-620.0000000000,0.0000000000,620.0000000000,3315.8861019900,4845.0000000000,973.9255650933,joint_stress,candidate,0.0000000000,620.0000000000
7,2335,-620.0000000000,0.0000000000,620.0000000000,3322.5123529000,5161.8630000000,1239.7966879561,joint_stress,candidate,0.0000000000,620.0000000000
8,2336,-620.0000000000,0.0000000000,620.0000000000,3270.7540913100,5405.0310000000,1480.6946586900,joint_stress,candidate,0.0000000000,620.0000000000
9,2337,-620.0000000000,0.0000000000,620.0000000000,3251.6388470500,5557.8780000000,1509.1669698893,joint_stress,candidate,0.0000000000,620.0000000000
10,2338,-620.0000000000,0.0000000000,620.0000000000,3142.7827062133,5610.0000000000,1503.4914604533,joint_stress,candidate,0.0000000000,620.0000000000
11,2339,-620.0000000000,0.0000000000,620.0000000000,2971.0183586400,5557.8780000000,1846.0883080267,joint_stress,candidate,0.0000000000,620.0000000000
12,2340,-620.0000000000,0.0000000000,620.0000000000,2794.3882404233,5405.0310000000,1814.2459262433,joint_stress,candidate,0.0000000000,620.0000000000
13,2341,-620.0000000000,0.0000000000,620.0000000000,2658.3066800067,5161.8630000000,1749.1845695767,joint_stress,candidate,0.0000000000,620.0000000000
14,2342,-620.0000000000,0.0000000000,620.0000000000,2558.7165742400,4845.0000000000,1587.2380090933,joint_stress,candidate,0.0000000000,620.0000000000
15,2343,-620.0000000000,0.0000000000,620.0000000000,2274.3146124767,4476.0150000000,1391.4859004400,joint_stress,candidate,0.0000000000,620.0000000000
16,2344,-620.0000000000,0.0000000000,620.0000000000,1992.3273395433,4080.0000000000,1308.0095267000,joint_stress,candidate,0.0000000000,620.0000000000
17,2345,-620.0000000000,0.0000000000,620.0000000000,1798.1384000000,3683.9850000000,969.1571806299,joint_stress,candidate,0.0000000000,620.0000000000
18,2346,-620.0000000000,0.0000000000,620.0000000000,1703.3972128767,3315.0000000000,1103.6965375400,joint_stress,candidate,0.0000000000,620.0000000000
19,2347,-620.0000000000,0.0000000000,620.0000000000,1707.8413808800,2998.1370000000,773.4644528700,joint_stress,candidate,0.0000000000,620.0000000000
20,2348,-620.0000000000,0.0000000000,620.0000000000,1721.4209528800,2754.9690000000,434.1240471200,joint_stress,candidate,0.0000000000,620.0000000000
21,2349,-620.0000000000,0.0000000000,620.0000000000,1903.8677870867,2602.1220000000,225.3420000000,joint_stress,candidate,0.0000000000,620.0000000000
22,2350,-513.4716666667,0.0000000000,513.4716666667,2077.5737128833,2550.0000000000,198.8457804500,joint_stress,candidate,0.0000000000,513.4716666667
23,2351,-576.6031120933,8.3487995400,584.9519116333,2495.5148257933,2602.1220000000,11.0399457900,joint_stress,candidate,0.0000000000,576.6031120933
24,2352,-180.0000000000,0.0000000000,180.0000000000,2632.7812595533,2754.9690000000,3.8060004500,joint_stress,candidate,0.0000000000,180.0000000000
25,2353,-180.0000000000,0.0000000000,180.0000000000,3038.8786458000,2998.1370000000,0.0000000000,joint_stress,candidate,0.0000000000,180.0000000000
26,2354,-180.0000000000,0.0000000000,180.0000000000,3336.3906475767,3315.0000000000,40.5381990900,joint_stress,candidate,0.0000000000,180.0000000000
27,2355,-180.7830800000,0.0000000000,180.7830800000,3432.4594375433,3683.9850000000,204.9169495500,joint_stress,candidate,0.0000000000,180.7830800000
28,2356,-295.7075782006,0.0000000000,295.7075782006,3473.3926203667,4080.0000000000,410.4714009000,joint_stress,candidate,0.0000000000,295.7075782006
29,2357,-379.0567329167,0.0000000000,379.0567329167,3571.6647804033,4476.0150000000,593.1184004400,joint_stress,candidate,0.0000000000,379.0567329167
30,2358,-492.3765121100,0.0000000000,492.3765121100,3539.4488800367,4845.0000000000,823.2028991233,joint_stress,candidate,0.0000000000,492.3765121100
31,2359,-620.0000000000,0.0000000000,620.0000000000,3349.0057337867,5161.8630000000,1197.0534328800,joint_stress,candidate,0.0000000000,620.0000000000
32,2360,-620.0000000000,0.0000000000,620.0000000000,3227.1888708500,5405.0310000000,1470.3590458167,joint_stress,candidate,0.0000000000,620.0000000000
33,2361,-620.0000000000,0.0000000000,620.0000000000,3165.8994757900,5557.8780000000,1657.9296408146,joint_stress,candidate,0.0000000000,620.0000000000
34,2362,-620.0000000000,0.0000000000,620.0000000000,3089.0116928467,5610.0000000000,1695.1259316060,joint_stress,candidate,0.0000000000,620.0000000000
35,2363,-620.0000000000,0.0000000000,620.0000000000,2977.3029929067,5557.8780000000,1537.5244037600,joint_stress,candidate,0.0000000000,620.0000000000
36,2364,-620.0000000000,0.0000000000,620.0000000000,2854.5274549067,5405.0310000000,1743.1900450933,joint_stress,candidate,0.0000000000,620.0000000000
37,2365,-620.0000000000,0.0000000000,620.0000000000,2775.2537041767,5161.8630000000,1485.0552962400,joint_stress,candidate,0.0000000000,620.0000000000
38,2366,-620.0000000000,0.0000000000,620.0000000000,2666.0847087000,4845.0000000000,1410.8344704600,joint_stress,candidate,0.0000000000,620.0000000000
39,2367,-620.0000000000,0.0000000000,620.0000000000,2341.3201729200,4476.0150000000,1396.5104933233,joint_stress,candidate,0.0000000000,620.0000000000
40,2368,-620.0000000000,0.0000000000,620.0000000000,1951.8718053533,4080.0000000000,1141.1907342233,joint_stress,candidate,0.0000000000,620.0000000000
41,2369,-620.0000000000,0.0000000000,620.0000000000,1796.4496438200,3683.9850000000,1180.2111057567,joint_stress,candidate,0.0000000000,620.0000000000
42,2370,-620.0000000000,0.0000000000,620.0000000000,1613.9036162133,3315.0000000000,904.0793641427,joint_stress,candidate,0.0000000000,620.0000000000
43,2371,-620.0000000000,0.0000000000,620.0000000000,1609.6107770700,2998.1370000000,618.6038100488,joint_stress,candidate,0.0000000000,620.0000000000
44,2372,-620.0000000000,0.0000000000,620.0000000000,1743.7909957900,2754.9690000000,411.1936104500,joint_stress,candidate,0.0000000000,620.0000000000
45,2373,-620.0000000000,0.0000000000,620.0000000000,1927.2675555333,2602.1220000000,221.0808391000,joint_stress,candidate,0.0000000000,620.0000000000
46,2374,-495.5452479167,0.0000000000,495.5452479167,2250.2297366333,2550.0000000000,91.2041804500,joint_stress,candidate,0.0000000000,495.5452479167
47,2375,-553.2152737500,0.0000000000,553.2152737500,2594.0784586500,2602.1220000000,42.3062009000,joint_stress,candidate,0.0000000000,553.2152737500
48,2376,-167.0785004600,12.9214995400,180.0000000000,2929.6210808600,2754.9690000000,39.3519995500,joint_stress,candidate,0.0000000000,167.0785004600
49,2377,-180.0000000000,0.0000000000,180.0000000000,3039.1923341767,2998.1370000000,2.8984995500,joint_stress,candidate,0.0000000000,180.0000000000
50,2378,-223.6688674332,0.0000000000,223.6688674332,3124.0239196100,3315.0000000000,36.9745000000,joint_stress,candidate,0.0000000000,223.6688674332
51,2379,-307.2591637567,0.0000000000,307.2591637567,3270.6079953333,3683.9850000000,211.2909009100,joint_stress,candidate,0.0000000000,307.2591637567
52,2380,-431.5362983533,0.0000000000,431.5362983533,3333.0487995867,4080.0000000000,434.3328000000,joint_stress,candidate,0.0000000000,431.5362983533
53,2381,-525.8824995833,0.0000000000,525.8824995833,3296.5539142267,4476.0150000000,672.7828524333,joint_stress,candidate,0.0000000000,525.8824995833
54,2382,-526.9074995833,0.0000000000,526.9074995833,3366.7540466600,4845.0000000000,985.8082533333,joint_stress,candidate,0.0000000000,526.9074995833
55,2383,-620.0000000000,0.0000000000,620.0000000000,3337.2007008633,5161.8630000000,1221.0678569674,joint_stress,candidate,0.0000000000,620.0000000000
56,2384,-620.0000000000,0.0000000000,620.0000000000,3358.8145171033,5405.0310000000,1426.2164828967,joint_stress,candidate,0.0000000000,620.0000000000
57,2385,-620.0000000000,0.0000000000,620.0000000000,3221.8834457667,5557.8780000000,1715.9945542333,joint_stress,candidate,0.0000000000,620.0000000000
58,2386,-620.0000000000,0.0000000000,620.0000000000,3173.2452057567,5610.0000000000,1816.7547942433,joint_stress,candidate,0.0000000000,620.0000000000
59,2387,-620.0000000000,0.0000000000,620.0000000000,2974.3109399867,5557.8780000000,1703.5670600133,joint_stress,candidate,0.0000000000,620.0000000000
60,2388,-620.0000000000,0.0000000000,620.0000000000,2815.6163537933,5405.0310000000,1812.7136462067,joint_stress,candidate,0.0000000000,620.0000000000
61,2389,-620.0000000000,0.0000000000,620.0000000000,2801.8864829133,5161.8630000000,1398.0235704267,joint_stress,candidate,0.0000000000,620.0000000000
62,2390,-620.0000000000,0.0000000000,620.0000000000,2496.8112537700,4845.0000000000,1361.5093062300,joint_stress,candidate,0.0000000000,620.0000000000
63,2391,-620.0000000000,0.0000000000,620.0000000000,2193.8643771100,4476.0150000000,1414.8355603213,joint_stress,candidate,0.0000000000,620.0000000000
64,2392,-620.0000000000,0.0000000000,620.0000000000,1853.6174904433,4080.0000000000,1313.7748862300,joint_stress,candidate,0.0000000000,620.0000000000
65,2393,-620.0000000000,0.0000000000,620.0000000000,1573.1089120133,3683.9850000000,1361.3091833439,joint_stress,candidate,0.0000000000,620.0000000000
66,2394,-620.0000000000,0.0000000000,620.0000000000,1673.1165946267,3315.0000000000,1021.8834053733,joint_stress,candidate,0.0000000000,620.0000000000
67,2395,-620.0000000000,0.0000000000,620.0000000000,1647.7481528733,2998.1370000000,588.1219771944,joint_stress,candidate,0.0000000000,620.0000000000
68,2396,-620.0000000000,0.0000000000,620.0000000000,1637.8644699800,2754.9690000000,418.2032166767,joint_stress,candidate,0.0000000000,620.0000000000
69,2397,-620.0000000000,0.0000000000,620.0000000000,1901.7515342667,2602.1220000000,213.3859705954,joint_stress,candidate,0.0000000000,620.0000000000
70,2398,-512.6516666667,0.0000000000,512.6516666667,2162.1710709200,2550.0000000000,116.0036495500,joint_stress,candidate,0.0000000000,512.6516666667
71,2399,-400.0000000000,0.0000000000,400.0000000000,2482.5053333533,2602.1220000000,54.6965004500,joint_stress,candidate,0.0000000000,400.0000000000
0,2328,-375.0982186833,20.0327509000,395.1309695833,2368.5048608567,2754.9690000000,11.3659204600,joint_stress,baseline,39.5757991333,414.6740178167
1,2329,-259.7917500000,11.6681099900,271.4598599900,2730.9647495500,2998.1370000000,7.3805004500,joint_stress,baseline,39.5757991333,299.3675491333
2,2330,-259.2608637567,0.0000000000,259.2608637567,2991.7159462533,3315.0000000000,64.0231899900,joint_stress,baseline,39.5757991333,298.8366628900
3,2331,-284.3596741767,0.0000000000,284.3596741767,3163.0086649233,3683.9850000000,236.6166609000,joint_stress,baseline,39.5757991333,323.9354733100
4,2332,-311.0486341767,0.0000000000,311.0486341767,3337.6014667333,4080.0000000000,431.3498990900,joint_stress,baseline,39.5757991333,350.6244333100
5,2333,-470.5640000000,0.0000000000,470.5640000000,3378.6550000000,4476.0150000000,626.7960000000,joint_stress,baseline,39.5757991333,510.1397991333
6,2334,-609.0760004233,0.0000000000,609.0760004233,3374.1741986567,4845.0000000000,861.7498009200,joint_stress,baseline,39.5757991333,648.6517995567
7,2335,-620.0000000000,0.0000000000,620.0000000000,3360.7710995667,5161.8630000000,1181.0919004333,joint_stress,baseline,39.5757991333,659.5757991333
8,2336,-620.0000000000,0.0000000000,620.0000000000,3293.0764013100,5405.0310000000,1491.9545986900,joint_stress,baseline,39.5757991333,659.5757991333
9,2337,-620.0000000000,0.0000000000,620.0000000000,3286.7751003833,5557.8780000000,1651.1028996167,joint_stress,baseline,39.5757991333,659.5757991333
10,2338,-620.0000000000,0.0000000000,620.0000000000,3169.7877995467,5610.0000000000,1820.2122004533,joint_stress,baseline,39.5757991333,659.5757991333
11,2339,-620.0000000000,0.0000000000,620.0000000000,2998.2723986400,5557.8780000000,1939.6056013600,joint_stress,baseline,39.5757991333,659.5757991333
12,2340,-620.0000000000,0.0000000000,620.0000000000,2802.2552004233,5405.0310000000,1982.7757995767,joint_stress,baseline,39.5757991333,659.5757991333
13,2341,-620.0000000000,0.0000000000,620.0000000000,2618.3991000067,5161.8630000000,1923.4638999933,joint_stress,baseline,39.5757991333,659.5757991333
14,2342,-620.0000000000,0.0000000000,620.0000000000,2474.8529409067,4845.0000000000,1750.1470590933,joint_stress,baseline,39.5757991333,659.5757991333
15,2343,-620.0000000000,0.0000000000,620.0000000000,2232.1382691433,4476.0150000000,1623.8767308567,joint_stress,baseline,39.5757991333,659.5757991333
16,2344,-620.0000000000,0.0000000000,620.0000000000,2000.8407395433,4080.0000000000,1459.1592604567,joint_stress,baseline,39.5757991333,659.5757991333
17,2345,-620.0000000000,0.0000000000,620.0000000000,1899.6946000000,3683.9850000000,1164.2904000000,joint_stress,baseline,39.5757991333,659.5757991333
18,2346,-620.0000000000,0.0000000000,620.0000000000,1824.4716995433,3315.0000000000,870.5283004567,joint_stress,baseline,39.5757991333,659.5757991333
19,2347,-608.0644995833,0.0000000000,608.0644995833,1825.7550008800,2998.1370000000,564.3174995367,joint_stress,baseline,39.5757991333,647.6402987167
20,2348,-466.0044000033,0.0000000000,466.0044000033,1877.9282995467,2754.9690000000,411.0363004500,joint_stress,baseline,39.5757991333,505.5801991367
21,2349,-324.9751995800,0.0000000000,324.9751995800,2102.6098004200,2602.1220000000,174.5370000000,joint_stress,baseline,39.5757991333,364.5509987133
22,2350,-165.5660000000,0.0000000000,165.5660000000,2218.6080995500,2550.0000000000,165.8259004500,joint_stress,baseline,39.5757991333,205.1417991333
23,2351,-41.3832013233,75.9702990900,117.3535004133,2559.0517991267,2602.1220000000,1.6869995500,joint_stress,baseline,39.5757991333,80.9590004567
24,2352,-85.5033671133,8.1439991267,93.6473662400,2643.8173328867,2754.9690000000,25.6483000000,joint_stress,baseline,39.5757991333,125.0791662467
25,2353,39.5757991333,83.6579995500,44.0822004167,3037.7127991333,2998.1370000000,0.0000000000,joint_stress,baseline,39.5757991333,0.0000000000
26,2354,-71.6184333333,1.3416666667,72.9601000000,3198.1055675767,3315.0000000000,45.2759990900,joint_stress,baseline,39.5757991333,111.1942324667
27,2355,-196.8448995733,0.0000000000,196.8448995733,3257.3716008767,3683.9850000000,229.7684995500,joint_stress,baseline,39.5757991333,236.4206987067
28,2356,-365.5898987333,0.0000000000,365.5898987333,3279.1101003667,4080.0000000000,435.3000009000,joint_stress,baseline,39.5757991333,405.1656978667
29,2357,-507.0352991567,0.0000000000,507.0352991567,3350.7202004033,4476.0150000000,618.2595004400,joint_stress,baseline,39.5757991333,546.6110982900
30,2358,-604.9375004167,0.0000000000,604.9375004167,3409.4607000367,4845.0000000000,830.6017995467,joint_stress,baseline,39.5757991333,644.5132995500
31,2359,-620.0000000000,0.0000000000,620.0000000000,3401.9550004533,5161.8630000000,1139.9079995467,joint_stress,baseline,39.5757991333,659.5757991333
32,2360,-620.0000000000,0.0000000000,620.0000000000,3349.6025008500,5405.0310000000,1435.4284991500,joint_stress,baseline,39.5757991333,659.5757991333
33,2361,-620.0000000000,0.0000000000,620.0000000000,3260.7920991233,5557.8780000000,1677.0859008767,joint_stress,baseline,39.5757991333,659.5757991333
34,2362,-620.0000000000,0.0000000000,620.0000000000,3150.8007995133,5610.0000000000,1839.1992004867,joint_stress,baseline,39.5757991333,659.5757991333
35,2363,-620.0000000000,0.0000000000,620.0000000000,2996.6053995733,5557.8780000000,1941.2726004267,joint_stress,baseline,39.5757991333,659.5757991333
36,2364,-620.0000000000,0.0000000000,620.0000000000,2743.4568982400,5405.0310000000,2041.5741017600,joint_stress,baseline,39.5757991333,659.5757991333
37,2365,-620.0000000000,0.0000000000,620.0000000000,2616.1647841767,5161.8630000000,1925.6982158233,joint_stress,baseline,39.5757991333,659.5757991333
38,2366,-620.0000000000,0.0000000000,620.0000000000,2501.1031453667,4845.0000000000,1723.8968546333,joint_stress,baseline,39.5757991333,659.5757991333
39,2367,-620.0000000000,0.0000000000,620.0000000000,2247.4321595867,4476.0150000000,1608.5828404133,joint_stress,baseline,39.5757991333,659.5757991333
40,2368,-620.0000000000,0.0000000000,620.0000000000,1995.9023520200,4080.0000000000,1464.0976479800,joint_stress,baseline,39.5757991333,659.5757991333
41,2369,-620.0000000000,0.0000000000,620.0000000000,1931.3690671533,3683.9850000000,1132.6159328467,joint_stress,baseline,39.5757991333,659.5757991333
42,2370,-620.0000000000,0.0000000000,620.0000000000,1802.7240995467,3315.0000000000,892.2759004533,joint_stress,baseline,39.5757991333,659.5757991333
43,2371,-594.5409991567,0.0000000000,594.5409991567,1845.9986004033,2998.1370000000,557.5974004400,joint_stress,baseline,39.5757991333,634.1167982900
44,2372,-459.4578004267,0.0000000000,459.4578004267,1954.1666991233,2754.9690000000,341.3445004500,joint_stress,baseline,39.5757991333,499.0335995600
45,2373,-298.3949991600,0.0000000000,298.3949991600,2097.5406022000,2602.1220000000,206.1863986400,joint_stress,baseline,39.5757991333,337.9707982933
46,2374,-224.3562995833,0.0000000000,224.3562995833,2244.8689999667,2550.0000000000,80.7747004500,joint_stress,baseline,39.5757991333,263.9320987167
47,2375,-111.2114004400,13.5544995500,124.7658999900,2475.8074986500,2602.1220000000,15.1031009100,joint_stress,baseline,39.5757991333,150.7871995733
48,2376,7.0257004100,60.8878004167,53.8621000067,2740.0172008600,2754.9690000000,21.9774995500,joint_stress,baseline,39.5757991333,32.5500987233
49,2377,-31.0804991567,25.8245000000,56.9049991567,2949.0698008433,2998.1370000000,17.9867000000,joint_stress,baseline,39.5757991333,70.6562982900
50,2378,-114.5573675167,0.0000000000,114.5573675167,3151.1436329433,3315.0000000000,49.2989995400,joint_stress,baseline,39.5757991333,154.1331666500
51,2379,-178.8631337567,0.0000000000,178.8631337567,3275.3533653333,3683.9850000000,229.7685009100,joint_stress,baseline,39.5757991333,218.4389328900
52,2380,-333.7504004133,0.0000000000,333.7504004133,3318.4735995867,4080.0000000000,427.7760000000,joint_stress,baseline,39.5757991333,373.3261995467
53,2381,-531.3511333400,0.0000000000,531.3511333400,3318.8803675600,4476.0150000000,625.7834991000,joint_stress,baseline,39.5757991333,570.9269324733
54,2382,-580.6615000067,0.0000000000,580.6615000067,3394.6136999933,4845.0000000000,869.7248000000,joint_stress,baseline,39.5757991333,620.2372991400
55,2383,-620.0000000000,0.0000000000,620.0000000000,3394.4927741967,5161.8630000000,1147.3702258033,joint_stress,baseline,39.5757991333,659.5757991333
56,2384,-620.0000000000,0.0000000000,620.0000000000,3398.5055604367,5405.0310000000,1386.5254395633,joint_stress,baseline,39.5757991333,659.5757991333
57,2385,-620.0000000000,0.0000000000,620.0000000000,3233.8270991000,5557.8780000000,1704.0509009000,joint_stress,baseline,39.5757991333,659.5757991333
58,2386,-620.0000000000,0.0000000000,620.0000000000,3177.6319990900,5610.0000000000,1812.3680009100,joint_stress,baseline,39.5757991333,659.5757991333
59,2387,-620.0000000000,0.0000000000,620.0000000000,2976.7064999867,5557.8780000000,1961.1715000133,joint_stress,baseline,39.5757991333,659.5757991333
60,2388,-620.0000000000,0.0000000000,620.0000000000,2708.1993004600,5405.0310000000,2076.8316995400,joint_stress,baseline,39.5757991333,659.5757991333
61,2389,-620.0000000000,0.0000000000,620.0000000000,2685.3857895800,5161.8630000000,1856.4772104200,joint_stress,baseline,39.5757991333,659.5757991333
62,2390,-620.0000000000,0.0000000000,620.0000000000,2442.0210204367,4845.0000000000,1782.9789795633,joint_stress,baseline,39.5757991333,659.5757991333
63,2391,-620.0000000000,0.0000000000,620.0000000000,2241.6164004433,4476.0150000000,1614.3985995567,joint_stress,baseline,39.5757991333,659.5757991333
64,2392,-620.0000000000,0.0000000000,620.0000000000,2027.2370504433,4080.0000000000,1432.7629495567,joint_stress,baseline,39.5757991333,659.5757991333
65,2393,-620.0000000000,0.0000000000,620.0000000000,1754.3553853467,3683.9850000000,1309.6296146533,joint_stress,baseline,39.5757991333,659.5757991333
66,2394,-620.0000000000,0.0000000000,620.0000000000,1887.2273146267,3315.0000000000,807.7726853733,joint_stress,baseline,39.5757991333,659.5757991333
67,2395,-559.1686662500,0.0000000000,559.1686662500,1876.5157328733,2998.1370000000,562.4526008767,joint_stress,baseline,39.5757991333,598.7444653833
68,2396,-426.1301333433,0.0000000000,426.1301333433,1904.9904666467,2754.9690000000,423.8484000100,joint_stress,baseline,39.5757991333,465.7059324767
69,2397,-281.7748870933,0.0000000000,281.7748870933,2104.5412142667,2602.1220000000,215.8058986400,joint_stress,baseline,39.5757991333,321.3506862267
70,2398,-150.3210133233,0.0000000000,150.3210133233,2337.0542875867,2550.0000000000,62.6246990900,joint_stress,baseline,39.5757991333,189.8968124567
71,2399,-42.7590995300,24.6130004600,67.3720999900,2537.3719000200,2602.1220000000,21.9910004500,joint_stress,baseline,39.5757991333,82.3348986633
