origin,hour,region,task_type,actual_gpu_h,candidate_gpu_h
2256,2256,RegionA,RealTimeInference,53.5166666667,19.4974009362
2256,2256,RegionA,BatchInference,113.1000000000,18.3522014506
2256,2256,RegionA,AITraining,673.4166666667,0.0000000000
2256,2256,RegionB,RealTimeInference,57.1166666667,13.6667096567
2256,2256,RegionB,BatchInference,0.0000000000,18.4368316224
2256,2256,RegionB,AITraining,0.0000000000,0.0000000000
2256,2256,RegionC,RealTimeInference,9.8000000000,12.6556789322
2256,2256,RegionC,BatchInference,64.3500000000,11.0995685277
2256,2256,RegionC,AITraining,104.1666666667,0.0000000000
2256,2256,RegionD,RealTimeInference,0.0000000000,0.0000000000
2256,2256,RegionD,BatchInference,0.0000000000,18.7469602326
2256,2256,RegionD,AITraining,140.8166666667,247.7679061732
2256,2256,RegionE,RealTimeInference,0.0000000000,0.0000000000
2256,2256,RegionE,BatchInference,5.2000000000,10.7190810611
2256,2256,RegionE,AITraining,481.5666666667,117.7739323502
2256,2256,RegionF,RealTimeInference,0.0000000000,0.0000000000
2256,2256,RegionF,BatchInference,91.3500000000,9.1187574602
2256,2256,RegionF,AITraining,255.5666666667,147.4425202493
2256,2257,RegionA,RealTimeInference,18.0666666667,19.3785440220
2256,2257,RegionA,BatchInference,211.2500000000,19.1647941646
2256,2257,RegionA,AITraining,0.0000000000,0.0000000000
2256,2257,RegionB,RealTimeInference,12.4833333333,14.1972775743
2256,2257,RegionB,BatchInference,110.2000000000,19.3686469021
2256,2257,RegionB,AITraining,0.0000000000,0.0000000000
2256,2257,RegionC,RealTimeInference,25.3000000000,12.1611615376
2256,2257,RegionC,BatchInference,0.0000000000,11.6814546762
2256,2257,RegionC,AITraining,167.6333333333,0.0000000000
2256,2257,RegionD,RealTimeInference,6.6833333333,0.0000000000
2256,2257,RegionD,BatchInference,34.3000000000,18.7590027490
2256,2257,RegionD,AITraining,842.5833333333,224.0183684868
2256,2257,RegionE,RealTimeInference,0.0000000000,0.0000000000
2256,2257,RegionE,BatchInference,0.0000000000,10.0778884523
2256,2257,RegionE,AITraining,417.9000000000,88.8122758590
2256,2257,RegionF,RealTimeInference,0.0000000000,0.0000000000
2256,2257,RegionF,BatchInference,127.5500000000,8.6371642533
2256,2257,RegionF,AITraining,0.0000000000,122.6020790403
2256,2258,RegionA,RealTimeInference,0.0000000000,19.3069348063
2256,2258,RegionA,BatchInference,222.2500000000,19.6557364898
2256,2258,RegionA,AITraining,0.0000000000,0.0000000000
2256,2258,RegionB,RealTimeInference,0.0000000000,14.9172198771
2256,2258,RegionB,BatchInference,0.0000000000,19.4291724737
2256,2258,RegionB,AITraining,0.0000000000,0.0000000000
2256,2258,RegionC,RealTimeInference,80.4666666667,12.7680008265
2256,2258,RegionC,BatchInference,46.8000000000,12.1433967535
2256,2258,RegionC,AITraining,464.1000000000,0.0000000000
2256,2258,RegionD,RealTimeInference,0.0000000000,0.0000000000
2256,2258,RegionD,BatchInference,58.9500000000,18.9711340931
2256,2258,RegionD,AITraining,1185.4500000000,237.1946060052
2256,2258,RegionE,RealTimeInference,0.0000000000,0.0000000000
2256,2258,RegionE,BatchInference,35.8500000000,10.1834838785
2256,2258,RegionE,AITraining,461.7833333333,104.5539275004
2256,2258,RegionF,RealTimeInference,0.0000000000,0.0000000000
2256,2258,RegionF,BatchInference,0.0000000000,8.8180733182
2256,2258,RegionF,AITraining,481.8500000000,140.5712318362
2256,2259,RegionA,RealTimeInference,57.2166666667,19.9926618179
2256,2259,RegionA,BatchInference,38.8500000000,20.1270081938
2256,2259,RegionA,AITraining,0.0000000000,0.0000000000
2256,2259,RegionB,RealTimeInference,5.7000000000,14.6455132092
2256,2259,RegionB,BatchInference,4.6500000000,18.0967469303
2256,2259,RegionB,AITraining,349.1666666667,0.0000000000
2256,2259,RegionC,RealTimeInference,23.9000000000,12.9438674200
2256,2259,RegionC,BatchInference,0.0000000000,11.8888428173
2256,2259,RegionC,AITraining,0.0000000000,0.0000000000
2256,2259,RegionD,RealTimeInference,0.0000000000,0.0000000000
2256,2259,RegionD,BatchInference,0.0000000000,18.1279205304
2256,2259,RegionD,AITraining,1368.1666666667,238.5372846799
2256,2259,RegionE,RealTimeInference,15.1666666667,0.0000000000
2256,2259,RegionE,BatchInference,24.5666666667,10.9197023099
2256,2259,RegionE,AITraining,358.9500000000,127.1723036285
2256,2259,RegionF,RealTimeInference,38.9166666667,0.0000000000
2256,2259,RegionF,BatchInference,26.0000000000,9.0940896259
2256,2259,RegionF,AITraining,0.0000000000,115.9747002986
2256,2260,RegionA,RealTimeInference,42.4333333333,19.8399065850
2256,2260,RegionA,BatchInference,0.0000000000,20.1120134023
2256,2260,RegionA,AITraining,0.0000000000,0.0000000000
2256,2260,RegionB,RealTimeInference,91.2333333333,14.8863919103
2256,2260,RegionB,BatchInference,186.8166666667,18.8268526325
2256,2260,RegionB,AITraining,0.0000000000,0.0000000000
2256,2260,RegionC,RealTimeInference,0.0000000000,12.7411952138
2256,2260,RegionC,BatchInference,12.4000000000,10.3732940542
2256,2260,RegionC,AITraining,0.0000000000,0.0000000000
2256,2260,RegionD,RealTimeInference,0.0000000000,0.0000000000
2256,2260,RegionD,BatchInference,81.6500000000,18.4767354353
2256,2260,RegionD,AITraining,1038.2666666667,220.9669854202
2256,2260,RegionE,RealTimeInference,0.3000000000,0.0000000000
2256,2260,RegionE,BatchInference,23.2166666667,10.2166998391
2256,2260,RegionE,AITraining,626.2000000000,138.9107582630
2256,2260,RegionF,RealTimeInference,0.0000000000,0.0000000000
2256,2260,RegionF,BatchInference,0.0000000000,9.4742149102
2256,2260,RegionF,AITraining,52.8666666667,118.4181924025
2256,2261,RegionA,RealTimeInference,56.7166666667,20.0967383368
2256,2261,RegionA,BatchInference,54.8833333333,19.5759931209
2256,2261,RegionA,AITraining,0.0000000000,0.0000000000
2256,2261,RegionB,RealTimeInference,36.8166666667,12.8403871487
2256,2261,RegionB,BatchInference,41.8166666667,20.6273049705
2256,2261,RegionB,AITraining,0.0000000000,0.0000000000
2256,2261,RegionC,RealTimeInference,21.2000000000,12.8161885152
2256,2261,RegionC,BatchInference,69.8666666667,11.0581926428
2256,2261,RegionC,AITraining,146.6666666667,0.0000000000
2256,2261,RegionD,RealTimeInference,8.3500000000,0.0000000000
2256,2261,RegionD,BatchInference,0.0000000000,16.6998550927
2256,2261,RegionD,AITraining,1801.0333333333,261.8197522119
2256,2261,RegionE,RealTimeInference,0.0000000000,0.0000000000
2256,2261,RegionE,BatchInference,54.5000000000,10.4674298007
2256,2261,RegionE,AITraining,137.0666666667,154.7468632164
2256,2261,RegionF,RealTimeInference,0.0000000000,0.0000000000
2256,2261,RegionF,BatchInference,0.0000000000,9.2830697021
2256,2261,RegionF,AITraining,930.4000000000,125.7869079998
2256,2262,RegionA,RealTimeInference,5.9333333333,19.9345920879
2256,2262,RegionA,BatchInference,0.0000000000,21.1386083302
2256,2262,RegionA,AITraining,0.0000000000,0.0000000000
2256,2262,RegionB,RealTimeInference,7.6666666667,14.2368354545
2256,2262,RegionB,BatchInference,54.6666666667,19.8927466171
2256,2262,RegionB,AITraining,0.0000000000,0.0000000000
2256,2262,RegionC,RealTimeInference,35.7000000000,11.9730882314
2256,2262,RegionC,BatchInference,0.0000000000,10.6457525436
2256,2262,RegionC,AITraining,385.3333333333,0.0000000000
2256,2262,RegionD,RealTimeInference,0.0000000000,0.0000000000
2256,2262,RegionD,BatchInference,153.3000000000,17.6262842883
2256,2262,RegionD,AITraining,234.3833333333,227.0620844451
2256,2262,RegionE,RealTimeInference,1.9666666667,0.0000000000
2256,2262,RegionE,BatchInference,101.3333333333,9.9418438459
2256,2262,RegionE,AITraining,350.3333333333,115.4441293532
2256,2262,RegionF,RealTimeInference,0.0000000000,0.0000000000
2256,2262,RegionF,BatchInference,115.4166666667,9.7781385603
2256,2262,RegionF,AITraining,347.6000000000,122.9056191214
2256,2263,RegionA,RealTimeInference,0.0000000000,18.7055247706
2256,2263,RegionA,BatchInference,194.8000000000,18.3550248725
2256,2263,RegionA,AITraining,183.5166666667,0.0000000000
2256,2263,RegionB,RealTimeInference,0.9500000000,12.4286079732
2256,2263,RegionB,BatchInference,62.0666666667,18.5367405311
2256,2263,RegionB,AITraining,0.0000000000,0.0000000000
2256,2263,RegionC,RealTimeInference,51.9000000000,12.3876884196
2256,2263,RegionC,BatchInference,183.5500000000,11.6470247597
2256,2263,RegionC,AITraining,0.0000000000,0.0000000000
2256,2263,RegionD,RealTimeInference,22.6333333333,0.0000000000
2256,2263,RegionD,BatchInference,43.4000000000,19.6254873897
2256,2263,RegionD,AITraining,370.3666666667,219.8456435549
2256,2263,RegionE,RealTimeInference,0.0000000000,0.0000000000
2256,2263,RegionE,BatchInference,99.6000000000,9.4370686029
2256,2263,RegionE,AITraining,354.2500000000,113.7619824339
2256,2263,RegionF,RealTimeInference,0.0000000000,0.0000000000
2256,2263,RegionF,BatchInference,19.2666666667,8.5382044969
2256,2263,RegionF,AITraining,272.1333333333,123.5399824806
2256,2264,RegionA,RealTimeInference,23.1000000000,18.8783422124
2256,2264,RegionA,BatchInference,126.4833333333,18.8758847816
2256,2264,RegionA,AITraining,0.0000000000,0.0000000000
2256,2264,RegionB,RealTimeInference,66.9833333333,13.7032826645
2256,2264,RegionB,BatchInference,26.8333333333,18.4845031402
2256,2264,RegionB,AITraining,139.3000000000,0.0000000000
2256,2264,RegionC,RealTimeInference,37.2500000000,12.3950060291
2256,2264,RegionC,BatchInference,0.0000000000,11.7693845504
2256,2264,RegionC,AITraining,0.0000000000,0.0000000000
2256,2264,RegionD,RealTimeInference,0.0000000000,0.0000000000
2256,2264,RegionD,BatchInference,25.3000000000,18.6115962111
2256,2264,RegionD,AITraining,510.5000000000,210.9815437718
2256,2264,RegionE,RealTimeInference,16.9000000000,0.0000000000
2256,2264,RegionE,BatchInference,35.2000000000,9.4800482730
2256,2264,RegionE,AITraining,0.0000000000,129.1797464824
2256,2264,RegionF,RealTimeInference,21.8166666667,0.0000000000
2256,2264,RegionF,BatchInference,0.0000000000,8.6782300657
2256,2264,RegionF,AITraining,143.1333333333,127.6875109241
2256,2265,RegionA,RealTimeInference,22.5333333333,19.4300676640
2256,2265,RegionA,BatchInference,0.0000000000,19.3876582409
2256,2265,RegionA,AITraining,0.0000000000,6.9648209546
2256,2265,RegionB,RealTimeInference,25.1500000000,13.1967121999
2256,2265,RegionB,BatchInference,176.1333333333,18.9132619343
2256,2265,RegionB,AITraining,0.0000000000,0.0000000000
2256,2265,RegionC,RealTimeInference,0.0000000000,12.8753277312
2256,2265,RegionC,BatchInference,27.0000000000,12.4767574021
2256,2265,RegionC,AITraining,0.0000000000,0.0000000000
2256,2265,RegionD,RealTimeInference,0.0000000000,0.0000000000
2256,2265,RegionD,BatchInference,72.2333333333,18.1659329415
2256,2265,RegionD,AITraining,553.2333333333,226.9239342773
2256,2265,RegionE,RealTimeInference,0.0000000000,0.0000000000
2256,2265,RegionE,BatchInference,19.8500000000,9.6160969986
2256,2265,RegionE,AITraining,0.0000000000,99.1119297513
2256,2265,RegionF,RealTimeInference,0.0000000000,0.0000000000
2256,2265,RegionF,BatchInference,0.0000000000,8.7385721982
2256,2265,RegionF,AITraining,342.0333333333,129.8212706645
2256,2266,RegionA,RealTimeInference,22.2000000000,19.6699869363
2256,2266,RegionA,BatchInference,242.7333333333,22.8720595493
2256,2266,RegionA,AITraining,15.5833333333,0.0000000000
2256,2266,RegionB,RealTimeInference,3.0000000000,13.9736334884
2256,2266,RegionB,BatchInference,102.0000000000,18.6093352652
2256,2266,RegionB,AITraining,0.0000000000,0.0000000000
2256,2266,RegionC,RealTimeInference,33.6000000000,12.6297993562
2256,2266,RegionC,BatchInference,77.3333333333,13.2514722223
2256,2266,RegionC,AITraining,116.2666666667,0.0000000000
2256,2266,RegionD,RealTimeInference,0.5500000000,0.0000000000
2256,2266,RegionD,BatchInference,123.4166666667,18.8176620637
2256,2266,RegionD,AITraining,244.0166666667,234.1273428390
2256,2266,RegionE,RealTimeInference,0.0000000000,0.0000000000
2256,2266,RegionE,BatchInference,21.6000000000,11.7709741328
2256,2266,RegionE,AITraining,1499.4833333333,112.2219057700
2256,2266,RegionF,RealTimeInference,0.0000000000,0.0000000000
2256,2266,RegionF,BatchInference,26.3333333333,9.1499287813
2256,2266,RegionF,AITraining,236.0000000000,130.2591290492
2256,2267,RegionA,RealTimeInference,5.7000000000,20.0205337206
2256,2267,RegionA,BatchInference,0.0000000000,20.5567766333
2256,2267,RegionA,AITraining,0.0000000000,0.0000000000
2256,2267,RegionB,RealTimeInference,93.2000000000,13.7448508814
2256,2267,RegionB,BatchInference,124.3500000000,19.1798457522
2256,2267,RegionB,AITraining,0.0000000000,0.0000000000
2256,2267,RegionC,RealTimeInference,76.3000000000,13.1823152113
2256,2267,RegionC,BatchInference,211.0166666667,11.0008222765
2256,2267,RegionC,AITraining,0.0000000000,0.0000000000
2256,2267,RegionD,RealTimeInference,0.0000000000,0.0000000000
2256,2267,RegionD,BatchInference,96.7333333333,18.1634461037
2256,2267,RegionD,AITraining,308.6333333333,201.8960590065
2256,2267,RegionE,RealTimeInference,0.0000000000,0.0000000000
2256,2267,RegionE,BatchInference,17.7333333333,12.7805022040
2256,2267,RegionE,AITraining,1086.1500000000,125.3147368018
2256,2267,RegionF,RealTimeInference,0.0000000000,0.0000000000
2256,2267,RegionF,BatchInference,80.1166666667,10.5004763194
2256,2267,RegionF,AITraining,0.0000000000,120.0025714059
2256,2268,RegionA,RealTimeInference,11.5666666667,21.4125754823
2256,2268,RegionA,BatchInference,40.6000000000,24.6550472756
2256,2268,RegionA,AITraining,0.0000000000,0.0000000000
2256,2268,RegionB,RealTimeInference,0.0000000000,14.1123604436
2256,2268,RegionB,BatchInference,72.9000000000,17.9472892459
2256,2268,RegionB,AITraining,0.0000000000,0.0000000000
2256,2268,RegionC,RealTimeInference,9.8666666667,12.9962523454
2256,2268,RegionC,BatchInference,62.7500000000,12.0343842338
2256,2268,RegionC,AITraining,0.0000000000,0.0000000000
2256,2268,RegionD,RealTimeInference,0.0000000000,0.0000000000
2256,2268,RegionD,BatchInference,31.8500000000,18.7273315075
2256,2268,RegionD,AITraining,253.2500000000,224.1467127775
2256,2268,RegionE,RealTimeInference,0.0000000000,0.0000000000
2256,2268,RegionE,BatchInference,91.6666666667,10.1066459737
2256,2268,RegionE,AITraining,193.6000000000,120.4650642991
2256,2268,RegionF,RealTimeInference,0.0000000000,0.0000000000
2256,2268,RegionF,BatchInference,0.0000000000,10.3317963729
2256,2268,RegionF,AITraining,387.9833333333,114.5815488054
2256,2269,RegionA,RealTimeInference,74.4666666667,19.1493154119
2256,2269,RegionA,BatchInference,32.0000000000,18.7443675328
2256,2269,RegionA,AITraining,195.2000000000,0.0000000000
2256,2269,RegionB,RealTimeInference,23.0166666667,14.0125566311
2256,2269,RegionB,BatchInference,180.2666666667,19.1052030475
2256,2269,RegionB,AITraining,438.4500000000,0.0000000000
2256,2269,RegionC,RealTimeInference,28.4000000000,12.9691079809
2256,2269,RegionC,BatchInference,82.1333333333,13.0238712241
2256,2269,RegionC,AITraining,0.0000000000,0.0000000000
2256,2269,RegionD,RealTimeInference,0.0000000000,0.0000000000
2256,2269,RegionD,BatchInference,0.0000000000,19.1996839594
2256,2269,RegionD,AITraining,18.0166666667,226.4197500138
2256,2269,RegionE,RealTimeInference,0.0000000000,0.0000000000
2256,2269,RegionE,BatchInference,0.0000000000,10.8979590270
2256,2269,RegionE,AITraining,350.0500000000,114.0194561781
2256,2269,RegionF,RealTimeInference,0.0000000000,0.0000000000
2256,2269,RegionF,BatchInference,0.0000000000,9.7516281209
2256,2269,RegionF,AITraining,44.8500000000,111.1321697342
2256,2270,RegionA,RealTimeInference,25.6166666667,19.3003808364
2256,2270,RegionA,BatchInference,50.8333333333,20.2859368904
2256,2270,RegionA,AITraining,28.6000000000,8.4427044493
2256,2270,RegionB,RealTimeInference,16.3666666667,13.8413726158
2256,2270,RegionB,BatchInference,0.0000000000,17.8106396956
2256,2270,RegionB,AITraining,729.2000000000,0.0000000000
2256,2270,RegionC,RealTimeInference,0.0000000000,12.7310414821
2256,2270,RegionC,BatchInference,101.1000000000,12.0688215666
2256,2270,RegionC,AITraining,357.2833333333,0.0000000000
2256,2270,RegionD,RealTimeInference,0.0000000000,0.0000000000
2256,2270,RegionD,BatchInference,122.4166666667,19.0939912591
2256,2270,RegionD,AITraining,147.4666666667,215.4784829440
2256,2270,RegionE,RealTimeInference,0.0000000000,0.0000000000
2256,2270,RegionE,BatchInference,30.9166666667,8.9591162363
2256,2270,RegionE,AITraining,231.1333333333,104.0090898816
2256,2270,RegionF,RealTimeInference,0.0000000000,0.0000000000
2256,2270,RegionF,BatchInference,0.0000000000,8.9137797567
2256,2270,RegionF,AITraining,514.0333333333,107.2002557939
2256,2271,RegionA,RealTimeInference,42.2500000000,19.8092249750
2256,2271,RegionA,BatchInference,17.9333333333,19.4458010083
2256,2271,RegionA,AITraining,0.0000000000,0.0000000000
2256,2271,RegionB,RealTimeInference,49.2500000000,14.0175563507
2256,2271,RegionB,BatchInference,57.6000000000,17.5016001243
2256,2271,RegionB,AITraining,0.0000000000,0.0000000000
2256,2271,RegionC,RealTimeInference,0.0000000000,13.0030267406
2256,2271,RegionC,BatchInference,0.0000000000,11.5410328170
2256,2271,RegionC,AITraining,0.0000000000,0.0000000000
2256,2271,RegionD,RealTimeInference,0.0000000000,0.0000000000
2256,2271,RegionD,BatchInference,204.5333333333,19.3910897802
2256,2271,RegionD,AITraining,583.4666666667,211.2972565227
2256,2271,RegionE,RealTimeInference,0.0000000000,0.0000000000
2256,2271,RegionE,BatchInference,0.0000000000,9.6681575501
2256,2271,RegionE,AITraining,409.9833333333,110.4488211544
2256,2271,RegionF,RealTimeInference,0.0000000000,0.0000000000
2256,2271,RegionF,BatchInference,35.4666666667,8.7906932512
2256,2271,RegionF,AITraining,0.0000000000,131.7087126414
2256,2272,RegionA,RealTimeInference,35.5333333333,19.6915602090
2256,2272,RegionA,BatchInference,164.8333333333,21.3943721571
2256,2272,RegionA,AITraining,0.0000000000,0.0000000000
2256,2272,RegionB,RealTimeInference,109.6500000000,13.7722044423
2256,2272,RegionB,BatchInference,31.6666666667,17.5199132762
2256,2272,RegionB,AITraining,0.0000000000,0.0000000000
2256,2272,RegionC,RealTimeInference,2.3666666667,13.1324213560
2256,2272,RegionC,BatchInference,148.7666666667,12.2511333610
2256,2272,RegionC,AITraining,118.0666666667,0.0000000000
2256,2272,RegionD,RealTimeInference,0.0000000000,0.0000000000
2256,2272,RegionD,BatchInference,152.0833333333,19.1789266168
2256,2272,RegionD,AITraining,220.8000000000,201.5583538890
2256,2272,RegionE,RealTimeInference,0.0000000000,0.0000000000
2256,2272,RegionE,BatchInference,0.0000000000,10.2352479981
2256,2272,RegionE,AITraining,1113.2000000000,103.3602449415
2256,2272,RegionF,RealTimeInference,0.0000000000,0.0000000000
2256,2272,RegionF,BatchInference,56.0000000000,9.3945078889
2256,2272,RegionF,AITraining,250.4833333333,125.4145789573
2256,2273,RegionA,RealTimeInference,0.0000000000,19.1727684350
2256,2273,RegionA,BatchInference,19.6000000000,22.9059000718
2256,2273,RegionA,AITraining,0.0000000000,0.0000000000
2256,2273,RegionB,RealTimeInference,20.4333333333,14.6793728145
2256,2273,RegionB,BatchInference,0.0000000000,18.6381404072
2256,2273,RegionB,AITraining,248.2666666667,0.0000000000
2256,2273,RegionC,RealTimeInference,14.2000000000,12.9704298188
2256,2273,RegionC,BatchInference,0.0000000000,11.3288446598
2256,2273,RegionC,AITraining,0.0000000000,0.0000000000
2256,2273,RegionD,RealTimeInference,0.0000000000,0.0000000000
2256,2273,RegionD,BatchInference,43.9833333333,18.2109831464
2256,2273,RegionD,AITraining,0.0000000000,226.0133258340
2256,2273,RegionE,RealTimeInference,0.0000000000,0.0000000000
2256,2273,RegionE,BatchInference,114.8333333333,9.8252148617
2256,2273,RegionE,AITraining,17.6000000000,95.4572987026
2256,2273,RegionF,RealTimeInference,32.1000000000,0.0000000000
2256,2273,RegionF,BatchInference,0.0000000000,9.0918914665
2256,2273,RegionF,AITraining,44.0000000000,109.5379896506
2256,2274,RegionA,RealTimeInference,79.3000000000,19.0027270565
2256,2274,RegionA,BatchInference,0.0000000000,20.3259285274
2256,2274,RegionA,AITraining,342.2000000000,7.7092848862
2256,2274,RegionB,RealTimeInference,36.0500000000,14.6940476968
2256,2274,RegionB,BatchInference,194.1166666667,18.8075224447
2256,2274,RegionB,AITraining,0.0000000000,0.0000000000
2256,2274,RegionC,RealTimeInference,4.6000000000,12.7001383170
2256,2274,RegionC,BatchInference,4.4000000000,11.7061496421
2256,2274,RegionC,AITraining,0.0000000000,0.0000000000
2256,2274,RegionD,RealTimeInference,0.0000000000,0.0000000000
2256,2274,RegionD,BatchInference,10.6666666667,19.6679911925
2256,2274,RegionD,AITraining,125.8000000000,189.4891408159
2256,2274,RegionE,RealTimeInference,11.7333333333,0.0000000000
2256,2274,RegionE,BatchInference,32.3666666667,10.2202261495
2256,2274,RegionE,AITraining,376.0333333333,104.5155168213
2256,2274,RegionF,RealTimeInference,0.0000000000,0.0000000000
2256,2274,RegionF,BatchInference,0.0000000000,9.2860095129
2256,2274,RegionF,AITraining,0.0000000000,118.9906668182
2256,2275,RegionA,RealTimeInference,21.2666666667,19.7370009196
2256,2275,RegionA,BatchInference,110.4666666667,21.2557075257
2256,2275,RegionA,AITraining,794.5666666667,0.0000000000
2256,2275,RegionB,RealTimeInference,58.3166666667,12.7841037180
2256,2275,RegionB,BatchInference,238.5833333333,19.0118915020
2256,2275,RegionB,AITraining,0.0000000000,0.0000000000
2256,2275,RegionC,RealTimeInference,29.3166666667,12.9910318252
2256,2275,RegionC,BatchInference,140.0000000000,12.1392883789
2256,2275,RegionC,AITraining,0.0000000000,0.0000000000
2256,2275,RegionD,RealTimeInference,0.0000000000,0.0000000000
2256,2275,RegionD,BatchInference,24.7500000000,19.9379069720
2256,2275,RegionD,AITraining,215.4166666667,206.6745776091
2256,2275,RegionE,RealTimeInference,0.0000000000,0.0000000000
2256,2275,RegionE,BatchInference,0.0000000000,9.7657869669
2256,2275,RegionE,AITraining,33.5500000000,112.0758807675
2256,2275,RegionF,RealTimeInference,0.0000000000,0.0000000000
2256,2275,RegionF,BatchInference,86.2166666667,9.1542180055
2256,2275,RegionF,AITraining,353.6000000000,73.2270575298
2256,2276,RegionA,RealTimeInference,52.0166666667,19.8414005152
2256,2276,RegionA,BatchInference,40.4333333333,19.8609534995
2256,2276,RegionA,AITraining,0.0000000000,0.0000000000
2256,2276,RegionB,RealTimeInference,6.6666666667,13.9878489802
2256,2276,RegionB,BatchInference,97.4500000000,17.6863998510
2256,2276,RegionB,AITraining,0.0000000000,0.0000000000
2256,2276,RegionC,RealTimeInference,68.1500000000,13.2047483122
2256,2276,RegionC,BatchInference,0.0000000000,11.9491118598
2256,2276,RegionC,AITraining,0.0000000000,0.0000000000
2256,2276,RegionD,RealTimeInference,0.0000000000,0.0000000000
2256,2276,RegionD,BatchInference,160.3000000000,17.3720127859
2256,2276,RegionD,AITraining,1449.2333333333,208.1387303299
2256,2276,RegionE,RealTimeInference,0.0000000000,0.0000000000
2256,2276,RegionE,BatchInference,3.2000000000,9.1047054197
2256,2276,RegionE,AITraining,1895.0333333333,124.2337691732
2256,2276,RegionF,RealTimeInference,0.0000000000,0.0000000000
2256,2276,RegionF,BatchInference,63.9333333333,9.3757600173
2256,2276,RegionF,AITraining,0.0000000000,123.2564511164
2256,2277,RegionA,RealTimeInference,17.4500000000,19.3439800334
2256,2277,RegionA,BatchInference,453.5333333333,19.4948889987
2256,2277,RegionA,AITraining,0.0000000000,0.0000000000
2256,2277,RegionB,RealTimeInference,0.0000000000,14.4387393979
2256,2277,RegionB,BatchInference,69.1166666667,18.4512289696
2256,2277,RegionB,AITraining,507.6333333333,0.0000000000
2256,2277,RegionC,RealTimeInference,54.5833333333,12.6051088779
2256,2277,RegionC,BatchInference,122.2333333333,11.6706891124
2256,2277,RegionC,AITraining,0.0000000000,0.0000000000
2256,2277,RegionD,RealTimeInference,0.0000000000,0.0000000000
2256,2277,RegionD,BatchInference,0.0000000000,17.6417925893
2256,2277,RegionD,AITraining,248.9333333333,208.7332423369
2256,2277,RegionE,RealTimeInference,0.0000000000,0.0000000000
2256,2277,RegionE,BatchInference,10.0333333333,10.3037438169
2256,2277,RegionE,AITraining,0.0000000000,121.1721405914
2256,2277,RegionF,RealTimeInference,0.0000000000,0.0000000000
2256,2277,RegionF,BatchInference,105.0666666667,6.3707100029
2256,2277,RegionF,AITraining,1640.6500000000,119.1133686885
2256,2278,RegionA,RealTimeInference,67.0166666667,20.0282587215
2256,2278,RegionA,BatchInference,161.8333333333,19.3837931473
2256,2278,RegionA,AITraining,0.0000000000,3.7361880003
2256,2278,RegionB,RealTimeInference,27.5500000000,14.2499091680
2256,2278,RegionB,BatchInference,50.6000000000,19.2123585304
2256,2278,RegionB,AITraining,0.0000000000,0.0000000000
2256,2278,RegionC,RealTimeInference,0.0000000000,12.5490165367
2256,2278,RegionC,BatchInference,22.5166666667,11.5549715421
2256,2278,RegionC,AITraining,55.5000000000,0.0000000000
2256,2278,RegionD,RealTimeInference,0.0000000000,0.0000000000
2256,2278,RegionD,BatchInference,18.1666666667,18.6009597038
2256,2278,RegionD,AITraining,814.0000000000,214.4727718541
2256,2278,RegionE,RealTimeInference,0.0000000000,0.0000000000
2256,2278,RegionE,BatchInference,11.7333333333,9.7422517222
2256,2278,RegionE,AITraining,178.2000000000,109.7465281103
2256,2278,RegionF,RealTimeInference,0.0000000000,0.0000000000
2256,2278,RegionF,BatchInference,0.0000000000,8.1187335177
2256,2278,RegionF,AITraining,603.4666666667,121.7531872445
2256,2279,RegionA,RealTimeInference,13.6500000000,19.2824591136
2256,2279,RegionA,BatchInference,67.9000000000,20.1556695262
2256,2279,RegionA,AITraining,0.0000000000,0.0000000000
2256,2279,RegionB,RealTimeInference,22.9500000000,14.9057216402
2256,2279,RegionB,BatchInference,0.0000000000,19.3609477363
2256,2279,RegionB,AITraining,0.0000000000,0.0000000000
2256,2279,RegionC,RealTimeInference,3.9666666667,12.3618602096
2256,2279,RegionC,BatchInference,286.0666666667,11.7040319056
2256,2279,RegionC,AITraining,71.8666666667,0.0000000000
2256,2279,RegionD,RealTimeInference,0.0000000000,0.0000000000
2256,2279,RegionD,BatchInference,31.1666666667,18.3550435845
2256,2279,RegionD,AITraining,757.9333333333,228.1197186667
2256,2279,RegionE,RealTimeInference,0.0000000000,0.0000000000
2256,2279,RegionE,BatchInference,0.0000000000,9.3574547173
2256,2279,RegionE,AITraining,180.9000000000,134.2291637506
2256,2279,RegionF,RealTimeInference,0.0000000000,0.0000000000
2256,2279,RegionF,BatchInference,0.0000000000,8.4455850978
2256,2279,RegionF,AITraining,812.9166666667,109.1347350849
2280,2280,RegionA,RealTimeInference,5.5333333333,20.2760123679
2280,2280,RegionA,BatchInference,50.3500000000,14.4269142698
2280,2280,RegionA,AITraining,0.0000000000,0.0000000000
2280,2280,RegionB,RealTimeInference,79.5333333333,14.7270091840
2280,2280,RegionB,BatchInference,58.3000000000,20.0425751461
2280,2280,RegionB,AITraining,0.0000000000,0.0000000000
2280,2280,RegionC,RealTimeInference,0.0000000000,11.9230564785
2280,2280,RegionC,BatchInference,35.4166666667,13.2452573902
2280,2280,RegionC,AITraining,317.6833333333,0.0000000000
2280,2280,RegionD,RealTimeInference,0.0000000000,0.0000000000
2280,2280,RegionD,BatchInference,20.0000000000,18.8571724521
2280,2280,RegionD,AITraining,358.6333333333,257.1963206879
2280,2280,RegionE,RealTimeInference,0.0000000000,0.0000000000
2280,2280,RegionE,BatchInference,16.6833333333,9.7416538366
2280,2280,RegionE,AITraining,771.5166666667,135.2733412658
2280,2280,RegionF,RealTimeInference,0.0000000000,0.0000000000
2280,2280,RegionF,BatchInference,0.0000000000,8.5783599092
2280,2280,RegionF,AITraining,1070.9833333333,134.1146165827
2280,2281,RegionA,RealTimeInference,16.4166666667,18.8630850289
2280,2281,RegionA,BatchInference,226.2000000000,15.8898080975
2280,2281,RegionA,AITraining,0.0000000000,0.0000000000
2280,2281,RegionB,RealTimeInference,17.9500000000,15.0012044871
2280,2281,RegionB,BatchInference,45.9333333333,19.2172852749
2280,2281,RegionB,AITraining,248.9666666667,0.0000000000
2280,2281,RegionC,RealTimeInference,37.0000000000,12.1176022066
2280,2281,RegionC,BatchInference,0.0000000000,12.5535409125
2280,2281,RegionC,AITraining,109.3500000000,0.0000000000
2280,2281,RegionD,RealTimeInference,0.0000000000,0.0000000000
2280,2281,RegionD,BatchInference,9.9166666667,19.0992551601
2280,2281,RegionD,AITraining,203.4666666667,226.8639478890
2280,2281,RegionE,RealTimeInference,0.0000000000,0.0000000000
2280,2281,RegionE,BatchInference,31.0000000000,9.9294384041
2280,2281,RegionE,AITraining,1262.6333333333,130.1983149979
2280,2281,RegionF,RealTimeInference,0.0000000000,0.0000000000
2280,2281,RegionF,BatchInference,91.2500000000,8.3383948500
2280,2281,RegionF,AITraining,189.5000000000,128.9454050458
2280,2282,RegionA,RealTimeInference,9.0500000000,19.3546533421
2280,2282,RegionA,BatchInference,59.5333333333,18.5854973812
2280,2282,RegionA,AITraining,0.0000000000,0.0000000000
2280,2282,RegionB,RealTimeInference,37.5833333333,15.1317002722
2280,2282,RegionB,BatchInference,140.2333333333,19.0613644118
2280,2282,RegionB,AITraining,0.0000000000,0.0000000000
2280,2282,RegionC,RealTimeInference,70.5500000000,12.3079980536
2280,2282,RegionC,BatchInference,96.5000000000,12.2859505936
2280,2282,RegionC,AITraining,0.0000000000,0.0000000000
2280,2282,RegionD,RealTimeInference,4.1333333333,0.0000000000
2280,2282,RegionD,BatchInference,67.9000000000,19.4246533014
2280,2282,RegionD,AITraining,181.0000000000,267.6890220440
2280,2282,RegionE,RealTimeInference,0.0000000000,0.0000000000
2280,2282,RegionE,BatchInference,47.0666666667,9.2065533765
2280,2282,RegionE,AITraining,986.4666666667,126.6359147663
2280,2282,RegionF,RealTimeInference,0.0000000000,0.0000000000
2280,2282,RegionF,BatchInference,75.0000000000,8.7279653244
2280,2282,RegionF,AITraining,382.3833333333,117.5307847556
2280,2283,RegionA,RealTimeInference,29.0166666667,19.2593122065
2280,2283,RegionA,BatchInference,50.5500000000,19.8736691376
2280,2283,RegionA,AITraining,0.0000000000,0.0000000000
2280,2283,RegionB,RealTimeInference,42.3166666667,15.5641572843
2280,2283,RegionB,BatchInference,148.4000000000,18.8551703428
2280,2283,RegionB,AITraining,192.0666666667,0.0000000000
2280,2283,RegionC,RealTimeInference,22.4166666667,12.2643222283
2280,2283,RegionC,BatchInference,96.2666666667,12.7084806908
2280,2283,RegionC,AITraining,0.0000000000,0.0000000000
2280,2283,RegionD,RealTimeInference,0.0000000000,0.0000000000
2280,2283,RegionD,BatchInference,28.6833333333,19.1248002257
2280,2283,RegionD,AITraining,26.4000000000,225.4759843214
2280,2283,RegionE,RealTimeInference,0.0000000000,0.0000000000
2280,2283,RegionE,BatchInference,72.1333333333,9.8276777045
2280,2283,RegionE,AITraining,427.7000000000,120.9040312087
2280,2283,RegionF,RealTimeInference,0.0000000000,0.0000000000
2280,2283,RegionF,BatchInference,0.0000000000,8.2489039803
2280,2283,RegionF,AITraining,438.1166666667,113.2663511176
2280,2284,RegionA,RealTimeInference,1.9833333333,19.1775016087
2280,2284,RegionA,BatchInference,70.5000000000,18.3670574998
2280,2284,RegionA,AITraining,0.0000000000,0.0000000000
2280,2284,RegionB,RealTimeInference,24.2000000000,15.3151123107
2280,2284,RegionB,BatchInference,18.0500000000,18.9984983784
2280,2284,RegionB,AITraining,0.0000000000,0.0000000000
2280,2284,RegionC,RealTimeInference,39.2666666667,12.2968946044
2280,2284,RegionC,BatchInference,0.0000000000,11.9391537851
2280,2284,RegionC,AITraining,0.0000000000,0.0000000000
2280,2284,RegionD,RealTimeInference,0.0000000000,0.0000000000
2280,2284,RegionD,BatchInference,0.0000000000,18.6072048775
2280,2284,RegionD,AITraining,1006.2000000000,254.1534756805
2280,2284,RegionE,RealTimeInference,0.0000000000,0.0000000000
2280,2284,RegionE,BatchInference,0.0000000000,9.4069429865
2280,2284,RegionE,AITraining,164.6666666667,101.1602668456
2280,2284,RegionF,RealTimeInference,0.0000000000,0.0000000000
2280,2284,RegionF,BatchInference,55.8000000000,8.5819523117
2280,2284,RegionF,AITraining,228.5666666667,118.3284988455
2280,2285,RegionA,RealTimeInference,47.5000000000,19.6067626184
2280,2285,RegionA,BatchInference,78.4833333333,23.5975796991
2280,2285,RegionA,AITraining,0.0000000000,0.0000000000
2280,2285,RegionB,RealTimeInference,23.3500000000,15.8291044299
2280,2285,RegionB,BatchInference,49.3333333333,19.5884864077
2280,2285,RegionB,AITraining,0.0000000000,0.0000000000
2280,2285,RegionC,RealTimeInference,22.9000000000,11.4565564824
2280,2285,RegionC,BatchInference,166.6000000000,10.6997277076
2280,2285,RegionC,AITraining,0.0000000000,0.0000000000
2280,2285,RegionD,RealTimeInference,0.0000000000,0.0000000000
2280,2285,RegionD,BatchInference,0.0000000000,18.5866687884
2280,2285,RegionD,AITraining,576.3666666667,249.1007947371
2280,2285,RegionE,RealTimeInference,0.0000000000,0.0000000000
2280,2285,RegionE,BatchInference,91.8833333333,8.3576875665
2280,2285,RegionE,AITraining,670.0000000000,126.5683789793
2280,2285,RegionF,RealTimeInference,0.0000000000,0.0000000000
2280,2285,RegionF,BatchInference,58.7000000000,8.2322106092
2280,2285,RegionF,AITraining,502.1166666667,155.7281028092
2280,2286,RegionA,RealTimeInference,34.2333333333,19.2119700146
2280,2286,RegionA,BatchInference,0.0000000000,17.6643203937
2280,2286,RegionA,AITraining,0.0000000000,0.0000000000
2280,2286,RegionB,RealTimeInference,5.5000000000,15.1357981761
2280,2286,RegionB,BatchInference,121.1166666667,19.1293157953
2280,2286,RegionB,AITraining,0.0000000000,0.0000000000
2280,2286,RegionC,RealTimeInference,32.7833333333,12.2083366428
2280,2286,RegionC,BatchInference,87.0666666667,13.6694537988
2280,2286,RegionC,AITraining,0.0000000000,0.0000000000
2280,2286,RegionD,RealTimeInference,0.0000000000,0.0000000000
2280,2286,RegionD,BatchInference,83.0666666667,21.2162450685
2280,2286,RegionD,AITraining,601.0666666667,218.4887772137
2280,2286,RegionE,RealTimeInference,0.0000000000,0.0000000000
2280,2286,RegionE,BatchInference,46.0000000000,9.7514189599
2280,2286,RegionE,AITraining,241.4666666667,105.9849837423
2280,2286,RegionF,RealTimeInference,30.7333333333,0.0000000000
2280,2286,RegionF,BatchInference,0.0000000000,7.0732012653
2280,2286,RegionF,AITraining,0.0000000000,118.7523018464
2280,2287,RegionA,RealTimeInference,0.0000000000,19.1394536589
2280,2287,RegionA,BatchInference,0.0000000000,15.2908784121
2280,2287,RegionA,AITraining,0.0000000000,0.0000000000
2280,2287,RegionB,RealTimeInference,28.5333333333,15.0172317197
2280,2287,RegionB,BatchInference,41.6166666667,19.3436450149
2280,2287,RegionB,AITraining,0.0000000000,0.0000000000
2280,2287,RegionC,RealTimeInference,25.5500000000,12.3200931955
2280,2287,RegionC,BatchInference,102.2833333333,11.7943169408
2280,2287,RegionC,AITraining,0.0000000000,0.0000000000
2280,2287,RegionD,RealTimeInference,0.0000000000,0.0000000000
2280,2287,RegionD,BatchInference,128.1000000000,18.5620822174
2280,2287,RegionD,AITraining,508.3333333333,259.9005890434
2280,2287,RegionE,RealTimeInference,0.0000000000,0.0000000000
2280,2287,RegionE,BatchInference,47.4000000000,9.2555183865
2280,2287,RegionE,AITraining,1425.2833333333,138.9823208543
2280,2287,RegionF,RealTimeInference,0.0000000000,0.0000000000
2280,2287,RegionF,BatchInference,176.7000000000,7.7576404011
2280,2287,RegionF,AITraining,690.3000000000,111.7143834952
2280,2288,RegionA,RealTimeInference,26.7500000000,19.6053789959
2280,2288,RegionA,BatchInference,91.8333333333,19.8322511027
2280,2288,RegionA,AITraining,0.0000000000,0.0000000000
2280,2288,RegionB,RealTimeInference,21.0000000000,14.6921044462
2280,2288,RegionB,BatchInference,34.0000000000,19.6777934619
2280,2288,RegionB,AITraining,0.0000000000,0.0000000000
2280,2288,RegionC,RealTimeInference,50.4000000000,12.4660520431
2280,2288,RegionC,BatchInference,0.0000000000,11.9366726293
2280,2288,RegionC,AITraining,0.0000000000,0.0000000000
2280,2288,RegionD,RealTimeInference,0.0000000000,0.0000000000
2280,2288,RegionD,BatchInference,0.0000000000,18.7087441205
2280,2288,RegionD,AITraining,493.7500000000,226.1020043810
2280,2288,RegionE,RealTimeInference,6.0666666667,0.0000000000
2280,2288,RegionE,BatchInference,73.8000000000,9.2364977872
2280,2288,RegionE,AITraining,113.8500000000,127.2639963012
2280,2288,RegionF,RealTimeInference,6.4666666667,0.0000000000
2280,2288,RegionF,BatchInference,82.1333333333,8.2977852183
2280,2288,RegionF,AITraining,1251.0666666667,106.6590366837
2280,2289,RegionA,RealTimeInference,2.9166666667,18.6088582520
2280,2289,RegionA,BatchInference,0.0000000000,20.6250062331
2280,2289,RegionA,AITraining,0.0000000000,0.0000000000
2280,2289,RegionB,RealTimeInference,6.4666666667,14.5102908338
2280,2289,RegionB,BatchInference,111.7333333333,18.6696706452
2280,2289,RegionB,AITraining,240.5333333333,0.0000000000
2280,2289,RegionC,RealTimeInference,55.3833333333,12.6129208617
2280,2289,RegionC,BatchInference,150.1333333333,13.9635613664
2280,2289,RegionC,AITraining,0.0000000000,0.0000000000
2280,2289,RegionD,RealTimeInference,8.7000000000,0.0000000000
2280,2289,RegionD,BatchInference,0.0000000000,18.4071351221
2280,2289,RegionD,AITraining,254.2000000000,242.5117445755
2280,2289,RegionE,RealTimeInference,30.0000000000,0.0000000000
2280,2289,RegionE,BatchInference,270.4000000000,10.0189484363
2280,2289,RegionE,AITraining,169.0000000000,131.6766370527
2280,2289,RegionF,RealTimeInference,0.0000000000,0.0000000000
2280,2289,RegionF,BatchInference,38.9666666667,7.9625957072
2280,2289,RegionF,AITraining,51.6000000000,90.0953528900
2280,2290,RegionA,RealTimeInference,6.2500000000,19.6045615593
2280,2290,RegionA,BatchInference,202.0000000000,21.4180194471
2280,2290,RegionA,AITraining,0.0000000000,5.5359665149
2280,2290,RegionB,RealTimeInference,39.9833333333,14.9574595392
2280,2290,RegionB,BatchInference,6.3000000000,19.3028603021
2280,2290,RegionB,AITraining,0.0000000000,0.0000000000
2280,2290,RegionC,RealTimeInference,2.5500000000,12.5900522639
2280,2290,RegionC,BatchInference,21.4500000000,8.0122281643
2280,2290,RegionC,AITraining,0.0000000000,0.0000000000
2280,2290,RegionD,RealTimeInference,7.3500000000,0.0000000000
2280,2290,RegionD,BatchInference,28.7000000000,16.2952028947
2280,2290,RegionD,AITraining,761.6333333333,230.5250576988
2280,2290,RegionE,RealTimeInference,46.2000000000,0.0000000000
2280,2290,RegionE,BatchInference,38.4000000000,11.0091791983
2280,2290,RegionE,AITraining,0.0000000000,148.0117813366
2280,2290,RegionF,RealTimeInference,0.0000000000,0.0000000000
2280,2290,RegionF,BatchInference,0.0000000000,9.3966531949
2280,2290,RegionF,AITraining,267.1666666667,106.2438199993
2280,2291,RegionA,RealTimeInference,15.1000000000,20.6639835989
2280,2291,RegionA,BatchInference,205.7833333333,20.4713973697
2280,2291,RegionA,AITraining,147.7333333333,6.0646586384
2280,2291,RegionB,RealTimeInference,64.3333333333,15.9251903704
2280,2291,RegionB,BatchInference,63.0000000000,19.4792276921
2280,2291,RegionB,AITraining,0.0000000000,0.0000000000
2280,2291,RegionC,RealTimeInference,27.9000000000,11.4704399462
2280,2291,RegionC,BatchInference,0.0000000000,13.9265238758
2280,2291,RegionC,AITraining,0.0000000000,0.0000000000
2280,2291,RegionD,RealTimeInference,0.0000000000,0.0000000000
2280,2291,RegionD,BatchInference,45.8000000000,13.4031117900
2280,2291,RegionD,AITraining,190.2166666667,251.0251045580
2280,2291,RegionE,RealTimeInference,3.3666666667,0.0000000000
2280,2291,RegionE,BatchInference,0.0000000000,10.9520025979
2280,2291,RegionE,AITraining,508.1333333333,145.1810120661
2280,2291,RegionF,RealTimeInference,0.0000000000,0.0000000000
2280,2291,RegionF,BatchInference,0.0000000000,9.6401067198
2280,2291,RegionF,AITraining,539.9333333333,105.0015991229
2280,2292,RegionA,RealTimeInference,40.1833333333,19.8140146442
2280,2292,RegionA,BatchInference,15.2833333333,20.4368684077
2280,2292,RegionA,AITraining,0.0000000000,0.0000000000
2280,2292,RegionB,RealTimeInference,75.7333333333,15.2870431989
2280,2292,RegionB,BatchInference,0.0000000000,19.3532276589
2280,2292,RegionB,AITraining,160.5333333333,0.0000000000
2280,2292,RegionC,RealTimeInference,0.0000000000,13.0256090017
2280,2292,RegionC,BatchInference,15.0000000000,13.7511807771
2280,2292,RegionC,AITraining,0.0000000000,0.0000000000
2280,2292,RegionD,RealTimeInference,0.0000000000,0.0000000000
2280,2292,RegionD,BatchInference,0.0000000000,19.9189304773
2280,2292,RegionD,AITraining,411.2500000000,256.4380316362
2280,2292,RegionE,RealTimeInference,0.0000000000,0.0000000000
2280,2292,RegionE,BatchInference,19.5000000000,10.4197472854
2280,2292,RegionE,AITraining,123.0000000000,95.4157302260
2280,2292,RegionF,RealTimeInference,0.0000000000,0.0000000000
2280,2292,RegionF,BatchInference,0.0000000000,8.6315308457
2280,2292,RegionF,AITraining,43.7500000000,97.0468367075
2280,2293,RegionA,RealTimeInference,48.5166666667,19.1739913446
2280,2293,RegionA,BatchInference,0.0000000000,16.9265405554
2280,2293,RegionA,AITraining,0.0000000000,0.0000000000
2280,2293,RegionB,RealTimeInference,37.7666666667,14.9957523811
2280,2293,RegionB,BatchInference,110.0000000000,19.6746134771
2280,2293,RegionB,AITraining,0.0000000000,0.0000000000
2280,2293,RegionC,RealTimeInference,0.0000000000,12.9592283023
2280,2293,RegionC,BatchInference,0.0000000000,12.9048113542
2280,2293,RegionC,AITraining,0.0000000000,0.0000000000
2280,2293,RegionD,RealTimeInference,0.0000000000,0.0000000000
2280,2293,RegionD,BatchInference,314.0166666667,18.8739034005
2280,2293,RegionD,AITraining,640.8333333333,213.1177722454
2280,2293,RegionE,RealTimeInference,0.0000000000,0.0000000000
2280,2293,RegionE,BatchInference,0.0000000000,11.1355499803
2280,2293,RegionE,AITraining,0.0000000000,125.8135576689
2280,2293,RegionF,RealTimeInference,0.0000000000,0.0000000000
2280,2293,RegionF,BatchInference,83.2833333333,9.0913218628
2280,2293,RegionF,AITraining,306.9000000000,102.8802611571
2280,2294,RegionA,RealTimeInference,9.2000000000,19.5254740202
2280,2294,RegionA,BatchInference,8.8000000000,21.6694168484
2280,2294,RegionA,AITraining,318.1666666667,0.0000000000
2280,2294,RegionB,RealTimeInference,101.8166666667,14.8011201195
2280,2294,RegionB,BatchInference,145.0000000000,19.5515756340
2280,2294,RegionB,AITraining,0.0000000000,0.0000000000
2280,2294,RegionC,RealTimeInference,0.0000000000,12.3547237875
2280,2294,RegionC,BatchInference,146.6666666667,12.3943074095
2280,2294,RegionC,AITraining,0.0000000000,0.0000000000
2280,2294,RegionD,RealTimeInference,18.1000000000,0.0000000000
2280,2294,RegionD,BatchInference,59.2000000000,18.3871171407
2280,2294,RegionD,AITraining,470.3333333333,258.9258744011
2280,2294,RegionE,RealTimeInference,45.9666666667,0.0000000000
2280,2294,RegionE,BatchInference,49.7000000000,9.2193719932
2280,2294,RegionE,AITraining,1918.6166666667,160.4013014872
2280,2294,RegionF,RealTimeInference,0.0000000000,0.0000000000
2280,2294,RegionF,BatchInference,75.3666666667,8.5308161861
2280,2294,RegionF,AITraining,23.7666666667,119.4253174394
2280,2295,RegionA,RealTimeInference,1.4833333333,19.4746593395
2280,2295,RegionA,BatchInference,149.8833333333,20.2370801960
2280,2295,RegionA,AITraining,433.1000000000,0.0000000000
2280,2295,RegionB,RealTimeInference,89.6000000000,14.5333898817
2280,2295,RegionB,BatchInference,113.6000000000,19.4623026732
2280,2295,RegionB,AITraining,0.0000000000,0.0000000000
2280,2295,RegionC,RealTimeInference,0.0000000000,12.8834588162
2280,2295,RegionC,BatchInference,14.2333333333,12.5068715853
2280,2295,RegionC,AITraining,0.0000000000,0.0000000000
2280,2295,RegionD,RealTimeInference,0.0000000000,0.0000000000
2280,2295,RegionD,BatchInference,52.9000000000,18.6640519345
2280,2295,RegionD,AITraining,1132.4500000000,241.7881680434
2280,2295,RegionE,RealTimeInference,0.0000000000,0.0000000000
2280,2295,RegionE,BatchInference,187.0666666667,9.9137278121
2280,2295,RegionE,AITraining,983.4333333333,103.3549548449
2280,2295,RegionF,RealTimeInference,0.0000000000,0.0000000000
2280,2295,RegionF,BatchInference,0.0000000000,8.2759372746
2280,2295,RegionF,AITraining,0.0000000000,129.7869007370
2280,2296,RegionA,RealTimeInference,0.0000000000,19.7544536956
2280,2296,RegionA,BatchInference,0.0000000000,17.8292188330
2280,2296,RegionA,AITraining,0.0000000000,0.0000000000
2280,2296,RegionB,RealTimeInference,11.7500000000,15.7026384571
2280,2296,RegionB,BatchInference,60.6333333333,19.6621164973
2280,2296,RegionB,AITraining,0.0000000000,0.0000000000
2280,2296,RegionC,RealTimeInference,2.0666666667,13.0815714868
2280,2296,RegionC,BatchInference,0.0000000000,13.0010437649
2280,2296,RegionC,AITraining,0.0000000000,0.0000000000
2280,2296,RegionD,RealTimeInference,0.0000000000,0.0000000000
2280,2296,RegionD,BatchInference,91.3833333333,17.9775070625
2280,2296,RegionD,AITraining,847.4333333333,236.5407112917
2280,2296,RegionE,RealTimeInference,0.0000000000,0.0000000000
2280,2296,RegionE,BatchInference,111.2666666667,8.6214767746
2280,2296,RegionE,AITraining,0.0000000000,118.5503098803
2280,2296,RegionF,RealTimeInference,0.0000000000,0.0000000000
2280,2296,RegionF,BatchInference,31.2666666667,8.1654730831
2280,2296,RegionF,AITraining,379.6500000000,97.7892411999
2280,2297,RegionA,RealTimeInference,86.9500000000,19.1120121979
2280,2297,RegionA,BatchInference,34.1666666667,22.0846634949
2280,2297,RegionA,AITraining,0.0000000000,0.0000000000
2280,2297,RegionB,RealTimeInference,24.8333333333,14.8851900646
2280,2297,RegionB,BatchInference,21.9333333333,18.9467487709
2280,2297,RegionB,AITraining,0.0000000000,0.0000000000
2280,2297,RegionC,RealTimeInference,27.0000000000,13.3515996385
2280,2297,RegionC,BatchInference,0.0000000000,13.3946771349
2280,2297,RegionC,AITraining,227.3333333333,0.0000000000
2280,2297,RegionD,RealTimeInference,0.0000000000,0.0000000000
2280,2297,RegionD,BatchInference,62.3166666667,18.4952066257
2280,2297,RegionD,AITraining,1175.5000000000,224.6017116366
2280,2297,RegionE,RealTimeInference,11.2666666667,0.0000000000
2280,2297,RegionE,BatchInference,0.0000000000,10.1595576125
2280,2297,RegionE,AITraining,246.2000000000,111.6859976112
2280,2297,RegionF,RealTimeInference,0.0000000000,0.0000000000
2280,2297,RegionF,BatchInference,29.5166666667,8.5098695355
2280,2297,RegionF,AITraining,1286.1833333333,102.5169353824
2280,2298,RegionA,RealTimeInference,7.2666666667,18.9895848072
2280,2298,RegionA,BatchInference,0.0000000000,20.4627500240
2280,2298,RegionA,AITraining,0.0000000000,0.0000000000
2280,2298,RegionB,RealTimeInference,96.6500000000,15.2695654923
2280,2298,RegionB,BatchInference,10.0000000000,21.3855044663
2280,2298,RegionB,AITraining,0.0000000000,0.0000000000
2280,2298,RegionC,RealTimeInference,22.8666666667,12.3424831742
2280,2298,RegionC,BatchInference,49.3000000000,13.3983210600
2280,2298,RegionC,AITraining,0.0000000000,0.0000000000
2280,2298,RegionD,RealTimeInference,0.0000000000,0.0000000000
2280,2298,RegionD,BatchInference,6.3000000000,18.2136002468
2280,2298,RegionD,AITraining,163.3333333333,250.3070161689
2280,2298,RegionE,RealTimeInference,0.0000000000,0.0000000000
2280,2298,RegionE,BatchInference,0.0000000000,9.8478377644
2280,2298,RegionE,AITraining,198.0000000000,92.7318536018
2280,2298,RegionF,RealTimeInference,0.0000000000,0.0000000000
2280,2298,RegionF,BatchInference,35.9666666667,8.5640876738
2280,2298,RegionF,AITraining,0.0000000000,104.7689798279
2280,2299,RegionA,RealTimeInference,71.9333333333,20.1697925712
2280,2299,RegionA,BatchInference,173.4666666667,20.1265093755
2280,2299,RegionA,AITraining,388.5166666667,0.0000000000
2280,2299,RegionB,RealTimeInference,6.6000000000,14.8091198730
2280,2299,RegionB,BatchInference,0.0000000000,19.7145741462
2280,2299,RegionB,AITraining,0.0000000000,0.0000000000
2280,2299,RegionC,RealTimeInference,0.0000000000,12.7682437171
2280,2299,RegionC,BatchInference,28.5000000000,13.2273261954
2280,2299,RegionC,AITraining,0.0000000000,0.0000000000
2280,2299,RegionD,RealTimeInference,0.0000000000,0.0000000000
2280,2299,RegionD,BatchInference,10.8333333333,18.1350398768
2280,2299,RegionD,AITraining,796.7333333333,281.5081581016
2280,2299,RegionE,RealTimeInference,0.0000000000,0.0000000000
2280,2299,RegionE,BatchInference,113.3000000000,10.5750712102
2280,2299,RegionE,AITraining,1005.0500000000,113.6833598605
2280,2299,RegionF,RealTimeInference,0.0000000000,0.0000000000
2280,2299,RegionF,BatchInference,50.8333333333,8.5790859280
2280,2299,RegionF,AITraining,0.0000000000,109.9241324242
2280,2300,RegionA,RealTimeInference,22.6166666667,19.3568558285
2280,2300,RegionA,BatchInference,172.6666666667,21.7297460080
2280,2300,RegionA,AITraining,0.0000000000,0.0000000000
2280,2300,RegionB,RealTimeInference,0.0000000000,14.9594891882
2280,2300,RegionB,BatchInference,91.6666666667,19.0095927283
2280,2300,RegionB,AITraining,0.0000000000,0.0000000000
2280,2300,RegionC,RealTimeInference,20.5666666667,13.0356098778
2280,2300,RegionC,BatchInference,162.8333333333,12.3573300480
2280,2300,RegionC,AITraining,441.6500000000,0.0000000000
2280,2300,RegionD,RealTimeInference,0.0000000000,0.0000000000
2280,2300,RegionD,BatchInference,28.9333333333,19.0095927283
2280,2300,RegionD,AITraining,0.0000000000,276.1587895104
2280,2300,RegionE,RealTimeInference,0.0000000000,0.0000000000
2280,2300,RegionE,BatchInference,0.0000000000,10.4344654197
2280,2300,RegionE,AITraining,0.0000000000,104.5677939239
2280,2300,RegionF,RealTimeInference,2.0333333333,0.0000000000
2280,2300,RegionF,BatchInference,78.9333333333,8.4766926754
2280,2300,RegionF,AITraining,1708.9500000000,123.0977996059
2280,2301,RegionA,RealTimeInference,66.1833333333,19.1099437452
2280,2301,RegionA,BatchInference,179.9166666667,26.3842632265
2280,2301,RegionA,AITraining,0.0000000000,0.0000000000
2280,2301,RegionB,RealTimeInference,27.0000000000,14.9313844291
2280,2301,RegionB,BatchInference,58.9333333333,18.8483568079
2280,2301,RegionB,AITraining,128.8000000000,0.0000000000
2280,2301,RegionC,RealTimeInference,24.5500000000,12.3348139521
2280,2301,RegionC,BatchInference,0.0000000000,12.3099279704
2280,2301,RegionC,AITraining,0.0000000000,0.0000000000
2280,2301,RegionD,RealTimeInference,0.0000000000,0.0000000000
2280,2301,RegionD,BatchInference,33.2500000000,18.8483568079
2280,2301,RegionD,AITraining,494.4666666667,225.6895340209
2280,2301,RegionE,RealTimeInference,0.0000000000,0.0000000000
2280,2301,RegionE,BatchInference,0.0000000000,10.2780358236
2280,2301,RegionE,AITraining,214.2000000000,116.2160222170
2280,2301,RegionF,RealTimeInference,0.5000000000,0.0000000000
2280,2301,RegionF,BatchInference,29.8666666667,7.8478722395
2280,2301,RegionF,AITraining,797.2500000000,129.6111738514
2280,2302,RegionA,RealTimeInference,108.0833333333,19.8004924441
2280,2302,RegionA,BatchInference,0.0000000000,30.8438240095
2280,2302,RegionA,AITraining,0.0000000000,0.0000000000
2280,2302,RegionB,RealTimeInference,27.3000000000,14.4636263351
2280,2302,RegionB,BatchInference,29.5000000000,19.0188095567
2280,2302,RegionB,AITraining,0.0000000000,0.0000000000
2280,2302,RegionC,RealTimeInference,14.6666666667,12.1451404133
2280,2302,RegionC,BatchInference,26.0500000000,10.5152917777
2280,2302,RegionC,AITraining,678.5500000000,0.0000000000
2280,2302,RegionD,RealTimeInference,0.0000000000,0.0000000000
2280,2302,RegionD,BatchInference,88.2666666667,18.5402794653
2280,2302,RegionD,AITraining,0.0000000000,247.7306333078
2280,2302,RegionE,RealTimeInference,0.0000000000,0.0000000000
2280,2302,RegionE,BatchInference,0.0000000000,9.4317473127
2280,2302,RegionE,AITraining,166.8000000000,107.8164651727
2280,2302,RegionF,RealTimeInference,25.8666666667,0.0000000000
2280,2302,RegionF,BatchInference,38.3166666667,8.0025904587
2280,2302,RegionF,AITraining,61.6000000000,105.8027742945
2280,2303,RegionA,RealTimeInference,4.1000000000,18.8025789267
2280,2303,RegionA,BatchInference,0.0000000000,24.8190830032
2280,2303,RegionA,AITraining,0.0000000000,0.0000000000
2280,2303,RegionB,RealTimeInference,0.0000000000,15.1130196250
2280,2303,RegionB,BatchInference,3.4833333333,18.4313350334
2280,2303,RegionB,AITraining,198.6666666667,0.0000000000
2280,2303,RegionC,RealTimeInference,78.9833333333,12.3493236559
2280,2303,RegionC,BatchInference,0.0000000000,12.4340948082
2280,2303,RegionC,AITraining,0.0000000000,0.0000000000
2280,2303,RegionD,RealTimeInference,0.0000000000,0.0000000000
2280,2303,RegionD,BatchInference,0.0000000000,17.3800395220
2280,2303,RegionD,AITraining,601.4333333333,207.2338155982
2280,2303,RegionE,RealTimeInference,3.2000000000,0.0000000000
2280,2303,RegionE,BatchInference,0.0000000000,9.2693291315
2280,2303,RegionE,AITraining,65.9833333333,121.5797953773
2280,2303,RegionF,RealTimeInference,0.0000000000,0.0000000000
2280,2303,RegionF,BatchInference,128.3666666667,8.2722273767
2280,2303,RegionF,AITraining,0.0000000000,122.8546295460
2304,2304,RegionA,RealTimeInference,40.2000000000,19.7403321528
2304,2304,RegionA,BatchInference,0.0000000000,18.5605394823
2304,2304,RegionA,AITraining,0.0000000000,0.0000000000
2304,2304,RegionB,RealTimeInference,55.3833333333,15.3018261425
2304,2304,RegionB,BatchInference,9.0000000000,18.9435669745
2304,2304,RegionB,AITraining,0.0000000000,0.0000000000
2304,2304,RegionC,RealTimeInference,34.4000000000,11.9058453597
2304,2304,RegionC,BatchInference,66.6000000000,12.5232482126
2304,2304,RegionC,AITraining,355.8333333333,0.0000000000
2304,2304,RegionD,RealTimeInference,0.0000000000,0.0000000000
2304,2304,RegionD,BatchInference,74.0000000000,18.3113605557
2304,2304,RegionD,AITraining,414.3666666667,168.2120643312
2304,2304,RegionE,RealTimeInference,0.0000000000,0.0000000000
2304,2304,RegionE,BatchInference,0.0000000000,9.6866559876
2304,2304,RegionE,AITraining,0.0000000000,132.5129287543
2304,2304,RegionF,RealTimeInference,0.0000000000,0.0000000000
2304,2304,RegionF,BatchInference,0.0000000000,8.4994363035
2304,2304,RegionF,AITraining,0.0000000000,133.1349307402
2304,2305,RegionA,RealTimeInference,27.0666666667,19.0353332924
2304,2305,RegionA,BatchInference,48.5333333333,19.9291435507
2304,2305,RegionA,AITraining,0.0000000000,0.0000000000
2304,2305,RegionB,RealTimeInference,128.0833333333,14.8249124369
2304,2305,RegionB,BatchInference,72.2500000000,17.7348826735
2304,2305,RegionB,AITraining,139.3833333333,0.0000000000
2304,2305,RegionC,RealTimeInference,49.8000000000,12.5283528814
2304,2305,RegionC,BatchInference,0.0000000000,12.2828663159
2304,2305,RegionC,AITraining,0.0000000000,0.0000000000
2304,2305,RegionD,RealTimeInference,0.0000000000,0.0000000000
2304,2305,RegionD,BatchInference,116.5333333333,18.9116267707
2304,2305,RegionD,AITraining,335.9500000000,217.9422226854
2304,2305,RegionE,RealTimeInference,0.0000000000,0.0000000000
2304,2305,RegionE,BatchInference,0.0000000000,10.1831952625
2304,2305,RegionE,AITraining,716.6833333333,98.3736378572
2304,2305,RegionF,RealTimeInference,0.0000000000,0.0000000000
2304,2305,RegionF,BatchInference,84.0000000000,8.4509408769
2304,2305,RegionF,AITraining,0.0000000000,124.5764382460
2304,2306,RegionA,RealTimeInference,53.3666666667,19.2537165968
2304,2306,RegionA,BatchInference,37.2000000000,19.4825519240
2304,2306,RegionA,AITraining,149.6000000000,0.0000000000
2304,2306,RegionB,RealTimeInference,16.3333333333,14.9213142323
2304,2306,RegionB,BatchInference,73.3833333333,18.9702766525
2304,2306,RegionB,AITraining,0.0000000000,0.0000000000
2304,2306,RegionC,RealTimeInference,0.0000000000,12.4974699893
2304,2306,RegionC,BatchInference,33.9500000000,12.1692322583
2304,2306,RegionC,AITraining,0.0000000000,0.0000000000
2304,2306,RegionD,RealTimeInference,0.0000000000,0.0000000000
2304,2306,RegionD,BatchInference,214.7666666667,18.6231755487
2304,2306,RegionD,AITraining,1233.5666666667,233.3502046414
2304,2306,RegionE,RealTimeInference,1.3666666667,0.0000000000
2304,2306,RegionE,BatchInference,49.9000000000,9.6105044617
2304,2306,RegionE,AITraining,975.6166666667,133.5976470861
2304,2306,RegionF,RealTimeInference,0.0000000000,0.0000000000
2304,2306,RegionF,BatchInference,239.1333333333,9.0620599293
2304,2306,RegionF,AITraining,0.0000000000,130.7877682847
2304,2307,RegionA,RealTimeInference,6.2000000000,18.9234720064
2304,2307,RegionA,BatchInference,44.8000000000,18.8739006310
2304,2307,RegionA,AITraining,48.1000000000,0.0000000000
2304,2307,RegionB,RealTimeInference,32.6666666667,15.5331166352
2304,2307,RegionB,BatchInference,49.9666666667,18.3578480556
2304,2307,RegionB,AITraining,0.0000000000,0.0000000000
2304,2307,RegionC,RealTimeInference,39.9000000000,12.6991070775
2304,2307,RegionC,BatchInference,133.0000000000,12.9745849286
2304,2307,RegionC,AITraining,0.0000000000,0.0000000000
2304,2307,RegionD,RealTimeInference,0.0000000000,0.0000000000
2304,2307,RegionD,BatchInference,247.0833333333,18.9074668400
2304,2307,RegionD,AITraining,651.7500000000,205.7105430559
2304,2307,RegionE,RealTimeInference,0.0000000000,0.0000000000
2304,2307,RegionE,BatchInference,0.0000000000,9.9836011567
2304,2307,RegionE,AITraining,226.8500000000,119.8600164161
2304,2307,RegionF,RealTimeInference,0.0000000000,0.0000000000
2304,2307,RegionF,BatchInference,0.0000000000,8.4944800290
2304,2307,RegionF,AITraining,504.6500000000,121.8174818899
2304,2308,RegionA,RealTimeInference,0.0000000000,19.1992844429
2304,2308,RegionA,BatchInference,0.0000000000,18.9813970987
2304,2308,RegionA,AITraining,0.0000000000,0.0000000000
2304,2308,RegionB,RealTimeInference,44.5333333333,14.9643311929
2304,2308,RegionB,BatchInference,46.0833333333,19.4473464364
2304,2308,RegionB,AITraining,0.0000000000,0.0000000000
2304,2308,RegionC,RealTimeInference,40.3166666667,12.5629720930
2304,2308,RegionC,BatchInference,140.3000000000,12.9440930786
2304,2308,RegionC,AITraining,0.0000000000,0.0000000000
2304,2308,RegionD,RealTimeInference,0.0000000000,0.0000000000
2304,2308,RegionD,BatchInference,64.7333333333,18.5123912123
2304,2308,RegionD,AITraining,1913.6666666667,238.5537293653
2304,2308,RegionE,RealTimeInference,0.0000000000,0.0000000000
2304,2308,RegionE,BatchInference,112.6500000000,9.8906558641
2304,2308,RegionE,AITraining,845.2166666667,138.6969261085
2304,2308,RegionF,RealTimeInference,0.0000000000,0.0000000000
2304,2308,RegionF,BatchInference,0.0000000000,8.8718511826
2304,2308,RegionF,AITraining,535.6500000000,130.2802709145
2304,2309,RegionA,RealTimeInference,18.6166666667,19.4023683627
2304,2309,RegionA,BatchInference,117.4333333333,18.8090768706
2304,2309,RegionA,AITraining,0.0000000000,0.0000000000
2304,2309,RegionB,RealTimeInference,8.8000000000,15.6767011816
2304,2309,RegionB,BatchInference,166.2333333333,20.0857899163
2304,2309,RegionB,AITraining,0.0000000000,0.0000000000
2304,2309,RegionC,RealTimeInference,20.2000000000,12.3741816233
2304,2309,RegionC,BatchInference,0.0000000000,11.5047486864
2304,2309,RegionC,AITraining,0.0000000000,0.0000000000
2304,2309,RegionD,RealTimeInference,0.0000000000,0.0000000000
2304,2309,RegionD,BatchInference,82.2000000000,20.3473814511
2304,2309,RegionD,AITraining,107.4000000000,174.8431958162
2304,2309,RegionE,RealTimeInference,17.0000000000,0.0000000000
2304,2309,RegionE,BatchInference,57.8500000000,9.2657084836
2304,2309,RegionE,AITraining,0.0000000000,128.4135191741
2304,2309,RegionF,RealTimeInference,0.0000000000,0.0000000000
2304,2309,RegionF,BatchInference,169.3666666667,9.2278353806
2304,2309,RegionF,AITraining,1915.2166666667,115.8373948379
2304,2310,RegionA,RealTimeInference,31.7166666667,18.4261845955
2304,2310,RegionA,BatchInference,0.0000000000,18.5228210182
2304,2310,RegionA,AITraining,89.6000000000,0.0000000000
2304,2310,RegionB,RealTimeInference,52.4000000000,13.1555034133
2304,2310,RegionB,BatchInference,0.0000000000,17.4701830111
2304,2310,RegionB,AITraining,0.0000000000,0.0000000000
2304,2310,RegionC,RealTimeInference,0.0000000000,12.3708989811
2304,2310,RegionC,BatchInference,5.4000000000,11.4347890763
2304,2310,RegionC,AITraining,184.0833333333,0.0000000000
2304,2310,RegionD,RealTimeInference,0.0000000000,0.0000000000
2304,2310,RegionD,BatchInference,0.0000000000,17.9256846158
2304,2310,RegionD,AITraining,0.0000000000,226.6713654626
2304,2310,RegionE,RealTimeInference,0.0000000000,0.0000000000
2304,2310,RegionE,BatchInference,40.9833333333,9.1819960256
2304,2310,RegionE,AITraining,47.1333333333,125.9767536318
2304,2310,RegionF,RealTimeInference,0.0000000000,0.0000000000
2304,2310,RegionF,BatchInference,90.5666666667,9.0448621453
2304,2310,RegionF,AITraining,581.3333333333,118.5620559704
2304,2311,RegionA,RealTimeInference,0.0000000000,18.8406384709
2304,2311,RegionA,BatchInference,54.8333333333,20.2605604245
2304,2311,RegionA,AITraining,0.0000000000,0.0000000000
2304,2311,RegionB,RealTimeInference,17.6500000000,15.1354231335
2304,2311,RegionB,BatchInference,77.7000000000,19.8570527655
2304,2311,RegionB,AITraining,0.0000000000,0.0000000000
2304,2311,RegionC,RealTimeInference,11.2000000000,12.3492902715
2304,2311,RegionC,BatchInference,0.0000000000,12.2084236142
2304,2311,RegionC,AITraining,0.0000000000,0.0000000000
2304,2311,RegionD,RealTimeInference,0.0000000000,0.0000000000
2304,2311,RegionD,BatchInference,63.9333333333,19.4944514645
2304,2311,RegionD,AITraining,80.1000000000,191.3808269712
2304,2311,RegionE,RealTimeInference,0.0000000000,0.0000000000
2304,2311,RegionE,BatchInference,0.0000000000,9.2077099960
2304,2311,RegionE,AITraining,400.8500000000,132.4654820804
2304,2311,RegionF,RealTimeInference,31.1333333333,0.0000000000
2304,2311,RegionF,BatchInference,0.0000000000,8.3004044554
2304,2311,RegionF,AITraining,442.0666666667,131.1988436465
2304,2312,RegionA,RealTimeInference,86.6500000000,19.0294953624
2304,2312,RegionA,BatchInference,72.9666666667,18.4720704370
2304,2312,RegionA,AITraining,140.8333333333,0.0000000000
2304,2312,RegionB,RealTimeInference,35.2500000000,14.9309634716
2304,2312,RegionB,BatchInference,50.4666666667,18.3028472386
2304,2312,RegionB,AITraining,241.0666666667,0.0000000000
2304,2312,RegionC,RealTimeInference,22.2666666667,12.4245213992
2304,2312,RegionC,BatchInference,116.6000000000,12.3338152796
2304,2312,RegionC,AITraining,0.0000000000,0.0000000000
2304,2312,RegionD,RealTimeInference,0.0000000000,0.0000000000
2304,2312,RegionD,BatchInference,46.9166666667,19.6845591875
2304,2312,RegionD,AITraining,570.9666666667,240.1441903380
2304,2312,RegionE,RealTimeInference,0.0000000000,0.0000000000
2304,2312,RegionE,BatchInference,0.0000000000,9.1911875924
2304,2312,RegionE,AITraining,0.0000000000,129.0894378333
2304,2312,RegionF,RealTimeInference,0.0000000000,0.0000000000
2304,2312,RegionF,BatchInference,0.0000000000,9.8195431653
2304,2312,RegionF,AITraining,1202.4666666667,118.2532752811
2304,2313,RegionA,RealTimeInference,73.6166666667,18.8932968321
2304,2313,RegionA,BatchInference,0.0000000000,19.1963188716
2304,2313,RegionA,AITraining,0.0000000000,0.0000000000
2304,2313,RegionB,RealTimeInference,28.7500000000,14.4436674147
2304,2313,RegionB,BatchInference,0.0000000000,18.9172331026
2304,2313,RegionB,AITraining,0.0000000000,0.0000000000
2304,2313,RegionC,RealTimeInference,18.3500000000,12.7825612327
2304,2313,RegionC,BatchInference,73.7500000000,12.0024211773
2304,2313,RegionC,AITraining,0.0000000000,0.0000000000
2304,2313,RegionD,RealTimeInference,17.9000000000,0.0000000000
2304,2313,RegionD,BatchInference,0.0000000000,18.4431401469
2304,2313,RegionD,AITraining,171.7000000000,209.2488904472
2304,2313,RegionE,RealTimeInference,0.0000000000,0.0000000000
2304,2313,RegionE,BatchInference,152.5333333333,9.7363490114
2304,2313,RegionE,AITraining,0.0000000000,120.8165793853
2304,2313,RegionF,RealTimeInference,0.0000000000,0.0000000000
2304,2313,RegionF,BatchInference,0.0000000000,8.5966868116
2304,2313,RegionF,AITraining,573.1000000000,114.4191858796
2304,2314,RegionA,RealTimeInference,13.5833333333,19.0112093267
2304,2314,RegionA,BatchInference,0.0000000000,19.2669523230
2304,2314,RegionA,AITraining,0.0000000000,0.0000000000
2304,2314,RegionB,RealTimeInference,13.6166666667,14.9811254776
2304,2314,RegionB,BatchInference,123.1666666667,19.0557951915
2304,2314,RegionB,AITraining,85.2833333333,0.0000000000
2304,2314,RegionC,RealTimeInference,18.0500000000,11.9177165421
2304,2314,RegionC,BatchInference,0.0000000000,13.0217377139
2304,2314,RegionC,AITraining,0.0000000000,0.0000000000
2304,2314,RegionD,RealTimeInference,0.0000000000,0.0000000000
2304,2314,RegionD,BatchInference,0.0000000000,18.2824145986
2304,2314,RegionD,AITraining,2211.7166666667,215.0765937372
2304,2314,RegionE,RealTimeInference,0.0000000000,0.0000000000
2304,2314,RegionE,BatchInference,79.9000000000,11.2916679805
2304,2314,RegionE,AITraining,239.8000000000,135.7254658716
2304,2314,RegionF,RealTimeInference,0.0000000000,0.0000000000
2304,2314,RegionF,BatchInference,4.5500000000,9.7413895989
2304,2314,RegionF,AITraining,1444.8666666667,102.5007845278
2304,2315,RegionA,RealTimeInference,23.4833333333,18.6381149120
2304,2315,RegionA,BatchInference,0.0000000000,20.2262633028
2304,2315,RegionA,AITraining,0.0000000000,0.0000000000
2304,2315,RegionB,RealTimeInference,40.5666666667,15.3238386747
2304,2315,RegionB,BatchInference,145.5000000000,19.5258653869
2304,2315,RegionB,AITraining,0.0000000000,0.0000000000
2304,2315,RegionC,RealTimeInference,0.0000000000,12.2914249308
2304,2315,RegionC,BatchInference,35.9000000000,12.5871011649
2304,2315,RegionC,AITraining,0.0000000000,0.0000000000
2304,2315,RegionD,RealTimeInference,0.0000000000,0.0000000000
2304,2315,RegionD,BatchInference,119.5166666667,19.1314427375
2304,2315,RegionD,AITraining,852.9166666667,230.5990859256
2304,2315,RegionE,RealTimeInference,0.0000000000,0.0000000000
2304,2315,RegionE,BatchInference,32.2666666667,11.6332486121
2304,2315,RegionE,AITraining,324.8166666667,151.0976450293
2304,2315,RegionF,RealTimeInference,0.0000000000,0.0000000000
2304,2315,RegionF,BatchInference,126.0666666667,10.4421909706
2304,2315,RegionF,AITraining,691.5500000000,129.1461925765
2304,2316,RegionA,RealTimeInference,2.2000000000,20.4261490610
2304,2316,RegionA,BatchInference,36.4000000000,18.8062175225
2304,2316,RegionA,AITraining,0.0000000000,0.0000000000
2304,2316,RegionB,RealTimeInference,36.8666666667,13.8571325878
2304,2316,RegionB,BatchInference,17.8500000000,18.4010648081
2304,2316,RegionB,AITraining,0.0000000000,0.0000000000
2304,2316,RegionC,RealTimeInference,9.9000000000,11.9390212196
2304,2316,RegionC,BatchInference,176.5666666667,12.5845502131
2304,2316,RegionC,AITraining,0.0000000000,0.0000000000
2304,2316,RegionD,RealTimeInference,26.7500000000,0.0000000000
2304,2316,RegionD,BatchInference,0.0000000000,18.0078151212
2304,2316,RegionD,AITraining,85.6833333333,224.6865382387
2304,2316,RegionE,RealTimeInference,0.0000000000,0.0000000000
2304,2316,RegionE,BatchInference,162.7333333333,11.0595194292
2304,2316,RegionE,AITraining,247.5500000000,124.4004342906
2304,2316,RegionF,RealTimeInference,21.9333333333,0.0000000000
2304,2316,RegionF,BatchInference,76.7666666667,9.4259780881
2304,2316,RegionF,AITraining,150.0000000000,132.4055705685
2304,2317,RegionA,RealTimeInference,77.1666666667,19.1028179901
2304,2317,RegionA,BatchInference,0.0000000000,20.0689370090
2304,2317,RegionA,AITraining,0.0000000000,0.0000000000
2304,2317,RegionB,RealTimeInference,14.5500000000,14.8338419402
2304,2317,RegionB,BatchInference,2.6666666667,17.6015714898
2304,2317,RegionB,AITraining,1009.3666666667,0.0000000000
2304,2317,RegionC,RealTimeInference,78.8000000000,12.7826487830
2304,2317,RegionC,BatchInference,67.8333333333,12.1920049072
2304,2317,RegionC,AITraining,0.0000000000,0.0000000000
2304,2317,RegionD,RealTimeInference,0.0000000000,0.0000000000
2304,2317,RegionD,BatchInference,73.5000000000,20.0957261858
2304,2317,RegionD,AITraining,763.1000000000,187.5828881777
2304,2317,RegionE,RealTimeInference,0.0000000000,0.0000000000
2304,2317,RegionE,BatchInference,0.0000000000,10.6309901952
2304,2317,RegionE,AITraining,0.0000000000,167.1433008124
2304,2317,RegionF,RealTimeInference,0.0000000000,0.0000000000
2304,2317,RegionF,BatchInference,11.5500000000,9.5326062806
2304,2317,RegionF,AITraining,1369.6333333333,130.4551995225
2304,2318,RegionA,RealTimeInference,32.0833333333,18.7596842650
2304,2318,RegionA,BatchInference,0.0000000000,20.2946431961
2304,2318,RegionA,AITraining,112.0000000000,0.0000000000
2304,2318,RegionB,RealTimeInference,33.0000000000,14.9976137259
2304,2318,RegionB,BatchInference,0.0000000000,18.4258564146
2304,2318,RegionB,AITraining,470.0000000000,0.0000000000
2304,2318,RegionC,RealTimeInference,4.5333333333,12.6478122198
2304,2318,RegionC,BatchInference,88.0000000000,12.2454828972
2304,2318,RegionC,AITraining,0.0000000000,0.0000000000
2304,2318,RegionD,RealTimeInference,0.0000000000,0.0000000000
2304,2318,RegionD,BatchInference,70.9000000000,20.3448803903
2304,2318,RegionD,AITraining,0.0000000000,210.5585436413
2304,2318,RegionE,RealTimeInference,20.8833333333,0.0000000000
2304,2318,RegionE,BatchInference,23.8000000000,10.2689185922
2304,2318,RegionE,AITraining,684.9166666667,102.1687795227
2304,2318,RegionF,RealTimeInference,0.0000000000,0.0000000000
2304,2318,RegionF,BatchInference,188.9333333333,8.2070880056
2304,2318,RegionF,AITraining,146.4666666667,101.1801082022
2304,2319,RegionA,RealTimeInference,20.6666666667,18.8780943855
2304,2319,RegionA,BatchInference,3.0000000000,18.9652123792
2304,2319,RegionA,AITraining,53.7500000000,0.0000000000
2304,2319,RegionB,RealTimeInference,54.8833333333,14.7471107570
2304,2319,RegionB,BatchInference,0.0000000000,18.7746740832
2304,2319,RegionB,AITraining,0.0000000000,0.0000000000
2304,2319,RegionC,RealTimeInference,26.2000000000,12.9230053478
2304,2319,RegionC,BatchInference,119.1000000000,12.1420034375
2304,2319,RegionC,AITraining,0.0000000000,0.0000000000
2304,2319,RegionD,RealTimeInference,0.0000000000,0.0000000000
2304,2319,RegionD,BatchInference,0.0000000000,18.6022130546
2304,2319,RegionD,AITraining,942.3666666667,206.9700609379
2304,2319,RegionE,RealTimeInference,0.0000000000,0.0000000000
2304,2319,RegionE,BatchInference,49.7500000000,9.7542474476
2304,2319,RegionE,AITraining,392.7333333333,126.6639829113
2304,2319,RegionF,RealTimeInference,0.0000000000,0.0000000000
2304,2319,RegionF,BatchInference,13.6000000000,8.5505231643
2304,2319,RegionF,AITraining,1118.8500000000,111.8971382897
2304,2320,RegionA,RealTimeInference,8.5000000000,20.2681069648
2304,2320,RegionA,BatchInference,110.4000000000,20.3105648802
2304,2320,RegionA,AITraining,296.1000000000,0.0000000000
2304,2320,RegionB,RealTimeInference,29.1000000000,14.8413798994
2304,2320,RegionB,BatchInference,0.0000000000,19.5292689324
2304,2320,RegionB,AITraining,0.0000000000,0.0000000000
2304,2320,RegionC,RealTimeInference,0.0000000000,11.9049511836
2304,2320,RegionC,BatchInference,54.1500000000,12.7989980379
2304,2320,RegionC,AITraining,0.0000000000,0.0000000000
2304,2320,RegionD,RealTimeInference,0.0000000000,0.0000000000
2304,2320,RegionD,BatchInference,0.0000000000,17.0098580520
2304,2320,RegionD,AITraining,1158.4833333333,167.7956232506
2304,2320,RegionE,RealTimeInference,0.0000000000,0.0000000000
2304,2320,RegionE,BatchInference,0.0000000000,9.0368725084
2304,2320,RegionE,AITraining,538.8500000000,120.9377106061
2304,2320,RegionF,RealTimeInference,0.0000000000,0.0000000000
2304,2320,RegionF,BatchInference,0.0000000000,8.4423408169
2304,2320,RegionF,AITraining,88.1166666667,110.7463937927
2304,2321,RegionA,RealTimeInference,40.7666666667,18.9375189755
2304,2321,RegionA,BatchInference,94.5000000000,19.5103377370
2304,2321,RegionA,AITraining,0.0000000000,0.0000000000
2304,2321,RegionB,RealTimeInference,15.5666666667,14.4974844012
2304,2321,RegionB,BatchInference,0.0000000000,18.8836987215
2304,2321,RegionB,AITraining,178.2000000000,0.0000000000
2304,2321,RegionC,RealTimeInference,17.4500000000,12.5868432175
2304,2321,RegionC,BatchInference,0.0000000000,11.9359572183
2304,2321,RegionC,AITraining,0.0000000000,0.0000000000
2304,2321,RegionD,RealTimeInference,0.0000000000,0.0000000000
2304,2321,RegionD,BatchInference,0.0000000000,18.1743353897
2304,2321,RegionD,AITraining,412.2333333333,202.2775289309
2304,2321,RegionE,RealTimeInference,0.0000000000,0.0000000000
2304,2321,RegionE,BatchInference,0.0000000000,9.3666467853
2304,2321,RegionE,AITraining,344.1333333333,103.2932054823
2304,2321,RegionF,RealTimeInference,0.0000000000,0.0000000000
2304,2321,RegionF,BatchInference,34.5500000000,8.7716826553
2304,2321,RegionF,AITraining,711.0666666667,95.8483058117
2304,2322,RegionA,RealTimeInference,14.5000000000,19.0525988974
2304,2322,RegionA,BatchInference,0.0000000000,20.2812911364
2304,2322,RegionA,AITraining,0.0000000000,0.0000000000
2304,2322,RegionB,RealTimeInference,65.1833333333,15.0194839138
2304,2322,RegionB,BatchInference,69.9166666667,19.0500865196
2304,2322,RegionB,AITraining,53.1000000000,0.0000000000
2304,2322,RegionC,RealTimeInference,6.3500000000,12.4049847928
2304,2322,RegionC,BatchInference,28.5000000000,12.7825297693
2304,2322,RegionC,AITraining,0.0000000000,0.0000000000
2304,2322,RegionD,RealTimeInference,12.1500000000,0.0000000000
2304,2322,RegionD,BatchInference,0.0000000000,18.3261596371
2304,2322,RegionD,AITraining,423.8333333333,176.9441609844
2304,2322,RegionE,RealTimeInference,0.0000000000,0.0000000000
2304,2322,RegionE,BatchInference,0.0000000000,10.3244402645
2304,2322,RegionE,AITraining,738.9000000000,103.1954588025
2304,2322,RegionF,RealTimeInference,32.5000000000,0.0000000000
2304,2322,RegionF,BatchInference,26.0000000000,7.6986465589
2304,2322,RegionF,AITraining,0.0000000000,91.7923220716
2304,2323,RegionA,RealTimeInference,11.4000000000,18.4179721930
2304,2323,RegionA,BatchInference,0.0000000000,20.0185779437
2304,2323,RegionA,AITraining,0.0000000000,0.0000000000
2304,2323,RegionB,RealTimeInference,55.2166666667,14.6676488014
2304,2323,RegionB,BatchInference,134.8833333333,18.8827858500
2304,2323,RegionB,AITraining,0.0000000000,0.0000000000
2304,2323,RegionC,RealTimeInference,21.5833333333,12.5454174799
2304,2323,RegionC,BatchInference,176.2666666667,11.0058893951
2304,2323,RegionC,AITraining,0.0000000000,0.0000000000
2304,2323,RegionD,RealTimeInference,0.6333333333,0.0000000000
2304,2323,RegionD,BatchInference,55.1000000000,18.0776430112
2304,2323,RegionD,AITraining,0.0000000000,310.1517504496
2304,2323,RegionE,RealTimeInference,0.0000000000,0.0000000000
2304,2323,RegionE,BatchInference,118.4166666667,9.7764663426
2304,2323,RegionE,AITraining,524.1666666667,73.4900144274
2304,2323,RegionF,RealTimeInference,0.0000000000,0.0000000000
2304,2323,RegionF,BatchInference,0.0000000000,7.0932319889
2304,2323,RegionF,AITraining,749.9000000000,118.4946333058
2304,2324,RegionA,RealTimeInference,57.6666666667,19.0738681194
2304,2324,RegionA,BatchInference,118.2333333333,20.3959912792
2304,2324,RegionA,AITraining,0.0000000000,0.0000000000
2304,2324,RegionB,RealTimeInference,0.0000000000,14.5398485235
2304,2324,RegionB,BatchInference,168.6333333333,19.4009637232
2304,2324,RegionB,AITraining,0.0000000000,0.0000000000
2304,2324,RegionC,RealTimeInference,2.1666666667,11.9575316043
2304,2324,RegionC,BatchInference,0.0000000000,12.1258049616
2304,2324,RegionC,AITraining,0.0000000000,0.0000000000
2304,2324,RegionD,RealTimeInference,0.9166666667,0.0000000000
2304,2324,RegionD,BatchInference,0.0000000000,18.1444096719
2304,2324,RegionD,AITraining,356.5333333333,209.4255717337
2304,2324,RegionE,RealTimeInference,0.0000000000,0.0000000000
2304,2324,RegionE,BatchInference,0.0000000000,10.8000311757
2304,2324,RegionE,AITraining,0.0000000000,116.9938296262
2304,2324,RegionF,RealTimeInference,0.0000000000,0.0000000000
2304,2324,RegionF,BatchInference,0.0000000000,6.9247332108
2304,2324,RegionF,AITraining,1245.4500000000,115.2749317685
2304,2325,RegionA,RealTimeInference,39.6666666667,19.0951289522
2304,2325,RegionA,BatchInference,132.6000000000,21.8933935195
2304,2325,RegionA,AITraining,0.0000000000,0.0000000000
2304,2325,RegionB,RealTimeInference,24.7500000000,14.7585788796
2304,2325,RegionB,BatchInference,31.2833333333,18.9088800737
2304,2325,RegionB,AITraining,0.0000000000,0.0000000000
2304,2325,RegionC,RealTimeInference,84.9000000000,12.1448010776
2304,2325,RegionC,BatchInference,74.2500000000,12.0579331803
2304,2325,RegionC,AITraining,0.0000000000,0.0000000000
2304,2325,RegionD,RealTimeInference,0.0000000000,0.0000000000
2304,2325,RegionD,BatchInference,65.0000000000,19.1245938421
2304,2325,RegionD,AITraining,310.0833333333,143.1830888743
2304,2325,RegionE,RealTimeInference,0.0000000000,0.0000000000
2304,2325,RegionE,BatchInference,49.1666666667,10.0551120820
2304,2325,RegionE,AITraining,369.5333333333,115.2767431214
2304,2325,RegionF,RealTimeInference,6.7000000000,0.0000000000
2304,2325,RegionF,BatchInference,112.0166666667,8.5233429767
2304,2325,RegionF,AITraining,0.0000000000,103.1748309147
2304,2326,RegionA,RealTimeInference,12.3666666667,19.0498844075
2304,2326,RegionA,BatchInference,52.3833333333,19.4768279335
2304,2326,RegionA,AITraining,0.0000000000,0.0000000000
2304,2326,RegionB,RealTimeInference,14.7000000000,14.7675992697
2304,2326,RegionB,BatchInference,185.4500000000,19.2398169133
2304,2326,RegionB,AITraining,0.0000000000,0.0000000000
2304,2326,RegionC,RealTimeInference,10.4000000000,12.2237685186
2304,2326,RegionC,BatchInference,17.0000000000,12.0109415333
2304,2326,RegionC,AITraining,0.0000000000,4.4910136414
2304,2326,RegionD,RealTimeInference,0.0000000000,0.0000000000
2304,2326,RegionD,BatchInference,136.8000000000,19.6075106874
2304,2326,RegionD,AITraining,1897.5500000000,175.5822977035
2304,2326,RegionE,RealTimeInference,0.0000000000,0.0000000000
2304,2326,RegionE,BatchInference,21.4500000000,9.4908367384
2304,2326,RegionE,AITraining,583.3000000000,120.7097230889
2304,2326,RegionF,RealTimeInference,0.0000000000,0.0000000000
2304,2326,RegionF,BatchInference,0.0000000000,8.4269617478
2304,2326,RegionF,AITraining,650.6500000000,123.8870286215
2304,2327,RegionA,RealTimeInference,40.5000000000,18.7327399596
2304,2327,RegionA,BatchInference,340.8833333333,21.4361583209
2304,2327,RegionA,AITraining,0.0000000000,0.0000000000
2304,2327,RegionB,RealTimeInference,3.7000000000,14.7708509022
2304,2327,RegionB,BatchInference,0.0000000000,18.5789908782
2304,2327,RegionB,AITraining,0.0000000000,0.0000000000
2304,2327,RegionC,RealTimeInference,1.9500000000,13.0789297121
2304,2327,RegionC,BatchInference,0.0000000000,11.9136981218
2304,2327,RegionC,AITraining,72.8000000000,0.0000000000
2304,2327,RegionD,RealTimeInference,0.0000000000,0.0000000000
2304,2327,RegionD,BatchInference,168.8500000000,18.5065937266
2304,2327,RegionD,AITraining,961.4333333333,211.3769534983
2304,2327,RegionE,RealTimeInference,0.0000000000,0.0000000000
2304,2327,RegionE,BatchInference,0.0000000000,9.8749649226
2304,2327,RegionE,AITraining,629.3333333333,115.0571993628
2304,2327,RegionF,RealTimeInference,0.0000000000,0.0000000000
2304,2327,RegionF,BatchInference,114.0000000000,9.0602167174
2304,2327,RegionF,AITraining,316.3333333333,122.4528139179
2328,2328,RegionA,RealTimeInference,54.9666666667,19.0772104060
2328,2328,RegionA,BatchInference,0.0000000000,18.9071038122
2328,2328,RegionA,AITraining,0.0000000000,0.0000000000
2328,2328,RegionB,RealTimeInference,18.3833333333,15.6485550056
2328,2328,RegionB,BatchInference,94.8000000000,19.1642585946
2328,2328,RegionB,AITraining,718.2333333333,0.0000000000
2328,2328,RegionC,RealTimeInference,39.6000000000,12.4756908285
2328,2328,RegionC,BatchInference,0.0000000000,16.7292077321
2328,2328,RegionC,AITraining,0.0000000000,0.0000000000
2328,2328,RegionD,RealTimeInference,0.0000000000,0.0000000000
2328,2328,RegionD,BatchInference,100.7500000000,19.2906210629
2328,2328,RegionD,AITraining,2079.0000000000,236.1011529841
2328,2328,RegionE,RealTimeInference,0.0000000000,0.0000000000
2328,2328,RegionE,BatchInference,33.0166666667,8.8816561783
2328,2328,RegionE,AITraining,28.9833333333,133.2914626457
2328,2328,RegionF,RealTimeInference,0.0000000000,0.0000000000
2328,2328,RegionF,BatchInference,0.0000000000,9.4796150652
2328,2328,RegionF,AITraining,448.5166666667,153.4156528689
2328,2329,RegionA,RealTimeInference,76.4666666667,19.2537484880
2328,2329,RegionA,BatchInference,44.9333333333,17.7782828266
2328,2329,RegionA,AITraining,0.0000000000,0.0000000000
2328,2329,RegionB,RealTimeInference,6.3666666667,14.9100422108
2328,2329,RegionB,BatchInference,99.8666666667,19.3689325619
2328,2329,RegionB,AITraining,0.0000000000,0.0000000000
2328,2329,RegionC,RealTimeInference,6.1666666667,11.9978810016
2328,2329,RegionC,BatchInference,80.6666666667,14.9371424173
2328,2329,RegionC,AITraining,0.0000000000,0.0000000000
2328,2329,RegionD,RealTimeInference,0.0000000000,0.0000000000
2328,2329,RegionD,BatchInference,87.1000000000,19.2070315014
2328,2329,RegionD,AITraining,896.2666666667,154.2385563177
2328,2329,RegionE,RealTimeInference,0.0000000000,0.0000000000
2328,2329,RegionE,BatchInference,64.6666666667,9.5705238979
2328,2329,RegionE,AITraining,206.2666666667,93.9574351851
2328,2329,RegionF,RealTimeInference,0.0000000000,0.0000000000
2328,2329,RegionF,BatchInference,124.8500000000,8.5415970592
2328,2329,RegionF,AITraining,0.0000000000,141.7022868220
2328,2330,RegionA,RealTimeInference,27.5333333333,19.5244474222
2328,2330,RegionA,BatchInference,6.7500000000,19.6889602670
2328,2330,RegionA,AITraining,0.0000000000,0.0000000000
2328,2330,RegionB,RealTimeInference,28.9000000000,15.1190932967
2328,2330,RegionB,BatchInference,65.1000000000,18.4825089033
2328,2330,RegionB,AITraining,196.1833333333,0.0000000000
2328,2330,RegionC,RealTimeInference,0.0000000000,12.3587904802
2328,2330,RegionC,BatchInference,42.2333333333,15.0384921729
2328,2330,RegionC,AITraining,912.8833333333,0.0000000000
2328,2330,RegionD,RealTimeInference,0.0000000000,0.0000000000
2328,2330,RegionD,BatchInference,24.2666666667,19.4754297087
2328,2330,RegionD,AITraining,423.5000000000,168.4794456428
2328,2330,RegionE,RealTimeInference,0.0000000000,0.0000000000
2328,2330,RegionE,BatchInference,14.7000000000,9.6461386361
2328,2330,RegionE,AITraining,287.7500000000,97.7445190932
2328,2330,RegionF,RealTimeInference,0.0000000000,0.0000000000
2328,2330,RegionF,BatchInference,0.0000000000,9.0906557546
2328,2330,RegionF,AITraining,54.0000000000,137.0980510817
2328,2331,RegionA,RealTimeInference,63.3833333333,19.6595125348
2328,2331,RegionA,BatchInference,32.8333333333,18.9247822486
2328,2331,RegionA,AITraining,0.0000000000,0.0000000000
2328,2331,RegionB,RealTimeInference,1.1666666667,15.2453945615
2328,2331,RegionB,BatchInference,100.2166666667,19.1657339350
2328,2331,RegionB,AITraining,0.0000000000,0.0000000000
2328,2331,RegionC,RealTimeInference,41.0833333333,12.4607196945
2328,2331,RegionC,BatchInference,105.7666666667,15.0826970666
2328,2331,RegionC,AITraining,0.0000000000,0.0000000000
2328,2331,RegionD,RealTimeInference,0.0000000000,0.0000000000
2328,2331,RegionD,BatchInference,76.5166666667,19.1030764069
2328,2331,RegionD,AITraining,368.7500000000,236.3412307292
2328,2331,RegionE,RealTimeInference,5.6000000000,0.0000000000
2328,2331,RegionE,BatchInference,0.0000000000,9.3702077883
2328,2331,RegionE,AITraining,458.2000000000,129.4877986047
2328,2331,RegionF,RealTimeInference,0.0000000000,0.0000000000
2328,2331,RegionF,BatchInference,0.0000000000,8.4175579492
2328,2331,RegionF,AITraining,18.6666666667,143.5520756240
2328,2332,RegionA,RealTimeInference,31.5333333333,19.0330815281
2328,2332,RegionA,BatchInference,171.0666666667,20.1042693823
2328,2332,RegionA,AITraining,0.0000000000,0.0000000000
2328,2332,RegionB,RealTimeInference,0.0000000000,15.3152508909
2328,2332,RegionB,BatchInference,126.1000000000,17.9029801040
2328,2332,RegionB,AITraining,517.6333333333,0.0000000000
2328,2332,RegionC,RealTimeInference,1.2666666667,12.4624856896
2328,2332,RegionC,BatchInference,0.0000000000,15.2454277946
2328,2332,RegionC,AITraining,192.5333333333,0.0000000000
2328,2332,RegionD,RealTimeInference,17.1500000000,0.0000000000
2328,2332,RegionD,BatchInference,127.3666666667,19.7833657637
2328,2332,RegionD,AITraining,184.7333333333,211.0542831100
2328,2332,RegionE,RealTimeInference,0.0000000000,0.0000000000
2328,2332,RegionE,BatchInference,135.1500000000,8.8224408053
2328,2332,RegionE,AITraining,516.6000000000,86.2302107414
2328,2332,RegionF,RealTimeInference,0.0000000000,0.0000000000
2328,2332,RegionF,BatchInference,0.0000000000,9.0233608020
2328,2332,RegionF,AITraining,623.9333333333,117.8347290626
2328,2333,RegionA,RealTimeInference,51.2000000000,18.6023290571
2328,2333,RegionA,BatchInference,0.0000000000,19.8918383329
2328,2333,RegionA,AITraining,0.0000000000,0.0000000000
2328,2333,RegionB,RealTimeInference,0.0000000000,15.2881947399
2328,2333,RegionB,BatchInference,56.0000000000,19.5495527436
2328,2333,RegionB,AITraining,0.0000000000,0.0000000000
2328,2333,RegionC,RealTimeInference,11.7666666667,12.1773411805
2328,2333,RegionC,BatchInference,46.2333333333,14.8518940837
2328,2333,RegionC,AITraining,0.0000000000,0.0000000000
2328,2333,RegionD,RealTimeInference,0.0000000000,0.0000000000
2328,2333,RegionD,BatchInference,0.0000000000,20.1302743127
2328,2333,RegionD,AITraining,0.0000000000,240.9710426875
2328,2333,RegionE,RealTimeInference,0.0000000000,0.0000000000
2328,2333,RegionE,BatchInference,93.0000000000,9.7907629874
2328,2333,RegionE,AITraining,194.9333333333,119.6073580634
2328,2333,RegionF,RealTimeInference,0.0000000000,0.0000000000
2328,2333,RegionF,BatchInference,0.0000000000,8.2968767319
2328,2333,RegionF,AITraining,213.0666666667,118.6136481905
2328,2334,RegionA,RealTimeInference,16.0000000000,19.4374887625
2328,2334,RegionA,BatchInference,12.2000000000,20.4281557612
2328,2334,RegionA,AITraining,0.0000000000,0.0000000000
2328,2334,RegionB,RealTimeInference,34.6000000000,14.0847508309
2328,2334,RegionB,BatchInference,0.0000000000,18.4286218257
2328,2334,RegionB,AITraining,0.0000000000,0.0000000000
2328,2334,RegionC,RealTimeInference,1.8000000000,11.8701515286
2328,2334,RegionC,BatchInference,0.0000000000,13.9208329687
2328,2334,RegionC,AITraining,0.0000000000,0.0000000000
2328,2334,RegionD,RealTimeInference,0.0000000000,0.0000000000
2328,2334,RegionD,BatchInference,51.0000000000,19.8656430172
2328,2334,RegionD,AITraining,225.8666666667,229.5480026930
2328,2334,RegionE,RealTimeInference,0.0000000000,0.0000000000
2328,2334,RegionE,BatchInference,50.5666666667,9.1715323561
2328,2334,RegionE,AITraining,397.8333333333,121.3408725925
2328,2334,RegionF,RealTimeInference,0.0000000000,0.0000000000
2328,2334,RegionF,BatchInference,108.3333333333,9.6473789808
2328,2334,RegionF,AITraining,321.5500000000,140.4912852902
2328,2335,RegionA,RealTimeInference,15.1333333333,19.6063052500
2328,2335,RegionA,BatchInference,118.8500000000,24.9104595268
2328,2335,RegionA,AITraining,203.0000000000,0.0000000000
2328,2335,RegionB,RealTimeInference,5.9833333333,14.9961603811
2328,2335,RegionB,BatchInference,157.8000000000,16.0689928002
2328,2335,RegionB,AITraining,296.5000000000,0.0000000000
2328,2335,RegionC,RealTimeInference,5.7333333333,12.3301283869
2328,2335,RegionC,BatchInference,0.0000000000,15.8408893707
2328,2335,RegionC,AITraining,30.0000000000,0.0000000000
2328,2335,RegionD,RealTimeInference,0.0000000000,0.0000000000
2328,2335,RegionD,BatchInference,0.0000000000,17.9248697526
2328,2335,RegionD,AITraining,30.0000000000,328.7313834367
2328,2335,RegionE,RealTimeInference,0.0000000000,0.0000000000
2328,2335,RegionE,BatchInference,60.5000000000,9.4610637552
2328,2335,RegionE,AITraining,0.0000000000,108.0302969974
2328,2335,RegionF,RealTimeInference,0.0000000000,0.0000000000
2328,2335,RegionF,BatchInference,115.2666666667,8.0554511437
2328,2335,RegionF,AITraining,0.0000000000,135.1212764106
2328,2336,RegionA,RealTimeInference,31.8000000000,18.5267740265
2328,2336,RegionA,BatchInference,15.2500000000,18.2086175794
2328,2336,RegionA,AITraining,590.2166666667,0.0000000000
2328,2336,RegionB,RealTimeInference,34.1333333333,15.2963129753
2328,2336,RegionB,BatchInference,88.2000000000,19.2160041863
2328,2336,RegionB,AITraining,0.0000000000,0.0000000000
2328,2336,RegionC,RealTimeInference,25.0166666667,12.4427281984
2328,2336,RegionC,BatchInference,123.2000000000,15.2225618535
2328,2336,RegionC,AITraining,0.0000000000,0.0000000000
2328,2336,RegionD,RealTimeInference,0.0000000000,0.0000000000
2328,2336,RegionD,BatchInference,76.6500000000,18.4567245573
2328,2336,RegionD,AITraining,570.6166666667,252.0179902596
2328,2336,RegionE,RealTimeInference,0.0000000000,0.0000000000
2328,2336,RegionE,BatchInference,40.0333333333,9.4053118066
2328,2336,RegionE,AITraining,307.9333333333,131.6442120579
2328,2336,RegionF,RealTimeInference,0.0000000000,0.0000000000
2328,2336,RegionF,BatchInference,5.1333333333,10.6286001668
2328,2336,RegionF,AITraining,181.3333333333,138.0832584255
2328,2337,RegionA,RealTimeInference,36.1166666667,19.1814307832
2328,2337,RegionA,BatchInference,51.3333333333,19.2663884308
2328,2337,RegionA,AITraining,297.2500000000,0.0000000000
2328,2337,RegionB,RealTimeInference,59.4500000000,15.3495405039
2328,2337,RegionB,BatchInference,0.0000000000,19.4300618384
2328,2337,RegionB,AITraining,0.0000000000,0.0000000000
2328,2337,RegionC,RealTimeInference,64.6833333333,12.4309030997
2328,2337,RegionC,BatchInference,207.8833333333,13.8565592988
2328,2337,RegionC,AITraining,0.0000000000,0.0000000000
2328,2337,RegionD,RealTimeInference,20.7500000000,0.0000000000
2328,2337,RegionD,BatchInference,9.8000000000,19.4147893476
2328,2337,RegionD,AITraining,0.0000000000,233.9855661090
2328,2337,RegionE,RealTimeInference,0.0000000000,0.0000000000
2328,2337,RegionE,BatchInference,32.0833333333,10.3598091575
2328,2337,RegionE,AITraining,593.4166666667,124.6826120480
2328,2337,RegionF,RealTimeInference,0.0000000000,0.0000000000
2328,2337,RegionF,BatchInference,0.0000000000,8.8050706379
2328,2337,RegionF,AITraining,494.4333333333,120.0912591290
2328,2338,RegionA,RealTimeInference,49.1500000000,19.0593283248
2328,2338,RegionA,BatchInference,146.0500000000,18.3744380372
2328,2338,RegionA,AITraining,206.8000000000,0.0000000000
2328,2338,RegionB,RealTimeInference,42.1666666667,14.5950070442
2328,2338,RegionB,BatchInference,34.5000000000,19.3785506977
2328,2338,RegionB,AITraining,0.0000000000,0.0000000000
2328,2338,RegionC,RealTimeInference,47.1666666667,12.7298377451
2328,2338,RegionC,BatchInference,7.4666666667,13.6789185117
2328,2338,RegionC,AITraining,266.6666666667,0.0000000000
2328,2338,RegionD,RealTimeInference,0.0000000000,0.0000000000
2328,2338,RegionD,BatchInference,0.0000000000,18.3573216972
2328,2338,RegionD,AITraining,160.3666666667,251.0024591819
2328,2338,RegionE,RealTimeInference,0.0000000000,0.0000000000
2328,2338,RegionE,BatchInference,0.0000000000,12.3402813820
2328,2338,RegionE,AITraining,257.2500000000,114.8701685509
2328,2338,RegionF,RealTimeInference,0.0000000000,0.0000000000
2328,2338,RegionF,BatchInference,95.3833333333,10.1816067341
2328,2338,RegionF,AITraining,388.0500000000,126.5854022352
2328,2339,RegionA,RealTimeInference,12.7000000000,19.9809398544
2328,2339,RegionA,BatchInference,203.8500000000,18.7961716377
2328,2339,RegionA,AITraining,325.4000000000,0.0000000000
2328,2339,RegionB,RealTimeInference,4.4500000000,15.2363127065
2328,2339,RegionB,BatchInference,42.1833333333,19.5177638338
2328,2339,RegionB,AITraining,179.3333333333,0.0000000000
2328,2339,RegionC,RealTimeInference,13.9500000000,12.2346315001
2328,2339,RegionC,BatchInference,137.7333333333,15.1402789085
2328,2339,RegionC,AITraining,0.0000000000,0.0000000000
2328,2339,RegionD,RealTimeInference,0.0000000000,0.0000000000
2328,2339,RegionD,BatchInference,193.4500000000,19.2107311285
2328,2339,RegionD,AITraining,1193.1166666667,213.1719125952
2328,2339,RegionE,RealTimeInference,0.0000000000,0.0000000000
2328,2339,RegionE,BatchInference,75.9000000000,13.5680996157
2328,2339,RegionE,AITraining,51.9000000000,124.5713500628
2328,2339,RegionF,RealTimeInference,0.0000000000,0.0000000000
2328,2339,RegionF,BatchInference,0.0000000000,9.2102191582
2328,2339,RegionF,AITraining,0.0000000000,123.7807923571
2328,2340,RegionA,RealTimeInference,23.2666666667,19.8016450793
2328,2340,RegionA,BatchInference,98.7666666667,17.1158302045
2328,2340,RegionA,AITraining,228.0000000000,0.0000000000
2328,2340,RegionB,RealTimeInference,32.2666666667,15.1094329443
2328,2340,RegionB,BatchInference,198.0000000000,18.9519783653
2328,2340,RegionB,AITraining,76.6666666667,0.0000000000
2328,2340,RegionC,RealTimeInference,0.0000000000,12.0132629804
2328,2340,RegionC,BatchInference,40.4000000000,15.1705534024
2328,2340,RegionC,AITraining,159.5000000000,0.0000000000
2328,2340,RegionD,RealTimeInference,4.9166666667,0.0000000000
2328,2340,RegionD,BatchInference,145.7333333333,18.3481007693
2328,2340,RegionD,AITraining,659.0833333333,230.6757753202
2328,2340,RegionE,RealTimeInference,0.0000000000,0.0000000000
2328,2340,RegionE,BatchInference,0.0000000000,10.5117474123
2328,2340,RegionE,AITraining,898.9666666667,117.7081883588
2328,2340,RegionF,RealTimeInference,0.0000000000,0.0000000000
2328,2340,RegionF,BatchInference,0.0000000000,9.0580001986
2328,2340,RegionF,AITraining,1011.0666666667,114.1845355602
2328,2341,RegionA,RealTimeInference,33.3666666667,19.3317943006
2328,2341,RegionA,BatchInference,102.2666666667,19.7493464610
2328,2341,RegionA,AITraining,0.0000000000,0.0000000000
2328,2341,RegionB,RealTimeInference,7.5333333333,14.6238776665
2328,2341,RegionB,BatchInference,100.4333333333,17.5800596810
2328,2341,RegionB,AITraining,0.0000000000,0.0000000000
2328,2341,RegionC,RealTimeInference,96.5000000000,12.3790805151
2328,2341,RegionC,BatchInference,10.0000000000,13.0511193252
2328,2341,RegionC,AITraining,182.8500000000,0.0000000000
2328,2341,RegionD,RealTimeInference,0.0000000000,0.0000000000
2328,2341,RegionD,BatchInference,118.9666666667,19.1544380358
2328,2341,RegionD,AITraining,1123.0333333333,208.1862516635
2328,2341,RegionE,RealTimeInference,0.0000000000,0.0000000000
2328,2341,RegionE,BatchInference,0.0000000000,10.4324196568
2328,2341,RegionE,AITraining,0.0000000000,111.4715829216
2328,2341,RegionF,RealTimeInference,0.0000000000,0.0000000000
2328,2341,RegionF,BatchInference,142.4333333333,10.3074501423
2328,2341,RegionF,AITraining,485.1333333333,103.0710712746
2328,2342,RegionA,RealTimeInference,26.3333333333,19.1593814475
2328,2342,RegionA,BatchInference,84.7500000000,17.4025794034
2328,2342,RegionA,AITraining,0.0000000000,0.0000000000
2328,2342,RegionB,RealTimeInference,7.7666666667,14.8093368172
2328,2342,RegionB,BatchInference,21.2500000000,20.6769730349
2328,2342,RegionB,AITraining,154.0000000000,0.0000000000
2328,2342,RegionC,RealTimeInference,90.1500000000,12.3128231525
2328,2342,RegionC,BatchInference,0.0000000000,14.1113690389
2328,2342,RegionC,AITraining,207.0000000000,0.0000000000
2328,2342,RegionD,RealTimeInference,0.4333333333,0.0000000000
2328,2342,RegionD,BatchInference,0.0000000000,18.6358537947
2328,2342,RegionD,AITraining,216.4500000000,167.4243097550
2328,2342,RegionE,RealTimeInference,7.3500000000,0.0000000000
2328,2342,RegionE,BatchInference,0.0000000000,9.5763007784
2328,2342,RegionE,AITraining,0.0000000000,88.2955015212
2328,2342,RegionF,RealTimeInference,0.0000000000,0.0000000000
2328,2342,RegionF,BatchInference,29.5166666667,9.3078205612
2328,2342,RegionF,AITraining,1315.0000000000,160.6533513426
2328,2343,RegionA,RealTimeInference,16.6833333333,19.4183836659
2328,2343,RegionA,BatchInference,63.6000000000,18.5667831985
2328,2343,RegionA,AITraining,0.0000000000,0.0000000000
2328,2343,RegionB,RealTimeInference,26.1333333333,15.0246160307
2328,2343,RegionB,BatchInference,13.2000000000,18.3098849826
2328,2343,RegionB,AITraining,0.0000000000,0.0000000000
2328,2343,RegionC,RealTimeInference,32.5000000000,12.3671055945
2328,2343,RegionC,BatchInference,118.6500000000,13.7615407494
2328,2343,RegionC,AITraining,26.6500000000,0.0000000000
2328,2343,RegionD,RealTimeInference,0.0000000000,0.0000000000
2328,2343,RegionD,BatchInference,101.9666666667,20.1262366925
2328,2343,RegionD,AITraining,1637.6500000000,248.2605423708
2328,2343,RegionE,RealTimeInference,0.0000000000,0.0000000000
2328,2343,RegionE,BatchInference,15.6666666667,10.0303739137
2328,2343,RegionE,AITraining,0.0000000000,123.6079319525
2328,2343,RegionF,RealTimeInference,0.0000000000,0.0000000000
2328,2343,RegionF,BatchInference,91.5333333333,9.2017951815
2328,2343,RegionF,AITraining,0.0000000000,139.2057401436
2328,2344,RegionA,RealTimeInference,47.0000000000,19.1255527679
2328,2344,RegionA,BatchInference,135.8000000000,20.0600040782
2328,2344,RegionA,AITraining,239.7000000000,0.0000000000
2328,2344,RegionB,RealTimeInference,0.0000000000,15.9395252502
2328,2344,RegionB,BatchInference,55.1000000000,18.8810273742
2328,2344,RegionB,AITraining,516.8666666667,0.0000000000
2328,2344,RegionC,RealTimeInference,39.7333333333,12.7375190903
2328,2344,RegionC,BatchInference,0.0000000000,14.8848709462
2328,2344,RegionC,AITraining,0.0000000000,0.0000000000
2328,2344,RegionD,RealTimeInference,0.0000000000,0.0000000000
2328,2344,RegionD,BatchInference,27.9000000000,19.7116119671
2328,2344,RegionD,AITraining,198.8000000000,191.8895022332
2328,2344,RegionE,RealTimeInference,0.0000000000,0.0000000000
2328,2344,RegionE,BatchInference,0.0000000000,9.8974855431
2328,2344,RegionE,AITraining,197.3000000000,120.1545128284
2328,2344,RegionF,RealTimeInference,0.0000000000,0.0000000000
2328,2344,RegionF,BatchInference,91.9166666667,8.9912923408
2328,2344,RegionF,AITraining,486.8666666667,142.0733343880
2328,2345,RegionA,RealTimeInference,79.8833333333,19.4616103836
2328,2345,RegionA,BatchInference,96.8000000000,21.9677425969
2328,2345,RegionA,AITraining,0.0000000000,0.0000000000
2328,2345,RegionB,RealTimeInference,59.7666666667,15.0268085523
2328,2345,RegionB,BatchInference,0.0000000000,18.5947229639
2328,2345,RegionB,AITraining,0.0000000000,0.0000000000
2328,2345,RegionC,RealTimeInference,74.9166666667,12.2585775113
2328,2345,RegionC,BatchInference,118.9000000000,14.3267428745
2328,2345,RegionC,AITraining,0.0000000000,0.0000000000
2328,2345,RegionD,RealTimeInference,0.0000000000,0.0000000000
2328,2345,RegionD,BatchInference,147.0666666667,20.3401700099
2328,2345,RegionD,AITraining,982.2833333333,267.8010491349
2328,2345,RegionE,RealTimeInference,0.0000000000,0.0000000000
2328,2345,RegionE,BatchInference,29.3333333333,10.0104615162
2328,2345,RegionE,AITraining,282.2000000000,143.8059919833
2328,2345,RegionF,RealTimeInference,0.0000000000,0.0000000000
2328,2345,RegionF,BatchInference,173.5166666667,8.8257131239
2328,2345,RegionF,AITraining,893.4500000000,165.3432373535
2328,2346,RegionA,RealTimeInference,5.1333333333,18.5621367272
2328,2346,RegionA,BatchInference,35.4000000000,19.9474315128
2328,2346,RegionA,AITraining,0.0000000000,0.0000000000
2328,2346,RegionB,RealTimeInference,4.1000000000,15.4419740043
2328,2346,RegionB,BatchInference,68.1333333333,19.2694126820
2328,2346,RegionB,AITraining,375.7000000000,0.0000000000
2328,2346,RegionC,RealTimeInference,11.8333333333,12.3157796833
2328,2346,RegionC,BatchInference,91.2000000000,13.4731388241
2328,2346,RegionC,AITraining,0.0000000000,0.0000000000
2328,2346,RegionD,RealTimeInference,0.0000000000,0.0000000000
2328,2346,RegionD,BatchInference,107.4000000000,19.9663162549
2328,2346,RegionD,AITraining,232.9166666667,294.7847471723
2328,2346,RegionE,RealTimeInference,33.2500000000,0.0000000000
2328,2346,RegionE,BatchInference,141.7833333333,10.1471212092
2328,2346,RegionE,AITraining,265.8166666667,126.2381162294
2328,2346,RegionF,RealTimeInference,0.0000000000,0.0000000000
2328,2346,RegionF,BatchInference,6.2666666667,7.9278875272
2328,2346,RegionF,AITraining,262.6666666667,142.8044954639
2328,2347,RegionA,RealTimeInference,4.0500000000,19.0610004729
2328,2347,RegionA,BatchInference,31.2500000000,20.3211330180
2328,2347,RegionA,AITraining,0.0000000000,0.0000000000
2328,2347,RegionB,RealTimeInference,18.5500000000,15.2167373491
2328,2347,RegionB,BatchInference,0.0000000000,18.5121160710
2328,2347,RegionB,AITraining,0.0000000000,0.0000000000
2328,2347,RegionC,RealTimeInference,12.8500000000,12.3599973067
2328,2347,RegionC,BatchInference,62.8166666667,13.3840664393
2328,2347,RegionC,AITraining,0.0000000000,0.0000000000
2328,2347,RegionD,RealTimeInference,0.0000000000,0.0000000000
2328,2347,RegionD,BatchInference,233.2000000000,19.7163006229
2328,2347,RegionD,AITraining,0.0000000000,281.2234247097
2328,2347,RegionE,RealTimeInference,0.0000000000,0.0000000000
2328,2347,RegionE,BatchInference,0.0000000000,9.7305458149
2328,2347,RegionE,AITraining,1198.9666666667,102.2043058406
2328,2347,RegionF,RealTimeInference,0.0000000000,0.0000000000
2328,2347,RegionF,BatchInference,136.8833333333,8.3850574448
2328,2347,RegionF,AITraining,71.5000000000,146.1678504183
2328,2348,RegionA,RealTimeInference,38.9333333333,19.0861529227
2328,2348,RegionA,BatchInference,0.0000000000,18.1247692754
2328,2348,RegionA,AITraining,0.0000000000,0.0000000000
2328,2348,RegionB,RealTimeInference,36.1666666667,15.8642644317
2328,2348,RegionB,BatchInference,117.3166666667,19.2946259536
2328,2348,RegionB,AITraining,147.3333333333,0.0000000000
2328,2348,RegionC,RealTimeInference,13.7333333333,12.9336813160
2328,2348,RegionC,BatchInference,57.6666666667,14.3837585919
2328,2348,RegionC,AITraining,0.0000000000,0.0000000000
2328,2348,RegionD,RealTimeInference,0.0000000000,0.0000000000
2328,2348,RegionD,BatchInference,18.2000000000,18.2243737623
2328,2348,RegionD,AITraining,12.1333333333,356.7732817091
2328,2348,RegionE,RealTimeInference,0.0000000000,0.0000000000
2328,2348,RegionE,BatchInference,139.3000000000,9.4568745033
2328,2348,RegionE,AITraining,514.1000000000,121.6512647935
2328,2348,RegionF,RealTimeInference,0.0000000000,0.0000000000
2328,2348,RegionF,BatchInference,38.4333333333,8.1865284576
2328,2348,RegionF,AITraining,758.6166666667,139.3077845275
2328,2349,RegionA,RealTimeInference,62.4166666667,19.2167872928
2328,2349,RegionA,BatchInference,120.8666666667,20.6586319986
2328,2349,RegionA,AITraining,0.0000000000,0.0000000000
2328,2349,RegionB,RealTimeInference,36.7500000000,15.1141740664
2328,2349,RegionB,BatchInference,48.4000000000,19.3576338213
2328,2349,RegionB,AITraining,0.0000000000,0.0000000000
2328,2349,RegionC,RealTimeInference,14.3666666667,12.3398120179
2328,2349,RegionC,BatchInference,75.1333333333,14.5428236908
2328,2349,RegionC,AITraining,439.2500000000,0.0000000000
2328,2349,RegionD,RealTimeInference,0.0000000000,0.0000000000
2328,2349,RegionD,BatchInference,38.1333333333,18.4208752778
2328,2349,RegionD,AITraining,782.0000000000,315.1905203731
2328,2349,RegionE,RealTimeInference,2.4500000000,0.0000000000
2328,2349,RegionE,BatchInference,0.0000000000,10.0646262651
2328,2349,RegionE,AITraining,549.0166666667,111.9097982519
2328,2349,RegionF,RealTimeInference,0.0000000000,0.0000000000
2328,2349,RegionF,BatchInference,1.7333333333,7.6805921037
2328,2349,RegionF,AITraining,194.2500000000,138.8943575039
2328,2350,RegionA,RealTimeInference,30.7833333333,19.1158233237
2328,2350,RegionA,BatchInference,99.0666666667,16.4494573166
2328,2350,RegionA,AITraining,657.4833333333,0.0000000000
2328,2350,RegionB,RealTimeInference,56.4666666667,14.8533729132
2328,2350,RegionB,BatchInference,11.1666666667,19.2755180816
2328,2350,RegionB,AITraining,0.0000000000,0.0000000000
2328,2350,RegionC,RealTimeInference,7.0500000000,12.1881382835
2328,2350,RegionC,BatchInference,98.6666666667,15.9571664176
2328,2350,RegionC,AITraining,67.1000000000,0.0000000000
2328,2350,RegionD,RealTimeInference,0.0000000000,0.0000000000
2328,2350,RegionD,BatchInference,14.4000000000,18.6818585699
2328,2350,RegionD,AITraining,1899.9000000000,245.3690487417
2328,2350,RegionE,RealTimeInference,0.0000000000,0.0000000000
2328,2350,RegionE,BatchInference,145.8500000000,9.6512830098
2328,2350,RegionE,AITraining,1374.9333333333,118.8650891052
2328,2350,RegionF,RealTimeInference,0.0000000000,0.0000000000
2328,2350,RegionF,BatchInference,0.0000000000,7.9683729000
2328,2350,RegionF,AITraining,1040.4000000000,117.9182179503
2328,2351,RegionA,RealTimeInference,28.7333333333,19.6087465558
2328,2351,RegionA,BatchInference,0.0000000000,18.9893259419
2328,2351,RegionA,AITraining,0.0000000000,0.0000000000
2328,2351,RegionB,RealTimeInference,23.4333333333,15.5242481870
2328,2351,RegionB,BatchInference,130.2000000000,18.6728659282
2328,2351,RegionB,AITraining,0.0000000000,0.0000000000
2328,2351,RegionC,RealTimeInference,37.1333333333,12.4394097645
2328,2351,RegionC,BatchInference,40.1333333333,16.4821889837
2328,2351,RegionC,AITraining,0.0000000000,0.0000000000
2328,2351,RegionD,RealTimeInference,20.0000000000,0.0000000000
2328,2351,RegionD,BatchInference,118.9833333333,18.8294418960
2328,2351,RegionD,AITraining,617.4333333333,269.8101365110
2328,2351,RegionE,RealTimeInference,0.0000000000,0.0000000000
2328,2351,RegionE,BatchInference,102.2833333333,9.7332514224
2328,2351,RegionE,AITraining,1015.0666666667,131.1397323858
2328,2351,RegionF,RealTimeInference,0.0000000000,0.0000000000
2328,2351,RegionF,BatchInference,93.4500000000,8.5811702551
2328,2351,RegionF,AITraining,126.9333333333,158.6143995999
