TaskID,OldLatency_ms,NewLatency_ms,ObjectiveGain
26299,5.0,22.0,139.36792144320006
14640,5.0,18.0,28.040798661332246
5450,5.0,18.0,27.158803613865587
15673,5.0,22.0,119.05958400000131
7759,5.0,18.0,10.869671517595691
41632,5.0,18.0,14.001727694929954
2690,5.0,22.0,71.1797399551981
35299,5.0,25.0,55.62891501120053
21674,5.0,25.0,50.17803730400102
6384,5.0,22.0,52.79981114240074
84,5.0,18.0,4.29444836479901
48009,5.0,5.0,0.7172403839994388
19608,5.0,22.0,39.593287994667016
49231,5.0,25.0,20.632041120000295
45189,5.0,15.0,5.04627438000022
14112,5.0,22.0,26.55355780824165
45525,5.0,25.0,19.63205465600062
9170,5.0,14.0,2.0447080799999213
28855,5.0,15.0,4.160719140000211
11646,5.0,22.0,11.226301730000122
12511,5.0,25.0,13.203039306666849
18585,5.0,25.0,13.445333222400343
29531,5.0,12.0,2.291277674999968
33300,5.0,22.0,8.134886218666708
8692,5.0,22.0,13.254689248000258
3445,5.0,22.0,12.887169356575008
15080,5.0,14.0,0.3450435263994933
34306,5.0,12.0,1.251139260000123
16511,5.0,22.0,8.908926587133323
24169,5.0,22.0,5.207549235333475
44123,5.0,22.0,3.981137417999948
13868,5.0,22.0,6.2596347135997785
1930,5.0,14.0,0.23829011999988126
13847,5.0,14.0,0.45670439999999957
11033,5.0,12.0,0.40673336250002645
22975,5.0,22.0,1.8409005900000732
40493,5.0,25.0,2.227592496000079
34003,5.0,18.0,0.17833822299998303
46612,5.0,12.0,0.17085900000003917
28419,5.0,22.0,0.6055103926666783
9537,5.0,15.0,0.048305850000000206
12072,5.0,22.0,92.178426383192
14374,5.0,22.0,86.530611657592
44126,5.0,5.0,5.374745755202582
34622,5.0,22.0,67.39511313999894
30279,5.0,22.0,51.40765789892768
4742,5.0,15.0,21.899077247997695
10691,5.0,18.0,0.5890795221289409
12084,5.0,25.0,47.36193265173442
26211,5.0,18.0,6.9721891810659
11953,5.0,25.0,22.175211040000775
20619,5.0,25.0,18.706360867999166
30463,5.0,25.0,18.555279254934
20510,5.0,18.0,4.789743504799528
5348,5.0,25.0,16.654816366933723
28291,5.0,12.0,2.5047691949989073
47055,5.0,25.0,7.086723795832718
23279,5.0,12.0,2.5334014079991434
28627,5.0,14.0,0.5647550850000549
9233,5.0,25.0,4.834472733166187
44429,5.0,25.0,7.593917178666784
13959,5.0,15.0,1.7096768640001763
36974,5.0,18.0,0.2840845205322715
14687,5.0,25.0,6.224153200800442
25727,5.0,14.0,0.32355198200000856
49610,5.0,12.0,1.0490528999997295
31200,5.0,25.0,3.4353786399994206
48568,5.0,25.0,5.501641471999298
44241,5.0,25.0,2.0984393559998553
30358,5.0,14.0,0.11157247750008814
29032,5.0,14.0,0.1883833679996414
47481,5.0,25.0,1.1403070000000488
31516,5.0,22.0,1.5089758499999495
37109,5.0,22.0,2.5978856511999373
13879,5.0,18.0,0.013293799999988698
25044,5.0,14.0,9.417860374403176
9483,5.0,18.0,11.433368657195047
4020,5.0,18.0,37.89013715999607
14921,5.0,18.0,21.2807653039996
16661,5.0,14.0,11.35261090239186
6016,5.0,25.0,55.08380561280009
12976,5.0,25.0,55.41548912799955
47834,5.0,25.0,41.948941934398974
45050,5.0,18.0,3.795341837600404
47915,5.0,18.0,14.012406070931505
31506,5.0,25.0,32.19688620799907
22330,5.0,25.0,32.97904344640068
24179,5.0,25.0,26.50471389439968
47097,5.0,14.0,4.41986988320059
17364,5.0,25.0,22.57601190240117
49665,5.0,5.0,0.07131360000027342
36270,5.0,22.0,27.421692240000652
23341,5.0,22.0,21.728450634667027
14042,5.0,18.0,4.592045596801235
20728,5.0,15.0,4.9166630300019705
37652,5.0,25.0,17.830308485865586
11283,5.0,14.0,1.2256404339998213
75,5.0,25.0,8.094086299999859
40629,5.0,15.0,5.146050400003055
25876,5.0,18.0,2.404427110400352
45713,5.0,14.0,1.1980450320019642
12529,5.0,25.0,9.695489382400353
34240,5.0,15.0,2.5281119100009697
25812,5.0,15.0,2.4107309400011836
31977,5.0,12.0,1.3146973500005785
40001,5.0,14.0,0.42816537500076635
20253,5.0,25.0,0.1880091966667372
41484,5.0,14.0,0.33972205200045025
22372,5.0,25.0,3.1083233166662403
40014,5.0,14.0,0.24017532800049324
18519,5.0,14.0,0.1624391750002534
25752,5.0,12.0,1.0020950400002917
46736,5.0,15.0,0.9133059750003891
18202,5.0,15.0,0.8910536714998631
24913,5.0,15.0,0.6199484190007425
12937,5.0,14.0,0.05788275750017391
8678,5.0,14.0,0.10565146560048788
21075,5.0,12.0,0.06009312000001943
21574,5.0,15.0,0.06836543999995293
48170,5.0,25.0,0.1976468789999919
2703,5.0,25.0,102.55771208534333
5096,5.0,12.0,59.095444259999624
4588,5.0,5.0,5.316066749998811
10496,5.0,5.0,3.593178777599462
27644,5.0,22.0,110.83917278293293
22079,5.0,14.0,42.69337406720274
6224,5.0,5.0,9.298970503730857
2671,5.0,5.0,7.7781952000043475
29760,5.0,15.0,30.36741096960162
15810,5.0,22.0,75.84249389921115
27871,5.0,12.0,7.291651439992478
40372,5.0,5.0,3.5409047071995445
15119,5.0,15.0,30.238098803192884
46964,5.0,18.0,11.728778736581333
37041,5.0,12.0,24.567577499999402
43181,5.0,5.0,11.082283560006204
30934,5.0,12.0,14.628803951995991
40202,5.0,18.0,9.339474692799165
9676,5.0,22.0,40.2263770581352
3765,5.0,5.0,7.813755215997844
13203,5.0,5.0,3.788830246398085
3253,5.0,5.0,0.9236897279989051
16833,5.0,25.0,26.38828746000207
43586,5.0,5.0,1.3036549119997147
34562,5.0,5.0,3.375846335994879
49812,5.0,18.0,5.578535818665763
4368,5.0,15.0,7.9967467728006625
30211,5.0,5.0,3.8422279213317054
6382,5.0,12.0,3.473491709999216
283,5.0,25.0,17.258110468801085
19278,5.0,15.0,4.146687132000039
30724,5.0,5.0,0.9008303488003229
35467,5.0,15.0,1.1103312120006734
37355,5.0,5.0,1.0883274719983156
46482,5.0,25.0,9.321269403201473
25700,5.0,14.0,4.580581919999354
24815,5.0,15.0,2.054598305666179
39129,5.0,22.0,8.565664746666059
22157,5.0,18.0,1.2754781704998468
15802,5.0,5.0,0.03381213933140259
22988,5.0,25.0,4.090497029333516
33698,5.0,14.0,0.3693724619989922
912,5.0,12.0,1.1107289099994482
49112,5.0,14.0,0.3057383880008899
48373,5.0,25.0,3.3679685025004744
28789,5.0,15.0,1.3246178850006238
33159,5.0,14.0,0.1533526634997795
7226,5.0,25.0,2.5324901266672173
44474,5.0,15.0,0.8326716060010337
14743,5.0,25.0,1.7840119050002672
21588,5.0,14.0,0.09236751999989679
8124,5.0,25.0,1.280246109000203
28403,5.0,15.0,0.18228802800013488
38259,5.0,25.0,0.3672766499999347
20240,5.0,22.0,0.44280873000014065
3259,5.0,18.0,25.3357906999951
5542,5.0,12.0,18.754623299974924
32517,5.0,22.0,96.666073407993
48703,5.0,18.0,11.583747839993833
13940,5.0,25.0,69.33429364906883
17016,5.0,25.0,56.79409952427129
48306,5.0,25.0,49.0207559360105
43753,5.0,25.0,40.60843191360789
42723,5.0,25.0,33.08785648000436
6447,5.0,18.0,3.4466854775967306
42788,5.0,5.0,0.08409403733017484
26685,5.0,25.0,22.872998120006592
28909,5.0,22.0,24.09081641999598
2743,5.0,25.0,17.999076451198754
10175,5.0,14.0,0.03954399199863445
318,5.0,25.0,9.751280753999794
6429,5.0,25.0,14.69935561600148
31979,5.0,25.0,13.027793279999479
27007,5.0,25.0,5.870378513069131
8390,5.0,22.0,11.942299143998941
21492,5.0,25.0,1.40803355100077
47855,5.0,25.0,1.3032098666680056
22231,5.0,25.0,5.929220710401491
32621,5.0,12.0,1.25522377499896
24313,5.0,22.0,4.115267788000324
3313,5.0,12.0,0.83912398500037
39595,5.0,25.0,4.902769312000583
20217,5.0,25.0,0.7187999218679497
39019,5.0,25.0,2.2875705866665497
24542,5.0,25.0,1.2809906049998916
27799,5.0,12.0,0.30523773000037835
28080,5.0,18.0,0.16069079999990832
17966,5.0,15.0,0.284789585999774
30223,5.0,22.0,0.9477959333332888
41624,5.0,25.0,0.1286544080000227
23077,5.0,22.0,106.10549629441613
32183,5.0,22.0,106.52091489280312
40655,5.0,18.0,11.326593318391986
28960,5.0,5.0,4.029813792000255
47129,5.0,18.0,6.805312821333715
47045,15.0,5.0,3.968838360812981
2761,5.0,15.0,9.955343711999689
6859,5.0,18.0,4.693372931984754
3120,5.0,18.0,0.8675361999926992
43633,5.0,18.0,1.6611438933224036
43760,5.0,22.0,35.95603023200279
34995,5.0,5.0,0.7115927040054544
13173,5.0,25.0,31.265056857608954
13348,5.0,12.0,7.722496559989267
3489,5.0,12.0,5.521429091989546
31205,5.0,25.0,22.95031464000912
4756,5.0,25.0,21.55109851920441
22269,5.0,5.0,1.2252298679932494
26937,5.0,25.0,9.13243344450396
13385,5.0,25.0,9.804430507500818
44737,5.0,14.0,1.00560066999914
38678,5.0,25.0,8.652400433336254
10437,5.0,25.0,13.139101646937409
20830,5.0,25.0,7.2188753066688225
49321,5.0,15.0,2.6833919610015897
25530,5.0,12.0,1.8856725600015878
1807,5.0,25.0,6.3338073466685785
2894,5.0,25.0,10.131769728003839
34498,5.0,22.0,8.474590086397928
12024,5.0,12.0,1.3048169250006154
34436,5.0,18.0,0.2596151959986095
11729,5.0,25.0,7.352865194669638
27294,5.0,12.0,1.0544409750011532
49429,5.0,25.0,3.0065736100013742
41222,5.0,25.0,4.55865608800152
14986,5.0,25.0,2.4777044793344496
32723,5.0,25.0,2.2035042880006337
26530,5.0,25.0,1.4206821413340216
30942,5.0,14.0,0.009714373999136328
15172,5.0,15.0,0.23791768249909406
44543,5.0,25.0,0.5838695566670826
33676,5.0,12.0,0.11870579999968589
4559,5.0,15.0,0.05764746799966014
33480,5.0,5.0,54.20954822878946
43819,5.0,25.0,90.26369952000996
392,5.0,18.0,25.915065407992188
21113,5.0,18.0,21.38749256372705
34632,5.0,18.0,21.18177362826009
2434,5.0,25.0,54.14095693494451
20222,5.0,18.0,23.96985965759309
24664,5.0,22.0,76.77157267200978
42631,5.0,22.0,50.586879159998034
22812,5.0,18.0,13.732957226660375
42774,5.0,12.0,8.606557920000995
33002,5.0,25.0,40.55007170399857
1818,5.0,25.0,36.865484442675196
39706,5.0,25.0,30.77071310933887
43284,5.0,18.0,6.474854338926342
47335,5.0,25.0,22.834773024004278
12155,5.0,25.0,20.757819216002126
23396,5.0,18.0,0.8906856085340209
31119,5.0,25.0,21.132047563737004
11328,5.0,14.0,5.411822948002822
12187,5.0,15.0,3.927689946001294
38070,5.0,18.0,0.9954185343989082
36707,5.0,5.0,0.31030524800056014
2113,5.0,25.0,9.789769500002325
47531,5.0,25.0,12.102649779999808
17835,5.0,15.0,3.183217500000758
48209,5.0,25.0,5.203679954833827
19060,5.0,18.0,1.2768236490627967
43060,5.0,25.0,4.876061230000197
7726,5.0,18.0,0.18440323519728352
4759,5.0,25.0,4.712364954999927
25151,5.0,14.0,0.4670941950013905
22873,5.0,15.0,1.732899124001836
20197,5.0,12.0,0.9932216249996451
8135,5.0,14.0,0.3158099370003491
18947,5.0,25.0,2.187002623999983
42890,5.0,25.0,2.0527971270000966
24444,5.0,25.0,2.1476012895005887
13022,5.0,14.0,0.1423148640004399
2724,5.0,22.0,4.359339027199156
6006,5.0,25.0,1.703472607500129
41397,5.0,15.0,0.6671570040002504
15113,5.0,12.0,0.40820587499971595
18852,5.0,15.0,0.5381259180006923
28718,5.0,12.0,0.09182009999971452
8324,5.0,14.0,34.22622679998079
8494,5.0,12.0,60.91480559996131
43403,5.0,5.0,25.5013303519913
37216,5.0,5.0,5.36453900000555
30871,5.0,25.0,88.95864743679576
48807,5.0,5.0,12.858203191711226
13191,5.0,5.0,13.01555145600193
25582,5.0,14.0,5.680999859218929
5084,5.0,5.0,4.943147519996728
5892,5.0,25.0,46.56122261333164
34865,5.0,25.0,44.21242862559831
38616,5.0,5.0,7.938571468806231
24603,5.0,5.0,0.445828443736616
24755,5.0,5.0,3.1830389279940334
31464,5.0,5.0,1.7494352023250883
45781,5.0,25.0,35.449310206564476
47184,5.0,25.0,34.42328455039736
12423,5.0,15.0,11.31539197119757
47917,5.0,15.0,6.1101939974990955
6175,5.0,5.0,0.7715313999956521
36741,5.0,22.0,22.97096404801316
5722,5.0,22.0,20.046175782666598
48875,5.0,15.0,3.9725412860004354
16619,5.0,25.0,7.7400720276690045
18172,5.0,5.0,0.4131901849998627
43450,5.0,15.0,3.1208389809994586
47459,5.0,14.0,1.1044690935029635
29629,5.0,15.0,2.9483739799996442
5415,5.0,25.0,2.842921743999659
44884,5.0,22.0,1.340623506833321
42112,5.0,12.0,1.4045396924972735
7089,5.0,18.0,2.004748437599705
34212,5.0,25.0,3.940557410667239
45249,5.0,14.0,0.2946749080017259
35290,5.0,15.0,1.3151706600010655
47360,5.0,22.0,5.590858040002516
29875,5.0,22.0,3.298712458666783
24024,5.0,22.0,2.9098921560012805
39213,5.0,15.0,0.5103746895003063
31455,5.0,25.0,1.9849761152004435
2860,5.0,15.0,0.4422047399999167
10588,5.0,14.0,0.02239859200115557
31647,5.0,22.0,1.2537661530001154
9518,5.0,15.0,0.21690007199983619
45664,5.0,25.0,0.5727849421668623
40390,5.0,22.0,0.2794416133333313
35010,5.0,22.0,107.55078268480256
11330,5.0,22.0,86.70491318400332
21003,5.0,5.0,0.756083519967774
23012,5.0,22.0,82.93756412800536
12561,5.0,15.0,17.137641695984115
44020,5.0,5.0,0.08028827795988036
12438,5.0,22.0,52.95258124267188
7096,5.0,18.0,7.94967331839905
42534,5.0,25.0,32.13821515626903
47565,5.0,25.0,22.272364437337885
30660,5.0,25.0,21.67574650880176
23642,5.0,25.0,20.872359313068337
11962,5.0,25.0,9.634024626666807
46303,12.0,15.0,0.8396472599980491
16151,5.0,25.0,5.861282112001959
24835,12.0,14.0,0.24586610000117304
41715,5.0,25.0,1.568473036666827
14555,12.0,15.0,0.43438503250140315
7506,5.0,25.0,1.6092964106640313
3774,5.0,22.0,2.9091866725338598
27558,12.0,14.0,1.1825101450026878
48820,5.0,25.0,0.18873036799914011
46080,5.0,12.0,1.2458868959940936
41987,5.0,12.0,0.28617662999832216
29147,5.0,5.0,0.7549433333277875
29292,5.0,5.0,0.7961957999941944
41503,5.0,22.0,73.0110154799991
7039,5.0,22.0,64.73220408533714
49542,5.0,18.0,11.248959763201029
47649,5.0,25.0,57.52748713387358
9427,5.0,25.0,51.89659790934259
34373,5.0,25.0,47.711757317340044
41627,5.0,22.0,52.26074262401677
27046,5.0,22.0,43.16221381281031
23045,5.0,25.0,36.99068192000793
38714,5.0,14.0,4.426873680000028
30760,5.0,22.0,38.169106982399974
4016,5.0,25.0,22.651838086403828
22172,5.0,22.0,18.15955932000204
12558,5.0,25.0,10.54513771333471
44954,5.0,22.0,16.940613510404404
25643,5.0,25.0,15.756979664006224
5540,5.0,25.0,7.655364016000913
32532,5.0,25.0,7.321154757001231
37816,5.0,22.0,16.170915472000278
22772,5.0,25.0,5.603792711667451
38983,5.0,12.0,1.559582040001274
35841,5.0,12.0,1.5392675999997572
19751,5.0,25.0,6.597552482669009
3102,5.0,12.0,1.1422744500006168
48998,5.0,18.0,0.3288948066660442
30141,5.0,12.0,0.8366736000019763
48472,5.0,25.0,2.603794154000421
18756,5.0,25.0,4.0999122144009785
11371,5.0,25.0,1.6262006239997637
27905,5.0,22.0,5.657099164266786
16236,5.0,14.0,0.11261409600043493
41105,5.0,25.0,1.5130606533336604
23008,5.0,25.0,0.43577748000011596
18412,5.0,12.0,0.31433092500003834
38224,5.0,14.0,0.03264940800077376
10796,5.0,18.0,0.18702209999990194
7497,5.0,12.0,0.2255145599999837
18518,5.0,15.0,0.17108535000119351
423,5.0,25.0,0.35385444799995436
39331,5.0,12.0,0.04989549000041782
42640,5.0,25.0,0.15753163633362655
22489,5.0,22.0,0.17475051200011638
32615,5.0,22.0,148.2310918920029
37811,5.0,22.0,135.65638175999197
32288,5.0,25.0,78.33564079118031
11650,5.0,25.0,66.9870465344041
21280,5.0,22.0,87.98393801599792
8121,5.0,25.0,77.31880529706149
27518,5.0,25.0,63.87925706959459
28561,5.0,25.0,54.92216303040688
33469,5.0,22.0,43.3571167709278
47506,5.0,22.0,36.56606091599167
13585,5.0,25.0,24.73432832640811
13504,5.0,18.0,8.312855666659544
49181,5.0,18.0,2.891924057598274
29693,5.0,18.0,2.787990105596137
23312,5.0,15.0,5.187241200016857
48509,5.0,25.0,13.862047603205944
32570,5.0,25.0,12.733010816005262
16725,5.0,18.0,1.6004654133306175
31896,5.0,25.0,7.193750330999798
38322,5.0,14.0,0.6037122099983137
15919,5.0,18.0,1.7235666774995213
43231,5.0,22.0,6.215039519167485
46185,5.0,12.0,2.577337896015379
24600,5.0,25.0,8.808224985599264
22629,5.0,18.0,2.3989136767963437
37022,5.0,12.0,1.4532722625049495
13093,5.0,22.0,10.544235098399149
555,5.0,25.0,3.8878632199999004
22350,5.0,22.0,7.760418546665322
36586,5.0,25.0,3.840518688000495
12798,5.0,15.0,1.4368074690025807
26855,5.0,15.0,1.3576050480034567
15519,5.0,18.0,0.8591684159987301
44816,5.0,25.0,4.220814601600027
33197,5.0,12.0,0.6861399600011353
16686,5.0,18.0,0.5441432666660821
40401,5.0,25.0,1.030797798401256
12887,5.0,25.0,1.2745360799999172
38726,5.0,18.0,0.30925157999941
15133,5.0,15.0,0.42414910400003336
26749,5.0,12.0,0.29933255999869957
49400,5.0,25.0,1.3729869904002179
24591,5.0,12.0,0.16666702499991093
1351,5.0,15.0,0.08869643200003008
7941,5.0,22.0,0.15483011999995855
19411,5.0,25.0,122.55937911940876
18891,5.0,5.0,20.79343238400702
31623,5.0,5.0,40.96587988806709
27725,5.0,5.0,6.628282079998002
9505,5.0,22.0,91.01674744000574
45406,5.0,22.0,88.83434586667599
9389,5.0,25.0,69.60418346240445
44659,5.0,25.0,58.28310896172502
39555,5.0,25.0,49.72996539252763
940,5.0,25.0,39.70238640961372
39388,5.0,5.0,0.18606546876446828
11886,5.0,5.0,9.951008486392197
42808,5.0,25.0,24.956789056797298
28225,5.0,15.0,18.120221590386066
46512,5.0,18.0,6.088777365334536
22669,5.0,15.0,4.626952040999839
8192,5.0,5.0,0.4902766648125194
15041,5.0,5.0,0.07102796798152156
22085,5.0,18.0,5.664790622400062
3027,5.0,25.0,9.675791165335813
34495,5.0,18.0,3.374010419996182
32800,5.0,5.0,0.9244917260016194
27484,5.0,15.0,3.7316658225016823
9264,5.0,5.0,0.3018901999978567
49655,5.0,12.0,3.0534349800040133
35076,5.0,22.0,13.524119616000416
22532,5.0,15.0,2.3812001280009802
25815,5.0,25.0,5.377534918002155
6028,5.0,15.0,2.1783942000028134
6710,5.0,15.0,2.048566476002147
44801,5.0,15.0,1.890133985500622
3650,5.0,22.0,5.615576950000609
13051,5.0,22.0,0.40044501600029925
23063,5.0,12.0,1.1382021750016875
43279,5.0,15.0,2.574106972812615
46793,5.0,22.0,4.07952782466732
46712,5.0,14.0,0.2576567099968834
22818,5.0,25.0,2.954029166667108
38446,5.0,22.0,3.0487525181355153
7297,5.0,25.0,1.623451991998909
13716,5.0,15.0,0.6085016400014833
25084,5.0,15.0,0.5870557425034182
44376,5.0,14.0,0.061452278999102106
31974,5.0,22.0,1.2777699679998502
41076,5.0,15.0,0.3300280500017152
46045,5.0,25.0,0.7590651330012288
43194,5.0,15.0,0.15081020400058565
36550,5.0,22.0,137.4659430954469
22167,5.0,22.0,121.30922332052839
4086,5.0,5.0,6.679324800049983
14326,5.0,5.0,1.6394049311962249
41011,5.0,22.0,69.46318049813206
23721,5.0,25.0,50.88735189759461
37244,5.0,18.0,11.086754304012175
13695,5.0,18.0,5.480647123208357
4473,5.0,15.0,12.87354937602018
26973,5.0,22.0,33.96503213759124
33383,5.0,25.0,29.666443919986413
28726,5.0,25.0,23.690639112520337
41541,5.0,15.0,8.266421852011803
38027,5.0,22.0,28.808609447995295
44540,5.0,25.0,17.697537448525942
17463,5.0,25.0,14.204796399996567
25295,5.0,14.0,1.0845673259966588
34629,5.0,25.0,9.65643863999977
27329,5.0,22.0,12.618435347198119
21150,5.0,25.0,9.003248439993122
40016,5.0,25.0,2.327422749000352
6651,5.0,12.0,1.5575933100033943
4666,5.0,22.0,10.849274594667282
16904,5.0,12.0,1.2267826500041892
39685,5.0,12.0,1.175483370003672
16369,5.0,25.0,1.0755160499987504
23863,5.0,12.0,1.1039349450028055
34490,5.0,12.0,0.8735788200023862
44723,5.0,12.0,0.5946195000035672
16963,5.0,15.0,0.8496992975001643
39311,5.0,12.0,0.5246575500032105
26487,5.0,12.0,0.3526320000022336
47222,5.0,12.0,0.14084877000057938
24726,5.0,22.0,0.7299830833331551
19934,5.0,12.0,0.09225498000046173
19977,5.0,22.0,0.09348471233360389
41258,5.0,18.0,15.948380119997324
42873,5.0,5.0,8.976225999970211
42269,5.0,15.0,15.768851788789163
28486,5.0,18.0,8.732405866666909
48605,5.0,18.0,8.395861247996521
2112,5.0,5.0,0.3096302399860349
45452,5.0,22.0,47.3095714239921
5431,5.0,5.0,1.1253603600048905
47951,5.0,25.0,22.2583842866565
38530,5.0,12.0,4.429678799990953
316,5.0,25.0,19.303767007995184
1981,5.0,12.0,3.2490927524983775
13658,5.0,25.0,14.805932160529565
45911,5.0,25.0,14.791366412800876
2801,5.0,12.0,2.6135489999971355
3660,5.0,15.0,2.4682655999982543
19292,5.0,15.0,3.309966299996745
7144,5.0,25.0,11.96690035306612
86,5.0,14.0,0.6772414350012994
33552,5.0,12.0,1.890578550001802
31423,5.0,25.0,6.183422557496549
38456,5.0,25.0,5.824242423329029
12119,5.0,25.0,5.695122613997206
17229,5.0,25.0,4.646905123997353
26115,5.0,25.0,6.6688816320015505
42427,5.0,15.0,1.6680901619961972
14826,5.0,25.0,4.350466924793228
28984,5.0,22.0,4.4851509434999235
35186,5.0,14.0,0.3035752399996845
16359,5.0,12.0,0.8297278499989105
33562,5.0,25.0,2.7348599533314912
11146,5.0,25.0,2.4147998879955477
44802,5.0,15.0,0.31119169999945573
29728,5.0,15.0,0.2370999160002203
45808,5.0,22.0,0.6151716925003416
8042,5.0,15.0,0.11000100899967702
46727,5.0,25.0,0.15572188800005238
49216,5.0,14.0,26.889183936077416
35652,5.0,22.0,121.049391482734
13897,5.0,5.0,2.0096960333472396
21056,5.0,14.0,6.479453008070266
47585,5.0,25.0,68.75253196162046
28390,5.0,22.0,91.7378062016342
40322,5.0,22.0,79.40978069121438
10671,5.0,18.0,23.104567946170164
20538,5.0,5.0,9.252398015990025
32859,5.0,22.0,44.25361022934453
42907,5.0,25.0,31.406876860009362
26742,5.0,18.0,3.5147979199938604
6345,5.0,25.0,19.718472930139207
1273,5.0,22.0,25.204417856008995
4223,5.0,18.0,2.8379039813307507
20567,5.0,25.0,8.886154162005823
34510,5.0,12.0,2.6502404474967634
42619,5.0,14.0,0.8968800344965331
16310,5.0,25.0,8.021265696005301
15077,5.0,25.0,6.63921501900502
7629,5.0,15.0,2.942655344995977
14511,5.0,14.0,0.7080993119986658
49272,5.0,25.0,5.6581079284986995
3839,5.0,14.0,0.5223096254971829
41637,5.0,25.0,5.073251280003486
17563,5.0,25.0,4.925036462003469
38906,5.0,14.0,0.41485829999975365
43273,5.0,12.0,1.1695884599990407
8960,5.0,15.0,1.7204703049981056
37885,5.0,22.0,4.083443994002726
26285,5.0,14.0,0.2917017500000014
6115,5.0,14.0,0.3177878389973863
26123,5.0,25.0,2.8969337120009984
33896,5.0,25.0,2.3805732474983996
45983,5.0,14.0,0.20655886499929998
40465,5.0,15.0,0.9586689949989537
27217,5.0,14.0,0.056388439495889564
31601,5.0,25.0,1.1650613120025515
9278,5.0,22.0,1.556938115999476
27630,5.0,14.0,0.03240369899641138
23529,5.0,15.0,0.4096502624993805
12165,5.0,25.0,0.8413319300007291
36891,5.0,25.0,1.1414372976029021
4454,5.0,15.0,0.1004673239998839
27993,5.0,5.0,8.889102933327763
16879,5.0,25.0,86.46072691632597
4132,5.0,5.0,40.923172799955694
25864,5.0,5.0,3.5927161919779564
41494,5.0,18.0,20.641630991996493
34134,5.0,5.0,17.27278092480975
14387,5.0,22.0,70.08558769066525
49599,5.0,25.0,54.68852396375958
39612,5.0,18.0,8.846920639970179
10430,5.0,25.0,48.82107297497407
37175,5.0,25.0,40.32460707789528
47052,5.0,5.0,0.519980697612425
33524,5.0,5.0,2.0618875602663636
17029,5.0,22.0,32.42131536322804
7416,5.0,25.0,7.394120144004805
3105,5.0,5.0,0.5626319620015678
48527,5.0,15.0,4.389156011999802
19137,5.0,22.0,13.917290034004889
25132,5.0,25.0,19.884540456570065
45806,5.0,22.0,18.224141443205983
18951,5.0,14.0,0.8217905849923923
44664,5.0,22.0,15.018216904549714
45890,5.0,15.0,2.8165787579998813
17291,5.0,15.0,2.8173934224956554
19505,5.0,25.0,6.8992939500036226
23743,5.0,25.0,6.649083281006282
31159,5.0,14.0,0.6854042699993066
40251,5.0,14.0,0.6389078080010151
8614,5.0,14.0,0.518200678492402
4674,5.0,25.0,4.416991906006007
12668,5.0,14.0,0.36030279999558346
16683,5.0,25.0,5.295499939195462
33641,5.0,25.0,2.9651928480020517
45825,5.0,15.0,1.2303981169980904
34293,5.0,15.0,1.1093614879989406
9956,5.0,18.0,0.6703044400001374
20174,5.0,25.0,1.688666416666143
15364,5.0,14.0,0.09798383999920901
35954,5.0,14.0,0.07683344999876418
6559,5.0,15.0,0.583198283998021
19049,5.0,15.0,0.5200251959992492
42927,5.0,14.0,0.018245156998166756
32843,5.0,15.0,0.37131092999974413
25201,5.0,15.0,0.30920404799901036
22667,5.0,22.0,1.105703409334112
49546,5.0,25.0,1.3414753919988116
7639,5.0,25.0,0.6177265408335848
44441,5.0,15.0,0.21621449999953501
37829,5.0,15.0,0.08207510999954826
27280,5.0,18.0,18.136341567961324
44761,5.0,18.0,17.09223039996425
7443,5.0,18.0,11.571150123164813
23595,5.0,22.0,71.27278991464568
35836,5.0,25.0,38.49473075199582
19365,5.0,22.0,40.71504962717466
48508,5.0,22.0,32.83513897196804
28005,5.0,25.0,29.820003059191166
30104,5.0,25.0,25.32929730349801
24324,5.0,25.0,21.557042332793813
45097,5.0,12.0,3.390079597498506
8312,5.0,25.0,17.2015982760108
15619,5.0,25.0,12.359200063994926
3092,5.0,22.0,14.252416250132711
28719,5.0,25.0,10.652132575198877
21733,5.0,25.0,9.049755473076026
34352,5.0,15.0,1.94385765050162
36072,5.0,22.0,7.955418676799901
22070,5.0,25.0,3.6820138200010337
17721,5.0,25.0,2.8122072200011248
37875,5.0,12.0,0.6100139999998575
49279,5.0,25.0,2.1637819240014338
12834,5.0,25.0,2.1495660160013355
34754,5.0,14.0,0.1590019200026056
4808,5.0,12.0,0.5159237924996081
15333,5.0,25.0,0.9925966269999784
38065,5.0,15.0,0.1686901600013564
25709,5.0,22.0,1.1998632384012242
39294,5.0,25.0,107.58901774458226
20993,5.0,5.0,0.3820126666697945
40870,5.0,18.0,11.75178941198996
34437,5.0,5.0,5.878269647956813
11503,5.0,5.0,0.9277814549235188
8516,5.0,25.0,57.728814970693236
36387,5.0,25.0,42.28142727602743
49080,5.0,22.0,60.02708419198723
37251,5.0,5.0,1.544999615963036
47641,5.0,18.0,1.9210064373264615
47361,5.0,22.0,27.302662722672693
23317,5.0,18.0,0.14833599465548275
15062,5.0,22.0,20.19401862398361
22276,5.0,14.0,0.46129220802248483
21147,5.0,18.0,0.39279734400204447
17155,5.0,25.0,12.216462869328922
5484,5.0,12.0,1.8850312200032882
16980,5.0,22.0,8.517309524002446
12857,5.0,12.0,1.8394004774977653
5841,5.0,22.0,3.2149858000022427
43877,5.0,12.0,1.7697017999988844
29144,5.0,12.0,0.691027612499667
37983,5.0,25.0,4.8514115399981055
7694,5.0,12.0,1.2467857799975377
7809,5.0,25.0,4.086808656002612
18363,5.0,25.0,2.731118977335303
44885,5.0,18.0,1.062956316798278
42565,5.0,12.0,0.6605489999991185
43966,5.0,25.0,2.061392334001682
6835,5.0,12.0,0.5627343000002334
20721,5.0,12.0,0.3795534749997129
4834,5.0,12.0,0.14481407999933182
37563,5.0,22.0,0.15601344000032225
37006,5.0,5.0,11.755381333318809
27493,5.0,22.0,83.67262000001307
45687,5.0,5.0,11.47704618245973
14722,5.0,22.0,86.207786741313
28139,5.0,18.0,28.070253173569157
333,5.0,18.0,16.307132935984356
27957,5.0,22.0,57.122438204797106
18723,5.0,25.0,48.500864943999375
42380,5.0,18.0,1.9800274431964056
25066,5.0,22.0,59.28806911197624
29354,5.0,5.0,16.871377075189685
41988,5.0,22.0,53.49885549598707
8004,5.0,22.0,37.04708969599596
17934,5.0,25.0,26.823850628001367
47341,5.0,22.0,27.21746311600336
33894,5.0,25.0,17.419847248016353
26114,5.0,25.0,16.185194759993237
23831,5.0,25.0,18.01305553279981
233,5.0,22.0,14.705686621999416
29191,5.0,14.0,1.1084434109999464
11140,5.0,25.0,16.248497994667503
33427,5.0,12.0,2.3060743500139154
4074,5.0,25.0,9.910527395995977
36703,5.0,25.0,9.38481208801927
48782,5.0,18.0,0.07666470399801639
20321,5.0,12.0,1.5094497000140734
49371,5.0,22.0,4.569135349334289
16455,5.0,25.0,3.648234868166856
10778,5.0,14.0,0.2736619425001052
2717,5.0,25.0,4.748152392797525
29145,5.0,25.0,4.455473400000079
8050,5.0,14.0,0.22471651799972925
19026,5.0,25.0,2.5417821923350417
4250,5.0,15.0,1.0466743074986375
13611,5.0,12.0,0.6266813250067855
20109,5.0,25.0,1.891811362001004
14394,5.0,25.0,3.034219824003232
12982,5.0,14.0,0.10848550199830775
31899,5.0,15.0,0.7339952219998871
3524,5.0,25.0,1.5037251000021348
36984,5.0,14.0,0.08412107699784954
30075,5.0,14.0,0.19129017120073044
36674,5.0,12.0,0.2881529400048546
25484,5.0,15.0,0.40682411400203566
43309,5.0,25.0,0.8129624824994406
41207,5.0,15.0,0.28201700099752003
28363,5.0,15.0,0.22165024799939115
2105,5.0,15.0,0.19159483799806054
46264,5.0,15.0,0.055149000002101545
40247,5.0,5.0,17.93598453438821
24232,5.0,5.0,15.331904051210643
25636,5.0,25.0,84.4779961680697
39759,5.0,5.0,10.042297548827662
40197,5.0,5.0,3.802298965355817
11176,5.0,18.0,16.626466149592403
5324,5.0,18.0,7.023140613324401
30001,5.0,5.0,6.583214622925254
10752,5.0,25.0,41.31140142721762
30567,5.0,14.0,17.05892879997873
8738,5.0,25.0,43.134685900798246
35821,5.0,12.0,12.553698288042028
29163,5.0,5.0,3.7148570280981232
49275,5.0,14.0,3.9293021375924013
11670,5.0,22.0,42.89648442879707
28361,5.0,5.0,3.081039215980084
11829,5.0,25.0,34.879040390400675
30915,5.0,5.0,7.770394521610257
15645,5.0,5.0,3.6254289407911813
47690,5.0,25.0,29.743753510926126
7206,5.0,5.0,0.6783960000021452
30333,5.0,25.0,24.78350491680966
37323,5.0,5.0,1.2370003199913953
48149,5.0,25.0,21.419597513591405
43972,5.0,22.0,9.164842312003142
44566,5.0,14.0,1.097947695998343
8107,5.0,15.0,9.302667013709382
16490,5.0,12.0,2.479904805015444
48949,5.0,22.0,16.218563193344117
38425,5.0,12.0,2.534750962511538
38683,5.0,22.0,15.026613059996233
41453,5.0,25.0,6.837985911002365
30018,5.0,22.0,13.010940907729886
39826,5.0,25.0,4.869128214000511
4632,5.0,14.0,0.40743962849788673
19154,5.0,15.0,1.4282917885060336
41327,5.0,25.0,5.66584303039704
46806,5.0,25.0,2.955318055001234
6272,5.0,14.0,0.23088092499863322
36649,5.0,14.0,0.21456480319926285
7914,5.0,25.0,2.702488705331386
39580,5.0,14.0,0.42639777599601913
41012,5.0,25.0,4.109180470139988
45008,5.0,25.0,2.4284027870010814
31625,5.0,14.0,0.13847538799887893
10680,5.0,14.0,0.13114823749939042
22731,5.0,25.0,3.348976940805624
38521,5.0,25.0,1.9416803350006706
41162,5.0,14.0,0.09556085499899858
35554,5.0,14.0,0.12665626750268544
36856,5.0,18.0,0.6967790912023455
46714,5.0,25.0,1.3503708833335466
8577,5.0,25.0,1.1151100250007802
21341,5.0,22.0,1.2035790174996737
10016,5.0,12.0,0.04809360000102414
4703,5.0,15.0,0.033095741500820175
47798,5.0,18.0,25.205773507166725
48276,5.0,18.0,22.954316783971052
46472,5.0,5.0,0.548735155227547
32931,5.0,22.0,95.91319160401645
21482,5.0,5.0,1.6936631998509029
29597,5.0,22.0,69.61769794454769
19536,5.0,25.0,55.139449480024865
2097,5.0,18.0,10.177581013319696
42061,5.0,25.0,46.320605224026
38493,5.0,25.0,39.37906291095024
46423,5.0,25.0,35.836250617622866
27248,5.0,14.0,1.067416128036541
33172,5.0,22.0,43.21438278720818
25892,5.0,25.0,27.733508480034132
46895,5.0,25.0,20.912143008036125
43413,5.0,5.0,0.16493351253751598
42402,5.0,25.0,26.102809318407942
22862,5.0,25.0,13.824665519996152
21227,5.0,22.0,18.159730138128367
21016,5.0,12.0,1.136174430006058
8062,5.0,12.0,3.0145754999844314
7103,5.0,18.0,1.1677035503893975
23457,5.0,12.0,2.2357042499877835
42677,5.0,25.0,8.993095351477564
6572,5.0,12.0,0.24940424999705613
13657,5.0,12.0,0.9505964999914731
748,5.0,25.0,9.522837862406611
45566,5.0,25.0,4.737559684002626
19020,5.0,22.0,1.2447678299981995
10905,5.0,25.0,3.8694326826693253
19718,5.0,12.0,0.07245119999848271
9616,5.0,15.0,0.07200221999687706
48057,5.0,22.0,2.7234451520029985
27051,5.0,12.0,0.3456629399923665
1882,5.0,15.0,0.45965125000287
1449,5.0,12.0,0.046810200001141666
36468,5.0,25.0,0.11800788500000858
25511,5.0,25.0,81.78726192004865
3341,5.0,22.0,99.17375440083163
47154,5.0,5.0,1.078193452770563
15849,5.0,25.0,60.603236440054104
22285,5.0,25.0,56.896633968039964
40421,5.0,5.0,1.9256696490761556
4996,5.0,18.0,4.499201399198682
16209,5.0,25.0,38.99472542028312
32636,5.0,5.0,0.1423896576119148
33141,5.0,5.0,1.1689312426708653
31973,5.0,5.0,0.8627485696228376
17724,5.0,5.0,0.18526092481580747
29114,5.0,25.0,7.095010566666637
2901,5.0,22.0,8.831814456003208
37338,5.0,22.0,11.633357759994063
18872,5.0,12.0,2.312360399985913
48019,5.0,22.0,2.137347302003576
15784,5.0,22.0,6.783901759999722
47230,5.0,14.0,0.6386101274983353
46126,5.0,12.0,2.76503735999151
35071,5.0,25.0,1.5835350346708683
46983,5.0,22.0,0.0462681500012021
15788,5.0,12.0,0.7022773199925432
26594,5.0,14.0,0.13430697599862818
3463,5.0,15.0,0.6861943699979047
7176,5.0,12.0,0.4002396599982916
46928,5.0,14.0,0.07230761600306668
45746,5.0,12.0,0.3862882874978544
24729,5.0,12.0,0.12539516249823102
47648,5.0,15.0,0.11422077999789604
29981,5.0,5.0,12.394397099969922
5895,5.0,18.0,13.544406023931714
3791,5.0,14.0,10.61762501303258
10261,5.0,25.0,79.67285087874936
16990,5.0,22.0,85.34142287283731
35900,5.0,14.0,27.026779264756613
17282,5.0,18.0,4.584319063963662
22691,5.0,22.0,78.25804908563912
1432,5.0,25.0,50.967570640038446
17129,5.0,22.0,54.85479368534497
19665,5.0,14.0,5.188405132901579
16474,5.0,5.0,2.545482666660021
40872,5.0,5.0,13.262719104013058
20112,5.0,22.0,29.55999549653727
25083,5.0,15.0,13.60273211527155
41791,5.0,22.0,32.29327338240555
44613,5.0,25.0,27.334819466697184
44987,5.0,22.0,32.848750240001145
1306,5.0,22.0,29.70667040000845
13205,5.0,22.0,22.32857625601075
29524,5.0,15.0,4.843413891986472
43164,5.0,25.0,11.79484080803433
1617,5.0,25.0,8.10280687184241
3538,5.0,22.0,11.602283562672898
24639,5.0,14.0,0.825263088013827
23005,5.0,22.0,7.463783467207474
16540,5.0,25.0,4.719642708007639
3495,5.0,18.0,1.8392647800009136
43111,5.0,14.0,0.4782354240142723
26028,5.0,15.0,2.2104225600081406
29987,5.0,22.0,1.998206760001315
13264,5.0,14.0,0.43063527350783204
17786,5.0,25.0,4.2440557680023225
23026,5.0,25.0,5.308549518942868
38406,5.0,15.0,1.5441021300075306
23100,5.0,25.0,3.5629882200021825
23826,5.0,25.0,0.22548611280756603
12948,5.0,12.0,0.7538823749880645
39662,5.0,25.0,0.9074889780028306
28183,5.0,25.0,0.7208248350026141
44986,5.0,14.0,0.11449157400701004
40913,5.0,14.0,0.08828257000698692
8774,5.0,25.0,0.2549416355009757
43988,5.0,14.0,39.455160422415474
19721,5.0,5.0,2.6936410000049307
7788,5.0,25.0,80.51143767361211
12236,5.0,5.0,1.4049526666647978
29549,5.0,5.0,15.232603200073981
42265,5.0,22.0,73.68923058721069
39641,5.0,5.0,9.329435136013245
26583,5.0,5.0,3.1497859999917495
29112,5.0,5.0,5.022386807453046
17657,5.0,18.0,13.183231434708844
14143,5.0,25.0,42.517701175470705
18990,5.0,14.0,1.7226939750186432
37045,5.0,5.0,1.203640533321007
44874,5.0,25.0,30.88664797760535
45203,5.0,5.0,1.5232380074668015
4224,5.0,14.0,6.071939576984235
3866,5.0,25.0,17.98963372800592
45950,5.0,22.0,29.25409945199661
23887,5.0,25.0,5.863706794002095
29616,5.0,5.0,0.10084752000059893
43041,5.0,5.0,1.5327669999933136
7783,5.0,5.0,0.5922922666685544
19390,5.0,15.0,3.6018480900009564
17332,5.0,5.0,0.089593200000472
7182,5.0,15.0,3.3781115940087574
25129,5.0,15.0,6.703947227965742
17264,5.0,15.0,2.462144538009582
35460,5.0,12.0,2.697800879992009
19186,5.0,15.0,2.0825270380066705
6645,5.0,15.0,1.8725000070033175
22954,5.0,5.0,0.041517677990146495
41482,5.0,5.0,1.1614923359917242
48344,5.0,15.0,1.5140420400062098
11709,5.0,15.0,1.452038196006061
24130,5.0,22.0,4.58919984000252
7746,5.0,12.0,1.0215312599986852
28555,5.0,14.0,0.3072792299949576
48798,5.0,14.0,0.2602228560059494
23602,5.0,14.0,0.2554552049955223
24311,5.0,14.0,0.19320416999846124
43955,5.0,14.0,0.43682694402213684
6482,5.0,14.0,0.21220251299849835
44962,5.0,22.0,3.469178261998355
42243,5.0,15.0,1.0217191299983348
14187,5.0,18.0,0.5218620833346366
40072,5.0,15.0,0.8026467199977407
33755,5.0,12.0,0.5676726000007335
41757,5.0,18.0,0.425131480001232
31610,5.0,12.0,0.4559034000000146
41260,5.0,22.0,3.3122819200043647
29603,5.0,12.0,0.3539141400000405
20852,5.0,15.0,1.0539527807987703
14150,5.0,14.0,0.00738538699897795
11561,5.0,25.0,0.8340758360000708
32193,5.0,18.0,0.07132518000084209
2033,5.0,14.0,0.006970399998026622
42271,5.0,22.0,0.9205203199999183
9207,5.0,22.0,0.23445884250032623
24435,5.0,22.0,102.22014056000529
2688,5.0,18.0,13.927817762670827
4931,5.0,18.0,15.634722100777779
26827,5.0,18.0,9.99440358800149
49421,5.0,25.0,59.96813102481548
25995,5.0,14.0,2.738702886412824
46199,5.0,25.0,54.80174445974768
30808,5.0,5.0,0.087869703189142
39009,5.0,12.0,7.2538472639159295
41228,5.0,25.0,48.87163732802149
204,5.0,25.0,45.050153375999855
565,5.0,25.0,38.31461249467837
32124,5.0,25.0,32.46310105600793
43812,5.0,25.0,30.91560160322757
30300,5.0,25.0,22.617929553068628
17725,5.0,25.0,18.379342362409126
23051,5.0,25.0,11.622955398404827
47527,5.0,25.0,6.714623403332887
19019,5.0,25.0,5.8189708200018835
17883,5.0,25.0,10.776375661064556
27228,5.0,12.0,3.645734159994092
32884,5.0,22.0,6.317168296512627
29696,5.0,25.0,9.519940638413438
24939,5.0,12.0,0.6074247000000774
28691,5.0,12.0,0.5426413500002472
23058,5.0,14.0,0.12447725499713869
41821,5.0,22.0,1.008339315001686
48167,5.0,12.0,0.30647858250115867
35573,5.0,14.0,0.026516544002210374
41305,5.0,12.0,0.22827000000015918
25992,5.0,22.0,1.2199679119996603
7301,5.0,12.0,0.08425730999945946
16162,5.0,5.0,4.63599809994372
46732,5.0,22.0,104.68877955014895
23737,5.0,18.0,9.716502399960433
28645,5.0,5.0,4.201545600020609
16302,5.0,22.0,66.45465875417464
21154,5.0,5.0,1.3997125439091747
1528,5.0,5.0,0.7163135999955443
28477,5.0,25.0,43.09974950826032
24823,5.0,25.0,39.54734213120658
13428,5.0,22.0,39.27022803041858
498,5.0,15.0,12.917941017602743
12369,5.0,5.0,0.1258755200054793
36446,5.0,22.0,34.29228950802035
46148,5.0,25.0,27.445791385612075
2677,5.0,22.0,30.264867606447872
24074,5.0,25.0,16.274685082663723
47403,5.0,25.0,8.761410876008448
42450,5.0,25.0,7.051345364003641
14497,5.0,22.0,11.016442107206757
38945,5.0,25.0,12.346941323996091
19448,5.0,18.0,2.345046816995458
28016,5.0,12.0,1.93365264000753
26988,5.0,25.0,10.402377881610164
10151,5.0,25.0,6.2749739906725885
32735,5.0,22.0,0.31533035150329525
33286,5.0,22.0,0.5218850340059031
37821,5.0,18.0,1.2310325983981532
4468,5.0,14.0,0.36241713000267595
4766,5.0,25.0,2.9819753599999395
39122,12.0,5.0,0.9031902000069181
23139,5.0,25.0,2.113831416666353
38049,5.0,25.0,2.0147338625000417
22480,12.0,15.0,0.14513905200049582
45724,5.0,25.0,1.2066009920014151
12332,5.0,15.0,0.3275968560015583
4127,5.0,14.0,0.00045999600045654176
27084,5.0,15.0,0.23734800000055145
37416,5.0,12.0,0.11418453749771507
5913,5.0,22.0,0.2459803789997863
612,5.0,22.0,154.44366028794389
25189,5.0,22.0,137.2479883333178
25647,5.0,15.0,24.21817183038496
46578,5.0,18.0,22.512702966683804
8063,5.0,25.0,67.11882292054096
34649,5.0,25.0,59.75205040317036
7683,5.0,22.0,55.40994335039122
43308,5.0,22.0,46.473527174385545
9663,5.0,22.0,38.543427135972465
46190,5.0,18.0,7.147250624006681
5039,5.0,22.0,29.21774809867265
8523,5.0,25.0,23.7932061695982
9229,5.0,15.0,4.956957133501724
24427,5.0,12.0,2.9101113300027563
37953,5.0,12.0,2.6031726750083735
16985,5.0,22.0,16.604081680005415
18842,5.0,25.0,4.956493873332565
5212,5.0,25.0,6.541054935998288
15703,5.0,15.0,2.549160840008213
15887,5.0,14.0,0.8028487800217263
47879,5.0,25.0,4.99273350720237
9241,5.0,18.0,0.2869318400014276
1346,5.0,14.0,0.3877037760022084
48489,5.0,14.0,0.2829066900007149
6679,5.0,14.0,0.22860832949160148
17766,5.0,25.0,2.3503385696663264
3208,5.0,12.0,0.690096900001409
236,5.0,15.0,0.86086344000522
23779,5.0,14.0,0.1829826000015231
17842,5.0,12.0,0.5232999450012343
10046,5.0,25.0,1.7534246999976766
27388,5.0,22.0,2.9863783839975486
40892,5.0,15.0,0.6209093250056164
23703,5.0,25.0,1.3807835589991142
2949,5.0,25.0,0.7052675039990155
21014,5.0,25.0,0.6836172266661147
36908,5.0,25.0,0.45044856250010334
49760,5.0,12.0,0.10663297499984825
8836,5.0,5.0,22.0182452566184
31467,5.0,25.0,91.81235264161174
485,5.0,5.0,24.92244000003052
14897,5.0,22.0,89.53651089919273
49950,5.0,15.0,20.424096816027202
48660,5.0,22.0,38.479183067724215
7447,5.0,22.0,44.03712863364247
24231,5.0,5.0,4.966491651234378
9643,5.0,12.0,4.19346086251619
4035,5.0,25.0,15.819185551977547
7871,5.0,12.0,3.4773394125137216
478,5.0,18.0,5.0240310960030286
14412,5.0,22.0,19.00085268480323
31813,5.0,15.0,5.626534400027204
32141,5.0,15.0,3.260845800002592
5155,5.0,15.0,3.3946960080076423
14097,5.0,14.0,0.8504825039997641
37655,5.0,5.0,0.07276559999328214
39673,5.0,14.0,0.5474677125813976
36603,5.0,14.0,0.6134086679988187
32034,5.0,22.0,3.171577303330327
26920,5.0,14.0,1.7583241709136814
21057,5.0,14.0,0.5123557999917665
29403,5.0,25.0,5.029598785335736
39638,5.0,18.0,1.3619727424990486
23542,5.0,15.0,1.9953604200097779
163,5.0,18.0,2.1480084479954975
347,5.0,15.0,3.935748576026171
31269,5.0,15.0,1.5276725460024352
9827,5.0,14.0,0.24988632000601996
209,5.0,18.0,0.8793862983327614
30377,5.0,12.0,0.892814700003715
5946,5.0,25.0,2.9307063140017116
36268,5.0,15.0,1.1359051600043983
49839,5.0,15.0,0.8710150800040282
23465,5.0,14.0,0.06061331999858233
7904,5.0,15.0,0.46381040699763787
49106,5.0,14.0,0.03168623999870501
41425,5.0,14.0,0.015210588002545045
21230,5.0,22.0,1.1723522293361284
40971,5.0,15.0,0.2631024480009856
13841,5.0,15.0,0.08914618000102736
36470,5.0,18.0,23.175634227264993
23042,5.0,18.0,22.932072496612648
30043,5.0,25.0,79.81682983191135
32418,5.0,25.0,64.04757490370018
30062,5.0,14.0,0.9611693519691471
1626,12.0,15.0,2.162712316729511
49642,5.0,12.0,15.836495519978172
29852,12.0,5.0,15.520898975944817
6587,5.0,25.0,43.38329812826299
2918,5.0,18.0,5.607008328065817
37561,5.0,25.0,30.904189739998316
1058,5.0,25.0,29.605920321593118
20301,5.0,5.0,0.10471161606963619
782,5.0,22.0,31.425247448014616
17358,5.0,25.0,22.906501209593458
3058,5.0,25.0,20.494368843749264
4520,5.0,25.0,21.37082727571984
25754,5.0,25.0,17.856136789366055
39698,5.0,14.0,1.2805213559957167
39142,5.0,22.0,17.55561078401511
8713,5.0,25.0,10.669709260802726
48432,5.0,25.0,9.659560925994043
4871,5.0,25.0,4.2259050239957325
30806,5.0,25.0,8.368865279991866
9662,5.0,12.0,2.069711467501378
8548,5.0,14.0,0.7308697950003022
47380,5.0,25.0,8.641849241591874
8167,5.0,12.0,0.9718290750032388
37199,5.0,12.0,0.9662705625002452
44676,5.0,18.0,0.17277643200014925
6707,5.0,25.0,1.014741340001605
11067,5.0,25.0,89.15135213343243
22215,5.0,5.0,1.0396090527957824
28757,5.0,5.0,1.734668639918425
47254,5.0,5.0,1.251834587201074
14988,5.0,12.0,24.818900016054727
30665,5.0,12.0,2.5951661760527713
41090,5.0,22.0,39.631703385661055
23957,5.0,25.0,19.088653760012278
24780,5.0,18.0,1.0291153264108885
1425,5.0,25.0,9.418445766658508
44231,5.0,15.0,2.657289390000237
41748,5.0,25.0,4.010832875007267
46721,5.0,25.0,3.625229598006241
28816,5.0,12.0,1.612485480002487
29197,5.0,25.0,6.195197334673743
20427,5.0,25.0,5.882295542376081
38347,5.0,12.0,1.2365977575029845
44792,5.0,25.0,1.8129708600021903
4887,5.0,12.0,1.09180335000271
3240,5.0,12.0,1.0363858500040628
4369,5.0,15.0,0.5272146170011176
3653,5.0,15.0,2.328141955200099
47498,5.0,15.0,0.2918948500015457
20972,5.0,14.0,0.11961114000002304
8820,5.0,25.0,1.4035757900012125
36811,5.0,18.0,0.2784169964984953
48593,5.0,15.0,0.5021162100012653
6226,5.0,14.0,0.046130494999598426
38163,5.0,14.0,0.11644830959505725
33993,5.0,14.0,0.027412310001218465
6616,5.0,25.0,0.9525684160020136
14001,5.0,22.0,1.1626111483332928
45899,5.0,22.0,117.60262453345851
49092,5.0,25.0,77.3089324800275
45222,5.0,25.0,113.35335141605154
8115,5.0,25.0,93.65535818886212
25491,5.0,25.0,73.59641400925912
46869,5.0,25.0,58.522270948854896
24508,5.0,22.0,82.01432057929745
6793,5.0,5.0,7.788545999977245
11297,5.0,25.0,51.48120571524771
25630,5.0,5.0,4.374086331757695
35416,5.0,22.0,47.7823341003256
9546,5.0,22.0,50.840454080063935
40677,5.0,22.0,49.63630765207438
33160,5.0,25.0,18.05424659272036
41745,5.0,5.0,5.928849504056345
19573,5.0,15.0,10.757325952039167
15170,5.0,18.0,1.9577509343933386
10625,5.0,18.0,5.459083826408424
196,5.0,15.0,2.3335666200048166
30266,5.0,22.0,19.906490176033373
39750,5.0,12.0,5.317823280017436
20157,5.0,15.0,4.508224199997294
10719,5.0,25.0,13.063354538680514
242,5.0,12.0,2.5946409000104467
33521,5.0,22.0,16.340062374153494
14334,5.0,22.0,6.484897728031555
11098,5.0,15.0,3.1314302699937073
2017,5.0,25.0,5.229732268006142
16956,5.0,12.0,1.8494639850097983
44211,5.0,14.0,1.0717500480004674
48749,5.0,18.0,0.6169600495038043
25009,5.0,25.0,2.072553256673139
38305,5.0,25.0,2.1097109833399994
25256,5.0,22.0,8.823460536020118
6653,5.0,14.0,0.43365191399707115
14627,5.0,15.0,2.4100419600108225
6712,5.0,22.0,1.9838513664089632
3096,5.0,12.0,0.8830331400010714
42598,5.0,22.0,5.5197990784124755
20765,5.0,25.0,2.240422829004393
44752,5.0,22.0,2.8218353720027407
32234,5.0,15.0,0.8088108700012491
39521,5.0,12.0,0.5067573600027231
39489,5.0,14.0,0.12194911800036756
19858,5.0,25.0,2.7539678400063154
5898,5.0,22.0,3.519732796808335
34905,5.0,5.0,12.582822656081817
28964,5.0,5.0,1.7794416000339481
12852,5.0,5.0,12.340558848008357
4653,5.0,22.0,100.05891224649451
48493,5.0,5.0,10.651681229822927
24887,5.0,5.0,21.302064272001644
9419,5.0,12.0,16.16845029602996
34681,5.0,5.0,1.7749844480243553
18629,5.0,5.0,1.12849987194042
15796,5.0,25.0,54.43249613122457
37586,5.0,5.0,1.768783103998004
1802,5.0,5.0,1.7752890698683075
11243,5.0,5.0,2.0673135359956234
16203,5.0,22.0,40.76004491522295
24283,5.0,14.0,8.009215507217334
44062,5.0,22.0,30.504959196038115
7335,5.0,22.0,27.4837532792208
9802,5.0,25.0,20.18046804003057
19221,5.0,22.0,23.667192780056595
2283,5.0,15.0,4.857074963994805
3661,5.0,14.0,1.121165144984225
32437,5.0,5.0,5.302447545622968
19764,5.0,12.0,3.138213112497475
25478,5.0,25.0,15.353094636823137
31853,5.0,14.0,0.5272211232171742
6611,5.0,18.0,3.9318495482153715
13244,5.0,25.0,13.231396419212004
12080,5.0,25.0,4.382420472005407
13024,5.0,25.0,4.196330770002554
20406,5.0,12.0,2.032017374999775
2564,5.0,12.0,1.9291390499948484
23353,5.0,14.0,0.5761439579915262
39883,5.0,14.0,0.4876888199959595
12956,5.0,14.0,0.4645187699950881
4726,5.0,22.0,4.138645665007838
7748,5.0,14.0,0.25349392000065407
32593,5.0,18.0,0.28476251360197047
36079,5.0,22.0,5.874671836791309
37534,5.0,12.0,0.7597586999987893
13107,5.0,14.0,0.20843693999207424
11262,5.0,15.0,0.9967788480011794
4310,5.0,15.0,0.6432016800005442
46569,5.0,25.0,1.1094516341670664
13070,5.0,22.0,1.2554853940023283
14877,5.0,15.0,0.1888316500025029
37724,5.0,15.0,0.12494099999980524
32949,5.0,22.0,134.32109883311833
4410,5.0,22.0,75.11557208074476
35955,5.0,25.0,50.33853006730621
31999,5.0,22.0,61.75274863994875
25714,5.0,22.0,59.47919713700213
43215,5.0,22.0,53.957279743943204
16432,5.0,25.0,41.144149194659164
32706,5.0,25.0,37.90321662724365
23732,5.0,14.0,0.017321397461472543
15965,5.0,18.0,3.0559986570673487
26380,5.0,18.0,3.407819087991548
12304,5.0,5.0,0.15737450931088404
5091,5.0,25.0,21.35638747412341
33355,5.0,15.0,1.1526037619917062
9672,5.0,25.0,11.663634176338906
23991,5.0,25.0,9.138788390501691
30594,5.0,22.0,17.481682129066407
27606,5.0,25.0,8.754616784168544
7826,5.0,25.0,13.502584891473
33724,5.0,25.0,6.650328816018629
35515,5.0,25.0,9.818257278405358
22619,5.0,14.0,0.752490562003139
11813,5.0,15.0,2.894492129990894
37245,5.0,15.0,0.2740808999991913
30307,5.0,25.0,8.069443679994215
25650,5.0,25.0,4.518801437875894
4501,5.0,25.0,9.783821243739258
20552,5.0,22.0,4.373950195192318
39201,5.0,25.0,2.5622599679912774
34736,5.0,25.0,3.699164452664621
27488,5.0,25.0,2.876161214331412
43594,5.0,12.0,0.34664699999532544
31297,5.0,22.0,95.43971155529312
41306,5.0,25.0,67.72464797339015
21851,5.0,22.0,75.17878296720485
26324,5.0,25.0,63.02079567789605
38897,5.0,18.0,7.817004960003473
47538,5.0,25.0,39.937858902995586
3072,5.0,25.0,40.20206147367003
17113,5.0,15.0,14.791530585555108
3210,5.0,25.0,34.720004170703575
45739,5.0,15.0,11.30650571513732
24933,5.0,22.0,28.08598498083348
31964,5.0,12.0,7.942871568006169
15082,5.0,25.0,24.510108848027286
35036,5.0,25.0,21.65959741200509
41006,5.0,25.0,20.52714813868593
20912,5.0,25.0,19.974096500052383
604,5.0,25.0,12.066022549349292
7329,5.0,25.0,11.031974185079036
15389,5.0,25.0,12.442764140789162
15088,5.0,25.0,6.795968335991759
9659,5.0,25.0,3.2571762133401023
1676,5.0,25.0,0.6115093559958886
2219,5.0,22.0,13.538727359995647
2106,5.0,12.0,1.7914874250077837
17305,5.0,25.0,4.104817036793651
20374,5.0,12.0,1.707829342507285
1097,5.0,14.0,0.5235698330069312
9984,5.0,12.0,1.3931346900014496
37839,5.0,25.0,0.6434846903402764
10909,5.0,22.0,6.260432277325915
43936,5.0,12.0,1.1042670900040683
39038,5.0,22.0,7.887293759997359
23004,12.0,5.0,1.370738399985001
37521,5.0,25.0,2.9104033343974187
35714,5.0,25.0,1.8923737546685464
42736,12.0,5.0,0.7143423449967408
33598,5.0,12.0,0.4453366799973075
31828,5.0,22.0,2.0808036256002582
49170,5.0,12.0,0.3439083900005615
17393,5.0,22.0,0.9848710506666234
13774,5.0,18.0,0.06471886799903048
21931,5.0,5.0,16.566821333298748
36064,5.0,14.0,19.55848627208462
47938,5.0,22.0,100.11850412427432
18992,5.0,25.0,74.80444867202189
22993,5.0,25.0,48.545169835211226
40242,5.0,15.0,34.416607007975955
17469,5.0,22.0,44.027866319969974
24015,5.0,25.0,37.67790276266959
10607,5.0,22.0,33.525240000014264
49866,5.0,25.0,25.73911680000287
44888,5.0,22.0,36.113968992001354
39667,5.0,25.0,24.63459935520222
7533,5.0,5.0,0.5100562666782906
43977,5.0,22.0,34.88398625773705
15610,5.0,18.0,5.887038026917828
34560,5.0,18.0,0.43398963359191356
28023,5.0,14.0,1.0220312200156343
2417,5.0,22.0,10.496007389334537
21937,5.0,25.0,14.364318152810693
20913,5.0,22.0,14.06387453280189
8891,5.0,22.0,6.666886005001679
36197,5.0,25.0,6.900448336003713
10561,5.0,15.0,2.202203400012621
11899,5.0,12.0,1.4374438500066091
10745,5.0,12.0,1.4009509875078088
23235,5.0,14.0,0.47423845501323214
34963,5.0,14.0,0.5052372200056361
25702,5.0,14.0,0.449647987510982
47984,5.0,25.0,2.96805382399954
25715,5.0,14.0,0.3539797799951536
5553,5.0,25.0,4.031705950001756
40108,5.0,22.0,3.887590552999317
13099,5.0,12.0,0.8703056100042996
49768,5.0,14.0,0.2832445600065583
24175,5.0,25.0,1.8859512400000744
13516,5.0,22.0,3.022320586662497
29744,5.0,25.0,1.4966376690012568
31007,5.0,15.0,1.2092420800024417
26195,5.0,25.0,2.6895127733348723
30551,5.0,25.0,2.0303780708331916
194,5.0,25.0,2.0334396193347004
20395,5.0,22.0,1.3369933914690932
32673,5.0,15.0,0.6307920000065952
45366,5.0,12.0,0.08438430000245534
26396,5.0,12.0,0.07324535999873927
45163,5.0,25.0,91.53665125072615
3721,5.0,5.0,3.7901288960335933
30670,5.0,18.0,11.360419155166412
30510,5.0,25.0,61.759975756813986
17031,5.0,25.0,67.82661765338992
5373,5.0,22.0,69.3911618112291
728,5.0,14.0,19.522623116797774
13633,5.0,5.0,9.516635118978257
41625,5.0,5.0,3.0810452544065043
23929,5.0,5.0,18.029594160014994
15599,5.0,5.0,1.36895196160566
1141,5.0,12.0,5.0789668799511105
46027,5.0,18.0,8.543033505611604
42474,5.0,25.0,27.445941273613272
47617,5.0,25.0,24.616039428265452
682,5.0,12.0,3.2785876874854907
23007,5.0,5.0,0.7337086000023234
13122,5.0,25.0,6.347329990007715
6745,5.0,22.0,22.557175007974337
2669,5.0,15.0,8.591258217624684
3522,5.0,14.0,4.10311699840701
38560,5.0,25.0,5.272884742338185
43897,5.0,14.0,0.5225276100126521
21536,5.0,14.0,0.5204373939990923
22757,5.0,5.0,0.14900217000308302
24742,5.0,15.0,1.6923909270020872
16397,5.0,18.0,1.7863664304017703
15332,5.0,22.0,7.232162144012818
37933,5.0,15.0,1.3459389200035154
22566,5.0,14.0,0.25107731000079525
4788,5.0,15.0,1.0137116460017648
47524,5.0,15.0,0.8914915500025806
17580,5.0,22.0,4.834651161596186
11470,5.0,25.0,0.6673512240023936
48711,5.0,12.0,0.5134771874964343
28109,5.0,14.0,0.11184548623604051
45615,5.0,15.0,0.695068072001721
27436,5.0,25.0,1.5059100968364598
33454,5.0,15.0,0.6262297800058878
4826,5.0,18.0,0.515081400002356
29446,5.0,15.0,0.4460363200036088
23152,5.0,22.0,1.431187580001716
44414,5.0,15.0,0.7779726864057821
32302,5.0,22.0,1.2475049549989787
15377,5.0,22.0,1.7869533120033627
31754,5.0,15.0,0.20337529500000828
13913,5.0,5.0,0.8381527381985734
48168,5.0,5.0,1.8114094079858205
18499,5.0,5.0,1.583562171754295
31337,5.0,22.0,91.72591590391913
18387,5.0,5.0,0.36785710083512413
37548,5.0,5.0,0.293498214435715
42883,18.0,5.0,3.0197087360192327
42879,5.0,12.0,6.552364800094409
46603,5.0,18.0,1.3803335040074032
5387,5.0,25.0,27.497092415979253
39601,5.0,25.0,21.529125242407886
27750,5.0,25.0,11.928376994997354
439,5.0,15.0,1.8520497983966777
14047,5.0,25.0,8.439580135989647
30646,5.0,12.0,1.940582819999129
36399,5.0,12.0,1.8162746399996053
33195,5.0,25.0,7.646423326665211
19385,5.0,22.0,7.7549306239906315
45927,5.0,25.0,2.88882383866833
20243,5.0,22.0,3.074663579996008
29360,5.0,12.0,0.7411867499997555
31275,5.0,18.0,0.5977709319971414
27541,5.0,25.0,2.4673266400022333
27303,5.0,25.0,1.7805913685470411
46744,5.0,25.0,3.383476742401114
38006,5.0,12.0,0.21204277499770807
6281,5.0,22.0,1.0714193253316897
25034,5.0,22.0,0.5057724799997996
1041,5.0,18.0,23.797335573597593
11789,5.0,25.0,93.78549112306297
18571,5.0,5.0,2.2225013759385774
48107,5.0,12.0,10.04652883207018
17994,5.0,22.0,87.18880368787538
40205,5.0,25.0,64.39546587828207
31308,5.0,15.0,13.102369730488647
49361,5.0,5.0,1.6225297066170583
40470,5.0,18.0,5.1484220688106035
16594,5.0,18.0,3.3621762288173045
41454,5.0,18.0,2.8505465920082713
40262,5.0,14.0,5.4120993119257435
3216,5.0,25.0,44.297015385549074
35121,5.0,22.0,39.28861061807841
28851,5.0,22.0,34.11922216796693
2296,5.0,5.0,0.5291938815865933
4225,5.0,22.0,32.49992280956704
35856,5.0,25.0,24.715673603202653
9873,5.0,25.0,20.66384609596296
26310,5.0,14.0,3.3581574255758824
48225,5.0,15.0,6.418308540015403
46107,14.0,14.0,0.2385705600202357
23626,5.0,18.0,3.511364464015614
47872,5.0,22.0,15.229044230372935
28180,5.0,12.0,2.083080090014633
29479,5.0,25.0,11.216071939981024
48039,5.0,25.0,6.832996580988565
39497,5.0,22.0,11.226404738356745
42548,5.0,25.0,6.448892769658524
43327,5.0,25.0,10.428530271985583
45741,5.0,25.0,8.18924031571677
29777,5.0,22.0,5.062350395991954
30745,5.0,12.0,1.508260935023479
44248,5.0,25.0,2.2732860299921054
37540,5.0,15.0,0.24668279400573923
25950,5.0,25.0,2.9637789679945286
769,5.0,14.0,0.2588454299978018
3815,5.0,22.0,0.7863624899959847
8898,5.0,25.0,0.10244959999907799
46963,5.0,25.0,0.3552602139943861
43814,5.0,22.0,0.7103300864961626
48671,5.0,12.0,0.49828800001554185
24860,5.0,12.0,0.09348194999848314
41423,5.0,14.0,6.6751420288536565
42491,5.0,18.0,22.44327683379666
34969,5.0,15.0,5.625644015932664
10732,5.0,25.0,61.2166471295816
5956,5.0,15.0,8.527587849578708
19533,5.0,5.0,10.842984913056483
11872,5.0,15.0,39.73529456876193
47976,5.0,14.0,6.0418188719463615
15591,5.0,5.0,10.51258234799701
47181,25.0,5.0,41.21304622083137
43976,5.0,25.0,28.23432783361784
32738,5.0,15.0,14.33273673595204
46693,5.0,22.0,27.541330437337777
27965,5.0,22.0,42.76761962932276
25099,5.0,25.0,34.3608551872085
36104,5.0,25.0,25.86203288163015
16118,5.0,25.0,22.339592507760706
44547,5.0,22.0,14.841429810643326
13945,5.0,15.0,8.46788859833606
16164,5.0,25.0,18.14360785602475
39485,5.0,25.0,6.064466686006181
574,5.0,22.0,8.581115466670152
6665,5.0,14.0,0.9849470239887665
3327,5.0,22.0,7.098644975965847
30138,5.0,22.0,8.136554224331762
9138,5.0,14.0,0.6663180279925314
43657,5.0,25.0,2.98908435000544
12978,5.0,22.0,3.6612475006695337
5874,5.0,25.0,1.380706272006588
23089,5.0,15.0,2.263590757492242
29928,5.0,25.0,0.8273232520079077
16385,5.0,12.0,0.8063787900150317
7881,5.0,25.0,2.6361363630028674
43103,5.0,15.0,0.8631475079991482
28037,5.0,25.0,3.636667709340026
36807,5.0,14.0,0.10051616749954917
41961,5.0,15.0,0.6888953999943368
45931,5.0,14.0,0.03880126499921399
46968,5.0,14.0,0.037922144001572455
13677,5.0,12.0,0.22021904999297792
11347,5.0,5.0,16.526426061614444
23951,5.0,5.0,19.217503334425658
18635,5.0,15.0,36.66976876942624
22190,5.0,18.0,13.882692470451332
48056,5.0,25.0,80.89515554405841
27753,5.0,5.0,10.16096943603722
5531,5.0,25.0,44.87599769602029
4554,5.0,22.0,56.738711929454595
34018,5.0,22.0,43.75820908800327
5219,5.0,18.0,9.777974853295987
24606,5.0,5.0,1.6356863999769757
20611,5.0,22.0,31.49113653119585
42795,5.0,22.0,30.406211916797226
40367,5.0,14.0,11.5378573440465
39843,5.0,25.0,16.148305301334652
26312,5.0,14.0,2.5099196330072857
3286,5.0,14.0,3.7421184072305067
1270,5.0,5.0,0.9226448000069141
17718,5.0,22.0,24.52057022666203
1335,5.0,25.0,11.543830624510125
47715,5.0,25.0,11.798526461600517
43631,5.0,22.0,13.96565438854321
16579,5.0,25.0,7.954083306340454
36845,5.0,15.0,3.2255686399846155
7998,5.0,22.0,12.435714623995938
14418,5.0,5.0,3.0738515327909326
29226,5.0,25.0,4.406570805336274
29550,5.0,15.0,1.5909892524982254
47629,5.0,15.0,1.7605473299871193
5721,5.0,14.0,0.3047657459934854
11421,5.0,14.0,0.25630059600076294
38468,5.0,25.0,2.837106744001784
984,5.0,15.0,1.1431458299957242
45251,5.0,22.0,3.2858580116643274
14565,5.0,25.0,2.4217146480016414
2680,5.0,25.0,2.332052925002367
20221,5.0,18.0,0.07269463999674386
35619,5.0,14.0,0.17640440399752855
25477,5.0,15.0,0.6683490399962402
45622,5.0,15.0,0.6248367949967673
19481,5.0,12.0,0.40579049999529637
2181,5.0,22.0,2.0285981524998142
9728,5.0,25.0,1.9068123647999595
33101,5.0,14.0,0.008017121002170668
35159,5.0,12.0,0.2012327399953726
38071,5.0,15.0,0.23703695250099965
8436,5.0,22.0,131.7889977333036
46384,5.0,22.0,119.21549538665906
8044,5.0,22.0,105.21672583198725
28850,5.0,22.0,95.59237464961754
47224,5.0,22.0,86.34145801281068
1386,5.0,25.0,53.28184140004325
39639,5.0,5.0,2.0276405279535368
2938,5.0,12.0,12.503466912038022
109,5.0,5.0,0.07824953334527862
15227,5.0,22.0,27.374812710366506
38977,5.0,22.0,21.119487552030172
1200,5.0,12.0,2.886310560001654
8478,5.0,25.0,3.4544782193356802
48954,5.0,25.0,10.446668623994277
42365,5.0,25.0,7.25103127899526
32246,5.0,15.0,2.1781248960019113
44366,5.0,25.0,3.0882896233341697
17739,5.0,25.0,6.24411047041189
45815,5.0,25.0,1.8733633519988224
25888,5.0,22.0,4.3000770795003795
8819,5.0,25.0,1.889708689998141
38519,5.0,25.0,4.497522366928401
36378,5.0,18.0,1.5087047226534782
24624,5.0,12.0,0.8947476300008965
31649,5.0,15.0,0.22231051500358667
30599,5.0,18.0,0.6221311808345478
8081,5.0,12.0,0.6390939449857793
28449,5.0,12.0,0.3724574699932077
36094,5.0,25.0,1.2227509966697556
19324,5.0,15.0,0.41431466399351624
29477,5.0,18.0,14.049477693266937
12885,5.0,25.0,73.07182168079189
8372,5.0,22.0,79.28404292131955
37679,5.0,25.0,70.56465074667403
2990,5.0,5.0,0.16228625066617042
10024,5.0,22.0,59.05681566668741
41839,5.0,22.0,60.89291352963416
7644,5.0,25.0,44.350577692775445
40230,5.0,22.0,45.41199841922442
23149,5.0,25.0,40.177455775957625
35312,5.0,22.0,26.774844168000463
17536,5.0,22.0,22.385436324811245
37102,5.0,22.0,21.15259326719653
8043,5.0,22.0,22.22222357333537
20181,5.0,25.0,10.645045782503487
31429,5.0,25.0,18.444738479991578
46066,5.0,18.0,3.7529381503911843
37636,5.0,25.0,6.418146399999937
26509,5.0,25.0,12.745717516264058
40482,5.0,22.0,5.6228041746669
15136,5.0,22.0,5.178022260000603
10884,5.0,22.0,10.206782799986232
10426,5.0,22.0,1.63685157700019
30529,5.0,22.0,6.78458584318501
47639,5.0,22.0,0.9935255649990182
47789,5.0,25.0,2.044188167999149
44683,5.0,15.0,1.4025143424204387
7124,5.0,12.0,1.2328840199907525
27761,5.0,25.0,2.8438920960067815
40137,5.0,12.0,0.6846046049975936
30076,5.0,22.0,5.33561143200364
45228,5.0,12.0,0.48525375000101967
36055,5.0,25.0,0.8331161108329024
43203,5.0,22.0,0.16362381866881304
21437,5.0,12.0,0.20765973000127147
34712,5.0,18.0,0.01228998400132264
8536,5.0,25.0,111.16438807947506
29727,5.0,15.0,69.20692111682797
2021,5.0,25.0,78.22897722652513
43301,5.0,25.0,96.99522119935381
10723,5.0,18.0,12.517801503985424
6579,5.0,5.0,9.429202439685525
27918,5.0,25.0,70.52257716445504
28588,5.0,22.0,66.1051907612922
9247,5.0,18.0,19.30298941918724
24545,5.0,12.0,11.704333800058436
35737,5.0,22.0,44.69916402772145
47426,5.0,25.0,31.96440924797824
40999,5.0,25.0,22.19874041599425
41831,5.0,22.0,29.33116392103519
11519,5.0,22.0,27.247422251037463
29925,5.0,25.0,16.529591119996518
42042,5.0,25.0,15.588862346669629
8850,5.0,22.0,19.294538259181273
41035,5.0,18.0,2.270146693328506
25360,5.0,25.0,8.383855603210527
1154,5.0,14.0,1.5577829238900591
39973,5.0,12.0,3.7391266920709825
1576,5.0,22.0,12.154399775187905
41679,5.0,15.0,2.5645211890094544
30326,5.0,25.0,8.432313090664532
20073,5.0,14.0,0.6380282049768091
28490,5.0,25.0,4.849472143995392
48988,5.0,14.0,0.5377281390134527
27143,5.0,12.0,1.5687886125352222
22256,5.0,15.0,2.1441428999864094
47040,5.0,22.0,7.382376731980603
26924,5.0,22.0,4.499458382996565
38235,5.0,12.0,1.1005655250080473
5349,5.0,25.0,3.133793279999834
31407,5.0,12.0,0.8641740000262867
25873,5.0,22.0,0.9989568120013468
12342,5.0,25.0,0.7699295099995975
45878,5.0,25.0,100.3962779758362
34726,5.0,5.0,5.212285190411706
8179,5.0,5.0,39.457147500087046
39417,5.0,22.0,104.94488887344275
28871,5.0,5.0,2.015431249974199
48346,5.0,25.0,71.4450403349299
65,5.0,15.0,51.63264494396685
30956,5.0,5.0,3.5922592426294386
8636,5.0,5.0,7.393544583331206
28276,5.0,5.0,0.6964034399808412
44244,5.0,15.0,5.354604544169092
43901,5.0,5.0,0.36058842879485553
46542,5.0,25.0,30.02858305276804
21719,5.0,22.0,40.280287737552435
38400,5.0,22.0,33.0341950805242
2472,5.0,5.0,1.4566701439767016
1776,5.0,5.0,2.370309943971634
5104,5.0,22.0,27.741125013284602
48015,5.0,15.0,9.418929851973289
49011,5.0,5.0,0.9784576095922688
9683,5.0,22.0,23.206218662352477
18547,5.0,22.0,8.642249446656436
4175,5.0,25.0,5.737276556987528
10682,5.0,25.0,8.388463831665632
7526,5.0,25.0,14.24780232240915
35902,5.0,25.0,10.647403639998757
46054,5.0,14.0,1.4492051999319315
29781,5.0,14.0,0.922038871988935
19571,5.0,25.0,6.3770942528338335
28756,5.0,18.0,2.7254020223965583
2967,5.0,5.0,0.17288354000273642
16216,5.0,25.0,9.162386326641546
41437,5.0,12.0,1.5087724500124509
42689,5.0,14.0,1.631437382436438
46691,5.0,12.0,1.3374356700173635
8627,5.0,14.0,0.4235131399893639
15283,5.0,15.0,1.8123469969903923
42026,5.0,18.0,1.0625527133328116
45753,5.0,15.0,1.634054899982747
3667,5.0,22.0,8.591532684807955
19298,5.0,15.0,1.5061004639882718
47032,5.0,15.0,1.501104839988443
41529,5.0,14.0,0.33189653598810054
12052,5.0,5.0,0.016295919002033088
40159,5.0,14.0,0.2629602179886952
41721,5.0,22.0,5.595068432005075
11447,5.0,14.0,0.1783460999945845
14553,5.0,25.0,2.281040174170349
12117,5.0,14.0,0.16863143999770713
26191,5.0,18.0,0.5555533614995438
27430,5.0,18.0,0.8957452469338172
30086,5.0,25.0,1.9128724773332504
44107,5.0,14.0,0.04981610999664454
16096,5.0,18.0,0.1292980800038399
31002,5.0,22.0,2.4632706559959203
6519,5.0,18.0,0.11339448166948429
8454,5.0,18.0,0.1881831126665121
41366,5.0,14.0,0.018455519997480963
5428,5.0,22.0,0.8747582220010179
15343,5.0,15.0,0.12835402500292226
23349,5.0,22.0,0.2978686079992119
10684,5.0,18.0,18.808284422547928
10535,5.0,22.0,95.81932914134313
17106,5.0,18.0,19.153358840089908
12549,5.0,22.0,92.10559839068264
20650,5.0,25.0,43.85484110233402
45800,5.0,22.0,45.76970155202069
12360,5.0,25.0,38.88054027994322
41083,5.0,25.0,32.31050805466484
23924,5.0,25.0,32.86252947594879
25479,5.0,25.0,23.91410276267281
26888,5.0,5.0,0.06997632003063359
34150,5.0,25.0,15.824104959971024
21915,5.0,12.0,3.433826977512105
22833,5.0,12.0,3.272991600013235
26422,5.0,12.0,2.591310990015536
44307,5.0,22.0,5.948708127997083
6376,5.0,12.0,2.0838069075158003
7425,5.0,12.0,1.9244469000218238
45028,5.0,25.0,3.990878009991098
1017,5.0,22.0,3.5209993279869023
23621,5.0,15.0,0.6649684699856557
44541,5.0,14.0,0.09334673399878746
19062,5.0,12.0,0.38313029999582504
21886,5.0,25.0,1.3983969119997526
31624,5.0,14.0,0.05053209299529904
40282,5.0,15.0,0.3564620400025653
17491,5.0,25.0,0.5167980566645518
29137,5.0,15.0,0.0875418149970133
4919,5.0,15.0,0.016197076499814722
48469,5.0,22.0,115.38630086873945
33373,5.0,18.0,14.400604560005831
19206,5.0,5.0,1.434258719979482
18046,5.0,25.0,52.40387170555702
22635,5.0,18.0,2.9345757717088503
47433,5.0,25.0,41.22293943197438
9137,5.0,5.0,1.618776000009717
41861,5.0,5.0,0.224482892008794
42181,5.0,5.0,0.026523600036327366
13524,5.0,18.0,0.01394885283924907
10870,5.0,25.0,30.047893801572982
8988,5.0,22.0,29.66609048718489
4246,5.0,25.0,21.816135022907822
11632,5.0,22.0,19.406210860834292
28601,5.0,25.0,12.042679757315312
44403,5.0,25.0,11.84060225759923
10344,5.0,15.0,3.310934664000868
36083,5.0,18.0,0.6578966378811799
23607,5.0,12.0,3.2271178440268287
21715,5.0,25.0,3.048672699996505
20928,5.0,25.0,4.112474806496287
32995,5.0,25.0,9.808277150105901
21180,5.0,12.0,1.647026512505846
2506,5.0,25.0,7.079119000539944
45546,5.0,25.0,1.1434143983281047
27106,5.0,22.0,9.516303359996392
3804,5.0,12.0,2.4827011680314257
13777,5.0,25.0,5.698177920016608
41585,5.0,18.0,2.1532461866582704
1556,5.0,14.0,0.35590133999236073
43428,5.0,22.0,3.9260447599987955
18583,5.0,12.0,0.20091405002155227
20512,5.0,15.0,0.3602073699974149
25230,5.0,25.0,2.7348703104110115
27197,5.0,14.0,0.21787911749659727
41171,5.0,25.0,0.053567971998589314
37606,5.0,25.0,2.9145369983910827
14306,5.0,12.0,0.30767339999840715
9210,5.0,12.0,0.2977234499971555
15087,5.0,15.0,0.3292384800099102
8833,5.0,25.0,0.5746854493318896
16537,5.0,15.0,0.19129818800098386
29135,5.0,18.0,0.11390250667164237
37455,5.0,15.0,0.10705252799486642
32318,5.0,12.0,0.06363430500568867
46717,5.0,12.0,0.04325448000250187
43533,5.0,22.0,0.12898972266737263
46871,5.0,5.0,12.6349000666645
31946,5.0,22.0,113.39663023836965
47324,5.0,5.0,1.676677999970849
17041,5.0,15.0,30.969267419603625
44265,5.0,22.0,65.99186088125786
32911,5.0,25.0,49.08376213751134
26595,5.0,5.0,1.3775463000064718
33479,5.0,18.0,13.80982522268856
45597,5.0,22.0,57.30768072957788
49458,5.0,18.0,17.224620070421636
32993,5.0,18.0,10.676612654399335
20729,5.0,22.0,31.1594692533045
34663,5.0,25.0,21.723542999982243
19905,5.0,5.0,0.16865149999423323
159,5.0,22.0,27.00548199677118
29296,5.0,22.0,29.7892244735978
5024,5.0,15.0,15.92100954717462
9289,5.0,22.0,27.18697922242707
35246,5.0,22.0,18.34570232319051
25852,5.0,25.0,19.29025274876482
38651,5.0,22.0,18.63179893757762
38761,5.0,25.0,14.66325635200409
43444,5.0,15.0,4.026651695965008
2719,5.0,25.0,7.169111189992705
48714,5.0,22.0,11.159819944662278
18258,5.0,25.0,6.3757216406575665
17371,5.0,25.0,12.2222230799932
48400,5.0,22.0,10.183042734997892
38764,5.0,25.0,3.23394728999269
30470,5.0,25.0,8.93854364160703
43873,5.0,25.0,3.133607370493012
31072,5.0,15.0,2.364412120470398
3310,5.0,25.0,3.8879404631582
42381,5.0,15.0,1.964654849981116
941,5.0,25.0,2.196996304995956
34822,5.0,25.0,3.9030007099998745
37159,5.0,15.0,2.630693155149295
566,5.0,25.0,5.555965909323895
12500,5.0,22.0,4.36229858399635
22014,5.0,12.0,0.8569126649782337
20649,5.0,15.0,1.0936609899868035
14279,5.0,18.0,0.4876127574978719
23040,5.0,25.0,0.7618479999966787
18973,5.0,22.0,2.5728171273312954
30378,5.0,25.0,2.6264207925278837
31967,5.0,25.0,2.315782469328184
21525,5.0,25.0,1.164884741666517
15971,5.0,18.0,0.16378443333268233
40466,5.0,15.0,0.2775367199879879
19595,5.0,5.0,3.9691269119988988
25090,5.0,5.0,45.275015987961524
10857,5.0,22.0,106.32216720331405
34799,5.0,25.0,74.9372064786609
29053,5.0,22.0,78.35994638953447
25457,5.0,12.0,45.022960200086686
39994,5.0,25.0,45.20480827998827
25781,5.0,22.0,56.87944841496943
20691,5.0,22.0,48.7266736426582
49826,5.0,14.0,3.881942107150479
37940,5.0,5.0,1.9708898400168664
36825,5.0,14.0,8.379628710048522
18995,5.0,18.0,0.9799037567919981
40039,5.0,14.0,5.285861265516317
6313,5.0,5.0,1.6679143166841754
42625,5.0,14.0,1.8703932391636755
18709,5.0,14.0,1.972194650008106
14302,5.0,25.0,18.152800362660763
18846,5.0,22.0,23.35476911354302
17901,5.0,5.0,4.9093879439245995
23438,5.0,22.0,22.062020126113442
14129,5.0,5.0,2.6586773279960454
46640,5.0,14.0,0.8565870347904863
2513,5.0,25.0,16.757088579990373
29,5.0,5.0,0.46433139689006353
37707,5.0,22.0,4.718678716662765
1517,5.0,22.0,13.852826303970794
47420,5.0,14.0,0.9788092799875301
229,5.0,12.0,1.4908997999982212
28590,5.0,25.0,4.614304084165596
34881,5.0,25.0,4.52192509199625
29019,5.0,12.0,1.2732514499819025
8052,5.0,25.0,4.3096335761688245
35287,5.0,22.0,5.443487321663291
41365,5.0,22.0,8.928561967998832
48774,5.0,22.0,4.994775741336074
3601,5.0,15.0,1.5243810510102236
36756,5.0,25.0,3.63647168000179
7685,5.0,25.0,3.1848253679973606
31736,5.0,14.0,0.21073979100381024
8534,5.0,12.0,0.7933612799987326
22591,5.0,15.0,1.0696745099901328
3438,5.0,14.0,0.06871927799453914
18154,5.0,22.0,2.2831439426679223
41318,5.0,15.0,0.5098303019995178
38173,5.0,25.0,1.1913112596673896
28476,5.0,22.0,1.7827971327960004
45362,5.0,25.0,0.6972863039980832
7435,5.0,25.0,0.5965471829989517
1803,5.0,18.0,0.036873209998898204
47471,5.0,15.0,0.08467906999745756
38820,5.0,22.0,129.6744041349255
28493,5.0,18.0,20.784046372472034
33133,5.0,22.0,104.96878987200384
38,5.0,18.0,18.885675483646196
43928,5.0,18.0,15.344856486340205
2463,5.0,5.0,0.009409416660886905
9776,5.0,25.0,34.14575042162572
32444,5.0,22.0,34.91957367682008
39969,5.0,22.0,32.76255963256779
15272,5.0,25.0,21.266460748827235
22447,5.0,25.0,21.123783347983434
23393,5.0,25.0,18.24476668589046
14273,5.0,15.0,4.279015780474246
3419,5.0,25.0,17.218998031995113
41718,5.0,12.0,1.663239832520084
1734,5.0,25.0,13.404971599977252
27184,5.0,25.0,11.683011321615737
36748,5.0,25.0,11.002872448025663
43295,5.0,25.0,10.979412803982818
43427,5.0,25.0,4.901253198998203
1702,5.0,25.0,4.999583242671923
8352,5.0,22.0,10.520970016016667
18859,5.0,25.0,8.132675349873743
48555,5.0,25.0,5.269439433325999
18003,5.0,25.0,2.214066799999041
42666,5.0,25.0,1.930256876669727
44427,5.0,15.0,0.6408360299994573
22316,5.0,12.0,0.4066867200052995
48035,5.0,15.0,0.5092059599963719
6583,5.0,25.0,0.6169017659986866
31367,5.0,12.0,0.03221849999839854
37016,5.0,25.0,82.2845630399259
20007,5.0,25.0,74.14780415992368
46528,5.0,22.0,71.60475362343708
9420,5.0,25.0,56.233730351928386
41411,5.0,22.0,31.0885720799933
38638,5.0,25.0,29.67440011996659
38485,5.0,25.0,29.938123733367966
9512,5.0,25.0,21.097622503964978
40637,5.0,25.0,16.815165223402587
8881,5.0,15.0,2.3896975439205193
44036,5.0,22.0,11.987750559986825
27453,12.0,5.0,1.8678247125441416
6522,5.0,25.0,12.717136359986668
47547,5.0,22.0,10.463227359994189
22901,5.0,22.0,16.745432357320816
18471,5.0,15.0,4.030010116716717
39548,5.0,25.0,10.869573493327064
16426,5.0,25.0,8.843484602696659
1938,5.0,25.0,5.632854383323249
17616,5.0,22.0,2.8028994400007647
14896,5.0,15.0,3.1090542719706846
32255,5.0,14.0,0.39642076801282755
8814,5.0,18.0,0.16290871892464054
46021,5.0,12.0,0.9543293399951516
19654,5.0,22.0,3.258543430393644
26398,5.0,25.0,3.8043229920042343
37170,5.0,22.0,1.041151166662769
41915,5.0,15.0,0.08604009000042012
26699,5.0,22.0,107.68192596000844
28185,5.0,18.0,30.82794772107286
26245,5.0,22.0,88.04646948803486
22868,5.0,22.0,56.36831176621415
37678,5.0,5.0,10.240911647965646
47930,5.0,5.0,13.221903131935903
21252,5.0,18.0,18.843312964505785
11927,5.0,22.0,36.9822302880128
14200,5.0,18.0,9.393622274949934
47263,5.0,25.0,24.782708160016014
10144,5.0,5.0,2.0497391666610696
14496,5.0,15.0,18.77162864007653
30616,5.0,5.0,0.21819605208217752
44061,5.0,22.0,22.718462844843415
12399,5.0,25.0,21.484716755201212
18467,5.0,25.0,18.011827187198712
45188,5.0,15.0,7.991416007872303
37585,5.0,18.0,5.101574835217882
26375,5.0,18.0,4.561020578136677
42652,5.0,25.0,13.413666252761018
44352,5.0,25.0,10.71195476600149
20697,5.0,25.0,12.09576794293828
22247,5.0,22.0,10.268931153001503
15226,5.0,25.0,13.16861551999304
27112,5.0,14.0,0.904443290986606
1523,5.0,14.0,0.7094527999766456
44951,5.0,18.0,2.0264292480039003
1035,5.0,18.0,1.8328234853353536
26082,5.0,14.0,0.5616708319924903
1109,5.0,15.0,2.105896859974937
23135,5.0,15.0,2.245101585006399
32386,5.0,25.0,5.359775231982244
44264,5.0,15.0,1.5309110999744817
49544,5.0,15.0,1.4520171699764326
22409,5.0,14.0,0.34802044499478413
10949,5.0,14.0,0.3379969200029862
9349,5.0,14.0,0.20963484000044197
49548,5.0,25.0,2.1499116440004116
9981,5.0,25.0,1.526673706664865
17193,5.0,12.0,0.3989247600117931
38193,5.0,25.0,0.0879953679993255
27865,5.0,15.0,0.24414851999501153
13413,5.0,5.0,20.08357263771805
33579,5.0,25.0,67.0108837906106
48470,5.0,22.0,66.39429233602856
22209,5.0,18.0,6.341377680070565
5928,5.0,18.0,13.808063270400467
809,5.0,25.0,50.357562115175114
22429,5.0,25.0,50.8612177199751
23758,5.0,15.0,16.958502796795813
30101,5.0,15.0,20.79893510409518
43275,5.0,25.0,24.0386368106616
35745,5.0,22.0,31.94228465067649
26536,5.0,5.0,4.075499250013657
44598,5.0,14.0,8.28430112009542
12001,5.0,22.0,10.454004360002525
38826,5.0,15.0,4.793158565003033
37712,5.0,22.0,21.89544756962698
12585,5.0,5.0,0.5031434000003046
32799,5.0,22.0,18.53742922670654
13623,5.0,18.0,3.8412878847989944
10418,5.0,14.0,0.8632582199949965
7947,5.0,22.0,4.061566458008649
1986,5.0,18.0,3.6475431466685677
32825,5.0,25.0,12.319279045325196
29329,5.0,25.0,11.92894879199168
46356,5.0,12.0,2.02505609998601
26614,5.0,25.0,9.94669795719929
38140,5.0,25.0,6.069005703665287
28733,5.0,22.0,11.833204890656791
2251,5.0,22.0,11.845662336017867
19710,5.0,5.0,0.06278215198754111
44341,5.0,18.0,2.328572697586182
3591,5.0,25.0,4.530756226663099
12172,5.0,25.0,4.284435520000885
33398,5.0,25.0,4.026270854999327
40141,5.0,25.0,3.7536430200008954
6228,5.0,25.0,3.4574148240024503
33542,5.0,22.0,4.49569635000478
16264,5.0,25.0,2.875787943331499
24093,5.0,15.0,0.9941453399946756
39527,5.0,15.0,1.1443521370027465
47363,5.0,22.0,3.478703638000293
26948,5.0,14.0,0.21121570799034295
43546,5.0,22.0,3.44121328266613
36394,5.0,14.0,0.09725246834273804
2534,5.0,25.0,3.3906588160026008
35218,5.0,15.0,0.6068367399963215
22562,5.0,25.0,1.4528771573316215
4953,5.0,14.0,0.04470640601560305
26557,5.0,25.0,1.145623440001415
14929,5.0,15.0,0.38839575600080334
12640,5.0,15.0,0.2844188099990559
49252,5.0,25.0,0.2855372160002523
3527,5.0,18.0,20.297387752042113
6999,5.0,5.0,1.4671079935786224
38057,5.0,18.0,14.937080510327092
28575,5.0,22.0,106.03828358401611
20558,5.0,22.0,80.11168666273598
5877,5.0,14.0,5.416919232050361
32102,12.0,14.0,18.46463308796524
27086,5.0,25.0,57.23322950397959
42081,5.0,25.0,48.58017459358612
21208,5.0,25.0,41.02972346741092
45749,18.0,5.0,8.44996495681319
44545,5.0,15.0,16.212888767951995
33514,5.0,25.0,36.93942375995212
9638,5.0,25.0,34.704357407952244
14229,5.0,25.0,32.64987359999265
15993,5.0,25.0,27.23581397753191
3045,5.0,25.0,27.369590007994084
9506,5.0,25.0,27.45035274664736
20916,5.0,18.0,0.23200744003381146
20886,5.0,25.0,17.736836192017144
27729,5.0,25.0,19.37245987198243
8949,5.0,22.0,19.349575755219746
6117,5.0,22.0,4.487753469005163
32293,5.0,22.0,11.36287855683246
48540,5.0,15.0,1.6602276159945646
48343,5.0,15.0,1.3142414399841869
1778,5.0,25.0,3.89899921066678
17625,5.0,12.0,1.4192364000035695
36204,5.0,25.0,5.773894135327524
25500,5.0,22.0,1.0659241700021234
3828,5.0,22.0,2.460375296667052
28223,5.0,22.0,0.4859874558314279
48274,5.0,22.0,62.07527388592494
41959,5.0,18.0,4.522515333424394
16491,5.0,22.0,60.08599668247871
20416,5.0,5.0,0.08501759998202374
36313,5.0,12.0,17.78094750017729
7072,5.0,22.0,51.97331570774145
24718,5.0,25.0,47.315174044798425
44702,5.0,18.0,2.57098840541461
1443,5.0,5.0,0.4479058368034714
32166,5.0,18.0,1.1471628512362315
34065,5.0,25.0,42.74161749602399
28785,5.0,25.0,36.4155352813474
48285,5.0,25.0,27.446194075222465
13507,5.0,25.0,21.484546948278812
26850,5.0,25.0,19.041614455456752
3502,5.0,15.0,6.885933968804238
36577,5.0,14.0,1.3131783020021004
33390,5.0,25.0,16.54037646719607
46841,5.0,12.0,4.939535964049568
33522,5.0,25.0,6.699906476331101
36950,5.0,12.0,2.8785303750284967
35717,5.0,22.0,12.487627124801591
17960,5.0,15.0,3.730490586027365
28282,5.0,25.0,3.861518248823021
784,5.0,25.0,0.6575940899925534
1797,5.0,12.0,2.0206618950214406
17357,5.0,12.0,1.722677880019166
6635,5.0,25.0,1.8223578999971473
2997,5.0,15.0,1.9777330125123171
41974,5.0,15.0,1.9146370710062612
1341,5.0,22.0,5.114709789335598
1047,5.0,25.0,1.285463724998115
31916,5.0,25.0,3.2892920399987835
796,5.0,22.0,5.999557717331173
25584,5.0,22.0,2.977733188268699
17829,5.0,15.0,0.7825165350028147
29246,5.0,25.0,1.5643347959982332
25,5.0,18.0,0.2719328833290868
16035,5.0,22.0,1.7508611400004273
31133,5.0,14.0,0.034983154003747075
3051,5.0,14.0,0.03336528000231187
3505,5.0,25.0,0.7692838293337232
7061,5.0,25.0,0.8420292379975209
48367,5.0,25.0,0.7333634766669754
13477,5.0,25.0,0.7518690349975539
38543,5.0,12.0,0.14961463500374084
35599,5.0,25.0,0.4389854648003322
14849,5.0,18.0,45.42242245086149
2829,5.0,22.0,129.7280107391322
45455,5.0,5.0,7.2893623573038155
47431,5.0,18.0,26.606309957299544
8365,5.0,25.0,81.18059959547696
17999,5.0,14.0,8.811346344242338
42297,5.0,22.0,56.62722679844957
561,5.0,5.0,1.201149866688766
25470,5.0,12.0,13.81934906407102
5528,5.0,18.0,3.8228136800979087
22307,5.0,5.0,4.640071823984897
48179,5.0,15.0,15.264010147373938
38799,5.0,15.0,15.441968780867342
38860,5.0,25.0,35.0895256135378
34885,5.0,25.0,33.48101008681368
13589,5.0,18.0,7.124866841371002
157,5.0,14.0,9.127758320030196
44364,5.0,25.0,23.47198636663658
27170,5.0,25.0,18.49502433594767
28041,5.0,18.0,3.347620822995143
22477,5.0,25.0,10.458063105647131
21696,5.0,25.0,7.498529288991975
14065,5.0,22.0,18.648889125300368
39069,5.0,12.0,1.963036740006693
49310,5.0,25.0,10.043478163214495
40674,5.0,18.0,0.7068618306657513
49782,5.0,14.0,0.6948519250207568
45369,5.0,25.0,5.877470395992367
45637,5.0,25.0,8.501290748734803
48090,5.0,25.0,8.12970073870154
7281,5.0,15.0,2.063294400009255
28389,5.0,12.0,1.0766938124988314
18810,5.0,25.0,3.690674893325548
10479,5.0,25.0,3.4534365899942117
47884,5.0,15.0,1.520229080005695
36905,5.0,25.0,5.584046230401432
1286,5.0,12.0,1.070209244994441
21490,5.0,25.0,5.028280425607939
38541,5.0,25.0,3.1907657306635056
2676,5.0,12.0,0.8815536749951569
43087,5.0,25.0,1.6141282499972798
39780,5.0,25.0,1.363001544997113
26363,5.0,12.0,0.6638216249990734
49992,5.0,22.0,4.784943225057893
26771,5.0,14.0,0.1539961199947335
41893,5.0,25.0,1.9828747316623314
2876,5.0,22.0,0.0749981439997528
35892,5.0,5.0,7.2464340906084885
40842,5.0,25.0,79.93163551996722
29130,5.0,5.0,1.3585436159431197
39975,5.0,25.0,71.3138500799493
45038,5.0,25.0,48.50239744009741
46009,5.0,25.0,50.56715728008068
34522,5.0,15.0,25.860506599267808
21069,5.0,14.0,11.54229824148527
41496,5.0,25.0,33.195575254514225
34968,5.0,5.0,4.5859775760413655
38660,5.0,5.0,2.1668843920467182
43628,5.0,25.0,22.71868957436454
32792,5.0,25.0,20.160097213331326
49498,5.0,15.0,4.65067838958921
35461,5.0,22.0,21.27172067521567
6997,5.0,5.0,2.858382628059232
12273,5.0,15.0,3.3723887160021633
3688,5.0,14.0,0.9095071780194601
5306,5.0,12.0,2.523175320001947
47196,5.0,22.0,14.20730780801184
11066,5.0,15.0,2.627308150000374
35973,5.0,14.0,0.7689350880129915
7147,5.0,25.0,5.827889733006705
11291,5.0,25.0,8.692300179268859
27956,5.0,15.0,1.9855105499951158
852,5.0,15.0,1.9846422750019883
34673,5.0,12.0,1.3820033100032738
43831,5.0,12.0,1.3392876000049903
27661,5.0,15.0,1.8686666849982174
452,5.0,15.0,1.8624384440061021
10341,5.0,25.0,3.722273900003291
342,5.0,14.0,0.1733019615303526
23830,5.0,15.0,1.021074899993284
39686,5.0,14.0,0.16601206200578922
47895,5.0,25.0,2.037019958993149
21333,5.0,14.0,0.09186967200449914
48619,5.0,12.0,0.42832992000172965
8039,5.0,25.0,1.4483965980085691
15947,5.0,14.0,0.0719545725106947
33807,5.0,15.0,0.4666432350020733
47271,5.0,22.0,1.2529058133361892
19586,5.0,15.0,0.2938373400009784
49436,5.0,25.0,0.3469609250049017
15620,5.0,25.0,89.91559198577517
33812,5.0,18.0,16.989503023159415
49041,5.0,25.0,72.42354532013303
12498,5.0,25.0,68.57405106729988
40196,5.0,15.0,20.98457018893822
19876,5.0,22.0,58.026588893632166
20228,5.0,18.0,0.9027078080144975
15929,5.0,22.0,26.542644001871736
42882,5.0,25.0,18.699997120106318
41505,5.0,25.0,10.790334926018602
34229,5.0,14.0,1.1455018460156765
46360,5.0,25.0,4.99156929701126
14888,5.0,18.0,0.10921822078104526
24490,5.0,25.0,8.288164717350163
32342,5.0,25.0,7.855771280685641
17789,5.0,12.0,2.230948335008925
35534,5.0,25.0,7.704332448542203
40732,5.0,25.0,0.6841676253381159
46701,5.0,25.0,4.583629355003525
5717,5.0,22.0,1.764509253321016
8094,5.0,12.0,0.956005050004439
38904,5.0,12.0,1.5660211800065795
3070,5.0,12.0,0.7264035750015889
34348,5.0,22.0,5.291228072003902
45116,5.0,12.0,0.6478581450043492
46524,5.0,25.0,2.1791614373424686
35867,5.0,12.0,0.39773730000223484
8306,5.0,14.0,0.04282612750497261
34959,5.0,25.0,0.28839120000569674
6104,5.0,22.0,0.6942794000018493
36276,5.0,14.0,0.019598212005460525
6245,5.0,25.0,1.2269072000056336
27635,5.0,12.0,0.042239100000873275
5192,5.0,22.0,0.3693735096645949
25996,5.0,22.0,122.49159277983057
37939,5.0,18.0,15.12571604168582
6276,5.0,18.0,13.395887961697355
29310,5.0,25.0,92.3071188478265
20694,5.0,5.0,1.1639581733362547
755,5.0,25.0,67.68675764036965
44927,5.0,25.0,65.8270524838301
43248,5.0,22.0,65.79652729596572
39208,5.0,25.0,53.60435140789103
22913,5.0,25.0,29.625940078267035
39627,5.0,25.0,43.730875144014945
11413,5.0,15.0,16.820214056225808
31643,5.0,14.0,4.800295814427017
11984,5.0,5.0,0.11271888007240705
10063,5.0,5.0,0.19716480010450255
47683,5.0,22.0,25.67687529590011
6648,5.0,22.0,10.095063379967215
45591,5.0,22.0,12.566923439956874
28761,5.0,22.0,2.142083908972218
8340,5.0,22.0,3.4799827733162054
10473,5.0,22.0,1.4554750673092727
35960,5.0,25.0,8.110733996854286
1830,5.0,15.0,2.345419892018061
27754,5.0,14.0,0.5498606400023149
31679,5.0,25.0,1.5594293999898898
39259,5.0,22.0,4.157529615976383
10832,5.0,25.0,6.401736498381457
44618,5.0,12.0,1.2738888525187697
3640,5.0,12.0,1.2408852000158284
22486,5.0,12.0,0.839210925000831
44997,5.0,18.0,0.4817993173334507
29030,5.0,22.0,3.2775299999933445
42715,5.0,15.0,0.979495657499875
32502,5.0,15.0,0.884706864003423
22461,5.0,14.0,0.073567450005954
39111,5.0,22.0,0.4846737286674705
32204,5.0,22.0,0.1374579541670642
1029,5.0,18.0,48.13084694719507
16000,5.0,22.0,115.54127482451088
18558,5.0,25.0,79.14355680001671
11064,5.0,18.0,21.51330983034532
43435,5.0,18.0,21.879550825492828
7142,5.0,18.0,13.437893314100265
48455,5.0,14.0,16.72855937992142
7138,5.0,22.0,42.57949974961099
42316,5.0,22.0,23.796583175980928
16660,5.0,18.0,8.778720550356496
45982,5.0,14.0,3.2314439424447983
10934,5.0,12.0,6.900833855987173
14980,5.0,18.0,5.190016665576742
1548,5.0,15.0,3.943042536039293
17815,5.0,12.0,2.2507048200071864
36943,5.0,14.0,3.025672980796905
24529,5.0,22.0,10.167379965999265
31682,5.0,12.0,3.345088799992304
4980,5.0,14.0,0.7696802560161871
33627,5.0,22.0,4.828103652994976
21374,5.0,22.0,4.015047727989607
46287,5.0,25.0,3.623804910004086
38143,5.0,15.0,2.670326784007102
20932,5.0,22.0,8.167304979188032
45669,5.0,14.0,0.6549009300091946
25296,5.0,25.0,5.950368873607513
24746,5.0,25.0,3.8539141866729185
12377,5.0,18.0,0.4554061664071867
29768,5.0,25.0,5.360957110403984
14914,5.0,18.0,1.9391311317246664
37085,5.0,25.0,1.7363831009985233
45398,5.0,12.0,0.9125395049863165
33241,5.0,25.0,2.8824891310042284
28980,5.0,15.0,0.9496622000071024
18524,5.0,15.0,0.9894831560145345
17836,5.0,14.0,0.057269844508637036
44786,5.0,25.0,0.10563029666773804
37704,5.0,14.0,0.13748503040253546
4493,5.0,15.0,0.19904775000367803
27120,5.0,22.0,0.27565539999985256
3364,5.0,5.0,10.040171733978525
5827,5.0,5.0,7.61143091190948
35000,5.0,5.0,1.3292063112012045
13978,5.0,5.0,3.543486300012944
13216,5.0,5.0,6.270000623988423
13526,5.0,25.0,72.43830501602932
44467,5.0,14.0,12.592315343811862
26935,5.0,25.0,51.01304027522899
39542,5.0,5.0,5.102362265569639
10252,5.0,15.0,28.91340937925429
7656,5.0,25.0,29.093484204016406
35840,18.0,18.0,5.614372000050274
14377,5.0,18.0,13.842222534713343
24829,5.0,5.0,0.22206335997852023
29774,5.0,22.0,36.38840894639938
48403,5.0,25.0,25.398511513583927
30628,5.0,22.0,27.225901884225436
5933,5.0,5.0,1.4896544000224239
37152,5.0,5.0,0.014536550412472593
40763,5.0,22.0,22.878149675523694
28103,5.0,5.0,0.4325728319843236
11633,5.0,25.0,8.64514775634187
45708,5.0,14.0,0.7973716300194056
43857,5.0,5.0,1.0878262271625232
10168,5.0,5.0,0.3999843000027212
5525,5.0,5.0,0.04281335998829405
13396,5.0,5.0,0.5243644799953913
2478,5.0,18.0,0.41850225598995294
32893,5.0,22.0,4.119340347510384
1633,5.0,12.0,1.600843800010022
22125,5.0,15.0,1.739755632024611
33744,5.0,14.0,0.39222817501369533
33821,5.0,15.0,1.6654686600213324
39392,5.0,25.0,6.209798602689691
29698,5.0,22.0,5.104646061993734
20544,5.0,14.0,0.4698604239948807
3896,5.0,12.0,0.8105381400078517
41996,5.0,25.0,4.269176664020476
31289,5.0,12.0,0.6975199200070197
42100,5.0,25.0,3.3964892682687218
8662,5.0,25.0,1.8626598645019987
1226,5.0,15.0,0.6658478440102957
20600,5.0,25.0,1.542789768002729
5315,5.0,14.0,0.08075480000839619
22624,5.0,15.0,0.4824902400076496
5664,5.0,22.0,1.3763136279989174
3503,5.0,22.0,90.44636960004837
11091,5.0,18.0,11.059486751949095
31127,5.0,25.0,56.527671791987174
39027,5.0,18.0,12.357076694372566
5242,5.0,25.0,52.71101819518353
37402,5.0,14.0,5.617223078376611
10370,5.0,15.0,18.280080720113574
48842,5.0,5.0,1.406241216034772
45424,5.0,15.0,11.929129824110788
22911,5.0,18.0,6.9514036997846205
37239,5.0,25.0,41.90467082662295
19976,5.0,25.0,34.33917664963117
18270,5.0,25.0,32.14427104010743
19458,5.0,25.0,33.15172354722097
3701,5.0,25.0,25.184122260028005
6352,5.0,22.0,30.325747744025037
43701,5.0,25.0,22.418578383491415
29048,5.0,22.0,31.771677456117864
2159,5.0,22.0,25.991488573817904
7624,5.0,25.0,21.08127701761915
5490,5.0,15.0,4.149038739011537
45303,5.0,25.0,6.317805702508661
27944,5.0,15.0,1.674233264014191
8026,5.0,25.0,5.044170735005039
33811,5.0,22.0,4.861993344007562
6421,5.0,12.0,1.4674870425262263
2309,5.0,12.0,1.4575791000253133
499,5.0,12.0,1.2393573825204598
20465,5.0,12.0,1.0023226500108677
14437,5.0,12.0,1.5757510800074073
46986,5.0,12.0,0.9376694850100744
47937,5.0,12.0,0.9152274000092078
48094,5.0,15.0,0.3481792319999766
11706,5.0,22.0,1.2723043200005435
7927,5.0,22.0,0.03428839999680733
35817,5.0,25.0,3.713458019989682
32594,5.0,15.0,0.6704108520039096
23172,5.0,22.0,2.180403789009592
44159,5.0,25.0,2.217578380805006
10154,5.0,12.0,0.3383032800071293
14083,5.0,12.0,0.32852901000948975
30016,5.0,12.0,0.2552194200063598
13049,5.0,22.0,105.39397175556934
48036,5.0,22.0,94.56465662335711
24309,5.0,15.0,26.708143925482943
42003,5.0,22.0,85.61798780473259
12745,5.0,5.0,3.916727999944726
37463,5.0,25.0,71.77122407533616
11356,5.0,22.0,81.03304088535319
24009,5.0,22.0,70.40048837744793
48659,5.0,25.0,60.5440926718243
30112,5.0,5.0,0.049767000001054384
8540,5.0,12.0,20.727756480135668
19620,5.0,22.0,53.10883204365176
5322,5.0,25.0,38.76475586480716
46797,5.0,22.0,51.94878787007265
14379,5.0,25.0,33.846725033510936
13696,5.0,5.0,1.9939026239961777
14012,5.0,22.0,32.78998663618073
46377,5.0,25.0,18.3100577167868
33679,5.0,25.0,10.409028090353509
47911,5.0,15.0,2.9770464450025003
43384,5.0,12.0,1.152637500013988
5412,5.0,22.0,11.375794976041856
30296,5.0,25.0,4.577079645011473
4729,5.0,12.0,0.5905866000010498
16544,5.0,25.0,5.606366452816546
36740,5.0,12.0,0.5789505224953153
40511,5.0,12.0,0.5649671999972785
12476,5.0,12.0,0.5135807999979125
13859,5.0,18.0,0.2240144140044591
27658,5.0,22.0,1.3741455866722374
30860,5.0,25.0,0.8382320040045634
5527,5.0,25.0,0.3476062500032149
16592,5.0,5.0,13.24130399998694
46354,5.0,18.0,29.304499950981864
19016,5.0,5.0,32.5494381152339
43711,5.0,18.0,3.820120706667794
8361,5.0,18.0,13.214623737304763
37861,5.0,15.0,18.144683827092877
7653,5.0,18.0,16.39094627010394
19220,5.0,25.0,29.237823347187174
23995,5.0,22.0,41.92413500099057
38365,5.0,18.0,0.6103560184462538
41013,5.0,5.0,1.0249543333951436
30247,5.0,22.0,30.4242128719833
14924,5.0,14.0,1.2790780650038656
14378,5.0,15.0,4.940377170000588
27742,5.0,14.0,0.9576335699992953
9950,5.0,15.0,6.378957192003469
5040,5.0,25.0,11.06153372408243
14758,5.0,18.0,2.190749339990223
11639,5.0,25.0,9.436364684764332
15021,5.0,15.0,2.480228159998852
41551,5.0,22.0,7.29134314134723
3582,5.0,22.0,10.21867557572895
12687,5.0,25.0,7.042646641591498
32185,5.0,25.0,4.234998935988294
29312,5.0,25.0,1.5841282009914348
30604,5.0,22.0,4.558468283002462
2427,5.0,15.0,1.0640567999988502
8083,5.0,25.0,0.7195912959853477
47098,5.0,25.0,3.3426515039860014
24964,5.0,18.0,0.4498592399977568
46001,5.0,18.0,0.4391848999973247
5871,5.0,15.0,0.6089615459937683
898,5.0,12.0,0.31759751999481445
29031,5.0,18.0,0.2481201499984098
42807,5.0,15.0,0.14586749999771698
2936,5.0,22.0,0.5155580739983812
34721,5.0,22.0,156.72566435512127
45204,5.0,25.0,113.47787955833027
43177,5.0,5.0,21.06349841084119
40269,5.0,14.0,8.764107552088376
19671,5.0,5.0,1.0841480256046339
48572,5.0,5.0,1.5440809200513286
30022,5.0,18.0,13.162470634695453
37358,5.0,25.0,82.90743456004085
44192,5.0,25.0,79.27087769603901
38115,5.0,5.0,5.997733822889074
11342,5.0,25.0,60.826207347159595
46186,5.0,5.0,10.442668953713707
42554,5.0,25.0,57.124519843867915
33449,5.0,5.0,1.8290695680363172
16642,5.0,5.0,2.6630324223788477
19617,5.0,5.0,1.0543878666604911
24653,5.0,25.0,38.26162705262465
5965,5.0,5.0,2.108067327965216
13920,5.0,5.0,3.302590549373022
9356,5.0,25.0,26.418807964070936
48051,5.0,22.0,33.37514598401449
10240,5.0,22.0,28.357056733890303
31245,5.0,5.0,0.40574760962587675
20458,5.0,18.0,6.184830279985569
17830,5.0,14.0,1.5048879000079793
16280,5.0,15.0,3.69781980000716
33954,5.0,5.0,0.7541957800056593
21969,5.0,14.0,2.0951295749968963
26817,5.0,22.0,12.943280243189644
25092,5.0,25.0,13.597307520010784
34171,5.0,22.0,17.650319084860623
17959,5.0,18.0,3.4617386239745933
26025,5.0,25.0,7.4132174373356055
17817,5.0,14.0,0.7127342159929384
46601,5.0,22.0,14.052538224039939
15097,5.0,25.0,1.6260534930037416
36073,5.0,5.0,0.08572032000808605
11491,5.0,18.0,1.5294277819905595
14649,5.0,14.0,0.5057346539907535
7160,5.0,22.0,6.503656569505038
13448,5.0,14.0,0.5807649375001418
45175,5.0,15.0,1.7930192400023799
26796,5.0,22.0,9.308689220029324
39967,5.0,15.0,1.6720529450075112
1987,5.0,15.0,5.228994799989703
49885,5.0,15.0,1.558798200005267
39260,5.0,14.0,0.34683923999517674
12306,5.0,22.0,7.5735772458743185
10594,5.0,15.0,1.1607725400021476
41824,5.0,15.0,1.0048714399961653
31839,5.0,18.0,0.3815998100014868
13296,5.0,14.0,0.2660400640018956
22034,5.0,14.0,0.11139565500072912
36278,5.0,22.0,2.0067982110013807
32604,5.0,22.0,1.8712166720009846
40662,5.0,15.0,0.3547791465004435
518,5.0,15.0,0.3344775599958272
31129,5.0,22.0,0.5553732400012747
5901,5.0,22.0,0.5175624375025474
15425,5.0,22.0,0.3440023215026127
9374,5.0,12.0,0.0025687200024477885
7900,5.0,5.0,4.1443955713520495
713,5.0,18.0,13.72609683832846
39307,5.0,25.0,73.8620806032342
19628,5.0,25.0,64.29774259198808
48674,5.0,5.0,0.5851358720146607
27688,5.0,25.0,53.29556064000188
18208,5.0,18.0,5.6050831199733295
33599,5.0,25.0,29.899116800030598
28036,5.0,25.0,27.046497479978086
14558,5.0,25.0,23.263946667184605
26193,5.0,5.0,0.10576853333974157
36818,5.0,12.0,5.949857423973668
2913,5.0,22.0,18.165120555999763
1693,5.0,22.0,5.552691969595013
11145,5.0,12.0,1.5265127999905808
38131,5.0,12.0,1.4093695874987873
14661,5.0,12.0,1.3955881799910692
15507,5.0,15.0,1.924546470005069
23201,5.0,12.0,0.25638383999529424
33363,5.0,14.0,0.3967623675128493
24487,5.0,15.0,1.14762495000309
7094,5.0,25.0,2.5050625199957732
31302,5.0,12.0,0.6509945999961246
33324,5.0,25.0,0.9878191999930124
15843,5.0,14.0,0.0034102350016977923
12559,5.0,22.0,0.734974175666224
30277,5.0,18.0,22.721568328884786
1647,5.0,25.0,89.12948412689428
4078,5.0,18.0,10.742217171520593
33046,5.0,18.0,11.413153787996464
42825,5.0,18.0,8.516659996766847
28310,5.0,18.0,8.179879243222231
39352,5.0,25.0,61.18572998385474
48333,5.0,25.0,51.33833177276172
1831,5.0,25.0,52.33269194401723
8469,5.0,25.0,43.12576917333824
6538,5.0,18.0,1.7762214719823959
31723,5.0,25.0,40.17515691508129
27872,5.0,25.0,32.44668449267941
1424,5.0,25.0,25.857616531153255
31769,5.0,22.0,26.29441759142164
2796,5.0,25.0,18.46317199986784
44731,5.0,5.0,0.6375614977197301
2291,5.0,25.0,11.793805440033026
41121,5.0,15.0,6.332058679959104
41135,5.0,25.0,7.422558830908905
38722,5.0,14.0,0.6916413480044667
46445,5.0,25.0,6.577935470004009
18215,5.0,15.0,2.353236540005394
24599,5.0,22.0,12.344815750192467
4388,5.0,15.0,2.235793653029461
43379,5.0,25.0,3.7567122399968795
36379,5.0,15.0,1.819634982025022
4828,5.0,15.0,1.6790814555070739
21149,5.0,25.0,6.921697140813455
17633,5.0,14.0,0.2732736720204585
28206,5.0,15.0,1.2975206519912028
45745,5.0,18.0,0.5408077533320048
31446,5.0,15.0,0.8200636800102608
6885,5.0,25.0,1.8296530709990622
35475,5.0,14.0,0.11323184800544439
31340,5.0,18.0,0.37295617333523534
25642,5.0,14.0,0.0619121920066954
49384,5.0,25.0,0.3229514666694424
30243,5.0,22.0,0.7101922470064901
1227,5.0,15.0,0.35239578749571177
16562,5.0,12.0,0.17535314999676022
42616,5.0,5.0,29.09524516915309
10467,5.0,5.0,13.991611420893008
26967,5.0,25.0,87.66585095996763
49834,5.0,22.0,94.12209679910544
14917,5.0,25.0,54.49762258248215
135,5.0,5.0,4.010258999990782
11409,5.0,22.0,45.62117801601077
16954,5.0,18.0,3.955342967546052
10942,5.0,22.0,30.085528729673285
18359,5.0,18.0,6.149811963818273
41845,5.0,25.0,19.090864175961265
36033,5.0,25.0,18.870551951886824
27955,5.0,18.0,3.906980262420859
30484,5.0,22.0,27.148565857043025
39858,5.0,22.0,21.36932849123923
8288,5.0,25.0,7.075360048995542
7459,5.0,14.0,0.9585849164848455
45818,5.0,15.0,3.2735464410215656
41391,5.0,25.0,11.598376156781697
17734,5.0,25.0,7.0386663434937375
611,5.0,25.0,6.980736597324288
12005,5.0,14.0,0.6293951629919228
46782,5.0,15.0,2.3986047229945733
37541,5.0,14.0,0.5848779899837737
24769,5.0,15.0,1.9293274529847686
47898,5.0,15.0,1.8301430639852256
28717,5.0,15.0,1.4733707560057603
35504,5.0,25.0,1.7305940299948546
1554,5.0,15.0,1.084603459993609
46911,5.0,22.0,2.686239191995787
5385,5.0,15.0,0.9577082365050646
20032,5.0,15.0,1.008702938998292
33903,5.0,25.0,2.4201957659985887
49269,5.0,15.0,0.7266683640011546
49657,5.0,14.0,0.08467521599969352
3771,5.0,15.0,0.6705568999948781
26232,5.0,22.0,2.9732509392073734
27730,5.0,25.0,0.04041887665868682
21922,5.0,15.0,0.34862984400245267
13824,5.0,22.0,0.48516335466828897
7899,5.0,25.0,104.0650588656423
43675,5.0,5.0,15.476176435121658
25912,5.0,25.0,74.68097368381996
4527,5.0,5.0,4.26648831996016
42040,5.0,5.0,40.74803992810075
13451,5.0,5.0,0.6056511999878182
13067,5.0,25.0,71.75865379666767
33567,5.0,5.0,3.7196799999638017
14442,5.0,18.0,11.359155942442072
33401,5.0,5.0,6.726325632052124
47131,5.0,22.0,36.89963877590618
40144,5.0,5.0,4.304454120001324
2073,5.0,25.0,23.393118329552713
36360,5.0,25.0,22.372127689620108
23435,5.0,18.0,6.611163344032001
27863,5.0,5.0,0.80919756373941
42679,5.0,5.0,1.5990020820137758
125,5.0,25.0,20.83005587755831
15649,5.0,18.0,5.676105258685446
33585,5.0,15.0,4.476424439976185
35926,5.0,15.0,8.931455423934466
36230,5.0,5.0,0.003669504042740357
8082,5.0,14.0,1.4375529179949211
20944,5.0,12.0,2.3713982399804863
23959,5.0,22.0,9.757314269985065
3565,5.0,25.0,7.379904614973309
7510,5.0,15.0,3.0668953769806606
43201,5.0,15.0,2.916174276460964
12926,5.0,25.0,6.346471853974096
12407,5.0,25.0,5.649686145659313
32115,5.0,15.0,2.312529063986002
12962,5.0,15.0,2.1210548379744196
659,5.0,25.0,4.591890822000531
30548,5.0,25.0,6.315129599972199
17638,5.0,15.0,2.289023832002975
48705,5.0,14.0,0.27391288799824665
18199,5.0,22.0,1.4260004181601236
7532,5.0,14.0,0.2369676599907944
21692,5.0,15.0,1.121022758993325
4021,5.0,5.0,0.2479841791965498
5503,5.0,15.0,0.9441329159945777
2507,5.0,14.0,0.15335784598787328
12953,5.0,18.0,0.8021924890721905
29283,5.0,14.0,0.1425296225132726
17988,5.0,14.0,0.13820977198274775
24998,5.0,14.0,0.28506103043062403
27262,5.0,14.0,0.12081065699712745
24634,5.0,25.0,1.6560319100026621
28114,5.0,12.0,0.3058851899947017
37488,5.0,12.0,0.19633349999327088
34010,5.0,18.0,0.004135146168732673
48216,5.0,22.0,0.43614310199909423
14913,5.0,22.0,0.2864299659987395
34379,5.0,22.0,108.69676849324873
45361,5.0,22.0,107.86840712807134
14728,5.0,22.0,102.79906310946032
16012,5.0,25.0,80.35773103985878
23492,5.0,22.0,96.58825437342426
48388,5.0,18.0,15.167195106566169
16892,5.0,25.0,63.30386672002146
20531,5.0,14.0,8.720152880118235
49906,5.0,25.0,42.10964536001188
49326,5.0,18.0,5.8367110527671855
5754,5.0,25.0,40.35252817646541
43758,5.0,12.0,10.77945931192869
34820,5.0,22.0,39.45538623989138
570,5.0,12.0,10.128433728015239
42416,5.0,22.0,34.16628648000824
1940,5.0,18.0,2.143705919958677
6781,5.0,18.0,2.08252128263387
32133,5.0,18.0,0.9319495112082663
49454,5.0,14.0,1.2864032085074157
20859,5.0,5.0,0.03476915993718421
24366,5.0,25.0,8.91438581501274
25260,5.0,12.0,3.8710256159072856
5274,5.0,12.0,1.065805499998831
15822,5.0,25.0,10.02066400318472
14909,5.0,15.0,0.20960223599432481
5308,5.0,14.0,0.3102448139867544
5079,5.0,22.0,4.711904707169493
31634,5.0,25.0,2.4294128539974205
15883,5.0,25.0,1.7672609199925766
9167,5.0,25.0,0.8512122919964913
6471,5.0,25.0,0.5248676646642698
26128,5.0,25.0,2.38028410613412
2252,5.0,22.0,119.79550043537827
31545,5.0,22.0,107.09835803728276
3379,5.0,22.0,94.76914157438128
49584,5.0,25.0,69.22603184396883
21313,5.0,25.0,63.82630198010352
34817,5.0,5.0,0.3975173440001356
38020,5.0,25.0,60.381969219296224
16128,5.0,18.0,2.2135117183550364
14469,5.0,5.0,0.3242487359885615
2126,5.0,22.0,38.224505868821936
7316,5.0,25.0,37.61347464547701
44757,5.0,25.0,33.251963264047646
47674,5.0,12.0,5.314051200023442
42447,5.0,25.0,20.95603834555105
4519,5.0,12.0,2.6973742799724505
17769,5.0,15.0,3.5655488000015367
17968,5.0,25.0,13.087706720039218
1866,5.0,25.0,6.334630709998665
17560,5.0,15.0,2.255865071985234
36592,5.0,22.0,2.1765556799986143
31952,5.0,14.0,0.5287050549910361
13081,5.0,14.0,0.43110494999017845
25750,5.0,25.0,3.916709049004222
26723,5.0,12.0,1.1358410249988005
46137,5.0,22.0,0.5385758826664375
19,5.0,15.0,1.0290527490038723
18058,5.0,12.0,0.7067626275006234
43069,5.0,18.0,0.5731550099941858
36191,5.0,25.0,3.8485329144132567
11938,5.0,12.0,0.5833120124960853
39449,5.0,12.0,0.3219953250006222
4053,5.0,12.0,0.049474560001106394
10388,5.0,5.0,29.843366908596067
943,5.0,5.0,22.052010699064198
8677,5.0,18.0,26.827219223928807
29800,5.0,5.0,31.97402720659494
3576,5.0,22.0,98.94828093604598
28424,5.0,22.0,86.37586647023203
48759,5.0,25.0,51.60559350388807
48280,5.0,22.0,63.86619399998263
39071,5.0,25.0,38.41708996148088
42692,5.0,5.0,0.9606720667572262
212,5.0,22.0,43.72211842118011
36569,5.0,14.0,22.003150348662075
34509,5.0,15.0,14.54935084792504
15403,5.0,25.0,22.827568098865157
35253,5.0,22.0,25.833843815931836
29238,5.0,22.0,26.224985595695443
37207,5.0,22.0,14.417573798348926
47750,5.0,22.0,6.90604574964204
49605,5.0,25.0,11.46514092714693
5798,5.0,15.0,3.5715236159700865
5623,5.0,22.0,8.463710783980794
45297,5.0,25.0,7.406562000484001
47006,5.0,15.0,2.8865681600104978
36459,5.0,25.0,5.772865995966345
15646,5.0,22.0,10.661193361598158
30168,5.0,14.0,0.5780426269776306
37658,5.0,12.0,1.482478500027156
43806,5.0,14.0,0.4748970239890049
6150,5.0,25.0,3.456930622654127
41702,5.0,25.0,2.9147034999904378
9388,5.0,22.0,7.328060093327206
25608,5.0,12.0,1.1143753499830247
43555,5.0,12.0,1.121702700016666
18570,5.0,15.0,1.5750454400004799
39108,5.0,12.0,1.040092500012591
185,5.0,14.0,0.3059111399759864
14788,5.0,22.0,2.749774234655365
25013,5.0,14.0,0.20657297998982216
24343,5.0,14.0,0.18550294498550102
1784,5.0,12.0,0.4534258800048594
7954,5.0,25.0,0.04683834399501219
48480,5.0,18.0,0.2606790699941395
34076,5.0,12.0,0.24077833500358015
24455,5.0,25.0,0.9419111424082116
29911,5.0,15.0,0.07461399999771734
25023,5.0,5.0,6.479254871414582
21444,5.0,25.0,92.40659348876244
42049,5.0,5.0,13.67875319489508
47362,5.0,22.0,102.66859190410693
43983,5.0,5.0,12.660933120268453
39083,5.0,25.0,73.96362351996666
25591,5.0,5.0,11.171169382532241
47800,5.0,25.0,54.17627409064539
34911,5.0,25.0,39.757781568130184
29467,5.0,25.0,36.67062079168292
4521,5.0,25.0,28.01477493123221
28685,5.0,5.0,0.5739130880353969
14201,5.0,14.0,15.081409292850935
36380,5.0,5.0,2.7163176959958832
48313,5.0,25.0,22.40663360639764
26260,5.0,5.0,0.5598094847927797
19692,5.0,5.0,0.9162493440198318
18316,5.0,5.0,1.2704970239913322
31918,5.0,15.0,4.764412799979539
35303,5.0,5.0,0.4822176240219278
8096,5.0,14.0,1.138700699987453
28825,5.0,5.0,0.7350059519708338
49484,5.0,5.0,0.1304325119947336
46625,5.0,15.0,3.6293205039856673
40395,5.0,22.0,16.906656002082947
28706,5.0,22.0,18.883111455940767
42980,5.0,5.0,0.4193747599956552
49505,5.0,15.0,3.7860391199850696
33671,5.0,14.0,0.8047214171439592
7773,5.0,12.0,1.901016210017218
40145,5.0,14.0,0.6780465761182981
7183,5.0,15.0,2.547481272642365
18278,5.0,25.0,6.238873119996935
4048,5.0,22.0,10.154489100023866
29794,5.0,14.0,0.4598618909945493
18453,5.0,14.0,0.4293828599975349
29485,5.0,15.0,1.7610989789817424
26176,5.0,25.0,4.1581730666704875
12957,5.0,22.0,7.906055136012224
18843,5.0,25.0,3.765855819998624
25957,5.0,14.0,0.318895217994811
24495,5.0,14.0,0.30127268099850113
10697,5.0,18.0,1.5822487381325647
6632,5.0,22.0,6.974313947178427
15212,5.0,22.0,6.754327999978502
45623,5.0,22.0,5.272570829312162
40075,5.0,22.0,0.8117114833394252
45490,5.0,15.0,0.7622323139875569
494,5.0,22.0,4.0582748602564145
48141,5.0,14.0,0.10596336000073592
47138,5.0,22.0,3.854083346133809
11610,5.0,15.0,0.6879649949895086
18304,5.0,25.0,1.5576954533360143
22107,5.0,14.0,0.055688399996405735
34358,5.0,15.0,0.542998824003706
4515,5.0,25.0,1.740439103991073
27800,5.0,14.0,0.018320310003550944
24880,5.0,15.0,0.2912417099927307
26746,5.0,25.0,0.28141545000257007
47123,5.0,15.0,47.71200773157534
5844,5.0,5.0,7.759935359504539
26741,5.0,18.0,14.616761281172757
6513,5.0,15.0,20.408322568636038
4363,5.0,25.0,55.92532854232974
39972,5.0,18.0,10.169765486412686
26368,5.0,5.0,0.01024530507874033
31831,5.0,18.0,7.959190694417529
41975,5.0,25.0,39.574894620817304
47667,5.0,18.0,1.0880020440475988
29517,5.0,18.0,0.011975980812110265
47079,5.0,22.0,22.47212184476821
20926,5.0,25.0,21.349134883148118
11286,5.0,22.0,13.897283975826127
25656,5.0,25.0,12.89592059733259
49598,5.0,22.0,15.896305132793593
46349,5.0,12.0,3.2842938000062105
9760,5.0,15.0,4.391108886340952
12981,5.0,12.0,1.800896655019315
44356,5.0,15.0,2.21455931997707
1078,5.0,25.0,9.204018047986228
32630,5.0,25.0,1.633379895998857
78,5.0,12.0,2.4860403120069137
11230,5.0,12.0,1.5436772400271153
24330,5.0,25.0,5.031426422386865
46111,5.0,22.0,0.68525149332784
32641,5.0,25.0,1.1433405056070036
38622,5.0,12.0,0.9617594699833951
25038,5.0,12.0,0.8854949999961637
9382,5.0,22.0,2.049476265591368
31187,5.0,25.0,2.0536417306660644
30777,5.0,14.0,0.007959398387134442
12211,5.0,22.0,1.538707146002463
597,5.0,15.0,0.3789201899974515
47383,5.0,25.0,0.953808252665485
371,5.0,25.0,0.20091612999956054
221,5.0,18.0,18.060771071927007
48212,5.0,12.0,18.341553216352054
15852,5.0,18.0,6.983405920055617
44485,5.0,18.0,11.289818317384999
5970,5.0,22.0,51.81748187990806
8893,5.0,18.0,2.7891701999561462
40225,5.0,25.0,47.77763211628441
39102,5.0,22.0,41.741994966470614
31862,5.0,22.0,40.35082752881996
696,5.0,25.0,34.52459767043082
45217,5.0,25.0,35.52760220802321
23392,5.0,25.0,36.634419946684105
38951,5.0,25.0,29.04785213919201
29132,5.0,25.0,23.125574293330857
25799,5.0,25.0,23.134818796824646
23707,5.0,25.0,22.676034617608074
33612,5.0,25.0,22.15371088321033
29126,5.0,25.0,22.321418373368182
16211,5.0,25.0,14.929504465105147
6475,5.0,25.0,15.5077295999847
32906,5.0,25.0,7.201960880002725
43771,5.0,15.0,0.08289855997948337
6156,5.0,25.0,3.9831624000041828
30728,5.0,25.0,6.1145836649881655
47309,5.0,14.0,0.6187102319963671
27229,5.0,15.0,2.4522984960231007
34450,5.0,12.0,1.5149363700211573
15126,5.0,12.0,1.3971864000192546
44963,5.0,22.0,1.8380184649967664
8693,5.0,22.0,0.6698985279956773
47464,5.0,15.0,0.47762070998914297
8928,5.0,15.0,0.9502515119948782
48645,5.0,15.0,0.9206995319935647
47265,5.0,25.0,0.8178765620078208
5570,5.0,14.0,0.09828149249723772
10469,5.0,15.0,0.6377867759932112
36953,5.0,22.0,2.084404266502112
6967,5.0,25.0,2.4735110496015196
4025,5.0,22.0,2.016804682499944
10471,5.0,22.0,1.8199383648016152
8504,5.0,25.0,0.5421326199986196
21109,5.0,12.0,0.0012898199982935843
26923,5.0,5.0,22.172977454045167
14842,5.0,5.0,6.8923359691223425
26164,5.0,5.0,4.565087723781659
37469,5.0,22.0,109.04475640449857
3439,5.0,22.0,85.96107639304785
49951,5.0,25.0,66.17947001580342
41777,5.0,15.0,37.496569599963436
42600,5.0,22.0,60.87629386662459
11937,5.0,18.0,15.802601573379448
48937,5.0,5.0,0.749163999968701
26251,5.0,14.0,28.863715513331584
5266,5.0,5.0,4.015405724288399
14433,5.0,25.0,39.89700614392703
11324,5.0,22.0,55.56159615985963
49669,5.0,22.0,35.22688029598892
42319,5.0,5.0,1.9983383999908
46421,5.0,12.0,20.213840999851158
18650,5.0,25.0,33.5587054719022
19805,5.0,25.0,23.212059737543306
40032,5.0,15.0,14.261410454378805
44636,5.0,18.0,3.346468773367512
9821,5.0,22.0,14.469237614955972
20683,5.0,25.0,12.615696198359416
688,5.0,12.0,5.357839296018383
25537,5.0,14.0,2.3055910094751653
27852,5.0,22.0,19.621896970624945
23482,5.0,18.0,1.8441791733438002
26838,5.0,22.0,6.56472740131305
43493,5.0,22.0,2.5740808599865552
11063,5.0,22.0,11.17933629747964
1135,5.0,15.0,3.6396442319824445
20188,5.0,18.0,2.671217341317906
30991,5.0,22.0,3.696558455987084
29604,5.0,14.0,0.862954523966529
25796,5.0,25.0,2.231408447982705
25542,5.0,15.0,2.8007245200113076
6714,5.0,22.0,4.579293853318662
17100,5.0,12.0,1.4425502700174349
44322,5.0,12.0,1.2121275000177363
43935,5.0,15.0,2.8629101183806824
14850,5.0,15.0,2.7165032447821886
22408,5.0,22.0,6.994981369567919
15307,5.0,22.0,3.7630926316555
40716,5.0,14.0,0.23624429549859727
15386,5.0,25.0,2.634301439993112
30344,5.0,14.0,0.1934318720085706
41129,5.0,25.0,1.1814243637192474
29257,5.0,14.0,0.04034998799638423
36904,5.0,15.0,0.014005016002806236
12393,5.0,22.0,99.36319215136427
22648,5.0,5.0,6.903219440577658
6914,5.0,22.0,88.3057425471294
22652,5.0,25.0,67.52869121835519
44001,5.0,14.0,34.48644861400055
36103,5.0,15.0,25.37975107163834
9426,5.0,5.0,7.86327667198978
12685,5.0,5.0,1.5528634744677987
43389,5.0,18.0,12.53779566006115
36820,5.0,25.0,46.52948410081612
24142,5.0,5.0,0.3791621333529349
12741,5.0,22.0,33.68825760006416
35744,5.0,22.0,24.36493888133638
13532,5.0,5.0,7.558146899962821
16063,5.0,5.0,1.2477288792326533
12133,5.0,5.0,3.778990489566084
46463,5.0,25.0,16.621378402166258
23502,5.0,12.0,3.600882367496588
4581,5.0,25.0,18.62048597128664
37482,5.0,14.0,1.5123123299951047
5641,5.0,15.0,3.949244057954509
46533,5.0,15.0,3.728589556454992
40271,5.0,5.0,0.3892521200087913
765,5.0,22.0,8.085476437326609
33899,5.0,15.0,2.9926250309574414
40958,5.0,15.0,2.907126659999335
2883,5.0,22.0,9.043560347993722
22227,5.0,5.0,1.0988681000019263
23654,5.0,15.0,2.2861928799669258
46462,5.0,14.0,0.4895118499730948
20959,5.0,14.0,0.4239883844771093
13060,5.0,15.0,1.6641215040142754
30330,5.0,18.0,1.7692883200013263
23718,5.0,18.0,0.34551007334030004
10802,5.0,18.0,0.24069475840418342
36504,5.0,15.0,0.8383232699891909
40459,5.0,15.0,0.7646160239863171
3103,5.0,12.0,0.43063356000052977
36312,5.0,18.0,0.29147355166369504
15123,5.0,22.0,1.4155595624997162
20719,5.0,22.0,1.2221263499997148
7812,5.0,15.0,0.16821024599860257
31948,5.0,22.0,0.5713664758341452
23731,5.0,18.0,21.30493463021537
26750,5.0,22.0,93.51747319479418
1,5.0,22.0,90.80880915201624
12562,5.0,22.0,89.69062246985644
13668,5.0,18.0,11.774269555086576
35999,5.0,25.0,50.96561564815897
29700,5.0,5.0,1.3081094392030934
20755,5.0,22.0,43.40368733606668
15927,5.0,25.0,28.640887713344497
3994,5.0,12.0,5.178885600009934
45865,5.0,22.0,25.55480521760196
49740,5.0,18.0,1.2663171029065907
36582,5.0,12.0,0.3318826798729759
29677,5.0,22.0,13.644984800016303
33867,5.0,12.0,0.5945077199847191
12018,5.0,22.0,10.006280851157786
16920,5.0,25.0,5.1939732081648025
10314,5.0,25.0,7.467939544028555
4346,5.0,25.0,4.110222790012868
37230,5.0,18.0,1.3263966783978862
30813,5.0,25.0,3.2212006410142697
13028,5.0,22.0,3.5208858666888716
47453,5.0,25.0,2.6464385904186027
12175,5.0,14.0,0.18344786099591737
49413,5.0,12.0,0.4035090000004651
9423,5.0,25.0,1.4144445220021025
2052,5.0,18.0,0.2512438254921081
34397,5.0,18.0,13.590737863977779
17488,5.0,22.0,96.6032326176028
26640,5.0,22.0,76.28532443827726
8342,5.0,18.0,5.95386224643714
20992,5.0,22.0,66.09316660480786
3977,5.0,22.0,63.3185611103592
20775,5.0,25.0,56.546590399973965
42210,5.0,15.0,13.807820942036642
20958,5.0,25.0,46.37001222403137
47840,5.0,22.0,46.12335576176265
38329,5.0,22.0,43.32912113277838
48987,5.0,25.0,32.88928675201403
35442,5.0,25.0,32.05115904002385
20880,5.0,25.0,27.01713138878545
45516,5.0,12.0,4.0568767681243685
43994,5.0,12.0,4.960377119821857
5556,5.0,12.0,2.7213532499813553
18613,5.0,25.0,7.706329373338182
14494,5.0,25.0,8.039794709659567
23635,5.0,25.0,12.374928686848914
25097,5.0,25.0,11.774568128008188
13631,5.0,25.0,10.973772974387064
1301,5.0,25.0,7.411655197652401
42760,5.0,18.0,1.2838698961651662
684,5.0,25.0,7.26849467520141
801,5.0,22.0,6.268910528022003
16091,5.0,25.0,4.353582964811116
41556,5.0,22.0,2.8667207466887996
31525,5.0,15.0,0.4578762300008483
47567,5.0,25.0,0.27436554450147077
18184,5.0,25.0,104.10848786397213
44426,5.0,5.0,26.00756860786032
41291,5.0,5.0,22.620598438244997
34112,5.0,22.0,86.86181081614649
17134,5.0,25.0,58.80895610664639
33836,5.0,25.0,46.94488728825965
48201,5.0,25.0,38.36356300802129
27440,5.0,25.0,37.94999953759039
11606,5.0,25.0,32.55339225600031
24192,5.0,25.0,14.820467023225028
34278,5.0,18.0,1.8334014400442484
40661,5.0,18.0,0.08700403523666012
19017,5.0,25.0,19.809183537618132
356,5.0,25.0,16.864808875204297
47991,5.0,14.0,1.172457263950733
5619,5.0,25.0,10.298810255006721
24395,5.0,15.0,3.7289141759649453
42857,5.0,25.0,8.31062346250176
21667,5.0,22.0,12.668170939478507
18164,5.0,25.0,11.443451366378287
16032,5.0,14.0,0.7691370494494123
30160,5.0,12.0,1.8661928250064186
14552,5.0,25.0,4.974764187001972
38075,5.0,25.0,4.541103893333316
12484,5.0,14.0,0.5104568200137933
38199,5.0,25.0,4.5177741480058415
4037,5.0,25.0,4.004423195001232
15537,5.0,25.0,3.5092465493308165
1785,5.0,25.0,6.061775796264097
35530,5.0,25.0,3.4080502160002535
20017,5.0,25.0,3.0232794968366976
47600,5.0,25.0,1.874905769999108
44814,5.0,15.0,1.1767790099876745
48065,5.0,25.0,2.5931637509984364
37896,5.0,22.0,5.798106722143858
27328,5.0,25.0,3.2710967040092473
40627,5.0,25.0,1.94069118116865
40602,5.0,18.0,0.4434767333388425
30496,5.0,14.0,0.10571243699772559
40391,5.0,25.0,1.4968664673353533
17350,5.0,12.0,0.3534222000044043
9036,5.0,25.0,0.5161337174989811
21567,5.0,15.0,0.1623756749959342
38348,5.0,5.0,16.56884382747984
9334,5.0,14.0,28.575179903886806
20953,5.0,5.0,20.097031629109324
33939,5.0,14.0,18.207352367705482
47766,5.0,12.0,8.682233160517228
15489,5.0,25.0,46.17794114402642
5344,5.0,18.0,10.156822756815842
20943,5.0,5.0,1.454454015993008
34199,5.0,5.0,1.056358117557565
24963,5.0,5.0,1.4715846666122872
9270,5.0,14.0,2.6630936250106743
31819,5.0,18.0,6.196747805307368
19623,5.0,5.0,0.5436000000030745
18041,5.0,5.0,1.0401068380029344
11475,5.0,5.0,0.7991732130024545
35023,5.0,5.0,0.6409178112181522
40474,5.0,5.0,0.710781491216018
8763,5.0,15.0,12.332531020752171
44953,5.0,22.0,19.66898596371792
27196,5.0,15.0,2.6377244849756316
33175,5.0,22.0,7.384902720000916
2260,5.0,22.0,7.095151253997763
41057,5.0,22.0,8.690159536022144
24206,5.0,14.0,0.4667995829955771
28516,5.0,14.0,0.4448688160252807
7274,5.0,15.0,1.8144499349985033
40325,5.0,25.0,4.321015061002139
34596,5.0,14.0,0.3888516660165138
39325,5.0,14.0,0.38510682901581816
4324,5.0,14.0,0.32273472598394903
41705,5.0,14.0,2.505331468901119
39461,5.0,18.0,0.873550177496754
38368,5.0,14.0,0.227028720010102
36218,5.0,25.0,0.23628766999849304
4435,5.0,14.0,0.21075987000676832
40623,5.0,15.0,0.962158368005694
43176,5.0,14.0,0.1831850870101679
15330,5.0,15.0,0.8869906199747302
14915,5.0,18.0,0.4312652759966831
38453,5.0,14.0,0.06966009300723641
45130,5.0,15.0,0.49922372100439105
26652,5.0,14.0,0.04994600050661013
28515,5.0,14.0,0.025363341004694284
33302,5.0,15.0,0.2816268060102898
28314,5.0,22.0,0.9618447389992455
28620,5.0,22.0,1.5483723466656132
25380,5.0,22.0,132.20573970337247
26870,5.0,22.0,87.82110470701002
39532,5.0,18.0,15.237533421897169
28987,5.0,25.0,64.43063490703531
29224,5.0,25.0,62.58218760939191
1773,5.0,25.0,56.65078187508004
19214,5.0,5.0,0.24928614400840843
4619,5.0,5.0,0.611088076790054
5558,5.0,5.0,0.09953663999890239
33381,5.0,5.0,0.1435300559886059
12233,5.0,15.0,7.289423183975387
35893,5.0,15.0,7.384578307088972
24948,5.0,25.0,8.884849407947513
41622,5.0,14.0,0.9073182374469368
31927,5.0,14.0,0.8825342399512266
48252,5.0,12.0,1.9336152899828747
47682,5.0,22.0,7.076503385578512
6275,5.0,25.0,0.4503991293334124
23795,5.0,22.0,6.493789786674448
23508,5.0,18.0,0.16342444802134892
10410,5.0,12.0,1.593254099995793
3374,5.0,25.0,6.4567837999836115
15035,5.0,14.0,0.5004398949630442
38091,5.0,15.0,1.919794241993987
27276,5.0,22.0,2.0064282015794976
33840,5.0,12.0,0.8372779275056992
38361,5.0,14.0,0.1772033220044822
28081,5.0,12.0,0.4423445400162809
3654,5.0,12.0,0.37591770000348035
1353,5.0,25.0,1.0105694687946878
2165,5.0,15.0,0.3525496319825825
13782,5.0,12.0,0.00021252000467786303
12042,5.0,18.0,12.352364936126321
40912,5.0,25.0,89.789382224213
5705,5.0,5.0,1.480617433338665
29977,5.0,5.0,1.8487563311805957
16576,5.0,5.0,5.492084947220462
8201,5.0,25.0,57.52682249392778
33845,5.0,18.0,0.3786233136631836
27353,5.0,5.0,0.34802467194774067
48082,5.0,22.0,38.02361400010511
32464,5.0,22.0,35.75504617611479
11467,5.0,25.0,30.54751688162412
38912,5.0,22.0,26.850658388918475
3944,5.0,22.0,24.681497952080676
8017,5.0,22.0,17.474121851804753
32501,5.0,18.0,4.258643914368228
9769,5.0,22.0,12.08468585761009
10199,5.0,18.0,1.2151723199842657
8705,5.0,14.0,0.7028438399784278
35829,5.0,14.0,0.5544430559863684
47427,5.0,14.0,0.5173871859734476
13933,5.0,25.0,8.374882786695288
1112,5.0,25.0,5.196069693344411
18534,5.0,25.0,4.887224315014693
45380,5.0,14.0,0.4816140299896823
9524,5.0,14.0,0.7889453759833742
6233,5.0,14.0,0.40493475002173085
20184,5.0,25.0,2.7041974816027015
30305,5.0,12.0,1.0443305999812793
8575,5.0,14.0,0.3174525359878686
30568,5.0,14.0,0.32811386399077236
19259,5.0,12.0,0.9254291249931619
26858,5.0,25.0,1.7893838040056034
33409,5.0,14.0,0.10125283199549884
26753,5.0,22.0,1.6464252440040816
41043,5.0,12.0,0.32653523998770684
161,5.0,22.0,0.5905544720018172
43008,5.0,25.0,0.5455110560026459
413,5.0,15.0,0.20107082398651155
4001,5.0,15.0,0.20606065600063417
10022,5.0,18.0,0.018528640501685567
22427,5.0,15.0,0.11432441999135756
37194,5.0,22.0,113.44703433333291
11748,5.0,14.0,8.88173510365607
39248,5.0,25.0,75.87374411986917
27977,5.0,25.0,60.06274643989761
7079,5.0,25.0,36.83094048964779
8064,5.0,25.0,32.02258974715737
40275,5.0,15.0,19.064809583813854
20773,5.0,18.0,7.231814580331147
6744,5.0,22.0,45.07563034883623
46520,5.0,14.0,4.084928351890909
26624,5.0,18.0,13.02629253600152
7002,5.0,5.0,2.2118119999852723
15995,5.0,5.0,1.8254525677005091
35548,5.0,22.0,22.968119870968884
5056,5.0,18.0,4.859033283230239
16728,5.0,14.0,1.1179391634777218
3673,5.0,12.0,2.5626069299661296
42165,5.0,15.0,3.851576139998869
24520,5.0,12.0,2.016376837495706
12450,5.0,15.0,2.43896052998355
9295,5.0,15.0,2.37602015098404
44372,5.0,22.0,7.203815199991475
26205,5.0,15.0,2.0591736099726035
28905,5.0,22.0,6.826378499996061
45989,5.0,15.0,2.0850677999948175
8701,5.0,25.0,4.655684005981746
31247,5.0,22.0,6.274511106672104
2802,5.0,14.0,0.4090136579799726
27288,5.0,12.0,1.161631424997001
34625,5.0,25.0,3.731215733983726
9908,5.0,25.0,1.5321501675021203
3054,5.0,25.0,1.774011719991412
17601,5.0,14.0,0.17456570249462366
12988,5.0,12.0,0.5889512999812005
18036,5.0,22.0,2.75166395999916
6215,5.0,22.0,2.2777195000017754
38189,5.0,15.0,0.5579194799957676
22907,5.0,14.0,0.016091336002439505
22011,5.0,25.0,0.8765868906622605
20758,5.0,25.0,0.3809405440038309
4694,5.0,25.0,0.17067282499584668
2758,5.0,22.0,0.057357318000189284
30534,5.0,5.0,19.649227427654694
10457,5.0,25.0,81.38034244182577
19704,5.0,5.0,5.6784017733453425
48548,5.0,5.0,1.6522900480247245
42793,5.0,18.0,19.407307656747506
6237,5.0,18.0,16.184999985283838
9734,5.0,5.0,19.672867520955094
48974,5.0,25.0,56.16279661599384
8448,5.0,15.0,18.27998627993938
6365,5.0,5.0,1.3843903998948406
14547,5.0,18.0,8.300832368585155
26889,5.0,25.0,30.04581838317369
17810,5.0,22.0,31.89699129595565
3819,5.0,5.0,0.4626500607951556
38338,5.0,18.0,5.9692471104591505
20934,5.0,5.0,1.1236092399678412
4230,5.0,18.0,3.1939976320010146
30493,5.0,18.0,4.644121413000029
11614,5.0,25.0,9.196138094503588
12456,5.0,12.0,2.4852648000368305
37154,5.0,22.0,15.2533573332875
6621,5.0,5.0,0.23286131997821613
1877,5.0,14.0,0.5928860160125993
11485,5.0,15.0,4.0790126639531366
6108,5.0,14.0,0.6164662400054759
2920,5.0,25.0,8.343346010393923
919,5.0,14.0,0.45324899648553085
39274,5.0,25.0,7.668684174402642
47860,5.0,25.0,7.193678634668359
19360,5.0,25.0,3.136554125004409
4361,5.0,18.0,0.653305634000966
4730,5.0,14.0,0.24216110700797877
1174,5.0,15.0,0.7020792539834879
35373,5.0,25.0,1.35121050150169
44939,5.0,12.0,0.28637687999569206
44641,5.0,22.0,1.41166348799891
48854,5.0,18.0,0.14480906499879964
40272,5.0,22.0,1.3713112319919953
49879,5.0,15.0,0.30537604800198004
31058,5.0,18.0,0.1046163520020138
11469,5.0,25.0,0.6212422000015074
33632,5.0,25.0,0.7360536480012234
6173,5.0,15.0,0.1072768439932994
42384,5.0,22.0,0.1854474253350067
6380,5.0,18.0,14.442769728014355
9080,5.0,22.0,98.46972217611241
40249,5.0,14.0,3.2096672258753642
32491,5.0,22.0,66.63122449602962
25065,5.0,22.0,67.95521028485157
19395,5.0,18.0,6.464337679921357
40671,5.0,22.0,64.20686116811457
4659,5.0,25.0,54.328614444817646
8999,5.0,15.0,15.201182304015191
6462,5.0,25.0,48.44960953611857
32176,5.0,25.0,42.56072026887408
20303,5.0,25.0,38.699647792999215
23846,5.0,25.0,33.66809067847552
27321,5.0,25.0,29.08264823995718
43019,5.0,22.0,25.432816953592607
19501,5.0,5.0,0.17484148797176147
11533,5.0,22.0,19.945503008015557
5436,5.0,18.0,0.2351579519294873
38505,5.0,25.0,18.49604400804605
5143,5.0,25.0,9.230661117291653
31912,5.0,12.0,2.283767759954287
46638,5.0,12.0,1.8777342675111832
2096,5.0,25.0,0.12691435000035511
7451,5.0,12.0,1.713894419989881
25776,5.0,25.0,4.445286250003711
38465,5.0,12.0,0.7322379599994093
14073,5.0,25.0,1.7155810966652556
37587,5.0,22.0,2.571684197318028
35769,5.0,15.0,0.5884351900007321
4585,5.0,12.0,0.4005526350093769
16971,5.0,14.0,0.05308164901284318
41194,5.0,12.0,0.26126903999421014
49459,5.0,12.0,0.18287791499981143
6058,5.0,22.0,0.7084479106677655
9407,5.0,22.0,124.2210234227685
10643,5.0,5.0,0.24817800005703816
25942,5.0,18.0,11.827239937376703
46679,5.0,22.0,73.69654640955312
22996,5.0,18.0,10.223560185596185
4817,5.0,22.0,48.307219154404095
31210,5.0,14.0,5.4463273202467235
6030,5.0,25.0,41.293133976193374
15639,5.0,25.0,38.82210074081689
32131,5.0,25.0,36.58084493660033
21331,5.0,12.0,9.014572559692652
24,5.0,18.0,2.219116698645813
49270,5.0,22.0,28.23733204796008
14571,5.0,22.0,25.151224588742863
41567,5.0,12.0,6.909338495959261
28253,5.0,25.0,22.571775748214982
17821,5.0,18.0,1.2240166080127466
26206,5.0,25.0,17.31782071041419
21004,5.0,25.0,16.576123230633776
17426,5.0,25.0,7.116260852013031
10728,5.0,25.0,5.641350186653337
34720,5.0,25.0,8.289864034639447
24562,5.0,25.0,5.100792206654914
42496,5.0,25.0,5.094331673328268
29462,5.0,25.0,4.838130608324608
16650,5.0,25.0,7.020965063971071
28177,5.0,25.0,3.3691015599909573
21420,5.0,25.0,2.8565618559931165
35897,5.0,25.0,0.9968961799905873
15482,5.0,14.0,0.12058344501096485
45589,5.0,15.0,0.6974097359932934
3991,5.0,25.0,1.195330779997409
13375,5.0,12.0,0.23051043749169953
1050,5.0,15.0,0.23008515399858265
17855,5.0,15.0,0.07225934400157108
49823,5.0,25.0,0.18351150600035004
4616,5.0,18.0,48.642611123424075
20270,5.0,22.0,104.60218463999527
255,5.0,5.0,20.25803530992812
39068,5.0,12.0,22.358442143197237
13339,5.0,5.0,2.04196753021796
21380,5.0,5.0,14.15575717080985
1650,5.0,5.0,0.31028850007453457
18830,5.0,18.0,9.08649327365707
7810,5.0,18.0,4.959023910462548
21856,5.0,14.0,15.119771219955311
42344,5.0,22.0,36.433856678404055
15122,5.0,25.0,22.426749866644144
44337,5.0,25.0,20.72873244797426
32899,5.0,5.0,0.5474689656187621
38506,5.0,14.0,1.4413807649999484
6139,5.0,12.0,4.33634771981977
18303,5.0,25.0,14.85452938239304
46594,5.0,14.0,0.9173539530417898
27682,5.0,14.0,0.9436538790105047
5353,5.0,15.0,3.3552406589210904
11329,5.0,25.0,12.238136563174738
1291,5.0,18.0,3.800430969605358
3745,5.0,15.0,3.4197274199726166
12129,5.0,22.0,16.75180280402047
5602,5.0,15.0,3.3112687599814805
47229,5.0,12.0,1.937169569899197
18797,5.0,25.0,6.539776943997094
35277,5.0,12.0,1.8773353874157017
37506,5.0,18.0,0.36053240100388884
47675,5.0,15.0,2.2372764599823185
8811,5.0,25.0,7.854853130642979
24082,5.0,22.0,10.797129440010153
21916,5.0,14.0,0.5010661800141527
7000,5.0,14.0,0.4418079200191194
33946,5.0,12.0,1.3000859399575795
42120,5.0,14.0,0.38195503999273583
17993,5.0,12.0,1.0252918199517538
38262,5.0,15.0,1.507068671991803
25232,5.0,25.0,3.193221239998806
40920,5.0,25.0,4.759939807991037
45592,5.0,25.0,2.155259271829175
11271,5.0,25.0,2.658418901332265
29492,5.0,15.0,0.8710296214842739
428,5.0,25.0,1.9271466079954935
8902,5.0,14.0,0.03909465901764264
27891,5.0,12.0,0.2866503899805588
29734,5.0,15.0,0.40031031298877195
35848,5.0,12.0,0.22260692998377962
33604,5.0,15.0,0.10229771998961423
22744,5.0,25.0,94.96404886395436
8737,5.0,5.0,16.14321028758991
49785,5.0,18.0,19.934464423253246
47231,5.0,22.0,79.38432824961923
28001,5.0,18.0,10.077745312128854
31235,5.0,5.0,11.538361856062167
44793,5.0,5.0,7.211487483770341
19916,5.0,25.0,64.93699780012507
11315,5.0,5.0,21.281985755714146
40019,5.0,15.0,16.60240891191569
8452,5.0,5.0,3.7173021999905274
15053,5.0,5.0,0.759824976031112
37088,5.0,25.0,41.72011321593901
46337,5.0,25.0,40.165359486374356
12715,5.0,5.0,0.6613399999855147
10792,5.0,25.0,25.325423158382428
6894,5.0,5.0,8.669407775894285
12566,5.0,18.0,6.330038485874056
5467,5.0,25.0,12.587876651993078
20265,5.0,5.0,0.7674145599783131
27838,5.0,15.0,11.065109451922751
13743,5.0,25.0,18.37656096416817
43467,5.0,25.0,10.678243682981769
36242,5.0,5.0,0.3779835750083649
21928,5.0,15.0,6.841147519877325
48433,5.0,25.0,9.948377666321253
40236,5.0,15.0,4.141481155963838
42105,5.0,15.0,5.445709320025514
30437,5.0,22.0,20.389195272539666
8509,5.0,25.0,13.689237638754225
42247,5.0,22.0,10.439486181327455
5811,5.0,15.0,3.2607202764748493
207,5.0,25.0,7.640666908661615
39725,5.0,25.0,10.130437363463503
27481,5.0,25.0,6.771933271987281
329,5.0,14.0,0.6421598280173768
11526,5.0,25.0,10.417031239965802
32119,5.0,25.0,4.984509923327179
31214,5.0,25.0,2.2735637788348804
13851,5.0,25.0,3.1767305199988325
39654,5.0,14.0,0.2102694399692986
18167,5.0,22.0,0.5861533959953809
1038,5.0,14.0,0.15095415599589757
12279,5.0,15.0,0.761359817996448
3457,5.0,15.0,0.658730789984908
47206,5.0,25.0,1.4026173199957515
33691,5.0,22.0,2.916161286398804
6788,5.0,18.0,0.2472203200014138
36374,5.0,25.0,1.1949209600003945
25062,5.0,18.0,26.922766999778645
35705,5.0,22.0,109.24201322575217
1028,5.0,18.0,18.702663119896357
19864,5.0,25.0,85.82165456428453
33717,5.0,25.0,76.10730689485214
12044,5.0,22.0,81.10815237982473
35704,5.0,25.0,60.37749437455588
47958,5.0,25.0,55.381675195381405
5949,5.0,5.0,2.8398887279861924
4259,5.0,25.0,48.69208031271272
30862,5.0,15.0,14.94060681197277
7341,5.0,25.0,34.46775354009148
39909,5.0,25.0,34.27433482036753
39963,5.0,25.0,19.745334672078783
20099,5.0,25.0,15.135659136100585
33731,5.0,22.0,20.62752651740771
33310,5.0,22.0,17.615211052879182
10416,5.0,12.0,2.78306586748009
11771,5.0,25.0,7.492312800011113
35586,5.0,22.0,10.242905594702368
43589,5.0,25.0,7.501180570117194
16665,5.0,22.0,0.9299147360033224
2624,5.0,15.0,1.6613996699914146
35149,5.0,25.0,0.023430368009405456
4605,5.0,12.0,0.6532419899891728
48081,5.0,15.0,0.6103781680041109
31919,5.0,12.0,0.36494219999992605
18820,5.0,22.0,1.3291416021185487
34492,5.0,25.0,1.2778947072079236
26006,5.0,22.0,0.4002535919988526
18742,5.0,22.0,98.18967848672665
1836,5.0,12.0,13.97514287978845
36256,5.0,22.0,90.6341945759421
46315,5.0,18.0,2.524612143901024
11322,5.0,25.0,48.916421583906214
28292,5.0,22.0,27.48623231673062
40926,5.0,25.0,25.726012240798113
28523,5.0,25.0,21.394608499171333
6096,5.0,25.0,19.61103441614803
20513,5.0,25.0,17.21113093107497
46467,5.0,15.0,2.503597979966621
38032,5.0,5.0,0.34848423353349745
3076,5.0,12.0,1.583882175009137
3399,5.0,22.0,13.388538175985499
35069,5.0,25.0,11.328421937655634
1076,5.0,12.0,1.595380890003483
9053,5.0,14.0,0.5277402599913401
27776,5.0,25.0,3.279730505345226
18259,5.0,25.0,1.4457677066532497
1674,5.0,22.0,7.013849203232466
10757,5.0,15.0,1.1029756500017065
28300,5.0,22.0,3.6219875754526747
170,5.0,12.0,0.6732252750057572
34454,5.0,25.0,1.9714508320010102
35552,5.0,12.0,0.5093271750042607
24369,5.0,15.0,0.5030770559927067
22598,5.0,15.0,0.34342319099796104
7780,5.0,15.0,0.23845755000099267
35950,5.0,22.0,0.48891826666545035
41390,5.0,15.0,0.06254849999843515
19722,5.0,22.0,0.15766753599787475
20808,5.0,22.0,124.14961331996506
29849,5.0,5.0,16.44157347297181
49696,5.0,25.0,96.99975136525657
1651,5.0,5.0,8.531277559243705
43954,5.0,18.0,25.221332985591175
2368,5.0,5.0,18.128397120203203
38611,5.0,25.0,79.04812164455726
15809,5.0,25.0,63.30335521917854
33443,18.0,18.0,6.574342349578842
29357,5.0,5.0,1.3926389999642765
38129,5.0,18.0,13.159153445233642
46355,5.0,18.0,1.2529720911997195
34172,5.0,25.0,8.999916919977665
15977,5.0,18.0,3.1072354688331316
41488,5.0,18.0,1.9702906620001954
11024,5.0,25.0,6.121276139984989
15373,5.0,22.0,7.729514842354483
14448,5.0,25.0,5.816431493318367
14251,5.0,25.0,5.212612699982385
38547,22.0,18.0,8.785877529615636
42506,5.0,15.0,2.2151865509802597
17987,5.0,14.0,0.4166968319989195
20568,5.0,25.0,4.058346259981041
24539,5.0,15.0,1.6910161439795282
5710,5.0,25.0,4.109682388837848
16519,5.0,25.0,6.186338694411617
4645,5.0,14.0,0.24207410400076235
27269,5.0,25.0,4.182283551967709
4320,5.0,25.0,2.2535207333389984
15900,5.0,15.0,0.9455507399913348
1701,5.0,25.0,3.5586040480211096
9216,5.0,15.0,0.9558183719964362
23430,5.0,15.0,0.7597188599926508
49224,5.0,14.0,0.13029177599382535
3358,5.0,14.0,0.22165899361002595
4300,5.0,25.0,1.5463149600029835
47367,5.0,14.0,0.04960149601017605
38069,5.0,22.0,1.6229242483345447
30706,5.0,14.0,0.028980120010224653
44513,5.0,15.0,0.2677082399971118
6527,5.0,15.0,0.0731388249956586
21773,5.0,5.0,7.599706453268766
41740,5.0,25.0,80.67149980789506
35720,5.0,5.0,1.2248658666114807
46909,5.0,25.0,72.41636009283104
16308,5.0,25.0,65.41193626662302
36859,5.0,25.0,53.00249993716926
45433,5.0,5.0,3.2106129407901847
26443,5.0,5.0,10.506158080033941
1832,5.0,25.0,38.73167795289049
9724,5.0,5.0,2.039775999987228
37218,5.0,15.0,17.291000857702926
1338,5.0,5.0,8.252926848116786
28604,5.0,5.0,0.5489468607926256
31791,5.0,5.0,0.42131460003068355
41190,5.0,5.0,2.6130364551951857
14443,5.0,18.0,5.158070189900279
45481,18.0,5.0,5.011427906485213
16933,5.0,25.0,9.130419495016383
44762,5.0,15.0,3.216370275053464
25867,5.0,5.0,0.3784229999894393
41167,5.0,15.0,2.950651743058472
45335,5.0,22.0,12.391978933369504
1591,18.0,18.0,0.587240898632885
20329,5.0,25.0,8.292700953598391
38603,5.0,15.0,2.067287520015217
1102,5.0,15.0,2.051980140021243
21017,5.0,15.0,1.789773667529456
36412,5.0,15.0,1.6531333005067381
41582,5.0,22.0,8.307444000015805
21809,5.0,18.0,1.0264511816711792
27931,5.0,14.0,0.35248122901589696
23653,5.0,15.0,1.3802193479885965
42986,5.0,14.0,0.2420117600363234
32668,5.0,14.0,0.20738955202450704
25185,5.0,22.0,0.8359270518314954
26228,5.0,25.0,2.2258064333370857
17081,5.0,15.0,0.7691150100133992
28043,5.0,14.0,0.13438451400701723
31013,5.0,15.0,0.7154617999931343
26607,5.0,14.0,0.09481671001142544
21119,5.0,22.0,2.093022922003818
44873,5.0,15.0,0.6098623229902511
26062,5.0,25.0,2.4445225866793585
8006,5.0,25.0,1.2521664233368197
21025,5.0,14.0,0.02456170200787522
49728,5.0,15.0,0.23166003000036817
41843,5.0,15.0,0.13122318000005606
13551,5.0,18.0,22.311920770616922
11157,5.0,12.0,21.904682879830887
40668,5.0,5.0,0.22332780162902566
43507,5.0,18.0,12.645510622352546
3951,5.0,25.0,57.78370844798816
1500,5.0,18.0,9.340751001569686
37634,5.0,25.0,46.91950653440874
22682,5.0,18.0,5.769347737540031
29506,5.0,25.0,39.54316161700892
49105,5.0,22.0,38.56910656002896
10714,5.0,25.0,27.04041353597256
23855,5.0,18.0,1.4526215273821919
9604,5.0,22.0,34.36185657199545
38865,5.0,5.0,0.33119063991858866
21268,5.0,25.0,25.33470849707671
28228,5.0,25.0,24.03449625605633
9335,5.0,25.0,19.130198333598635
22659,5.0,25.0,16.993240447971367
26792,5.0,25.0,5.461181515005247
49860,5.0,22.0,16.474239943993716
31316,5.0,25.0,10.53540335998489
32346,5.0,25.0,10.445071666669307
9592,5.0,22.0,9.698319462386742
22230,5.0,12.0,1.748932904993815
32635,5.0,22.0,7.559589350404266
38412,5.0,15.0,2.2119169200008457
45431,5.0,14.0,0.4527811200463958
10259,5.0,12.0,1.4134303199890716
23923,5.0,25.0,1.5438863792196322
2086,5.0,12.0,1.2322762499576534
24605,5.0,12.0,0.9514901550378205
46980,5.0,22.0,3.231158242128199
2848,5.0,14.0,0.18597506000668496
22335,5.0,12.0,0.548862780004546
12618,5.0,25.0,1.9022369296588488
4253,5.0,25.0,3.063466272003895
44087,5.0,12.0,0.4393556400153127
16221,5.0,12.0,0.041306250005072265
38316,5.0,22.0,80.76651984641524
10890,5.0,22.0,77.78342609042767
13946,5.0,22.0,74.10094290667948
22539,5.0,22.0,67.35119700080718
529,5.0,5.0,0.7635418376507062
999,5.0,22.0,57.10198672000817
41452,5.0,25.0,36.64035296649632
610,5.0,5.0,0.8531464896487364
19054,5.0,18.0,2.6276557439104664
3148,5.0,15.0,11.360648959921562
38385,5.0,18.0,2.9832930000594757
28417,5.0,25.0,22.365455846427345
14006,5.0,25.0,21.30036923360972
28704,5.0,15.0,8.296363407987116
48700,5.0,25.0,18.188063197383585
22916,5.0,25.0,10.567141500039853
41191,5.0,25.0,7.950128895005097
4188,5.0,25.0,5.429682615014471
32154,5.0,12.0,1.9523783999532682
35316,5.0,12.0,1.7113520999580345
17370,5.0,12.0,1.5844735199609339
30036,5.0,12.0,1.4624407200181508
44343,5.0,22.0,10.260799040051316
49511,5.0,12.0,1.228559699980547
38045,5.0,12.0,0.9973470899853005
3675,5.0,25.0,5.305208042629706
5390,5.0,18.0,0.47498110610851185
10650,5.0,25.0,2.8214238080099614
48161,5.0,14.0,0.24251312797691504
17973,5.0,15.0,1.0857681179921617
36564,5.0,22.0,5.514576883191362
21035,5.0,18.0,0.5411822999938005
46812,5.0,25.0,2.220927907502528
5070,5.0,15.0,0.728719248016656
11401,5.0,14.0,0.11256286800701076
1608,5.0,14.0,0.04526063997259211
1942,5.0,12.0,0.31608984000590823
1766,5.0,25.0,1.6211398533208081
44807,5.0,18.0,0.1620300720007246
46960,5.0,15.0,0.2375769495018485
48468,5.0,12.0,0.15210695999663582
14928,5.0,18.0,0.03954507999980916
24956,5.0,22.0,0.4014596059976516
29356,5.0,25.0,79.36885584032129
10581,5.0,25.0,80.81431962252375
48777,5.0,22.0,81.38252300000718
12797,5.0,15.0,23.63603536804095
15154,5.0,25.0,49.530023424107526
39363,5.0,15.0,17.271525479956694
20290,5.0,22.0,45.49654822809069
3157,5.0,25.0,44.4417405440083
44488,5.0,25.0,38.230090150502406
5293,5.0,15.0,11.94797184022957
33997,5.0,18.0,10.615312079983944
11008,5.0,25.0,23.439903340866934
1155,5.0,25.0,22.043122560071225
41687,5.0,22.0,19.159469920022424
30107,5.0,18.0,0.8156914439792615
14117,5.0,14.0,1.2593648685569647
32235,5.0,14.0,1.5715445899923495
11309,5.0,25.0,15.867157795250478
13572,5.0,25.0,13.470916452075606
11122,5.0,25.0,5.316142206027511
6601,5.0,25.0,9.563552599251668
22670,5.0,15.0,3.2780873970098128
38003,5.0,22.0,8.944157707167065
1597,5.0,25.0,3.9161707830221744
33951,5.0,18.0,3.3861294239934097
9886,5.0,25.0,10.311204825633308
15805,5.0,25.0,3.760219890018025
48049,5.0,25.0,8.532560804814462
32309,5.0,25.0,4.863473644018667
2579,5.0,22.0,10.713221059207633
25938,5.0,14.0,0.42824116800477086
28056,5.0,14.0,0.3818387070338929
26793,5.0,22.0,4.989409607995373
37648,5.0,22.0,1.8805791466642923
49747,5.0,15.0,1.081145400018059
15567,5.0,14.0,0.11212356000486601
14843,5.0,18.0,0.2917653466628076
40688,5.0,15.0,0.48563836500298585
3471,5.0,14.0,0.00661188300142701
30849,5.0,15.0,0.18702961500109083
38852,5.0,12.0,0.021541799996502853
49688,5.0,14.0,23.3290583870384
40524,5.0,12.0,86.93959166488582
21764,5.0,12.0,62.90944363250054
12820,5.0,5.0,15.16853519995513
22959,5.0,25.0,97.40730816831126
39076,5.0,25.0,83.82576410385258
2140,5.0,5.0,12.860465783394943
34339,5.0,5.0,24.7289759617353
8672,5.0,22.0,65.9055832254989
5944,5.0,22.0,57.53061379191176
14827,5.0,25.0,50.176880831995874
35980,5.0,22.0,55.43935036148903
8863,5.0,22.0,47.54080111992022
28621,5.0,22.0,36.5909889567723
27660,5.0,5.0,2.82701030407393
43587,5.0,5.0,0.38719389716509056
2551,5.0,15.0,9.522104808238112
35682,5.0,5.0,0.16199118686503056
41800,5.0,5.0,0.36860812497201323
42684,5.0,22.0,25.968657319953152
21653,5.0,5.0,4.6824361870345825
18012,5.0,5.0,1.4191040880018022
49104,5.0,12.0,2.9610796800431274
28418,5.0,25.0,13.257916687976206
15350,5.0,22.0,15.45611965867269
5454,5.0,25.0,2.5788033279877745
35863,5.0,22.0,13.445264319983266
47022,5.0,25.0,3.4545662879955543
5854,5.0,22.0,4.672941899989814
14337,5.0,5.0,0.41002332187212076
36476,5.0,18.0,1.489044799998469
6402,5.0,5.0,0.17215194724283123
14721,5.0,14.0,0.4753726200041051
43480,5.0,25.0,4.5710248973313234
7008,5.0,5.0,0.18278551802161047
29085,5.0,15.0,1.6068968175102611
17790,5.0,14.0,0.37266057598770175
11001,5.0,14.0,0.29389633198113074
27790,5.0,25.0,3.3551997974924177
26036,5.0,14.0,0.30099373400029883
43699,5.0,15.0,4.0505543087819476
23225,5.0,18.0,1.4274979877324672
4198,5.0,12.0,0.5530387125143417
27425,5.0,15.0,0.7517138900202749
35307,5.0,25.0,1.5892206540001714
49442,5.0,22.0,2.1144530859957773
42057,5.0,22.0,1.6025587199974565
27600,5.0,25.0,1.1763288330038626
39922,5.0,14.0,0.01708752000736613
13337,5.0,22.0,2.101629323992055
47355,5.0,22.0,1.9316955087928922
7855,5.0,22.0,1.0730403400005288
42597,5.0,15.0,0.2601888520056841
15491,5.0,25.0,0.09152116850104242
39264,5.0,18.0,26.514611558459052
19080,5.0,18.0,21.201983168057666
11031,5.0,18.0,12.706069994616087
40570,5.0,12.0,20.480364192377294
29011,5.0,18.0,7.187023185007433
31414,5.0,25.0,52.17791510397487
26567,5.0,22.0,53.564238980191334
1936,5.0,22.0,45.54804800403497
22479,5.0,15.0,1.5329009199930113
45792,5.0,12.0,2.094238199996198
13636,5.0,18.0,0.6686430026250996
43221,5.0,22.0,14.873093714681094
17389,5.0,15.0,3.401265753517677
853,5.0,25.0,10.994786213322367
4323,5.0,15.0,2.6319120825073092
41909,5.0,12.0,1.8271243874847407
6640,12.0,5.0,0.7714832999892032
11869,5.0,25.0,4.199834584005467
40610,5.0,12.0,1.138348560020635
12312,5.0,12.0,0.8829907950130753
38249,5.0,25.0,5.0859227999972365
14107,5.0,25.0,2.75847137799565
40025,5.0,18.0,0.5033442899989335
26243,5.0,18.0,0.031539955198296
25183,5.0,25.0,3.4103525077382404
49430,5.0,25.0,1.7451021080009461
36562,5.0,12.0,0.3807927750078992
5776,5.0,25.0,1.2647891606686743
29892,5.0,12.0,0.28134340500820976
29699,5.0,25.0,0.6646683040012267
28734,5.0,25.0,0.4889616849983798
18180,5.0,5.0,1.4678591000483152
38355,5.0,22.0,84.8177882079562
10237,5.0,18.0,13.098752320007094
3989,5.0,22.0,74.77368130003615
39606,5.0,5.0,2.685550464368191
25321,5.0,22.0,57.22851623341266
5475,5.0,18.0,11.827056287976745
34242,5.0,22.0,52.29122707608266
44278,5.0,22.0,32.152370788773645
13691,5.0,25.0,27.80313701437371
26887,5.0,12.0,8.317560791906715
8166,5.0,12.0,2.6621419350499025
49403,5.0,25.0,6.003003818001337
36045,5.0,15.0,2.4326382750061697
18445,5.0,12.0,1.3564343999930415
10262,5.0,22.0,5.937733422005222
47941,5.0,25.0,3.8424017093269374
28746,5.0,25.0,5.25313856536849
27497,5.0,12.0,0.7385964374928626
46271,5.0,12.0,0.5492272800171332
42957,5.0,18.0,0.38271002800402476
40715,5.0,12.0,0.3529739999970021
12642,5.0,14.0,0.03428672249914033
2177,5.0,12.0,0.2848854900102511
35119,5.0,12.0,0.23316815999308815
38052,5.0,15.0,0.2731148580011098
5244,5.0,22.0,0.9885236800025909
47910,5.0,15.0,0.03466328000070229
17535,5.0,22.0,94.89983784001765
7306,5.0,18.0,37.53207249868129
35377,5.0,22.0,78.53466177600477
10287,5.0,25.0,60.90883217596118
39101,5.0,14.0,40.09767629153703
35128,5.0,25.0,57.978598867156364
1435,5.0,5.0,2.458884840968153
38662,5.0,5.0,18.465219033354913
15896,5.0,22.0,78.1360549200255
30097,5.0,22.0,53.12055973914154
41297,5.0,5.0,10.401487822851834
46862,5.0,25.0,42.595133120000966
9938,5.0,25.0,38.48458115517401
15338,5.0,25.0,29.904715342922877
1334,5.0,22.0,37.15854248298541
13133,5.0,25.0,33.76576928425421
19416,5.0,14.0,2.4572851198110754
32216,5.0,25.0,17.717290589026454
926,5.0,25.0,17.684962387170238
23507,5.0,18.0,3.0631189440022126
38793,5.0,12.0,0.8794276950694098
21471,5.0,25.0,15.45978774719778
6442,5.0,25.0,13.531909631999035
17271,5.0,12.0,2.0776159200340345
35110,5.0,25.0,5.547507161998979
6009,5.0,25.0,9.03311533332593
47556,5.0,15.0,2.1572799000423863
10674,5.0,14.0,0.47406380050935226
20472,5.0,12.0,1.126653600018777
1073,5.0,25.0,3.2029476539967936
38312,5.0,18.0,0.5540440927994084
9430,5.0,25.0,2.9056943379953317
10030,5.0,25.0,4.602968105058476
5392,5.0,15.0,1.2830056110287487
28362,5.0,18.0,0.6619763976639845
7747,5.0,25.0,3.818010346668993
24851,5.0,25.0,2.200434391995948
6974,5.0,14.0,0.159050269993827
39844,5.0,25.0,3.360376442660116
44458,5.0,22.0,2.8570678709943866
26513,5.0,12.0,0.4956379500157837
18698,5.0,25.0,1.5873924190025273
8013,5.0,25.0,1.1814107599999844
36149,5.0,15.0,0.43052629951340204
41994,5.0,15.0,0.09330836400240639
36483,5.0,5.0,11.423380609356002
9437,5.0,5.0,5.950753887957177
23124,5.0,25.0,86.50375180824909
25392,5.0,5.0,40.39459971783623
24633,5.0,5.0,3.6259492353806593
39444,5.0,22.0,91.57763603215014
2554,5.0,5.0,3.1812033025317703
31192,5.0,22.0,77.14693073922511
20485,5.0,5.0,8.724283200083391
8835,5.0,12.0,15.85388640014827
9905,5.0,14.0,19.34999063952813
16099,5.0,25.0,50.916932793657296
22093,5.0,22.0,58.185236256077346
49191,5.0,5.0,1.9402247681743177
8653,5.0,22.0,53.78744565339889
38536,5.0,5.0,0.8328573927905438
8483,5.0,5.0,1.1625376768479185
4852,5.0,5.0,7.197088838362546
27399,5.0,14.0,4.473514835035189
48240,5.0,25.0,31.92598132798821
26067,5.0,15.0,11.560264650671627
18132,5.0,5.0,0.10147386031175643
1369,5.0,18.0,7.21280451602064
25761,5.0,22.0,37.09648322517028
4293,5.0,25.0,13.301146988353302
25423,5.0,18.0,8.00571555892612
42109,5.0,25.0,3.991425075020114
13924,5.0,5.0,0.7491137130377794
15972,5.0,14.0,2.7049502522069986
38748,5.0,14.0,1.4436551680769227
30830,5.0,12.0,2.5980595499982684
40690,5.0,14.0,0.6001866360336727
49873,5.0,25.0,9.273508257582495
36031,5.0,15.0,4.897846043306394
39292,5.0,15.0,2.1522817440564452
46383,5.0,22.0,9.115593067722642
6172,5.0,15.0,1.7789220720387249
49788,5.0,14.0,0.21833017301255708
39299,5.0,14.0,0.18824459501182744
39353,14.0,5.0,0.40966815000359347
48153,5.0,15.0,0.6936958400234587
16656,5.0,14.0,0.08804677602622668
10825,5.0,14.0,0.03331298899678714
41481,5.0,18.0,0.1388256479954113
10693,5.0,22.0,0.7906051733296833
24291,5.0,22.0,106.40905315195695
6370,5.0,22.0,89.26916721917547
35725,5.0,22.0,88.01662483199092
48884,5.0,25.0,63.25671657173825
7126,5.0,22.0,64.40676139087024
41254,5.0,5.0,0.8322116437510658
30739,5.0,5.0,1.4428902571849846
11914,5.0,25.0,27.835578140775922
18531,5.0,25.0,24.36003228645933
4561,5.0,25.0,8.072208560100684
13149,5.0,25.0,1.8917715199935863
14333,5.0,15.0,1.8956206399746947
9894,5.0,22.0,7.276537612811346
6012,5.0,22.0,1.7559353119878374
23785,5.0,12.0,1.6857999749970425
35670,5.0,12.0,2.1746877599402623
47829,5.0,22.0,1.2772044074983047
30667,12.0,5.0,1.4384175000035455
34505,5.0,25.0,0.9420961200191336
9043,5.0,25.0,2.4717792459994357
22214,5.0,25.0,2.313922479999854
11506,5.0,22.0,4.486199539202641
48399,5.0,22.0,1.2479143675017337
9609,5.0,12.0,0.33918931200385405
17054,5.0,12.0,0.3461379600070753
12429,5.0,18.0,0.06987140399460579
14382,5.0,25.0,0.5501192933333419
15259,5.0,22.0,115.60059383332012
11905,5.0,5.0,5.108181839499139
21549,5.0,25.0,45.414670379817835
43957,5.0,5.0,2.13061708810892
24842,5.0,25.0,41.83244502739724
33086,5.0,5.0,0.6347036160374557
24383,5.0,25.0,31.141347446430004
19838,5.0,25.0,28.782503296079355
22337,5.0,22.0,33.080210000098575
37699,5.0,5.0,0.2544631296325406
16754,5.0,25.0,15.605687761566287
8061,5.0,12.0,5.221672356030467
12863,5.0,12.0,2.5356202500084564
466,5.0,22.0,12.16853067735045
45031,5.0,12.0,0.2418218849913849
5737,5.0,22.0,0.3882300600056965
12794,5.0,25.0,4.541538192672121
1329,5.0,22.0,0.7176755334934732
9223,5.0,12.0,1.136618174996844
28452,5.0,25.0,1.2668796433270018
3375,5.0,22.0,0.003788383994670852
39935,5.0,14.0,0.21770368001138785
9656,5.0,12.0,0.399070199992444
37484,5.0,22.0,0.5148342900024216
8419,5.0,25.0,0.03941001666318655
18119,5.0,14.0,0.010162300004338931
31911,5.0,18.0,0.04675079999874665
14137,5.0,22.0,95.63291042469979
36121,5.0,5.0,9.762608250618058
12140,5.0,18.0,31.59893831671741
16427,5.0,25.0,73.22107754414384
3242,5.0,25.0,31.70188868160237
35822,5.0,25.0,29.663533958313835
851,5.0,18.0,6.589932727926872
47826,5.0,22.0,22.141202678320433
8270,5.0,18.0,1.460341387141085
1260,5.0,22.0,17.319116532773762
833,5.0,5.0,4.736277964821696
6371,5.0,14.0,0.9036427899769564
19824,5.0,14.0,0.8335511439697854
2053,5.0,15.0,1.12889784603734
27311,5.0,22.0,8.385099989984242
7255,5.0,15.0,2.552342928997021
34041,5.0,22.0,4.511234525653325
32421,5.0,22.0,4.4657004689853945
31540,5.0,25.0,3.876111439976338
3832,5.0,14.0,0.39728639997629855
49876,5.0,25.0,2.723533514989602
8426,5.0,25.0,0.40966897399588476
7672,5.0,25.0,2.2761664594916224
48760,5.0,25.0,1.2065706560052467
32082,5.0,15.0,0.8863645799947921
13651,5.0,14.0,0.13534273799670693
38394,5.0,14.0,0.0661534679876441
8937,5.0,25.0,0.556656685998763
14602,5.0,15.0,0.04107984000572884
30013,5.0,5.0,4.184322899994243
7858,5.0,14.0,7.156854893023535
24974,5.0,22.0,66.81344721546692
7736,5.0,25.0,51.40548796395748
26286,5.0,25.0,41.730330354479435
24573,5.0,22.0,58.61933148797779
1714,5.0,5.0,5.18783201270918
4553,5.0,22.0,45.319627195660146
32095,5.0,15.0,23.73102811484378
48487,5.0,5.0,1.1635988868955636
44363,5.0,22.0,32.997729036767254
5791,5.0,18.0,8.91269913601144
6494,5.0,5.0,7.328198399898923
6948,5.0,25.0,24.261743232029318
41587,5.0,5.0,6.301744488012176
44517,5.0,22.0,13.137254495486022
34255,5.0,25.0,17.319166259191462
7834,5.0,25.0,13.001109215918333
10652,5.0,15.0,4.200715149988731
15541,5.0,14.0,1.147976950004626
22848,5.0,22.0,17.756415042121525
43430,5.0,12.0,7.885142399965154
9098,5.0,15.0,3.6552724500151825
13309,5.0,12.0,2.1301517999894273
38891,5.0,5.0,2.0001967200546957
22899,5.0,12.0,2.370290249980961
18579,5.0,5.0,0.2498022000213176
13726,5.0,22.0,3.44599496766428
10634,5.0,5.0,0.06788520000937481
36768,5.0,22.0,10.747627631976798
33979,5.0,25.0,9.667898105193807
3616,5.0,14.0,0.49348981801602676
11932,5.0,22.0,7.264732072512757
35773,5.0,25.0,4.511647007995402
37232,5.0,15.0,1.8677857574963603
21627,5.0,15.0,1.738821640014173
20561,5.0,25.0,3.903639770660849
37206,5.0,25.0,5.928603264009327
24131,5.0,18.0,0.9789490363415929
34598,5.0,25.0,3.1481580299976155
17247,5.0,5.0,0.03944466003231817
13794,5.0,15.0,1.0771474740020324
24008,5.0,15.0,0.7626151649945729
12751,5.0,15.0,1.1653776360426864
35881,5.0,25.0,2.7127711466659576
7661,5.0,12.0,0.3670002300052708
45308,5.0,14.0,0.05652713400077669
46062,5.0,14.0,0.008729100003668222
36465,5.0,22.0,2.1808692258787903
7824,5.0,18.0,0.2861072112180145
35919,5.0,18.0,21.853987392455423
20330,5.0,22.0,116.57653428502903
37713,5.0,22.0,96.83117031465096
350,5.0,25.0,40.506556414530635
7110,5.0,15.0,10.36316720649171
8628,5.0,25.0,28.626976066642214
24931,5.0,18.0,1.9114331775821896
23943,5.0,22.0,32.61804303836402
44440,5.0,12.0,5.193803999934218
14388,5.0,25.0,8.39016045732036
33335,5.0,12.0,4.649703239880353
5616,5.0,25.0,14.03363238873466
24532,5.0,12.0,4.511753760032477
35796,5.0,22.0,10.143011707087918
5673,5.0,18.0,2.048927718425581
30012,5.0,25.0,11.26455657816176
31807,5.0,12.0,0.7739588999791884
44132,5.0,12.0,1.4672981999689192
30630,5.0,25.0,3.6261678260054317
15084,5.0,25.0,3.9988382800022997
808,5.0,25.0,2.9137380479858805
2227,5.0,22.0,1.3167335320027842
8212,5.0,15.0,1.9049985960251092e-05
48908,5.0,15.0,0.48401276401112625
44668,5.0,18.0,0.4794990447769072
36865,5.0,12.0,0.12550305000243522
39370,5.0,12.0,0.038743500002788256
1521,5.0,18.0,20.23762193793769
2959,5.0,22.0,115.14269382584916
2971,5.0,5.0,7.203365999979269
2415,5.0,22.0,99.08068166789397
2933,5.0,25.0,84.47489462401876
45483,5.0,15.0,23.27331721339084
1461,5.0,5.0,1.1407136513525984
6258,5.0,25.0,70.7054399999694
16177,5.0,22.0,65.06929866230992
2940,5.0,25.0,46.63248151366717
25246,5.0,18.0,6.568659417589288
16817,5.0,18.0,7.384468079949443
48999,5.0,15.0,11.716411008128716
42505,5.0,12.0,7.59972518394585
42274,5.0,18.0,3.128391865573356
10883,5.0,25.0,21.77420287197841
11903,5.0,25.0,9.488090879977175
46635,5.0,25.0,8.257657129983851
557,5.0,12.0,2.4271284450546133
7575,5.0,18.0,3.0006608000697206
49132,5.0,25.0,11.73297673599145
49288,5.0,5.0,0.0006854399175750814
8752,5.0,25.0,10.724543974390176
14293,5.0,12.0,1.8601338000126972
48658,5.0,15.0,3.156554400049238
33134,5.0,25.0,8.820971673311107
13593,5.0,22.0,9.426228096003715
19318,5.0,22.0,8.122896585607645
23419,5.0,25.0,5.847972479972771
18672,5.0,25.0,4.557784162002735
45755,5.0,25.0,6.639369180761516
11303,5.0,14.0,0.4167892679941154
47156,5.0,12.0,1.2105080400098522
30482,5.0,15.0,1.668975416521409
18528,5.0,25.0,3.467447385010111
3474,5.0,25.0,3.3317203999851612
37515,5.0,22.0,5.679331955194613
37797,5.0,14.0,0.18400924999016333
22050,5.0,25.0,1.3490202000013323
29771,5.0,25.0,1.2973422225039384
4383,5.0,14.0,0.06613240798958753
29505,5.0,15.0,0.40767130199583423
24665,5.0,25.0,1.706624330673482
14034,5.0,22.0,0.7210414399991141
21455,5.0,18.0,0.016426709003304563
1299,5.0,15.0,0.1281253439968868
20968,5.0,25.0,0.07658280566564635
46097,5.0,22.0,0.014220718000619303
35027,5.0,18.0,21.885446519825166
35719,5.0,22.0,66.50772735794953
10419,5.0,25.0,54.635193936151936
24338,5.0,25.0,38.911504600188124
5512,5.0,25.0,44.05645120008408
36799,5.0,5.0,0.7361982720462947
34055,5.0,18.0,1.4150458990545332
26252,5.0,25.0,35.66510045338086
24743,5.0,22.0,23.983132262002478
48833,5.0,5.0,0.4615424531434442
25386,5.0,25.0,21.585854246398917
26009,5.0,22.0,26.197722841529334
24105,5.0,18.0,6.666053052258796
39949,5.0,25.0,19.403760959026286
16995,5.0,15.0,4.398558343955379
16793,5.0,25.0,15.754415972077418
37385,5.0,25.0,11.844550282708141
13026,5.0,18.0,2.6804922059762397
29500,5.0,14.0,0.8941331024581558
23445,5.0,14.0,0.6665445899714513
3323,5.0,22.0,3.7248997059943036
7576,5.0,15.0,2.3939774849716144
47973,5.0,22.0,7.187781095991642
24258,5.0,14.0,0.5613413729816337
31185,5.0,25.0,5.8018167632212325
46508,5.0,25.0,5.674706966450884
15340,5.0,25.0,4.860622693338014
6849,5.0,14.0,0.4259070809747776
24549,5.0,22.0,4.220210559986963
46475,5.0,14.0,0.39862077998019174
32031,5.0,25.0,4.581828768005543
38403,5.0,22.0,3.538655367985757
29515,5.0,25.0,2.292741591008485
9208,5.0,18.0,0.48388206199403694
20027,5.0,14.0,0.07824959999216397
11493,5.0,14.0,0.0681128999932028
23660,5.0,15.0,0.48741243199436646
14903,5.0,15.0,0.423158440009999
7166,5.0,25.0,0.9264430200046858
34800,5.0,25.0,1.3182460623947199
35451,5.0,25.0,0.6284843400069091
2837,5.0,22.0,0.015389120000354084
18472,5.0,25.0,109.76525813792489
44245,5.0,25.0,65.9481675478558
48426,5.0,5.0,0.6760255001085085
12012,5.0,25.0,56.94157392011998
20820,5.0,5.0,12.343492095992616
33425,5.0,5.0,2.4292324863034054
34155,5.0,5.0,1.6761463198686215
47707,5.0,14.0,13.9597790592521
32661,5.0,22.0,45.45846381995304
32469,5.0,12.0,18.06718764011893
43036,5.0,18.0,9.727915885266597
39186,5.0,12.0,18.711742656098977
5847,5.0,25.0,27.311523122136748
49203,5.0,14.0,7.011513960242482
27220,5.0,18.0,8.739329231904286
31670,5.0,25.0,27.149004536840437
4937,5.0,18.0,8.291222486321274
19420,5.0,5.0,0.9863506666756123
43373,5.0,22.0,26.139263431973525
25737,5.0,22.0,9.960980236513564
3752,5.0,15.0,3.922073970945476
28977,5.0,25.0,7.287248400671089
25497,5.0,14.0,0.16798463999215585
23634,5.0,15.0,2.568163199940784
25234,5.0,15.0,2.5277060619351417
36171,5.0,25.0,9.61547873341599
8502,5.0,22.0,10.95222718712672
27969,5.0,18.0,1.416636872981515
42424,5.0,25.0,5.004914438343134
5870,5.0,15.0,2.0232490049695286
35153,5.0,22.0,10.543902030987995
24218,5.0,15.0,1.6887726479943268
48075,5.0,12.0,1.1968887000539539
47501,5.0,5.0,0.9971656666483266
36648,5.0,15.0,1.3827072674851735
41125,5.0,25.0,2.809376326671577
29711,5.0,22.0,3.7162535518260595
38466,5.0,14.0,0.20023445998013223
17743,5.0,15.0,0.9068507759723232
20850,5.0,22.0,2.5568106959931916
23251,5.0,25.0,1.797028056672147
15153,5.0,15.0,0.6463216559855418
42813,5.0,18.0,0.36003979766040217
43762,5.0,25.0,1.5583029600028295
39247,5.0,25.0,2.328510515212603
21938,5.0,25.0,1.2544826640030458
3137,5.0,14.0,0.048017150003795805
14021,5.0,22.0,1.536853183988529
12285,5.0,18.0,0.06105703499911597
17343,5.0,15.0,0.16486895099004117
10906,5.0,22.0,0.34025901000014813
6082,5.0,22.0,109.67315828812701
49179,5.0,22.0,109.06092791973765
6088,5.0,22.0,92.5152486686265
49358,5.0,18.0,15.813803200028516
21731,5.0,12.0,21.180919871864432
47575,5.0,5.0,0.12619363092365177
841,5.0,25.0,56.651800718516526
25924,5.0,25.0,47.577774450913566
11851,5.0,18.0,5.145725040061919
14354,5.0,22.0,55.51607895995842
33520,5.0,25.0,21.709316700833796
35953,5.0,25.0,19.045200543548958
27077,5.0,15.0,1.3941673390963416
13383,5.0,25.0,11.322355628015764
41927,5.0,18.0,2.5482013775842383
9383,5.0,25.0,7.806809177875115
19853,5.0,25.0,6.454742236677703
30621,5.0,25.0,8.275300130230406
21655,5.0,22.0,5.1944768640266545
40349,5.0,22.0,4.549029239481413
18242,5.0,15.0,1.4372204319885924
26760,5.0,25.0,1.115253621983852
8671,5.0,12.0,0.7507430399222486
25418,5.0,12.0,0.6991156200140836
220,5.0,25.0,2.2997126933292993
17340,5.0,25.0,1.249206506653323
11649,5.0,12.0,0.6136424625145107
47311,5.0,25.0,0.7602791259845416
10436,5.0,12.0,0.47663508001174293
35514,5.0,14.0,0.07435574400745448
39522,5.0,14.0,0.06773752799464727
39894,5.0,18.0,0.286259435989459
29978,5.0,14.0,0.002178631994297575
39714,5.0,5.0,0.7280468665893238
38834,5.0,22.0,96.02751883469477
43597,5.0,22.0,84.85876151871238
47603,5.0,22.0,81.92064537544795
35828,14.0,5.0,5.451871714100577
30324,5.0,12.0,18.477733583797686
23505,5.0,25.0,50.94828758350026
31888,5.0,22.0,56.43621194990709
35415,5.0,5.0,2.6673589629817798
27720,5.0,12.0,12.592320959537602
48011,5.0,22.0,40.36459180774328
27880,5.0,25.0,35.5308160413104
15108,5.0,22.0,33.518670002836686
6003,5.0,25.0,29.635993759579556
30365,5.0,25.0,24.21957780253242
42118,5.0,12.0,4.271832479936705
25983,5.0,22.0,15.998714846217236
27913,5.0,25.0,13.817263848002625
21214,5.0,25.0,12.299043611526947
30638,5.0,18.0,0.9976645643192654
13791,5.0,25.0,7.545393395290809
5919,5.0,25.0,10.33504966919702
1985,5.0,25.0,6.1843186426264225
48502,5.0,25.0,9.766656487963097
15766,5.0,25.0,5.725731758625967
17711,5.0,22.0,11.459883266570348
7849,5.0,25.0,5.0799575759404245
22595,5.0,25.0,4.717937862455788
15867,5.0,12.0,1.137424800005011
37802,5.0,15.0,1.4139952560225275
34366,5.0,25.0,4.898107679927914
32227,5.0,12.0,0.7903818299819552
24064,5.0,25.0,2.448407105970672
34097,5.0,22.0,2.897055033608922
21727,5.0,25.0,3.090579102351346
28306,5.0,25.0,2.117555769561977
36704,5.0,22.0,1.3680730880121015
46176,5.0,25.0,0.8317215174961037
42439,5.0,18.0,27.628289199903264
46632,5.0,25.0,88.82840017973945
33662,5.0,18.0,24.87644639115578
49558,5.0,22.0,97.74989696269225
21494,5.0,18.0,17.504077367451472
11355,5.0,25.0,54.76705613772148
34337,5.0,18.0,16.646976759185875
5230,5.0,25.0,51.749089519950005
15659,5.0,22.0,56.20528001287147
37299,5.0,25.0,50.15404334127808
6534,5.0,25.0,39.16927006637765
26739,5.0,25.0,32.51155711656844
5214,5.0,18.0,10.081702783928748
30928,5.0,14.0,3.588536678445763
20894,5.0,25.0,27.54106970980323
15009,5.0,25.0,23.94078194540593
3870,5.0,5.0,5.883493171305972
5077,5.0,12.0,3.534220424908824
40545,5.0,22.0,19.624932512057107
41501,5.0,18.0,0.3503709253542553
40021,5.0,22.0,19.937490478457594
6927,5.0,12.0,2.2815751799330783
24798,5.0,22.0,10.851852780026096
31411,5.0,22.0,9.269224764384802
32807,5.0,22.0,9.805010616029442
29495,5.0,22.0,8.247929830043283
1217,5.0,22.0,7.504678493378211
14890,5.0,12.0,1.0559588249779388
10423,5.0,12.0,1.0166041199948452
3595,5.0,12.0,0.7563125999979494
40102,5.0,25.0,2.3881308000181454
43414,5.0,25.0,2.3458394966797567
17931,5.0,25.0,2.196484400002472
42804,5.0,25.0,2.258171985012189
35622,5.0,25.0,1.8116988053311216
44139,5.0,12.0,0.5567489400000927
11367,5.0,15.0,0.5234616000002585
9944,5.0,15.0,0.3704744199974588
36924,5.0,15.0,0.30174465000227446
23487,5.0,25.0,0.5606875679940897
5914,5.0,22.0,0.6110221199948287
27642,5.0,15.0,0.06932179499823654
5481,5.0,5.0,2.1101620000863193
6374,5.0,5.0,19.055906064055335
38379,5.0,5.0,2.9399040005133656
27316,5.0,25.0,87.52566693531264
49582,5.0,18.0,11.023217429322756
18677,5.0,22.0,60.76443228565722
27381,5.0,22.0,68.21338298678089
28359,5.0,25.0,47.24855794234681
6040,5.0,5.0,3.316326702330784
24655,5.0,18.0,1.4723151999884792
30232,5.0,18.0,9.301446933278939
48923,5.0,22.0,22.739727708655522
34406,5.0,25.0,16.438968723159597
45419,5.0,14.0,1.2461436270164796
40906,5.0,14.0,0.9665515094723318
22253,5.0,25.0,8.861689741968249
8650,5.0,5.0,0.08280599656410814
21361,5.0,25.0,8.318559035964117
8529,5.0,25.0,15.891954160425392
4339,5.0,25.0,7.800219595965874
11888,5.0,25.0,12.81306151894669
10345,5.0,14.0,1.3176051524728365
28096,5.0,14.0,0.8014470240202556
19639,5.0,14.0,3.0359615999523797
32569,5.0,22.0,11.518320800140412
18860,5.0,25.0,9.41032159157102
2793,5.0,5.0,1.3021265245229294
33352,5.0,25.0,2.957259568931537
10660,5.0,14.0,0.49120790400511183
16314,5.0,15.0,1.969613166001647
10180,5.0,15.0,1.9290075869844188
33243,5.0,15.0,1.8485811105043801
5389,5.0,22.0,4.566920854324081
20898,5.0,15.0,1.663200030003484
30578,5.0,25.0,3.91764136500945
14208,5.0,15.0,1.6920982109916416
5766,5.0,15.0,1.588804554971265
8508,5.0,15.0,1.3363630349938909
38090,5.0,18.0,0.7865335739944683
3952,5.0,25.0,3.024371904000793
49102,5.0,25.0,2.8218158544838463
36164,5.0,14.0,0.2371507120195666
43576,5.0,14.0,0.20794459499429152
43096,5.0,12.0,0.5670691499851053
17513,5.0,18.0,0.43741178000142433
5471,5.0,15.0,0.7366324080007995
25728,5.0,14.0,0.11268421999371192
18834,5.0,25.0,2.9448269557544666
42726,5.0,25.0,1.4447052853529332
49040,5.0,25.0,2.410868089617466
19649,5.0,25.0,1.2551639180020011
9184,5.0,14.0,0.0005867150037781599
37002,5.0,15.0,0.13155568499517978
43687,5.0,22.0,115.635717137077
48247,5.0,22.0,113.31219471580633
4094,5.0,25.0,63.75889862432456
47084,5.0,14.0,0.07829767684637545
20250,5.0,25.0,35.00588196931358
1561,5.0,14.0,5.001557443269746
36662,5.0,5.0,0.5773736958965259
39317,5.0,15.0,11.086527360275596
3682,5.0,25.0,22.456431593509414
4331,5.0,14.0,1.4484283415435684
8680,5.0,25.0,18.643634549742323
26298,5.0,14.0,0.2162573275327091
22538,5.0,12.0,2.601273179988574
21267,5.0,25.0,6.418772483859726
14838,5.0,25.0,4.1646636047165515
9540,5.0,22.0,5.152914091696218
30070,5.0,25.0,7.655208703978012
28941,5.0,12.0,1.3849400100289344
25444,5.0,15.0,1.2871128680156207
16890,5.0,12.0,0.9050677500154407
19560,5.0,12.0,1.2993150000003233
19947,5.0,12.0,1.055006400025949
26448,5.0,15.0,0.7723386740121629
14103,5.0,12.0,0.4855736999915603
5177,5.0,14.0,0.049628268030440736
32962,5.0,12.0,0.27562710000858637
30427,5.0,25.0,0.6073804933296971
2299,5.0,22.0,0.7608104669977802
45202,5.0,15.0,0.15430834200244892
10118,5.0,22.0,0.1005621899976058
7016,5.0,5.0,0.6121964666613451
17775,5.0,18.0,10.469428003486655
13861,5.0,22.0,73.69295529178629
12188,5.0,22.0,72.0937416261572
32515,5.0,15.0,16.164888224005495
47259,5.0,5.0,0.3697829146975664
6784,5.0,25.0,58.723340699946704
18085,5.0,25.0,44.36989005595031
27136,5.0,12.0,10.749918503770488
22100,5.0,25.0,34.86832834218241
13652,5.0,25.0,24.623444895907795
33166,5.0,22.0,29.117839328011172
44506,5.0,14.0,3.877465104213684
36663,5.0,25.0,23.694525740689308
16755,5.0,22.0,19.512609855990654
17049,5.0,25.0,15.412207679946341
18610,5.0,22.0,23.92088603987287
44113,5.0,22.0,14.340286644456661
34676,5.0,25.0,13.606917580724001
27932,5.0,22.0,14.403230890569183
18133,5.0,25.0,16.95754926723346
19136,5.0,25.0,13.73290601994551
42289,5.0,5.0,0.019634471997491687
6822,5.0,15.0,3.0257571840348874
19956,5.0,22.0,15.820506480042777
15574,5.0,22.0,11.979440038327862
26649,5.0,18.0,3.3777348624085413
34525,5.0,25.0,9.426070151198225
22368,5.0,15.0,0.8504918760217031
1602,5.0,25.0,6.417041807985397
5235,5.0,12.0,1.0560568349821935
571,5.0,12.0,0.8961721499807016
21997,5.0,22.0,1.7657515874859087
14821,5.0,22.0,1.3537024566690516
12425,5.0,22.0,0.8204744112033435
3214,5.0,12.0,0.022477079994770666
22600,5.0,22.0,70.10320711215412
30712,5.0,25.0,44.06130508828768
20737,5.0,22.0,68.15854397868966
40337,5.0,22.0,63.05381748798662
39737,5.0,12.0,11.099423243602985
47595,5.0,18.0,11.521648920017483
43002,5.0,18.0,9.91348298398482
33467,5.0,25.0,21.310509333472396
20756,5.0,25.0,18.541251584111706
37161,5.0,25.0,18.72405360017507
3544,5.0,25.0,15.899589881700962
16092,5.0,22.0,20.331766568070677
5399,5.0,22.0,30.86855798797363
16381,5.0,22.0,21.681694160098537
27938,5.0,25.0,9.796241952123964
29631,5.0,14.0,1.6599590689856427
10188,5.0,14.0,1.315274540024106
37955,5.0,22.0,17.137355874756743
11278,5.0,22.0,23.04233990665928
32384,5.0,12.0,2.9057062123881465
43620,5.0,18.0,3.0062260830013052
23354,5.0,22.0,16.014188455980833
12124,5.0,22.0,5.672813531963023
17284,5.0,14.0,1.4215932800107893
14955,5.0,12.0,2.181424664912903
355,5.0,14.0,0.7117302760153237
16547,5.0,22.0,1.7028934660385175
2611,5.0,15.0,2.3806701924634197
33637,5.0,15.0,2.1400148039483327
49197,5.0,25.0,8.93494014723007
5317,5.0,22.0,4.114831360024397
22690,5.0,14.0,0.4873266700029504
48291,5.0,12.0,1.2035740799495436
49653,5.0,25.0,4.068468188006122
1381,5.0,25.0,4.051950519999302
46324,5.0,14.0,0.35998504000275133
41202,5.0,14.0,0.37137490801551465
38716,5.0,14.0,0.3688428000152939
25649,5.0,22.0,6.017742990926198
8147,5.0,15.0,0.8013643859795447
28064,5.0,25.0,0.3043539200221357
6161,5.0,14.0,0.13368391501169619
37908,5.0,15.0,0.8168638979934411
48409,5.0,15.0,0.7268272479754962
9386,5.0,15.0,0.8165891759934443
1963,5.0,14.0,0.0854324099975372
26366,5.0,25.0,1.5019432890086089
46927,5.0,15.0,0.39712113598702015
29375,5.0,14.0,0.012492710002179663
1614,5.0,15.0,0.1986466814952843
42529,5.0,25.0,0.5334668166646832
33886,5.0,15.0,0.0806481450029124
2687,5.0,5.0,3.3955580400401004
268,5.0,18.0,16.89180556801375
27857,5.0,5.0,6.7682680500796835
13828,5.0,25.0,64.86092027207451
4054,5.0,25.0,61.65512467635969
45580,5.0,5.0,1.1173754927606865
39509,5.0,25.0,59.8144501508356
12868,5.0,5.0,4.53749433055134
38766,5.0,15.0,39.21777750038669
27785,5.0,5.0,8.261312392843251
46209,5.0,5.0,2.2638432000111948
39416,5.0,14.0,15.762461068769483
9985,5.0,25.0,40.76387738650121
8193,5.0,5.0,0.947903904047223
38577,5.0,5.0,1.0115381248375712
47505,5.0,25.0,20.918159234849043
14942,5.0,12.0,3.299264264997568
43222,5.0,5.0,0.25195679999814047
20676,5.0,12.0,2.295475500012145
42268,5.0,18.0,3.7351750271855515
20902,5.0,25.0,2.30624893605178
21049,5.0,15.0,9.774166911906036
28491,5.0,22.0,4.270378368016633
46729,5.0,18.0,1.5700961239967821
37948,5.0,22.0,9.786697107681931
29895,5.0,22.0,2.5584454680204605
35550,5.0,25.0,4.33003996001341
22118,5.0,15.0,1.7720032909698702
26665,5.0,25.0,6.354241088073072
48186,5.0,15.0,1.4619251999839946
13565,5.0,15.0,1.386985505988612
44326,5.0,22.0,4.4110015666697615
25054,5.0,25.0,3.199464098024195
32344,5.0,18.0,0.002705816668409078
3093,5.0,25.0,3.0004581093468214
29605,5.0,22.0,6.182941659727076
42971,5.0,15.0,1.090696709989981
7494,5.0,25.0,2.342106940679611
13382,5.0,14.0,0.15441630399894457
22689,5.0,15.0,0.6694724099928369
10840,5.0,25.0,1.3967077073456329
36517,5.0,15.0,0.43432674998962995
25531,5.0,14.0,0.03182489601272831
3521,5.0,18.0,0.455532417066955
46629,5.0,22.0,1.004544492500258
15670,5.0,15.0,0.08296080599830313
3753,5.0,22.0,129.1256585115161
49356,5.0,25.0,86.30831293301367
28305,5.0,22.0,104.85172671937377
46988,5.0,25.0,76.6332633363917
28153,5.0,15.0,26.61134437130096
9689,5.0,22.0,71.25790390689605
7360,5.0,25.0,54.99450859366863
30664,5.0,18.0,9.64184703563005
43479,5.0,25.0,31.772133468695458
45957,5.0,22.0,32.886462471857634
20947,5.0,25.0,18.218704203515273
12191,5.0,25.0,12.586383619276852
13401,5.0,12.0,2.8902459899705804
27373,5.0,12.0,2.7505059599798685
49954,5.0,25.0,6.8027395786452285
21716,5.0,25.0,6.155415969973438
40653,5.0,25.0,6.658006060792136
3666,5.0,12.0,1.1549519399839703
48765,5.0,14.0,0.30665132004880746
7006,5.0,12.0,0.8447758049848275
9964,5.0,15.0,1.1427966659970004
48892,5.0,25.0,2.362444154983419
17380,5.0,25.0,0.03127103499596373
45763,5.0,25.0,0.6939076000016309
6231,5.0,15.0,0.34215422400193507
44027,5.0,15.0,0.28903675200804635
1984,5.0,22.0,0.5890029499955498
8422,5.0,14.0,5.898781222760704
29014,5.0,25.0,68.0829219583367
8254,5.0,22.0,77.83780164907623
1740,5.0,25.0,56.82713712788427
16227,5.0,5.0,0.28716538445027595
49907,5.0,25.0,50.680462175649836
24935,5.0,25.0,49.02789478360555
13243,5.0,15.0,29.905894130981267
10589,5.0,25.0,42.82076809077995
7401,5.0,25.0,34.74544933306362
46973,5.0,22.0,44.65400304778757
21123,5.0,25.0,28.390401459805247
10563,5.0,25.0,40.355926947039904
28166,5.0,12.0,12.061764479813263
30922,5.0,22.0,33.10405898934124
42764,5.0,22.0,24.666673667003145
44134,5.0,25.0,17.70034364516939
5129,5.0,15.0,5.355582600068843
10528,5.0,15.0,4.364152754958283
38964,5.0,25.0,12.61130365645431
25861,5.0,25.0,0.2941679999558531
790,5.0,22.0,9.811035779948538
20813,12.0,15.0,0.8215023840093352
40192,5.0,14.0,0.4545608399952705
1013,5.0,25.0,1.560641848332235
15978,5.0,18.0,0.27796643331979265
3850,5.0,12.0,0.3110605499876229
48331,5.0,12.0,0.23313359999667238
10449,5.0,12.0,0.13487879999467278
17448,5.0,12.0,0.09003125999498396
9577,5.0,15.0,0.10827296399343878
39796,5.0,15.0,27.9040009437162
1601,5.0,25.0,83.83139157334361
22840,5.0,5.0,49.45416883160442
31079,5.0,5.0,37.77376778394398
27985,5.0,22.0,100.12688188797485
27438,5.0,12.0,18.445843559480466
2570,5.0,5.0,7.644381907116355
6080,5.0,12.0,14.552086079828996
28495,5.0,25.0,31.03796611188679
14730,5.0,5.0,4.288556399999138
33082,5.0,22.0,46.20689671787653
34456,5.0,5.0,3.1289246644408877
258,5.0,25.0,34.93445924277897
13737,5.0,22.0,43.56550501870354
11193,5.0,22.0,39.56384096001724
10042,5.0,12.0,13.106055899924968
22413,5.0,18.0,0.2061546666531484
38486,5.0,22.0,14.940811295988503
5117,5.0,14.0,0.9125063999977243
15117,5.0,25.0,7.932334387998999
36979,5.0,25.0,2.4522592319779584
4745,5.0,25.0,8.340009557336284
46556,5.0,25.0,4.961656680010297
48110,5.0,22.0,9.283900518341373
41358,5.0,12.0,1.2520379999527798
39056,5.0,25.0,3.012695141282137
8655,5.0,25.0,3.356005338002701
43798,5.0,15.0,1.2399816799862506
8747,5.0,25.0,1.6130379200014353
4263,5.0,15.0,0.933216807991883
11553,5.0,25.0,3.439363161562806
35054,5.0,15.0,0.734094791994023
32033,5.0,22.0,1.8206597039946875
1160,5.0,18.0,0.14569154000104323
12831,5.0,25.0,1.2738838111964461
24517,5.0,22.0,0.5055205299925978
33725,5.0,25.0,97.31701997512542
15897,5.0,5.0,1.7829924000427582
23194,5.0,12.0,25.320329472072103
32798,5.0,25.0,66.24693830415603
33450,5.0,5.0,1.0202009999808723
25373,5.0,5.0,1.3826903041546075
32929,5.0,5.0,18.11669560139694
18596,5.0,5.0,2.6241407998233512
43712,5.0,15.0,13.213983457334535
1322,5.0,5.0,1.675877999974638
13678,5.0,5.0,3.6239654401194485
22570,5.0,5.0,1.3500766784019618
2757,5.0,25.0,27.747364464025537
15789,5.0,25.0,27.79564451991748
16270,5.0,5.0,0.7776783360644401
5195,5.0,14.0,0.02989989002854543
30193,5.0,5.0,1.1448575999786215
27415,5.0,5.0,3.2314693332800957
41450,5.0,22.0,22.42397196818714
29047,5.0,25.0,22.165576533310286
37697,5.0,15.0,8.135429840155695
30635,5.0,22.0,18.98738758402802
36932,5.0,25.0,15.09218505604261
23039,5.0,25.0,11.47838194246279
37362,5.0,18.0,2.963541738627601
13171,5.0,12.0,2.490792420079792
42191,5.0,5.0,1.3876247137298066
44901,5.0,25.0,15.901349260837442
37671,5.0,15.0,3.083807928043207
41429,5.0,18.0,2.600485304005254
947,5.0,5.0,0.29283170400475456
26598,5.0,18.0,0.3948579418358342
34838,5.0,15.0,1.6573858319125634
676,5.0,15.0,1.462665719989328
3347,5.0,14.0,0.30819184802839317
8620,5.0,14.0,0.2830812900122801
23110,5.0,22.0,4.647781226637186
37695,5.0,25.0,2.5039339350012355
34677,5.0,25.0,2.0518934633339976
22867,5.0,15.0,0.6896328880141755
1764,5.0,12.0,0.47904388501967077
38550,5.0,15.0,0.3942141599975626
37317,5.0,15.0,0.3560784959977603
14956,5.0,15.0,0.31377959137513134
16534,5.0,22.0,0.9878366080026528
1563,5.0,25.0,0.9162051381454899
19141,5.0,15.0,0.14681190000605993
3535,5.0,15.0,0.1429572000062005
25354,5.0,25.0,56.24684760010092
10014,5.0,18.0,12.228935449695314
45990,5.0,22.0,60.19809147004206
15158,5.0,18.0,6.656296198477179
41686,5.0,22.0,45.0686671529233
7111,5.0,22.0,41.140922530236
29861,5.0,25.0,30.5896395584625
5990,5.0,25.0,17.34162633596921
10102,5.0,25.0,15.524980533424724
2350,5.0,22.0,22.018783167982363
35369,5.0,12.0,1.5013482149969235
18976,5.0,12.0,3.85347475213171
9452,5.0,15.0,0.6457224539869699
14546,5.0,25.0,6.623567644977033
23000,5.0,25.0,10.488793496509729
31264,5.0,22.0,11.05607030666302
33732,5.0,22.0,1.8843514900185259
15161,5.0,22.0,8.471306659190944
6806,5.0,22.0,1.9870247819979543
4755,5.0,15.0,0.989511959986924
13748,5.0,15.0,0.9030738899996535
9934,5.0,25.0,0.7099208274966791
39990,5.0,25.0,0.4098797610031357
22103,5.0,25.0,0.36364472000076953
18511,5.0,15.0,0.008116829998134012
37682,5.0,25.0,0.023235011001525918
16587,5.0,18.0,23.42329881587264
3273,5.0,5.0,6.481765655426216
31415,5.0,22.0,104.22133092197859
40199,5.0,22.0,88.07064827713239
2369,5.0,22.0,74.21270146016496
20951,5.0,5.0,0.0005036544935137499
11525,5.0,5.0,1.7761157715152365
7946,5.0,25.0,49.88865020178541
9722,5.0,25.0,44.47676026673979
48662,5.0,5.0,0.07196399999855885
18858,5.0,15.0,0.503369366249018
21042,5.0,18.0,2.804357407995539
24115,5.0,25.0,22.416704304026425
44717,5.0,25.0,23.388117026996227
46981,5.0,25.0,17.313121785613966
25949,5.0,15.0,2.3925383040206327
23904,5.0,22.0,14.793283344179613
32262,5.0,25.0,9.816816019256223
20525,5.0,12.0,1.759032479980707
40240,5.0,25.0,5.260519010037543
22748,5.0,12.0,1.5942557999951035
33503,5.0,25.0,5.161932224043861
48332,5.0,25.0,6.094851921074639
26642,5.0,25.0,0.4882948680139556
46900,5.0,12.0,0.9824317499873558
33706,5.0,25.0,0.7278948785080708
47322,5.0,14.0,0.25449777697968123
39512,5.0,25.0,1.4395834066989552
22415,5.0,14.0,0.18077560798596082
9160,5.0,25.0,2.0037517650107635
41744,5.0,18.0,0.3452382133314762
45083,5.0,12.0,0.4095714000024042
29564,5.0,15.0,0.4822157939858087
14759,5.0,12.0,0.14320708500341084
12853,5.0,22.0,0.7561761625068391
3270,5.0,22.0,0.474751399999233
23592,5.0,25.0,0.19338189166504627
579,5.0,22.0,134.09663306884661
34326,5.0,5.0,57.65522738395538
3699,5.0,15.0,100.85220535699085
6879,5.0,5.0,26.416578566437977
16263,5.0,25.0,78.2481710143035
32582,5.0,22.0,98.95487766725077
23181,5.0,5.0,29.152860804116756
37607,5.0,22.0,82.4954830464601
32857,5.0,25.0,50.32095452013466
3483,5.0,14.0,5.203346365179129
43960,5.0,5.0,10.458657770416124
11999,5.0,22.0,54.91121458141575
10386,5.0,25.0,36.977491363238684
25226,5.0,5.0,6.8153599872655235
18054,5.0,25.0,37.43456979857085
26501,5.0,25.0,34.28647182408048
48120,5.0,15.0,5.212022323107163
13833,5.0,18.0,1.6440516960379767
7027,5.0,14.0,1.0613085960340314
6697,5.0,15.0,3.9495360720234203
2656,5.0,15.0,1.387461008504978
3936,5.0,15.0,2.4424553844929235
27567,5.0,22.0,7.4345489500091375
28918,5.0,25.0,5.2223043800061415
1282,5.0,25.0,5.403814332016262
37168,5.0,14.0,0.43565928003522814
1903,5.0,14.0,0.32296438600776156
49520,5.0,22.0,5.1119599231906605
24972,5.0,15.0,1.0211794650066022
32306,5.0,15.0,0.7420282020009932
43316,5.0,22.0,1.2706054800021742
7088,5.0,25.0,0.40045736399625476
15708,5.0,5.0,5.3234602479448085
38887,5.0,25.0,68.40261077690403
38690,5.0,5.0,3.5278274565155527
45870,5.0,12.0,59.21418792055192
46035,5.0,5.0,8.249695795658425
5625,5.0,5.0,0.6772664999395914
34125,5.0,22.0,66.6995555203698
36116,5.0,5.0,32.612631551852076
18699,5.0,5.0,5.305319432450631
18264,5.0,22.0,64.8982782620152
21941,5.0,5.0,10.812033792151112
20570,5.0,15.0,14.463155990423815
49625,5.0,22.0,39.77625527038223
41293,5.0,25.0,27.355052352015612
43208,5.0,5.0,1.450155110389943
23336,5.0,5.0,2.129218399925584
973,5.0,22.0,31.016110528087538
38026,5.0,15.0,6.4944807740075206
21058,5.0,5.0,0.7759771839688909
13098,5.0,18.0,5.440480774393812
4356,5.0,25.0,19.597394122252034
45814,5.0,25.0,17.58039060728074
16364,5.0,18.0,4.638550627996594
863,5.0,22.0,11.740963289989754
48606,5.0,14.0,2.0289450528170505
24460,5.0,14.0,3.6358871136155813
5794,5.0,25.0,14.444986915065968
21954,5.0,12.0,2.8149510000254097
24213,5.0,5.0,0.2431509750002263
12667,5.0,14.0,0.7357358204918611
5739,5.0,12.0,1.8544907100104489
19192,5.0,18.0,1.304691596656717
4350,5.0,14.0,0.45578729700611476
39173,5.0,15.0,1.7784066540074086
12661,5.0,14.0,0.5087846100007773
34002,5.0,25.0,3.175795360004349
34870,5.0,15.0,1.2912261045084623
6615,5.0,22.0,4.083891331661573
3537,5.0,14.0,0.2565020354995333
16485,5.0,14.0,0.24215122799204636
15141,5.0,14.0,0.23869649098752532
6502,5.0,25.0,4.490920419991246
40348,5.0,15.0,1.1498139050034482
3247,5.0,15.0,0.6649032720004211
44455,5.0,25.0,2.717195746156725
28914,5.0,15.0,0.4949317379965237
27216,5.0,14.0,0.020236016008176705
23877,5.0,15.0,0.3922548720131136
2178,5.0,15.0,0.28034137849233787
38023,5.0,25.0,0.6166408240010677
26662,5.0,22.0,0.4061661099963798
11133,5.0,22.0,95.53292701713355
11898,5.0,18.0,16.99120637854581
38392,5.0,5.0,0.4046743867751559
30129,5.0,22.0,86.17697425891163
46403,5.0,22.0,80.72573681583992
10268,5.0,25.0,62.928604624274385
9848,5.0,25.0,54.528748344218684
42182,5.0,5.0,0.31777732909735334
42659,5.0,25.0,30.820563448606208
41734,5.0,25.0,26.97720939912675
43713,5.0,25.0,32.56779344764367
36813,5.0,25.0,26.131199385671806
11971,5.0,5.0,0.4182917184733128
7519,5.0,22.0,24.072405621207523
42678,5.0,25.0,20.162895479365105
21001,5.0,22.0,8.826062399960065
41674,5.0,22.0,16.09339910387686
21867,5.0,25.0,4.402835721280336
27805,5.0,18.0,0.49311320696796557
24764,5.0,14.0,0.44771857995629816
10215,5.0,25.0,6.017443519988982
5585,5.0,25.0,3.5664538549890032
18812,5.0,12.0,0.8395186575056126
24993,5.0,22.0,0.9111874128075641
36921,5.0,25.0,1.9355886159885873
23952,5.0,22.0,1.56515512082969
25113,5.0,25.0,1.0168922690027484
4267,5.0,22.0,0.06803537100216661
6800,5.0,18.0,15.521466514267672
5047,5.0,5.0,1.2410369999230966
41888,5.0,18.0,12.029686284799936
9414,5.0,22.0,74.32383801870095
29386,5.0,12.0,6.4922131204604625
3589,5.0,22.0,64.1303722988872
6410,5.0,22.0,59.245943187163036
34791,5.0,15.0,18.013772292190822
43896,5.0,5.0,0.7061022001616095
37901,5.0,5.0,0.22491417602788033
19212,5.0,18.0,1.4155201428078215
47587,5.0,5.0,0.11207620799734741
40625,5.0,25.0,38.737789044652885
1568,5.0,22.0,36.4238073896059
37967,5.0,25.0,34.30441459632668
44581,5.0,22.0,32.53340480164593
15115,5.0,25.0,27.230064437489318
32038,5.0,25.0,27.82079340785309
24554,5.0,25.0,18.202286515256567
48940,5.0,15.0,6.612123230484286
27986,5.0,25.0,2.6476322870410414
13843,5.0,25.0,9.607845984111549
13684,5.0,25.0,5.1281980901713204
31991,5.0,12.0,1.462589399990236
6655,5.0,25.0,0.8498602878505537
40288,5.0,12.0,0.7730543774999905
15149,5.0,22.0,3.494142676498125
44559,5.0,15.0,0.9924457919852596
30685,5.0,12.0,0.6963779999998945
44218,5.0,15.0,0.8255566380144668
46399,5.0,25.0,1.2176396820131545
43436,5.0,18.0,0.2477310833493731
49387,5.0,12.0,0.1518240000038391
40535,5.0,22.0,0.1002293439997961
33410,5.0,22.0,147.86343781519537
23102,5.0,12.0,71.08286649634823
19273,5.0,25.0,63.20828112049503
14951,5.0,25.0,63.06465536175969
35688,5.0,18.0,26.813742658159384
34256,5.0,25.0,45.513716080332145
44774,5.0,5.0,3.1443941887207814
415,5.0,25.0,42.643213446249504
32396,5.0,18.0,13.120338536104171
16528,5.0,18.0,18.33122288000608
12280,5.0,25.0,30.195678684312597
44230,5.0,18.0,10.337397994688317
7333,5.0,15.0,21.892028793650013
31307,5.0,18.0,7.344862220053081
10699,5.0,25.0,18.602953339358294
38215,5.0,12.0,3.038774304178375
8373,5.0,25.0,10.574721594087642
39476,5.0,14.0,1.2364601250142755
1599,5.0,18.0,3.122448493339917
32274,5.0,22.0,17.52760827110592
44982,5.0,25.0,10.14788003072703
27991,5.0,25.0,15.471012489714028
20220,5.0,25.0,4.585085751727259
41217,5.0,25.0,7.335218052402308
21046,5.0,25.0,7.144871258066274
42680,5.0,22.0,9.127572860032728
47735,5.0,25.0,11.447362104084284
43236,5.0,25.0,11.03711834495234
43982,5.0,15.0,3.058379664026262
30089,5.0,12.0,1.9570221300437822
28398,5.0,25.0,9.3258319190533
44841,5.0,15.0,2.395261582534772
23198,5.0,25.0,4.965117374035193
11457,5.0,25.0,4.369713620038823
8117,5.0,25.0,4.176653245362779
5740,5.0,12.0,1.1827984800283815
37069,5.0,14.0,0.4062533320083155
49927,5.0,25.0,6.500472660832861
27746,5.0,12.0,1.0933144950267994
19840,5.0,25.0,3.5964086373587474
36209,5.0,25.0,5.219620764080576
11065,5.0,18.0,0.6928400780071549
10335,5.0,25.0,2.270573581351578
32758,5.0,15.0,0.9632493900124572
26572,5.0,12.0,0.9220159560312204
27709,5.0,14.0,0.09929129999496311
16068,5.0,25.0,1.6600964293426275
35389,5.0,12.0,0.37069578751645693
13739,5.0,25.0,1.3462817280047306
40285,5.0,25.0,0.21245281251409054
24259,5.0,25.0,2.10774167040372
4024,5.0,25.0,0.18821207050709932
28461,5.0,12.0,72.95187432055326
26052,5.0,5.0,1.962575766743953
28051,5.0,5.0,4.200009386800588
24230,5.0,5.0,1.7995229390134284
7935,5.0,18.0,20.468356201636027
31737,5.0,25.0,70.07310071688636
40041,5.0,25.0,65.67721304753854
10091,5.0,25.0,57.049916832286314
44153,5.0,5.0,11.618884915581901
43654,5.0,5.0,4.907550105869035
10073,5.0,18.0,13.638040464004575
39136,5.0,22.0,49.40151014308553
29599,5.0,25.0,39.00724521604491
8370,5.0,15.0,0.30006746776135174
5572,5.0,5.0,3.1926439999765392
37079,5.0,18.0,11.188268332777213
21068,5.0,5.0,0.35062569278181854
37122,5.0,25.0,32.407781504098324
29932,5.0,25.0,31.92375295219273
1578,5.0,5.0,1.436770399992625
47863,5.0,18.0,8.255410161584365
39790,5.0,14.0,5.344966639869526
27517,5.0,14.0,7.15424106976225
32351,5.0,15.0,16.312904208187874
46390,5.0,14.0,2.8403820135249447
28650,5.0,18.0,3.051894249606576
14579,5.0,25.0,11.164527609981892
11718,5.0,5.0,0.2893590719973105
35066,5.0,18.0,4.783888323211709
11543,5.0,5.0,0.23904450879620498
20895,5.0,25.0,5.432019048003895
48838,5.0,5.0,1.069001875994367
45439,5.0,14.0,0.7721052060497158
7178,5.0,22.0,14.62486626139917
15851,5.0,22.0,9.156271298018769
21956,5.0,14.0,0.6189152610414013
49722,5.0,14.0,0.6092445350582807
12116,5.0,14.0,0.6700957425362972
42106,5.0,15.0,1.731899569048828
16033,5.0,22.0,7.8839308784432465
32136,5.0,14.0,0.31748499000201846
35986,5.0,12.0,1.0028904600033925
9709,5.0,25.0,6.2279885824100365
47744,5.0,25.0,3.467204576011481
4395,5.0,15.0,1.310150047537789
45372,5.0,15.0,0.8768865720209842
16680,5.0,18.0,0.3976860239961324
11420,5.0,15.0,0.46479917601536336
26691,5.0,12.0,0.16903056000282568
6271,5.0,12.0,0.07480447499715881
48416,5.0,15.0,0.08867170600485119
26498,5.0,25.0,0.24366924000371792
27492,5.0,22.0,117.40824601577415
42020,5.0,5.0,2.270447532163132
11389,5.0,22.0,89.03010983876402
16187,5.0,18.0,12.530442321706616
38963,5.0,15.0,22.57465897594085
35138,5.0,18.0,5.5048588160451715
20119,5.0,22.0,50.572181803676884
4446,5.0,5.0,0.04735964967237294
36823,5.0,18.0,3.171929053360074
35434,5.0,15.0,3.929412928045039
20853,5.0,25.0,20.458410125283116
37976,5.0,25.0,10.033160655969386
24871,5.0,22.0,9.27082219498736
10324,5.0,12.0,1.660875312013971
36744,5.0,25.0,0.8740019783016066
37311,5.0,25.0,9.616915219196645
28334,5.0,25.0,4.908192287981995
25008,5.0,25.0,4.17975706881904
42863,5.0,25.0,4.922466403297555
28682,5.0,25.0,0.5026140159789136
39220,5.0,22.0,6.381090854337604
45833,5.0,14.0,0.3879862479734406
2870,5.0,22.0,3.2053589239761386
7793,5.0,12.0,1.0359379200012349
33357,5.0,25.0,5.184224266908949
47130,5.0,12.0,0.6681241874990764
11512,5.0,12.0,0.49432980000144333
5234,5.0,15.0,1.0896616320055266
23454,5.0,25.0,1.2546844619823374
8109,5.0,14.0,0.04092639598661307
32042,5.0,18.0,0.20309715516774673
9439,5.0,12.0,0.21568871999685868
9682,5.0,12.0,0.2154787950007515
30069,5.0,15.0,0.28757805298746675
20627,5.0,25.0,0.3256814080010759
30544,5.0,25.0,0.07579117599569951
38629,5.0,5.0,1.0310695488736314
22347,5.0,18.0,16.113921308955398
2734,5.0,18.0,13.368572565535132
26502,5.0,25.0,50.957721947771205
20800,5.0,5.0,0.18292492809709415
46095,5.0,25.0,37.86869075984623
13768,5.0,14.0,4.4135197439723015
241,5.0,18.0,4.859469002713546
19870,5.0,25.0,31.78750231650126
47480,5.0,25.0,27.76814160479676
5111,5.0,22.0,31.22577675497852
3642,5.0,25.0,25.669978383776808
44578,5.0,12.0,2.8724613959963463
8378,5.0,22.0,12.572540466279161
32008,5.0,25.0,4.388701744969756
48507,5.0,12.0,1.02954809997183
5688,5.0,25.0,5.546759625516209
15441,5.0,12.0,0.8988248999756525
39855,5.0,15.0,0.9345249799919113
2969,5.0,25.0,2.2399575049791283
35329,5.0,12.0,0.6450809249738576
22336,5.0,14.0,0.1555760219972928
10928,5.0,15.0,0.8401279979905301
18178,5.0,22.0,4.35564441594712
119,5.0,14.0,0.10452408799318036
40841,5.0,25.0,2.5480899199886826
21798,5.0,25.0,1.5227775487935045
38950,5.0,12.0,0.21701099999829498
23782,5.0,22.0,1.1326908779923452
46455,5.0,12.0,0.14467656000067208
27554,5.0,25.0,0.5048525999889857
45969,5.0,12.0,0.10859699999609651
42135,5.0,25.0,0.14227550199856087
31388,5.0,22.0,135.96188281653303
38282,5.0,22.0,121.45459106058189
28579,5.0,18.0,47.43943145608799
39155,5.0,22.0,101.6028610003658
28099,5.0,5.0,5.056284138717757
32710,5.0,5.0,6.862082198401453
21323,5.0,18.0,20.26812992506433
36359,5.0,14.0,34.656872064000936
960,5.0,25.0,64.08853011977254
8856,5.0,22.0,36.67124384036211
22134,5.0,25.0,24.1826115480208
2339,5.0,25.0,10.025960223704502
31775,5.0,25.0,15.733017360583062
14340,5.0,14.0,0.9063875599662694
32693,5.0,22.0,17.839287986724894
21070,5.0,25.0,12.478309600092047
49780,5.0,15.0,3.472125500025413
49495,5.0,22.0,10.128988740024413
21241,5.0,25.0,12.258171211265456
393,5.0,12.0,0.7564949759986916
1344,5.0,15.0,3.0138320687343096
33217,5.0,15.0,2.3621516640239832
43083,5.0,15.0,1.7078133139946097
48124,5.0,22.0,5.5759737210240505
41328,5.0,25.0,3.803590936685355
3090,5.0,15.0,1.4468689759976954
11171,5.0,12.0,1.0456934250248509
44055,5.0,25.0,5.6811263957638936
47135,5.0,18.0,0.35450217283845475
48823,5.0,12.0,0.7668230699952243
42544,5.0,18.0,0.6132145749948288
17800,5.0,25.0,2.325927285016161
15402,5.0,12.0,0.6328827300247148
16675,5.0,14.0,0.17039759999280157
19737,5.0,12.0,0.5465590500085575
13586,5.0,14.0,0.0133763339826789
41462,5.0,15.0,0.24510612000737542
9209,5.0,15.0,0.020179504000708892
13366,5.0,5.0,20.4715628717874
10382,5.0,5.0,11.998411068726682
29281,5.0,12.0,61.311432719920276
40294,5.0,18.0,14.343613219227251
32085,5.0,25.0,76.9277211098544
28535,5.0,25.0,67.76412364837977
49971,5.0,25.0,57.34467661927056
45785,5.0,12.0,30.109503071746474
27878,5.0,5.0,20.268377842971347
34094,5.0,18.0,15.202892634347577
39432,5.0,5.0,0.7975224000508803
24346,5.0,5.0,6.751318000004787
12813,5.0,5.0,5.636209408351732
29236,5.0,25.0,49.46594642254773
47896,5.0,5.0,0.5817864479816421
15836,5.0,5.0,4.951595093600204
19096,5.0,22.0,42.93034639230173
28,5.0,25.0,35.65860651226656
7971,5.0,22.0,33.53647530739783
42172,5.0,22.0,30.678032925429086
24513,5.0,14.0,2.52267584472753
48691,5.0,14.0,8.04939851519822
19073,5.0,18.0,9.797546082139299
15018,5.0,5.0,0.9105859666332918
28492,5.0,5.0,2.191008499991952
16106,5.0,25.0,18.988948640124065
6075,5.0,14.0,1.6033845900041115
18013,5.0,5.0,0.42530636799128985
17664,5.0,15.0,5.13168111494555
5103,5.0,15.0,3.515233683007615
26947,5.0,15.0,2.9081513116736346
46705,5.0,25.0,10.179289572850593
5478,5.0,25.0,9.99652280326346
48839,5.0,22.0,7.75944593137914
21234,5.0,14.0,0.49169052601127916
43454,5.0,25.0,4.177173941375408
32870,5.0,22.0,8.511247974407372
32742,5.0,25.0,3.732544230019892
25349,5.0,22.0,0.709855462008246
16255,5.0,15.0,1.2057199740121654
35068,5.0,22.0,6.105823377387223
8337,5.0,14.0,0.36302617604490806
47112,5.0,14.0,0.15714899001249272
20873,5.0,14.0,0.13010982401669402
26231,5.0,15.0,0.7627899099942059
4836,5.0,14.0,0.09518672999979039
35370,5.0,14.0,0.1037921749912396
2446,5.0,15.0,0.7181876700263707
865,5.0,18.0,0.3625317959970573
44493,5.0,15.0,0.5157057600031383
42767,5.0,18.0,0.5314857599968246
8310,5.0,18.0,0.1688314799977606
23167,5.0,18.0,0.13050972499716096
35336,5.0,15.0,0.1929465100039267
43210,5.0,22.0,132.20770880007044
10005,5.0,22.0,80.76915778156098
14662,5.0,22.0,77.08940634900864
8181,5.0,22.0,67.39510987756269
2403,5.0,25.0,45.36572435205916
32753,5.0,25.0,36.67887570385673
45145,5.0,22.0,47.136171018782676
36407,5.0,25.0,35.5305991360393
7545,5.0,22.0,44.61913765609033
37783,5.0,5.0,0.7767170111515327
36753,5.0,12.0,3.3869419949385673
8462,5.0,12.0,3.189104850005556
9867,5.0,22.0,14.750219808007827
39649,5.0,25.0,9.769170827322448
3742,5.0,25.0,5.748723800003429
33654,5.0,25.0,6.1498527320053356
13679,14.0,5.0,0.10861868997633906
28140,5.0,12.0,1.9643042999915004
35397,5.0,25.0,10.372931063475932
23069,5.0,18.0,2.8206791808551337
6100,5.0,12.0,1.0138275299754191
41414,5.0,25.0,2.3325339996407273
9488,5.0,22.0,0.7130690700098548
28808,5.0,18.0,0.10559505600707109
39113,5.0,18.0,0.7452462171690808
49187,5.0,25.0,3.133488576006128
28108,5.0,12.0,0.7706653499877945
883,5.0,25.0,1.7395367446602537
36553,5.0,25.0,2.0858921039937393
24575,5.0,25.0,0.5680340099963468
41939,5.0,25.0,1.3608470986584709
28973,5.0,12.0,0.2790009750016056
8490,5.0,25.0,89.73471142297473
29896,5.0,18.0,11.151529864144322
7820,5.0,22.0,74.47271178869704
23812,5.0,22.0,65.39906379898673
30812,5.0,22.0,64.99455856767418
31246,5.0,5.0,0.16406730006261228
24087,5.0,25.0,46.749546982457446
41201,5.0,22.0,43.076155386915644
3569,5.0,25.0,34.6220345727519
27001,5.0,22.0,41.17190419208997
36250,5.0,22.0,32.19850525746091
18106,5.0,25.0,30.278406754083925
40473,5.0,22.0,31.094923778070665
49051,5.0,18.0,6.318525340082921
23556,5.0,25.0,19.810539846368705
11473,5.0,25.0,16.484699904169446
33403,5.0,25.0,13.402262184743321
15732,5.0,25.0,11.671725760050087
2336,5.0,25.0,10.609963776028817
20211,5.0,25.0,8.166483135959865
16569,5.0,15.0,2.3491618825110443
5394,5.0,25.0,5.168415479996632
30545,5.0,25.0,4.049698943335093
32804,5.0,12.0,1.1300339999889957
30191,5.0,22.0,4.241800933994153
29154,5.0,25.0,0.3302265810006624
9498,5.0,12.0,0.9935246999849809
15211,5.0,12.0,0.9529697999913118
4861,5.0,12.0,0.8423911200202809
35678,5.0,14.0,0.21398181998601196
37114,5.0,12.0,0.6919260599881323
22301,5.0,18.0,0.5257540773439278
29124,5.0,12.0,0.5943036450000783
11529,5.0,22.0,2.7728287199793895
44892,5.0,18.0,0.7128063199993218
30872,5.0,22.0,2.0422924799936073
31380,5.0,12.0,0.6485067119613106
38029,5.0,22.0,1.4354235424921473
27908,5.0,25.0,0.9369844100014468
10072,5.0,22.0,1.267709735998531
32653,5.0,12.0,0.19515846000864379
46448,5.0,15.0,0.10798326399660585
8573,5.0,12.0,0.0039004500064390157
36161,5.0,18.0,23.190677419538474
29036,5.0,5.0,10.334707500207372
23935,5.0,12.0,17.765787647714887
49054,5.0,22.0,77.30452866130999
40215,5.0,18.0,16.484132031902092
31386,5.0,18.0,17.4842066209913
245,5.0,22.0,54.00171157665967
5178,5.0,5.0,4.181954627215816
13947,5.0,22.0,29.689826022031177
19511,5.0,5.0,1.5474447281971635
39366,5.0,22.0,25.59370013460731
42272,5.0,25.0,18.07209106975464
21253,5.0,15.0,3.8837744324387273
13827,5.0,15.0,3.3334939110001685
44379,5.0,25.0,7.4642740499926745
17420,5.0,18.0,3.648963319950802
27405,5.0,15.0,4.36129535756622
45648,5.0,15.0,2.3648276759700835
20415,5.0,25.0,8.798076672000064
37277,5.0,12.0,1.527079079985544
31892,5.0,15.0,1.998476714967552
2402,5.0,25.0,6.921499699212307
11387,5.0,15.0,1.7240540530139263
13481,5.0,14.0,0.35309439000907616
29161,5.0,25.0,3.1244869399952915
47062,5.0,22.0,3.538337799986099
22437,5.0,25.0,1.6067221266614782
28383,5.0,15.0,0.39088521000583665
17911,5.0,25.0,1.0405648500037659
12620,5.0,12.0,0.046720424993478726
39774,5.0,22.0,0.3639660014989201
6007,5.0,5.0,10.883572934510283
31684,5.0,22.0,109.06717982282444
28684,5.0,5.0,1.7109188606961538
33023,5.0,25.0,74.35654826076701
8257,5.0,18.0,17.44471040776901
22796,5.0,25.0,66.24523230925332
28809,5.0,14.0,6.5792843828591
34285,5.0,5.0,3.826028880050714
35734,5.0,5.0,5.663778378643954
33272,5.0,25.0,40.05478591886312
12989,5.0,25.0,39.96812690883257
9742,5.0,25.0,36.726789984823526
40234,5.0,5.0,0.409935573365793
3078,5.0,25.0,31.324874623967858
42555,5.0,5.0,1.2722645385861853
13193,5.0,25.0,29.11222895150788
27523,5.0,15.0,13.860983443989085
40453,5.0,22.0,22.94028108791168
7698,5.0,25.0,5.777342359996716
13353,5.0,5.0,1.046479282673026
2093,5.0,25.0,14.714021971182262
7637,5.0,14.0,0.8498206844727676
39871,5.0,22.0,17.8433191599449
37675,5.0,25.0,8.269530323004016
49856,5.0,22.0,5.080212689142151
21018,5.0,25.0,11.403014703208267
31315,5.0,15.0,2.7832018979375306
42889,5.0,25.0,2.527320619995127
40614,5.0,25.0,6.044804537995452
29624,5.0,14.0,0.5958332499807497
4265,5.0,14.0,0.518015879976776
14689,5.0,22.0,8.891282986628962
463,5.0,22.0,5.154524031985252
18666,5.0,18.0,1.8008326127950767
43140,5.0,18.0,1.6917020277160013
11715,5.0,12.0,0.974799120027324
17002,5.0,15.0,1.4227503479650174
22882,5.0,22.0,7.088236659974411
23973,5.0,18.0,1.2408203428844615
35988,5.0,25.0,3.590060006412795
22038,5.0,18.0,0.8621891767888599
19519,5.0,18.0,0.6819786599905306
38216,5.0,15.0,0.4971631979833697
361,5.0,15.0,0.5001729119844285
22630,5.0,14.0,0.12055591359911233
10497,5.0,14.0,0.013496171981322469
28208,5.0,22.0,2.0096252160058126
15761,5.0,18.0,0.3289960039829021
7130,5.0,15.0,0.036420095993484836
21434,5.0,22.0,0.2825685833286926
6529,5.0,22.0,88.4794052959966
6403,5.0,25.0,65.68851166655602
43118,5.0,22.0,83.00979092786717
34478,5.0,25.0,40.067418239744924
1511,5.0,25.0,37.99767937908641
9493,5.0,25.0,31.266323291602816
7623,5.0,25.0,24.718398266697648
29119,5.0,22.0,22.434334239898355
7676,5.0,25.0,6.732530486328741
7602,5.0,12.0,3.7546111200309937
16781,5.0,14.0,0.753525990019412
29290,5.0,14.0,0.6992303199763157
7423,5.0,18.0,2.233971808690157
4158,5.0,15.0,2.3702593394766645
2735,5.0,15.0,1.6950179049818388
35382,5.0,12.0,1.5678534000029032
39024,5.0,25.0,7.688274287983049
48286,5.0,14.0,0.4396570200000731
26717,5.0,12.0,1.0005706199928106
37612,5.0,12.0,0.942409200006253
45536,5.0,12.0,0.8900850000079821
8327,5.0,22.0,0.6038733270035923
42703,5.0,22.0,1.3334779960170522
2192,5.0,25.0,1.5459668479626156
30045,5.0,25.0,0.19642187096310604
37552,5.0,18.0,12.165178739651878
36626,5.0,18.0,7.239889241024144
39094,5.0,15.0,22.823178899628374
27777,5.0,5.0,0.11280266663860061
9235,5.0,18.0,0.5909784244062166
43929,5.0,14.0,5.4893211889718145
22592,5.0,22.0,39.61188953976791
12944,5.0,25.0,30.09924855527516
36286,5.0,18.0,5.163521024094976
34471,5.0,25.0,26.394255193350062
31084,5.0,18.0,2.596956288069471
5183,5.0,25.0,25.236209193317166
46362,5.0,12.0,7.091255243946307
46251,5.0,14.0,0.4404850849519448
17962,5.0,22.0,14.952127315112897
5149,5.0,12.0,2.787067199892789
27006,5.0,25.0,13.471122143833817
46347,5.0,25.0,7.630474777232347
31000,5.0,14.0,0.19232582385978958
6448,5.0,15.0,2.6266736775048436
99,5.0,25.0,9.614715175357297
15595,5.0,25.0,5.8109153559333375
3117,5.0,14.0,0.5831707830003232
22985,5.0,15.0,2.0430340799884306
40093,5.0,14.0,0.503940900032994
9436,5.0,25.0,4.305504542946235
3227,5.0,14.0,0.026782790397035683
48769,5.0,18.0,1.5722766144154097
9458,5.0,18.0,0.870432263339719
41112,5.0,25.0,3.2816803839630353
21446,5.0,25.0,3.132628237961235
38531,5.0,12.0,0.7958009999700728
21647,5.0,22.0,4.322592818122088
16328,5.0,25.0,3.4742713770412372
39587,5.0,15.0,0.8095478999981225
40879,5.0,15.0,0.7704426224988818
29831,5.0,18.0,0.7082166117588926
26999,5.0,15.0,0.4153168200001538
43536,5.0,22.0,124.74482427894674
15910,5.0,5.0,10.176678000078283
39798,5.0,22.0,92.9870616225027
12222,5.0,22.0,101.59643088696058
4285,5.0,25.0,74.3159911781695
26560,5.0,25.0,59.99099700791622
13297,5.0,25.0,56.95645192344507
14567,5.0,18.0,10.485441291435208
4176,5.0,18.0,10.497126704124348
35771,5.0,22.0,38.85866631916708
12321,5.0,25.0,27.291785057209026
26240,5.0,25.0,21.281813087882426
35048,5.0,25.0,20.61372870374386
15551,5.0,18.0,1.452711283226904
38812,5.0,12.0,6.5661743998563935
31532,5.0,22.0,24.10427117124251
23155,5.0,12.0,3.4365727199224025
6836,5.0,14.0,1.1102568209867414
26704,5.0,12.0,2.8387955549349755
8269,5.0,22.0,9.270714706685325
24304,5.0,14.0,0.9134717999867092
43161,5.0,12.0,3.5921130238166725
48717,5.0,12.0,2.0361029699063664
15360,5.0,18.0,2.2804491567924465
38872,5.0,12.0,1.4683556099588948
22138,5.0,14.0,0.8093632871632153
26319,5.0,25.0,6.017371391993539
39508,5.0,12.0,1.004035799957368
35943,5.0,25.0,3.3720622640015385
22837,5.0,25.0,2.4024020200117446
20751,5.0,25.0,1.807897030987034
25766,5.0,12.0,0.4981732499666496
35025,5.0,22.0,0.7529957250034758
7018,5.0,15.0,52.8053573619747
20550,5.0,5.0,1.1748065183574283
23075,5.0,5.0,6.3478989409050826
30308,5.0,5.0,1.3125518667388576
21176,5.0,5.0,2.1115814400023964
48017,5.0,5.0,1.6874675200332945
43333,5.0,25.0,65.19927760956536
12098,5.0,22.0,74.04061402681991
22655,5.0,5.0,2.3295610965363096
3805,5.0,25.0,38.040742354161495
29143,5.0,5.0,2.1959575656294703
23616,5.0,22.0,45.66040505619781
42228,5.0,18.0,9.40187942400319
37269,5.0,18.0,9.14387656791812
18985,5.0,25.0,29.618301011338666
5476,5.0,18.0,7.859813026119205
39134,5.0,5.0,2.4840075266272663
31342,5.0,22.0,32.36741295268242
38552,5.0,5.0,0.2013322241698745
33874,5.0,5.0,0.8941790720857767
49825,5.0,18.0,2.229308541865059
15423,5.0,25.0,23.96289208207704
12148,5.0,15.0,5.3389443329487065
24036,5.0,25.0,17.504749140011562
36445,5.0,5.0,0.49862850564714734
45930,5.0,25.0,16.01338819211488
9993,5.0,22.0,8.153140459965417
29973,5.0,5.0,1.7512696666489944
33796,5.0,22.0,19.55534612370482
39643,5.0,25.0,8.694612458655168
32226,5.0,18.0,2.137711679998601
5733,5.0,15.0,3.117478754967493
6441,5.0,14.0,1.2595215201036112
12238,5.0,18.0,2.838298867162873
1151,5.0,25.0,5.977222590012527
26297,5.0,15.0,2.413878022471078
19638,5.0,18.0,1.2778103256587485
40186,5.0,25.0,8.448967044053852
36206,5.0,25.0,3.0879191640079924
9052,5.0,15.0,1.4041795119956362
18183,5.0,15.0,1.3272914729636458
22814,5.0,15.0,1.314352058980731
22419,5.0,18.0,1.4435062186767382
7740,5.0,15.0,1.2951029639894323
40499,5.0,15.0,1.0845955304787065
24198,5.0,15.0,1.0122652380111852
32191,5.0,22.0,1.2851709039972423
43246,5.0,18.0,0.40987953399491417
42953,5.0,14.0,0.07281996300422477
35508,5.0,22.0,1.77407795519784
6089,5.0,14.0,0.03537569700198784
12595,5.0,14.0,0.03758576000782288
12504,5.0,14.0,0.03292704599116991
30746,5.0,14.0,0.018864710981703503
6624,5.0,18.0,25.035234112984142
28119,5.0,18.0,15.920650991982768
31060,5.0,22.0,106.51440182392253
19952,5.0,18.0,17.84165258099614
22329,5.0,25.0,84.29667309561975
2644,5.0,25.0,74.5871418395698
33094,5.0,25.0,68.09506200366829
19022,5.0,12.0,11.37303307178729
6913,5.0,12.0,2.424467279858277
22694,5.0,18.0,0.27732268807697835
15967,5.0,22.0,28.172709132678847
44696,5.0,5.0,0.6194296801270411
16891,5.0,15.0,5.05876769600291
34806,5.0,25.0,19.601432846330148
44460,5.0,15.0,2.8073149350216795
45634,5.0,12.0,3.6605553600882814
25618,5.0,25.0,7.256075589959426
19469,5.0,12.0,1.8890933700062789
8941,5.0,12.0,1.4825565750077772
6303,5.0,12.0,1.3766033100043877
14874,5.0,25.0,0.6829493774733297
12408,5.0,25.0,3.6814286199847484
13230,5.0,12.0,0.9928524900058946
44053,5.0,15.0,1.277722793996487
23477,5.0,12.0,0.9074351999960175
33634,5.0,25.0,1.9864863039989968
9429,5.0,25.0,2.6367976599898757
22827,5.0,15.0,0.9933233020080277
24845,5.0,22.0,0.9228751146585825
33005,5.0,25.0,1.5799260799939487
40004,5.0,25.0,0.5134836376637031
25096,5.0,12.0,0.3317092500032661
8947,5.0,12.0,0.2761329000006736
33841,5.0,15.0,0.3293993265138955
22657,5.0,15.0,0.30464008001675413
5025,5.0,12.0,0.14001453749774662
34634,5.0,12.0,0.04472309999882906
1169,5.0,22.0,99.27429502417363
24683,12.0,12.0,1.3618764000880788
4492,5.0,18.0,10.759249853197474
15554,5.0,22.0,72.3022678832117
16366,5.0,5.0,0.6536681425250208
1156,5.0,25.0,55.61148191344181
29729,5.0,25.0,53.889654825674285
28504,5.0,5.0,0.19508500014178765
47949,5.0,18.0,3.1469905964257663
42052,5.0,18.0,0.526218412898487
21041,5.0,18.0,0.8288320555904392
46214,5.0,25.0,30.132105811117228
5112,5.0,25.0,30.37269400523028
40860,5.0,22.0,38.7256123055581
39726,5.0,25.0,27.679505466487953
28497,5.0,25.0,23.47906467192543
15369,5.0,5.0,0.7724206847182273
13112,5.0,15.0,7.506278784048575
27510,5.0,15.0,2.778294708025733
29827,12.0,5.0,2.809175189959781
17639,5.0,25.0,9.752751993581697
28450,5.0,22.0,13.386446016043749
15440,5.0,18.0,2.025250720052952
12096,5.0,25.0,9.273364351945556
25022,5.0,25.0,4.959080924982938
5061,5.0,25.0,4.753596692310072
19866,5.0,25.0,4.397056139990394
14542,5.0,12.0,0.4578599999784778
6113,5.0,15.0,1.6499121700014001
27029,5.0,22.0,4.376493690008216
11822,5.0,14.0,0.2827442300373235
25786,5.0,15.0,1.2674581450183418
27352,5.0,18.0,0.5207758640184474
38101,5.0,25.0,2.006883179989293
38838,5.0,18.0,0.27429514867351124
31485,12.0,15.0,0.23883199682498812
17695,5.0,25.0,1.1217861116634906
42430,5.0,25.0,0.0745322291651982
25036,5.0,5.0,23.35703704875175
19369,5.0,18.0,37.004120867367334
26214,5.0,25.0,78.58829932818875
46546,5.0,5.0,26.727419159554074
35452,5.0,18.0,23.450575672095482
47319,5.0,5.0,6.814290250975944
42197,5.0,14.0,35.912676375901526
13461,5.0,22.0,45.73018173034146
2914,5.0,25.0,39.500220930227755
14517,5.0,25.0,36.170034397973154
34047,5.0,5.0,2.4281593332755023
45817,5.0,18.0,6.19985214647896
44889,5.0,25.0,29.327286656076723
49445,5.0,15.0,23.406513182133523
4768,5.0,15.0,15.53098379994151
35650,5.0,18.0,1.3587944960402538
19037,5.0,25.0,23.65081726409455
35646,5.0,22.0,26.39988408336024
26606,5.0,14.0,1.3047528600087617
40911,5.0,15.0,4.6307768999257135
11973,5.0,22.0,20.247935382519962
35160,5.0,14.0,1.1604495800673789
15462,5.0,25.0,15.807893193581592
27241,5.0,15.0,5.837734911221659
18460,5.0,25.0,13.634409465625716
11448,5.0,14.0,0.8958320820003891
15587,5.0,14.0,0.8285941700523409
27495,5.0,25.0,7.330905607347059
31170,5.0,18.0,0.059204893906454004
48730,5.0,15.0,2.3269443379994534
41446,5.0,25.0,5.758675619522524
14779,5.0,12.0,1.4330762399229933
49416,5.0,25.0,4.487510447998249
3106,5.0,25.0,4.108070666675918
15265,5.0,25.0,5.666923053394383
21656,5.0,25.0,2.9421030110081157
39282,5.0,25.0,1.4268205640119422
41951,5.0,25.0,1.3588789049990266
10384,5.0,15.0,0.5308409399906449
15547,5.0,25.0,2.1602425735937967
44621,5.0,22.0,0.9505132200047313
17979,5.0,12.0,0.07806935999209319
14818,5.0,12.0,0.07421969999598854
6922,5.0,25.0,108.02455485616531
25275,5.0,5.0,3.7763742723882956
31537,5.0,5.0,6.928485802736617
49381,5.0,5.0,7.480605542747725
10868,5.0,5.0,5.905520000098775
29177,5.0,5.0,6.510868531513125
19397,5.0,5.0,0.3391448577009726
40448,5.0,5.0,1.536606720297982
23233,5.0,5.0,2.9204294093730425
32543,5.0,5.0,3.2316908033894265
20173,5.0,5.0,5.547482777890167
46966,5.0,5.0,2.3016463199179213
18664,5.0,25.0,37.898107573300265
44028,5.0,5.0,2.1146455042880064
1515,5.0,14.0,4.203225599939884
35206,5.0,25.0,34.11312182413988
5459,5.0,25.0,33.60635963517372
45650,5.0,25.0,39.48042064224306
7574,5.0,5.0,1.1734045738809158
10332,5.0,5.0,0.06408468494699093
44527,5.0,5.0,1.4536020481656067
23418,5.0,5.0,1.154912457794282
10907,5.0,5.0,3.6813161053121704
20325,5.0,5.0,4.123137499994577
9825,5.0,18.0,0.17461175998437994
29152,5.0,14.0,1.3317434759875368
4976,5.0,5.0,0.10852619999302959
9425,5.0,5.0,1.534311441609887
30017,5.0,25.0,13.907356531283849
36300,5.0,15.0,4.023626915941911
49264,5.0,22.0,15.92575763203589
47782,5.0,5.0,0.12257950398801754
39079,5.0,25.0,2.017188570027262
210,5.0,15.0,2.2495537126658043
16921,5.0,25.0,2.9304173400150955
4739,5.0,25.0,0.7956807500338119
14413,5.0,14.0,0.44628144000774483
17665,5.0,15.0,1.5878264499920611
36451,5.0,15.0,1.5635611199833193
7458,5.0,15.0,1.5774416499711386
36,5.0,25.0,3.7175927946655953
14423,5.0,18.0,1.2111802568059797
35677,5.0,14.0,0.4052097920205746
190,5.0,15.0,0.9155740799911047
5245,5.0,25.0,2.1757837233362665
33461,5.0,14.0,0.11667172800609649
27997,5.0,14.0,0.05267428200492308
16763,5.0,25.0,1.1509710999989582
49360,5.0,15.0,0.47512280999102785
35425,5.0,22.0,0.9325298260073986
3307,5.0,22.0,139.28566520301726
37489,5.0,22.0,108.42397058323593
45662,5.0,22.0,87.39563703536209
30165,5.0,18.0,10.569059321170087
20435,5.0,25.0,65.10459647341646
4302,5.0,18.0,10.153348636513172
39890,5.0,22.0,58.07006087795094
34557,5.0,25.0,39.68119587821036
25104,5.0,25.0,46.36906291204663
40156,5.0,18.0,1.739529793509746
32858,5.0,25.0,33.150650351887066
49126,5.0,25.0,31.14293669105065
29563,5.0,15.0,4.678821727204948
14018,5.0,25.0,9.344470847959514
26436,5.0,22.0,13.056211529573584
6054,5.0,12.0,2.2187436599768944
34576,5.0,22.0,10.920838895946677
44136,5.0,25.0,2.8886300799819544
46064,5.0,25.0,2.320408709971556
22998,5.0,12.0,1.4547116999817824
49643,5.0,12.0,1.377146909983047
33262,5.0,18.0,0.1970653215572984
32797,5.0,15.0,0.8720115750280151
27442,5.0,25.0,3.050603437999123
43388,5.0,25.0,2.699888507998314
338,5.0,22.0,3.463503809988114
13027,5.0,15.0,0.20302907103367573
1670,5.0,25.0,2.1840902753308793
16333,5.0,15.0,0.8029439850044238
49931,5.0,12.0,0.46293662999219265
37941,5.0,14.0,0.09159924001662745
771,5.0,25.0,1.1565116246647764
44303,5.0,12.0,0.29874328498734926
37481,5.0,15.0,0.38411725999485213
31929,5.0,22.0,0.31181562698995435
34198,5.0,25.0,0.5890353433330109
9315,5.0,15.0,0.1549927499970014
24879,5.0,18.0,15.054503951761575
1713,5.0,22.0,100.37580135928411
12347,5.0,25.0,82.65017197627176
41592,5.0,5.0,1.5331044621439105
4620,5.0,25.0,64.18672865448644
11086,5.0,22.0,51.2024666623296
43728,5.0,25.0,40.63764429974971
32522,5.0,5.0,0.22601894878994244
14930,5.0,22.0,21.090996287844973
15401,5.0,15.0,7.852775015923768
22067,5.0,25.0,19.922126553480354
47331,5.0,22.0,13.66036463396647
45091,5.0,22.0,24.541748090407147
34236,5.0,25.0,12.98578268150537
9814,5.0,25.0,14.676212263378584
8566,5.0,12.0,2.3941063650017753
39007,5.0,22.0,3.13429716164816
46861,5.0,12.0,2.091785879999385
29583,5.0,12.0,1.876098472488188
25758,5.0,18.0,2.0512903407067213
2538,5.0,12.0,1.279096949991409
4572,5.0,12.0,1.0485194024993518
18714,5.0,14.0,0.6106645632619525
4165,5.0,15.0,1.1991456725034446
7231,5.0,25.0,2.8442523263708317
19497,5.0,22.0,5.093597407972476
23589,5.0,14.0,0.18372054500414237
36025,5.0,15.0,0.8564467139828462
35513,5.0,12.0,0.5320293600048327
22178,5.0,15.0,0.6300546300046399
39579,5.0,18.0,0.33343085098522796
35152,5.0,12.0,0.3852854399965988
44066,5.0,18.0,0.1662188580000028
32447,5.0,25.0,0.8361226999914191
7539,5.0,22.0,142.08651753607379
42526,5.0,25.0,113.66896521538698
19127,5.0,15.0,25.872360038157694
29717,5.0,22.0,66.80355834253139
31818,5.0,18.0,30.714848838408784
16821,5.0,25.0,72.28897535996785
24958,5.0,18.0,0.48193243450785417
19296,5.0,18.0,11.437247914633005
6868,5.0,25.0,28.301598811132244
7073,5.0,25.0,25.03300604122518
16502,5.0,18.0,4.380076245388707
7633,5.0,18.0,4.568409947789412
35692,5.0,25.0,23.82567851202539
39490,5.0,14.0,1.187291573967272
24914,5.0,25.0,12.831469893254457
37769,5.0,15.0,5.800922217433808
26942,5.0,22.0,14.263526400017863
17941,5.0,14.0,0.8259357099868723
22222,5.0,18.0,2.5015475178710638
40089,5.0,25.0,7.106306319999593
16944,5.0,14.0,0.6959874825264905
14071,5.0,25.0,10.851368941829588
16743,5.0,22.0,6.943321482664601
38985,5.0,25.0,10.157968599958988
30489,5.0,25.0,10.244113843140013
27157,5.0,14.0,0.6091015500262564
10280,5.0,25.0,8.054019079971948
309,5.0,25.0,2.8289371092798845
7331,5.0,22.0,4.659390219992348
4606,5.0,14.0,0.3189085999846739
41739,5.0,14.0,0.31425031999388864
41535,5.0,15.0,1.5256002599877974
44947,5.0,14.0,0.24111929250362607
1574,5.0,14.0,0.3857252400111726
37666,5.0,14.0,0.18790677998883076
36048,5.0,25.0,2.286256478000671
10272,5.0,15.0,0.9426789749822841
22420,5.0,15.0,0.8631384899774481
33438,5.0,25.0,0.04482657599207318
45098,5.0,14.0,0.12091346999733865
33246,5.0,25.0,2.7720249055779425
708,5.0,14.0,0.13461660001316567
37921,5.0,15.0,0.33648077999182124
5464,5.0,15.0,0.26248051199389
12601,5.0,15.0,0.2148605849938665
10160,5.0,15.0,0.12620256999686097
32868,5.0,5.0,4.158504720161716
15316,5.0,5.0,52.88629377574034
21510,5.0,25.0,109.28667061940408
28985,5.0,5.0,19.681301555359056
25641,5.0,14.0,27.149075563471
39775,5.0,5.0,4.246567507233721
35485,5.0,18.0,18.07880378829205
11301,5.0,5.0,10.916134525066425
38427,5.0,25.0,62.989017795969716
31074,5.0,22.0,55.51888358392395
45412,5.0,22.0,48.79395104298828
4290,5.0,5.0,15.608432254153911
15653,5.0,5.0,0.4356941312504432
47187,5.0,18.0,9.878944360810912
32990,5.0,5.0,0.5884867414983717
30552,5.0,5.0,4.168150449540789
36202,5.0,5.0,1.9008469056333865
16976,5.0,14.0,0.5038092436029444
12631,5.0,25.0,11.032807391849989
22002,5.0,22.0,20.52403677072066
26470,5.0,25.0,18.806554022353403
26336,5.0,12.0,2.9855396100336478
27336,5.0,25.0,14.11371891553739
43614,5.0,15.0,3.7153905599914907
45236,5.0,5.0,0.47763184645070567
9745,5.0,22.0,4.0244248000071075
24349,5.0,5.0,3.3006760801051414
17947,5.0,12.0,2.1367069949607256
17627,5.0,22.0,15.631436215449714
39483,5.0,22.0,13.382277537311449
46329,5.0,18.0,2.4777987888522084
14872,5.0,14.0,0.6791193149925476
30790,5.0,14.0,1.0884781726718273
30508,5.0,15.0,1.6633021919974915
7965,5.0,14.0,0.38566878002309934
26212,5.0,15.0,1.4908435499943629
32671,5.0,18.0,1.44879317759335
2338,5.0,22.0,3.234723262810311
27243,5.0,14.0,0.20940974999515483
15503,5.0,25.0,2.495466774001467
45003,5.0,18.0,0.09773021279987226
11400,5.0,15.0,0.938961371993118
11663,5.0,15.0,0.8714124899913749
9532,5.0,14.0,0.11831049002929461
48902,5.0,14.0,0.10748429700592332
19951,5.0,25.0,1.0535911550001842
20236,5.0,15.0,0.3386604899977259
31188,5.0,22.0,0.3138755450033799
36894,5.0,22.0,0.23079043466721783
48073,5.0,18.0,20.14777240315391
33974,5.0,25.0,76.70344559154705
37980,5.0,25.0,68.91214967600035
49716,5.0,25.0,65.0874300240975
35698,5.0,25.0,62.536585939287164
16864,5.0,12.0,15.890514600195388
28775,5.0,18.0,11.423158559999592
16176,5.0,22.0,70.03046396819185
35730,5.0,22.0,59.161018413029495
18020,5.0,25.0,27.838978051098522
17226,5.0,22.0,24.049632743424546
10274,5.0,25.0,19.97570643848387
1669,5.0,22.0,13.184521104693157
34190,5.0,25.0,14.985730486394509
41109,5.0,25.0,13.747483215995402
33473,5.0,15.0,2.4895534140108566
45737,5.0,25.0,7.3237415800352395
12327,5.0,25.0,9.593698120004412
27271,5.0,25.0,6.33505611302629
43261,5.0,22.0,16.93625630127255
18366,5.0,12.0,3.5493415680756897
21985,5.0,25.0,7.2121292675213375
31262,5.0,12.0,2.0563983300001354
34512,5.0,25.0,4.614311136063495
45304,5.0,25.0,1.9458375460166408
18355,5.0,14.0,0.623153912966643
34776,5.0,22.0,0.3851085453262968
2122,5.0,25.0,0.19961504717181988
15199,5.0,22.0,2.5258123200335714
47990,5.0,12.0,0.49218870000820303
46435,5.0,12.0,0.46418013750494147
3044,5.0,25.0,1.9607157623672151
36138,5.0,14.0,0.0042219710038251534
44638,5.0,12.0,0.19831476000428871
48877,5.0,22.0,131.66765049959608
16046,5.0,22.0,113.06084727721387
25963,5.0,25.0,95.32813955258453
21729,5.0,5.0,0.33024960012075155
32260,5.0,22.0,74.69852241633323
35502,5.0,22.0,71.7787148881858
38647,5.0,18.0,6.11607150766126
11803,5.0,25.0,46.150899600140946
48496,5.0,25.0,38.96017273610923
40748,5.0,22.0,41.378479731323424
13211,5.0,5.0,0.5038390400497406
1628,5.0,25.0,29.71565670492636
13415,5.0,25.0,26.00028659584642
41116,5.0,22.0,25.956504648228766
49730,5.0,22.0,18.292539763257814
1928,5.0,15.0,6.254895763178027
16774,5.0,25.0,7.0635607680962735
40512,5.0,22.0,8.960353344001142
30488,5.0,15.0,4.86533176321322
31279,5.0,22.0,0.46493064334800493
3578,5.0,22.0,0.8762462783605081
9466,5.0,14.0,0.485881206007317
41329,5.0,25.0,2.603090406690667
5723,5.0,22.0,3.1487980860360008
18827,5.0,14.0,0.36245176647204147
43169,5.0,14.0,0.33492161696928946
36162,5.0,12.0,0.9782788800075899
5826,5.0,25.0,4.425832522683512
19915,5.0,12.0,0.7853033999570993
9390,5.0,22.0,0.39160393999992316
3062,5.0,18.0,21.360409172094762
1957,5.0,25.0,63.707561028184045
322,5.0,22.0,61.021564209701225
16590,5.0,25.0,46.324273564777755
36558,5.0,22.0,30.946170756232895
18788,5.0,25.0,25.88314200106324
19645,5.0,12.0,7.350255551998956
24428,5.0,22.0,27.011180699738922
2422,5.0,25.0,15.490769684322139
49461,5.0,25.0,20.376915167944844
16085,5.0,25.0,14.952335960611855
43560,5.0,18.0,6.585138941271566
14970,5.0,22.0,20.79322816000422
27951,5.0,22.0,18.057259041597167
20360,5.0,15.0,8.91071902401562
4764,5.0,22.0,16.21394360159951
23301,5.0,14.0,0.834019229998006
16746,5.0,14.0,2.0892955839078624
18829,5.0,25.0,6.815878796694914
36827,5.0,25.0,9.347170175960105
17738,5.0,25.0,6.8023356374314154
13,5.0,15.0,2.0609099485329594
35877,5.0,22.0,1.604628359999209
35399,5.0,22.0,5.253482928664058
40220,5.0,25.0,0.8527487720028386
47422,5.0,25.0,1.8233496780046785
47337,5.0,25.0,1.778195381012175
15628,5.0,25.0,0.4875118133235503
28448,5.0,15.0,1.1457168840072178
11480,5.0,14.0,0.19674922501862468
1246,5.0,15.0,0.9145648650300906
35939,5.0,15.0,1.324588454490712
3751,5.0,18.0,0.4430807160073078
15613,5.0,25.0,1.7911493120101092
9462,5.0,25.0,1.667964938006362
36208,5.0,15.0,0.6314496000022114
42712,5.0,22.0,0.688655702000303
14859,5.0,14.0,0.0023465759994447666
15103,5.0,25.0,0.3848512560104893
35224,5.0,12.0,0.08775052500857505
17549,5.0,25.0,115.94642242595123
11556,5.0,5.0,5.1264170047965365
21438,5.0,25.0,82.50676552755161
45849,18.0,18.0,5.230618499994307
27732,25.0,25.0,4.288711936173144
14479,5.0,5.0,2.652016572302415
29591,5.0,5.0,1.4206050820284588
24827,5.0,18.0,11.238479150605826
13422,5.0,5.0,1.53732010698171
45478,5.0,5.0,0.6329477122143601
30762,5.0,5.0,1.96333982241336
10222,5.0,5.0,2.513627733405869
19600,5.0,5.0,9.52544464957063
13204,5.0,14.0,3.8385593664293935
23734,5.0,5.0,3.4517072213466378
43537,5.0,5.0,1.3625900203039691
34288,5.0,22.0,23.430227466743176
33827,5.0,15.0,14.03530410428668
639,5.0,5.0,1.6374278879876485
48602,5.0,5.0,0.766203118744329
32359,5.0,22.0,26.889708454431712
49668,5.0,12.0,9.709564079689613
47610,5.0,14.0,1.847955239932574
7891,5.0,15.0,4.631338080000887
19809,5.0,12.0,5.067770016212123
19679,5.0,22.0,21.73122496534866
27101,5.0,25.0,8.833374903343962
25782,5.0,5.0,0.26635200000484716
2428,5.0,14.0,0.9025433999571817
3191,5.0,22.0,3.4138568875337967
15165,5.0,15.0,3.0456696899932183
19561,5.0,12.0,1.9517985075927413
17670,5.0,5.0,0.17671209599095405
6911,5.0,22.0,8.83480450766595
3030,5.0,15.0,2.849399807010826
43569,5.0,22.0,9.454976038373129
223,5.0,12.0,1.2797846400676889
10645,5.0,5.0,0.7501546879922714
23868,5.0,18.0,1.7031034199716473
13512,5.0,15.0,1.4078321730035377
5163,5.0,25.0,4.78527419204597
13630,5.0,15.0,1.6529466000762554
5354,5.0,25.0,3.473594217622381
27057,5.0,18.0,0.3269795559987405
11745,5.0,25.0,0.684666715499437
34575,5.0,15.0,0.17281087500516845
2327,5.0,18.0,0.17500066666076153
33226,5.0,22.0,127.89459334401172
37119,5.0,18.0,18.600925623839913
14324,5.0,5.0,0.4844674368975177
41439,5.0,25.0,78.91770759969575
38309,5.0,5.0,1.9065364649541152
12115,5.0,14.0,9.334067220445718
48743,5.0,18.0,11.41484691271819
28606,5.0,5.0,1.2473043844486824
20677,5.0,25.0,54.22864311971145
18840,5.0,25.0,49.119703644285934
42904,5.0,18.0,9.214561363171796
9251,5.0,25.0,36.65351000925297
26184,5.0,18.0,5.24676213749531
17594,5.0,25.0,30.677860573750678
11788,5.0,25.0,27.600733736940555
42123,5.0,18.0,1.233769178627071
24991,5.0,12.0,6.734076600001885
42875,5.0,22.0,24.24708553704459
29393,5.0,5.0,0.33604588793409107
33992,5.0,14.0,1.2683302800864524
28915,5.0,25.0,16.959939547404453
36053,5.0,25.0,15.693596659363266
10534,5.0,15.0,4.011101640094964
40679,5.0,25.0,6.802746637291712
17272,5.0,14.0,0.31592855093441585
1292,5.0,14.0,0.7029918717449277
13198,5.0,25.0,9.089841503815723
18137,5.0,12.0,2.103253904986495
42356,5.0,25.0,5.949973847980203
49176,5.0,12.0,1.691684422512612
28868,5.0,12.0,1.4517695999788423
43227,5.0,14.0,0.009816166188059583
16799,5.0,12.0,1.235152559989256
24029,5.0,22.0,5.864112072835518
23838,5.0,14.0,0.41342970000636825
28730,5.0,15.0,1.5277040310213437
31531,5.0,12.0,1.4903533200454078
7753,5.0,12.0,0.6564432000427765
24902,5.0,22.0,4.629055966408694
43242,5.0,14.0,0.07129943199493383
15835,5.0,15.0,0.44436766399682437
4269,5.0,18.0,21.229266000398837
7407,5.0,22.0,112.03153743968011
10959,5.0,18.0,16.45397050104887
17024,5.0,22.0,62.8036026243184
31216,5.0,12.0,16.553539200932306
40057,5.0,18.0,9.516961796526545
19979,5.0,18.0,4.697876493118727
13488,5.0,22.0,40.06646915375667
465,5.0,15.0,12.956717726927423
8825,5.0,25.0,37.35958799600078
5372,5.0,14.0,2.641909142809226
13212,5.0,25.0,23.96763745927931
30698,5.0,12.0,10.179772860663036
37555,5.0,25.0,22.691515315213124
12011,5.0,25.0,22.172132614108556
11931,5.0,15.0,7.763649570282013
1167,5.0,12.0,2.171512560028816
12361,5.0,25.0,7.136676624957401
24336,5.0,12.0,2.05741110005507
37049,5.0,22.0,13.061493506553191
45365,5.0,12.0,0.5686291200468538
19312,5.0,25.0,5.230007159975994
13821,5.0,15.0,0.7019839559874796
41473,5.0,25.0,1.5657504189760054
22798,5.0,25.0,1.3473286946555478
14011,5.0,15.0,0.5016722400056306
30339,5.0,25.0,1.7122951679845517
14464,5.0,22.0,1.3020517871899915
10898,5.0,5.0,15.283618799795676
23872,5.0,25.0,87.03609400389843
35052,5.0,5.0,1.5791065597960312
16223,5.0,22.0,73.77806165374669
34345,5.0,15.0,36.33069812110264
28376,5.0,15.0,40.46891427837028
15180,5.0,22.0,47.62374727403632
23522,5.0,5.0,17.872582319663167
38144,5.0,22.0,57.02196807270731
12979,5.0,18.0,10.99290880536995
32323,5.0,18.0,11.135759686409699
17022,5.0,5.0,2.550559665719078
17745,5.0,25.0,27.691363789044715
39678,5.0,12.0,6.618323999998395
37437,5.0,22.0,21.95459962099853
19804,5.0,22.0,15.792358540916446
43075,5.0,18.0,2.8009967399981264
16087,5.0,22.0,10.578884672027915
45965,5.0,25.0,11.794886468413853
16557,5.0,25.0,11.695602748772963
12348,5.0,25.0,7.305820384054201
3623,5.0,22.0,13.017795264125489
13778,5.0,22.0,7.6427990000181385
31384,5.0,22.0,5.134070120697293
34538,5.0,25.0,7.964605058741014
7833,5.0,25.0,6.204263539298735
43286,5.0,15.0,1.5722970820101878
38222,5.0,15.0,1.285184832011634
37153,5.0,15.0,1.0108840709746882
30254,5.0,22.0,4.729559552025562
48957,5.0,22.0,2.6292359466880475
36907,5.0,22.0,2.8259153778487516
30617,5.0,22.0,2.7007741200078463
17294,5.0,22.0,2.15317907284849
15815,5.0,15.0,0.5170721394914013
3990,5.0,25.0,1.824244642418436
3487,5.0,25.0,0.7964360219979056
24739,5.0,25.0,0.11651855733694827
31353,5.0,5.0,2.5991817866684244
6708,5.0,5.0,7.815919086581346
23347,5.0,25.0,84.54259104646869
35961,5.0,25.0,57.824305880559564
45426,5.0,22.0,62.323749685438386
29704,5.0,22.0,60.948564201696556
18053,5.0,25.0,45.55987360811834
15063,5.0,22.0,55.52560954882594
1140,5.0,5.0,4.510746191396279
7930,5.0,5.0,15.184240344183536
37135,5.0,22.0,50.23821070094506
3150,5.0,22.0,47.36510211847174
41225,5.0,18.0,17.16812809802539
2025,5.0,5.0,5.383931841564824
22262,5.0,18.0,8.024287477259605
47053,5.0,5.0,0.06756003850526326
23052,5.0,22.0,28.292767015105262
38283,5.0,22.0,26.334661060076698
18296,5.0,25.0,16.736134385244476
20866,5.0,15.0,4.678437660156916
4781,5.0,18.0,6.714196112543288
19790,5.0,5.0,5.342021640029145
4540,5.0,14.0,0.6650753250379715
26207,5.0,14.0,0.6620663090417729
38845,5.0,15.0,2.5662148160911222
7635,5.0,15.0,2.48590527006613
2464,5.0,5.0,0.52755074240957
43283,5.0,22.0,6.650810633336352
32808,5.0,25.0,4.897913868030196
44146,5.0,12.0,1.4512770750332287
27479,5.0,14.0,0.7389571100337591
39623,5.0,22.0,0.17871138600187386
38500,5.0,25.0,6.878164448024091
15882,5.0,14.0,0.3808977120289754
10807,5.0,25.0,3.8355776466799565
26917,5.0,25.0,0.19165513632688125
49559,5.0,14.0,0.2916630900386643
36642,5.0,12.0,0.8766584400348041
42998,5.0,12.0,0.8463460800315534
40284,5.0,5.0,0.03554201998185391
10431,5.0,14.0,0.2072415150430018
18856,5.0,25.0,2.468857024010104
39903,5.0,14.0,0.1733744000162396
2817,5.0,25.0,1.8991683585094652
21312,5.0,15.0,0.6735376380302434
30561,5.0,15.0,0.6602604675019172
421,5.0,14.0,0.061549711998598156
21539,5.0,25.0,1.3500145653351585
26187,5.0,22.0,2.978855404256681
6592,5.0,15.0,0.3499556249923925
17867,5.0,18.0,20.14837056007144
14639,5.0,18.0,11.243046828725397
42848,5.0,22.0,76.63820915914644
15763,5.0,22.0,70.03698784001145
10460,5.0,18.0,10.0262091179478
41319,5.0,25.0,51.80413919992134
17869,5.0,25.0,53.60735561595705
19666,5.0,25.0,49.43095270711858
11316,5.0,25.0,44.97336255989178
13303,5.0,22.0,47.92187131176226
27946,5.0,25.0,34.05849427606212
10850,5.0,25.0,31.748128161948372
30478,5.0,22.0,42.58470786113844
46837,5.0,25.0,31.72026818125738
9257,5.0,5.0,0.5418092544263686
13088,5.0,22.0,29.4789905040721
46331,5.0,22.0,25.952480271808078
32590,5.0,25.0,18.959999569257576
31704,5.0,22.0,19.369353049471925
2664,5.0,25.0,10.249524455993658
19797,5.0,22.0,11.314430391478336
48667,5.0,22.0,6.482986161019873
39695,5.0,22.0,0.8136377699832948
4271,5.0,25.0,7.843528993615784
2630,5.0,15.0,1.7920991100361299
22953,5.0,25.0,0.5608641666349108
39762,5.0,18.0,1.8681045866964485
45625,5.0,25.0,3.8241082763030647
38373,5.0,15.0,1.0922486880335125
44152,5.0,15.0,0.8453303990181649
39608,5.0,22.0,2.211300015979546
46519,5.0,18.0,0.3987127000016639
41738,5.0,15.0,0.667098075037746
34789,5.0,25.0,0.5122211360017292
36556,5.0,15.0,0.384882072022962
49596,5.0,15.0,0.6342263936161778
8761,5.0,25.0,0.26147617166793324
23119,5.0,22.0,0.40829208000079054
6637,5.0,18.0,18.509595366769844
42180,5.0,25.0,95.25516676084086
4874,5.0,5.0,3.8393599146837687
5636,5.0,22.0,80.29678882679909
19678,5.0,15.0,30.73554976863892
49295,5.0,5.0,1.9800054718252795
13278,5.0,25.0,54.984164772795964
32078,5.0,25.0,50.84996864619822
23859,5.0,5.0,2.162707968004497
16295,5.0,5.0,3.3781537621826487
21110,5.0,25.0,45.41649774928017
23358,5.0,14.0,3.8356501439652106
21390,5.0,12.0,15.857836752948828
44574,5.0,22.0,43.70206804810519
37613,5.0,5.0,0.715151718538948
20629,5.0,12.0,8.272074000246135
2586,5.0,5.0,0.1707233451077741
3000,5.0,22.0,15.550861014095183
40729,5.0,25.0,21.8250888617931
15611,5.0,15.0,4.951807684273362
17162,5.0,25.0,8.28606677334264
20137,5.0,15.0,5.967783734561152
3177,5.0,25.0,10.753468617562309
16663,5.0,22.0,12.569930720227152
14452,5.0,22.0,1.8860530559530773
19850,5.0,14.0,0.2976830250357061
11348,5.0,12.0,0.727072500040153
34225,5.0,22.0,1.9729706523468646
6753,5.0,25.0,2.0398434666606375
36125,5.0,14.0,0.15182406503281598
28312,5.0,14.0,0.12843686704469626
17481,5.0,15.0,0.7027523040145063
11666,5.0,22.0,0.5565684479966206
21489,5.0,12.0,0.45340140002485185
36241,5.0,15.0,0.5587476600305408
37288,5.0,22.0,0.31090269999369946
29836,5.0,22.0,1.1286241980063685
24237,5.0,15.0,0.18868187400546965
2253,5.0,25.0,0.3641204266586626
6557,5.0,22.0,0.07668999199979643
16525,5.0,5.0,22.489466625094366
25069,5.0,18.0,16.90586302790183
15818,5.0,5.0,3.4303790980347912
3298,5.0,18.0,15.131650026735628
41727,5.0,25.0,37.05442290577015
42902,18.0,5.0,13.441193147188471
34714,5.0,22.0,38.67825412275748
25798,5.0,15.0,27.277215168465347
10817,5.0,25.0,29.278829564210582
22361,5.0,14.0,3.298631519783328
38631,5.0,22.0,21.533994108868406
15842,5.0,22.0,18.64153140955385
17837,5.0,25.0,12.767305686475304
17160,5.0,25.0,11.50244308277837
29738,5.0,25.0,9.864005420076285
13960,5.0,14.0,1.1469034820084403
5917,5.0,25.0,5.5704433334306245
25039,5.0,25.0,6.260882140046185
26441,5.0,12.0,2.9193600000747253
10206,5.0,12.0,3.6222320641182364
1909,5.0,22.0,14.520315957608169
15642,18.0,5.0,1.247681450688468
49265,5.0,22.0,3.021155711027596
6880,5.0,18.0,1.2832776545240066
6970,5.0,22.0,1.0362055466981879
35983,5.0,25.0,3.190647396694848
20810,5.0,22.0,4.474207000027068
44677,5.0,15.0,1.1583687520272044
30037,5.0,14.0,0.1862528849823022
1446,5.0,25.0,2.146045790009995
27350,5.0,25.0,0.8400898110134065
11994,5.0,25.0,1.0115330265185714
34956,5.0,12.0,0.48518436002749077
37625,5.0,12.0,0.45766020004128727
33348,5.0,12.0,0.4187433000230687
42396,5.0,14.0,0.07078152000559967
32942,5.0,15.0,0.43930388501418527
33991,5.0,14.0,27.185528333087575
34253,5.0,5.0,1.4583421802579437
30061,5.0,5.0,7.981075107255663
22210,5.0,15.0,24.766049615958252
36228,5.0,14.0,5.696614319961014
46194,5.0,25.0,32.64031458265865
4592,5.0,5.0,3.4462286337500956
8363,5.0,14.0,13.952339866084174
45491,5.0,22.0,33.90425149622679
21044,5.0,25.0,25.50151308009339
28385,5.0,5.0,0.6700930559600664
14778,5.0,15.0,11.602175122596421
13126,5.0,22.0,21.916360332971102
14286,5.0,12.0,8.18870160012436
28311,5.0,5.0,3.589509638394304
20669,5.0,12.0,1.9784301600221355
11975,5.0,22.0,6.906797492546719
40216,5.0,12.0,1.3310648399659364
18970,5.0,12.0,1.3697202000204989
41361,5.0,25.0,4.441570250028576
16278,5.0,25.0,3.3104112800149696
17212,5.0,14.0,0.5374531201616222
41274,5.0,14.0,0.2347372500323086
21718,5.0,15.0,1.0224432080576662
39081,5.0,15.0,0.8285224800170603
47295,5.0,14.0,0.09855180003257757
18950,5.0,15.0,0.594920160015393
39923,5.0,14.0,0.052700549986172796
22237,5.0,15.0,0.515614235004275
26925,5.0,18.0,0.3603826559915877
4952,5.0,15.0,0.06443325000251487
23322,5.0,22.0,0.26175461933532795
29561,5.0,25.0,0.10980712500045176
42207,5.0,5.0,0.2850672125617706
2827,5.0,14.0,3.9098138693081523
27598,5.0,25.0,53.17716803731513
37418,5.0,22.0,68.07017190414298
29667,5.0,18.0,5.578804872081861
39148,5.0,25.0,40.07158098331851
27834,5.0,25.0,34.08880554543583
46293,5.0,22.0,34.74339198396605
45620,5.0,18.0,0.17757821993748024
29641,5.0,18.0,1.3832630567208817
34375,5.0,25.0,10.598036409975279
27859,5.0,25.0,8.368064108792964
25245,5.0,25.0,2.905621899979632
15600,5.0,25.0,14.231195452783517
40945,5.0,12.0,2.093501999948927
37714,5.0,22.0,2.9417690324963104
2306,5.0,25.0,0.7084724323178655
19974,5.0,12.0,1.6950913499487115
21064,5.0,25.0,9.120513397366633
12083,5.0,25.0,3.045979716223062
47085,5.0,22.0,4.404618303992045
42411,5.0,25.0,0.7697518215009946
9144,5.0,12.0,1.0972455375153416
47858,5.0,12.0,0.796672199995422
47010,5.0,18.0,1.1124973779717378
22433,5.0,12.0,1.188995519899965
31631,5.0,14.0,0.11178916799493699
36074,5.0,22.0,1.19366252534406
33857,5.0,25.0,0.5639546373327282
45607,5.0,18.0,0.012783262500959625
12209,5.0,22.0,106.98816062404757
3491,5.0,22.0,95.1186779516344
10150,5.0,25.0,78.09174349102537
24038,5.0,5.0,0.024863999959990224
27779,5.0,12.0,20.534792304145924
6516,5.0,22.0,56.914998599632014
34037,5.0,5.0,0.3702450958313648
37542,5.0,22.0,42.025941183611366
13343,5.0,25.0,36.71900208003868
42250,5.0,5.0,0.1577104577686157
41082,5.0,14.0,4.197501533199329
3430,5.0,15.0,14.465292845067353
10521,5.0,12.0,8.867120304549502
29820,5.0,25.0,29.26304318716445
13987,5.0,25.0,28.69880419445262
14806,5.0,22.0,22.75862303998334
17101,5.0,25.0,17.625015285740737
4814,5.0,12.0,4.972326239970798
45894,5.0,25.0,5.747087692651636
18964,5.0,25.0,8.601389859139985
3536,5.0,12.0,1.9399138500018012
49881,5.0,25.0,5.016370730650536
21630,5.0,25.0,1.3249155600023421
45230,5.0,22.0,10.55826686215136
12259,5.0,12.0,1.0655234400219307
28928,5.0,12.0,0.9328178999967669
44073,5.0,15.0,0.5747653099907453
44149,5.0,22.0,3.359530900008436
20688,5.0,15.0,0.9024885249588372
5144,5.0,14.0,0.1643073159939057
34395,5.0,22.0,2.868792866690317
16997,5.0,22.0,3.9866403480388453
11299,5.0,25.0,0.2693523600019958
43585,5.0,25.0,0.053231999993630374
33079,5.0,12.0,0.2234793000091626
29879,5.0,15.0,0.09142887300382929
49613,5.0,22.0,0.47062706133170695
24188,5.0,22.0,0.28065741599743865
20780,5.0,5.0,34.054116192525214
15898,5.0,18.0,16.860777666119873
6311,5.0,22.0,96.14298573135869
20095,5.0,5.0,11.858154666934041
20274,5.0,18.0,6.224125541659689
38252,5.0,5.0,6.080259304422327
3645,5.0,18.0,8.79066274654651
1759,5.0,22.0,33.804625900761934
37155,5.0,25.0,22.939029965438024
18043,5.0,18.0,6.706954119919928
36243,5.0,14.0,1.90617183299495
44637,5.0,15.0,4.374436004199772
17436,5.0,14.0,1.1267217900059237
32973,5.0,18.0,0.18558556789218272
49841,5.0,25.0,14.457538275109737
33533,5.0,14.0,0.8548402500429759
41928,5.0,12.0,2.199199260081407
46698,5.0,14.0,0.8230905300147029
13247,5.0,22.0,7.040773693341677
16713,5.0,12.0,2.6233806721416073
33245,5.0,14.0,0.6196932704655609
679,5.0,22.0,5.464947878481604
31059,5.0,15.0,1.8333266311111096
43207,5.0,12.0,2.100226943949579
6296,5.0,18.0,1.046031569983695
9974,5.0,25.0,3.464556195006999
45288,5.0,14.0,0.33283524000239595
24763,5.0,14.0,0.25179241198716795
3542,5.0,15.0,1.01875953358957
13333,5.0,25.0,2.065852467994037
47372,5.0,18.0,0.5608970124890194
2067,5.0,14.0,0.12893118001380444
4180,5.0,14.0,0.11798108852166322
24296,5.0,15.0,0.49401117603481115
918,5.0,15.0,0.40479670203257
1823,5.0,15.0,0.6661763400661265
22407,5.0,12.0,0.236914500011145
1998,5.0,25.0,0.8346308149939587
48652,5.0,12.0,0.22413936003605084
32499,5.0,22.0,0.9606013166538894
40636,5.0,15.0,0.2693824950062407
40883,5.0,25.0,0.26120848000246943
47541,5.0,25.0,0.23677969832991952
33926,5.0,15.0,0.07269247351570529
28628,5.0,25.0,120.58803305592224
21799,5.0,22.0,128.63141982672593
38702,5.0,22.0,99.11291017882883
16449,5.0,5.0,12.21862866244662
514,5.0,22.0,79.00754990376274
26362,5.0,15.0,21.275677785935528
28954,5.0,25.0,39.8897124296918
35791,5.0,25.0,39.13215923290579
12489,5.0,14.0,3.9825626096033204
15177,5.0,5.0,2.895286780832123
36769,5.0,5.0,2.37593733337377
43212,5.0,18.0,2.8495721636380864
43805,5.0,25.0,32.18704145494215
4226,5.0,22.0,37.72958783205442
300,5.0,18.0,7.170275694035858
9201,5.0,18.0,8.296916415874833
7421,5.0,22.0,30.21016230979324
31527,5.0,22.0,31.03429972257932
30385,5.0,22.0,28.46283051061421
1187,5.0,5.0,4.621743360007656
48454,5.0,5.0,1.0768372960049888
37483,5.0,22.0,24.37200082789886
23208,5.0,22.0,22.206954838240307
30566,5.0,18.0,4.9239184799105615
33350,5.0,22.0,18.666481419842427
35724,5.0,25.0,17.836450003300577
27300,5.0,12.0,6.800766240008983
15069,5.0,5.0,0.32738456245697023
9729,5.0,14.0,0.9647760059776544
543,5.0,18.0,3.1660935551507805
2966,5.0,22.0,12.727607052791384
88,5.0,5.0,0.25294733999489694
25810,5.0,18.0,2.605780415923082
12740,5.0,14.0,0.6457215840040824
22770,5.0,22.0,10.890116793626202
36926,5.0,22.0,10.523984280033435
21693,5.0,14.0,0.8098107720142842
5287,5.0,15.0,1.8832946700142763
9259,5.0,25.0,4.288124895003433
40281,5.0,5.0,0.025642542922035716
42592,5.0,14.0,0.27754547401293017
2689,5.0,15.0,0.8880505500127107
20456,5.0,25.0,2.117024365001482
18980,5.0,25.0,2.003392244998679
18912,5.0,14.0,0.12496148800671314
28275,5.0,22.0,2.191408504983422
3697,5.0,25.0,1.404597509998669
38551,5.0,14.0,0.06787371301396927
49683,5.0,14.0,0.06174235698422237
23261,5.0,14.0,0.06229498347044071
20589,5.0,18.0,0.20997354599667872
37533,5.0,15.0,0.32920043200554616
13860,5.0,15.0,0.2684865740021536
2877,5.0,25.0,0.7136235375040472
28238,5.0,15.0,0.23475092999229386
8855,5.0,15.0,0.13409576499796305
38623,5.0,15.0,0.06789709199577665
41294,5.0,22.0,91.96874136291575
21824,5.0,22.0,87.18148817030351
6066,5.0,18.0,13.480159306662557
33337,5.0,25.0,68.0964181149636
16386,5.0,25.0,55.09192331331744
30109,5.0,22.0,58.37694081440692
3020,5.0,5.0,0.6071943333274703
21909,5.0,22.0,46.70635671288514
18060,5.0,25.0,34.35215507985268
11426,5.0,15.0,2.614572012754138
15160,5.0,25.0,14.352085247984334
25904,5.0,22.0,14.195746297576129
8389,5.0,12.0,4.416918527975525
26157,5.0,18.0,1.9056735106377154
2137,5.0,18.0,0.04426099196751565
49829,5.0,25.0,7.912462560017207
21879,5.0,25.0,5.167156786701668
37343,5.0,12.0,2.057284874961425
25687,5.0,15.0,2.3410294719766824
30694,5.0,25.0,4.416806404034151
38961,5.0,25.0,5.932170325479609
40876,5.0,25.0,1.3126969279604523
47662,5.0,15.0,1.7492719999585944
942,5.0,25.0,1.4515074233228678
39278,5.0,12.0,0.8888432700484579
23156,5.0,25.0,3.8153903968416394
22549,5.0,22.0,3.0498696833349683
25202,5.0,12.0,0.406326675029848
6466,5.0,18.0,0.5764375200078362
32996,5.0,22.0,0.6973852117505919
17504,5.0,5.0,0.1152747999691428
925,5.0,5.0,3.791367437428221
36487,5.0,5.0,0.5914979999922139
20407,5.0,22.0,69.77409727630811
32897,5.0,25.0,63.873551764563985
4459,5.0,18.0,3.3276236163517723
44538,5.0,18.0,1.120638265962853
42541,5.0,22.0,51.32015671962374
16603,5.0,25.0,48.91501107991908
3568,5.0,5.0,1.55288109620804
18944,5.0,5.0,0.13118234282148933
32249,5.0,25.0,39.66637810676649
14753,5.0,25.0,36.782904954552876
34904,5.0,25.0,33.628633835551256
44056,5.0,25.0,30.68132316119987
9440,5.0,25.0,24.152990519598077
18320,5.0,15.0,9.081389977020677
27490,5.0,18.0,0.012491040860911795
28281,5.0,25.0,7.428396846559142
32574,5.0,15.0,4.407902615936848
45052,5.0,14.0,0.6327401039727718
1079,5.0,25.0,4.167494915937633
11106,5.0,22.0,11.192434354096125
49399,5.0,15.0,3.4043398991846345
11603,5.0,12.0,1.4118266549394711
46943,5.0,25.0,4.0842385619433585
4449,5.0,22.0,6.783392079997148
43224,5.0,25.0,2.207900474623534
45668,5.0,14.0,0.2588251249904179
48551,5.0,25.0,1.9671710699458744
15893,5.0,15.0,1.014348383967297
42940,5.0,14.0,0.13031734248457916
25156,5.0,12.0,0.45406841249521257
32023,5.0,15.0,1.1111358656133419
33077,5.0,25.0,1.490465958967925
1810,5.0,12.0,0.4131668999572824
24414,5.0,15.0,1.0178230079801036
29598,5.0,14.0,0.062294591012200584
18727,5.0,15.0,0.4520978625003709
17642,5.0,25.0,1.0178049949835835
28391,5.0,14.0,0.031491226988537235
48131,5.0,25.0,0.5258065533215639
40127,5.0,25.0,87.35544510847325
39149,5.0,25.0,78.36179329030779
12771,5.0,5.0,22.414759201319498
18443,5.0,18.0,19.095897646397518
24709,5.0,15.0,22.351355962189643
16424,5.0,18.0,10.99427301552329
6618,5.0,12.0,16.448437920043034
29333,5.0,18.0,5.542855578785591
7328,5.0,25.0,31.747487588354204
23903,5.0,5.0,5.052188410709391
23562,5.0,25.0,25.977518967249026
39382,5.0,18.0,0.47126080010365
11656,5.0,14.0,2.841560640101676
402,5.0,25.0,22.415871465369023
11750,5.0,22.0,28.74837398942418
17177,5.0,18.0,6.052706200019323
36131,5.0,14.0,1.369796677975316
16896,5.0,18.0,5.872958509619039
22986,5.0,25.0,18.638982405365553
36773,5.0,15.0,4.962614786983444
7197,5.0,14.0,1.2018180210469325
26643,5.0,18.0,2.4674577760052117
11712,5.0,25.0,8.349619657057293
1562,5.0,25.0,11.502752341333018
15178,5.0,12.0,3.2506148643167876
24592,5.0,12.0,1.7411196000932527
12082,5.0,15.0,2.64139291499945
37212,5.0,12.0,1.6611078000872581
6629,5.0,25.0,5.991979935540202
17955,5.0,25.0,8.897646999144538
14658,5.0,25.0,4.729392864994416
45454,5.0,22.0,5.828178900019246
44155,5.0,25.0,4.147796772863254
13952,5.0,15.0,1.6338354600768632
4119,5.0,14.0,0.6744092158651611
7967,5.0,25.0,3.8177445899960123
20500,5.0,25.0,5.876167637323224
30797,5.0,15.0,1.4634720280283844
26697,5.0,15.0,1.4715121080232407
14667,5.0,12.0,0.8601426750243633
22817,5.0,25.0,2.5969187199995902
22551,5.0,15.0,1.0986393000465124
9478,5.0,15.0,0.6072054575152013
34566,5.0,25.0,1.32599457997962
11244,5.0,14.0,0.06268276501759473
6751,5.0,14.0,0.053327534980135205
23443,5.0,15.0,0.45807306300866113
15530,5.0,25.0,0.9621745893252664
43870,5.0,15.0,0.4296063600304114
47283,5.0,25.0,1.6606514047791565
9046,5.0,15.0,0.2996884200270573
3683,5.0,22.0,0.9142625156556579
16481,5.0,25.0,0.43127354067161994
31148,5.0,22.0,0.7256976273368267
525,5.0,12.0,0.06166965001346014
35250,5.0,18.0,41.726397312019316
24132,5.0,12.0,22.46281572018546
20882,5.0,5.0,4.87984040004595
13621,5.0,5.0,8.130426524935046
5957,5.0,25.0,70.04071249946881
16731,5.0,18.0,12.468364269541325
16865,5.0,22.0,67.82793496926948
42478,5.0,5.0,0.6830710867045866
3384,5.0,5.0,23.422424832159834
44456,5.0,25.0,61.57007831034397
46959,5.0,15.0,20.25590218301258
20225,5.0,25.0,54.36539002262241
23374,5.0,25.0,42.460201827152744
7520,5.0,5.0,1.9948452499702753
40806,5.0,5.0,1.4906637252717303
7224,5.0,25.0,28.690948425803143
18025,5.0,15.0,18.755601019191246
37618,5.0,18.0,7.679843032048687
23799,5.0,22.0,25.825056553518714
40,5.0,22.0,28.669914816130962
24014,5.0,14.0,7.531563437733951
31120,5.0,25.0,19.30141552633011
12470,5.0,22.0,24.867133032207725
16970,5.0,25.0,21.07726281590432
9118,5.0,22.0,23.24224454409015
6101,5.0,25.0,14.981103903977143
7428,5.0,5.0,0.3235397041725889
21326,5.0,14.0,0.7221774089319339
42076,5.0,25.0,5.014727009974784
43602,5.0,14.0,0.7550236274709832
35227,5.0,5.0,0.21179244604510927
43257,5.0,5.0,0.36990719995796795
46189,5.0,25.0,2.750543375832816
40328,5.0,15.0,2.260552721351665
49536,5.0,18.0,1.5551497616138725
44674,5.0,25.0,1.6356552441467151
33039,5.0,18.0,1.7375734799902922
7625,5.0,25.0,3.3294048639935916
1066,5.0,22.0,4.120022850032118
36195,5.0,15.0,1.2474858359696057
28331,5.0,12.0,0.8292434700435365
8875,5.0,12.0,0.7592922750280167
9277,5.0,22.0,4.681858391967935
34109,5.0,15.0,0.6601602460051179
4737,5.0,14.0,0.04205547202204407
16493,5.0,22.0,3.055411193578319
16484,5.0,12.0,0.29471295001629816
6169,5.0,25.0,0.8875614599974604
381,5.0,14.0,0.005257639504784528
20227,5.0,25.0,0.526247079999095
17311,5.0,15.0,0.05509072799400627
19547,5.0,12.0,0.0007240799907433093
30925,5.0,25.0,0.01270680000308455
12136,5.0,22.0,139.53501248590416
25043,5.0,18.0,16.93188224402394
19143,5.0,22.0,118.67487042177171
5485,5.0,22.0,109.561090586309
21895,5.0,15.0,18.31662911498836
12288,5.0,25.0,58.66662849257878
29714,5.0,15.0,17.977771257867914
33386,5.0,18.0,2.874792332609047
41419,5.0,25.0,39.46493797667422
27118,5.0,25.0,28.144403679883617
14866,5.0,22.0,27.87125956781319
33690,5.0,25.0,18.254366187857904
29715,5.0,25.0,13.931899407814946
17903,5.0,25.0,13.359319195089235
8479,5.0,25.0,6.5085321779293785
45254,5.0,15.0,2.6466824839662166
29656,5.0,12.0,1.3361475000615997
23673,5.0,12.0,0.3079491600142532
3761,5.0,25.0,7.5142431311120035
24062,5.0,25.0,2.7643550505867935
4219,5.0,25.0,8.375923711141951
28457,5.0,25.0,4.367439103944648
23604,5.0,22.0,1.6877912253082528
49998,5.0,25.0,2.2270877533158764
31010,5.0,22.0,0.7871922299934067
19455,5.0,15.0,0.39553530154107897
2522,5.0,22.0,0.3890740533328929
46709,5.0,18.0,16.055619587470375
20342,5.0,22.0,96.29718954995295
36066,5.0,22.0,98.29778240908334
17148,5.0,22.0,88.11049384006944
38917,5.0,15.0,26.787125862040853
5296,5.0,22.0,76.34942459604076
5712,5.0,18.0,7.927358885253113
45904,5.0,25.0,62.51544112778106
43006,5.0,25.0,60.751139175774895
9017,5.0,5.0,0.063119232037252
29610,5.0,25.0,53.15453311044038
8601,5.0,25.0,51.83624806708514
27669,5.0,22.0,51.40257503995733
35482,5.0,25.0,43.09292186549766
6292,5.0,25.0,37.71431696398288
43662,5.0,25.0,29.361839001473584
26089,5.0,25.0,16.73964059990618
22140,5.0,25.0,13.575137049437878
2197,5.0,14.0,0.12932788733481004
1857,5.0,25.0,15.006170975973422
27582,5.0,18.0,1.5913479349779465
41673,5.0,12.0,0.14733358499314164
8492,5.0,25.0,5.114500057990515
35150,5.0,25.0,4.4462536611492585
22594,5.0,25.0,3.3220092083034345
32086,5.0,25.0,3.9594384029855743
17737,5.0,12.0,1.0849865249674266
26002,5.0,12.0,1.0474348799649853
42932,5.0,12.0,0.6628507724957018
29865,5.0,12.0,0.6213318600086062
18068,5.0,25.0,2.1208740039900364
10548,5.0,12.0,0.5709493200012847
31768,5.0,22.0,3.284375871987347
12738,5.0,15.0,0.6915396739924162
20658,5.0,22.0,3.0602873471819088
25257,5.0,25.0,1.2268494200045827
29242,5.0,12.0,0.2934580800160962
24689,5.0,18.0,0.15495074333057524
23700,5.0,15.0,0.3304112560066894
5615,5.0,12.0,0.15963222000319544
40646,5.0,22.0,0.9120608573418831
34846,5.0,25.0,1.101204629321881
46659,5.0,25.0,1.0219527023930994
8286,5.0,22.0,102.81931600813286
8210,5.0,5.0,8.108906199922217
27830,5.0,5.0,0.5425686719700309
2711,5.0,22.0,89.95253640088669
5581,5.0,5.0,10.574741725780655
49340,5.0,12.0,17.742559872447714
480,5.0,25.0,74.92032987857071
27480,5.0,25.0,65.09512296964978
42310,5.0,25.0,50.210792064177966
29602,5.0,18.0,18.673932705128436
23860,5.0,5.0,4.015283908200303
5517,5.0,22.0,36.69362561924436
34734,5.0,25.0,36.5950138155243
288,5.0,15.0,11.699029148509737
12790,5.0,5.0,2.07550865065582
7412,5.0,14.0,6.050549620013385
25604,5.0,22.0,39.74441302395432
43535,5.0,12.0,7.925052540980971
49726,5.0,5.0,0.6113740317139857
33716,5.0,5.0,5.055615935598539
211,5.0,25.0,20.73645468595651
46811,5.0,25.0,19.47228925077954
43682,5.0,25.0,18.494357181902124
48615,5.0,25.0,16.892617889146273
27033,5.0,25.0,16.078088938700006
20033,5.0,12.0,3.1449191250157256
38263,5.0,25.0,13.37253214406471
17527,5.0,12.0,2.3333442601182384
26943,5.0,25.0,7.119795660023213
18655,5.0,14.0,1.2427075201411881
42374,5.0,12.0,3.007565940366433
49443,5.0,25.0,4.9108589606693815
12496,5.0,12.0,1.3899486901125861
22807,5.0,15.0,1.9359151280098992
39635,5.0,25.0,6.489677600013639
9406,5.0,12.0,1.0897299525339363
21831,5.0,14.0,0.3287386950222704
45356,5.0,22.0,4.528034096665754
5044,5.0,12.0,0.7308810075291454
23133,5.0,25.0,2.5584562900064443
23719,5.0,12.0,0.6057019875199501
33142,5.0,25.0,1.9314822560043483
27721,5.0,25.0,3.0532196351882837
16281,5.0,25.0,2.35906206720896
26941,5.0,14.0,0.06951804101854009
38575,5.0,18.0,0.2887136333310565
33394,5.0,12.0,0.16029165000957413
29541,5.0,22.0,0.8945784133360195
21002,5.0,5.0,16.82071720114473
10783,5.0,5.0,6.484860333442299
49944,5.0,14.0,43.892328872621476
11934,5.0,22.0,84.49987449586186
29237,5.0,25.0,74.2224501442308
30332,5.0,22.0,75.63803093737515
23713,5.0,25.0,63.91940938689149
68,5.0,5.0,6.680781295439687
7078,5.0,25.0,58.21256308873386
22258,5.0,25.0,50.56182046397265
13764,5.0,5.0,1.3670362456578857
39897,5.0,25.0,49.40645662426614
2573,5.0,5.0,0.6746016770763958
18952,5.0,22.0,37.56272989972497
33500,5.0,5.0,2.2440642560515585
4203,5.0,18.0,2.2427950879706486
14325,5.0,5.0,3.182436567976694
46023,5.0,22.0,21.476383785550503
31922,5.0,5.0,1.404751206214975
6682,5.0,18.0,2.924289936581232
27048,5.0,22.0,10.668609138759019
7020,5.0,25.0,12.018588770445419
8173,5.0,15.0,2.5699956730073232
35133,5.0,15.0,2.590608049985981
37219,5.0,15.0,2.5081796560236427
34883,5.0,15.0,2.2073461500035343
31401,5.0,14.0,0.4507969799765661
23179,5.0,18.0,2.0663192480136363
22119,5.0,15.0,1.818972935977751
23395,5.0,22.0,5.514637338670013
7886,5.0,25.0,7.616612604818698
22105,5.0,15.0,1.5042358200144754
43793,5.0,22.0,6.948783803978138
45918,5.0,14.0,0.24248642395065723
609,5.0,18.0,0.16497157441584065
8391,5.0,25.0,4.380196152044746
2828,5.0,22.0,4.233594972284825
48114,5.0,15.0,0.8807143440050975
46513,5.0,15.0,0.8892860520115953
48731,5.0,15.0,0.8820179269925728
13109,5.0,25.0,1.9919350346664908
22771,5.0,25.0,1.8294402056652492
4722,5.0,18.0,0.7435628522816717
10057,5.0,14.0,0.05310144598059008
29993,5.0,25.0,1.2485943150148069
36311,5.0,25.0,1.1483626900068407
39017,5.0,14.0,0.028750163490735225
41614,5.0,15.0,0.3037771350035232
20026,5.0,15.0,0.24333063499388352
49058,5.0,15.0,0.14107517999317176
14332,5.0,15.0,0.2365621632165551
12200,5.0,5.0,3.5700563506284198
27603,5.0,25.0,84.97033172448124
41773,5.0,22.0,109.84130108754363
41456,5.0,5.0,1.556018279576051
45977,5.0,22.0,80.63176726356348
10895,5.0,14.0,1.8246827515857262
18962,5.0,18.0,8.137716106643296
42770,5.0,25.0,62.27691493169938
45499,5.0,25.0,44.65629220794949
40183,5.0,12.0,15.692083967750222
2500,5.0,25.0,38.478319904683076
9412,5.0,18.0,3.1286420951661853
41134,5.0,12.0,12.498605327395609
8003,5.0,25.0,36.59347672632002
25969,5.0,5.0,0.6830173435949405
25570,5.0,22.0,33.75723398702887
27570,5.0,5.0,0.07908915203354638
40682,5.0,14.0,3.3526064162199276
2226,5.0,22.0,23.902352840374753
43504,5.0,25.0,13.0018621351729
18737,5.0,25.0,11.209308083283172
8663,5.0,18.0,0.49140308152754386
19980,5.0,12.0,2.476832812471635
850,5.0,25.0,3.7786931799857726
5676,5.0,25.0,10.381419354009573
15359,5.0,22.0,2.6911450992775023
13685,5.0,22.0,10.079487466524338
49465,5.0,12.0,1.6446033300318632
12243,5.0,25.0,3.483556934485211
21433,5.0,22.0,4.523755480636309
18006,5.0,12.0,1.0007017500238753
20931,5.0,12.0,0.6998670299762129
49486,5.0,14.0,0.09751239001592005
5989,5.0,12.0,0.35362919999868847
23388,5.0,25.0,0.9733505619932101
25273,5.0,18.0,0.15998654100140097
25221,5.0,14.0,2.6152819293832295
10493,5.0,18.0,11.97033313101278
34792,5.0,25.0,57.06422812776326
33643,5.0,5.0,0.34598636588077625
33209,5.0,18.0,8.181086735883525
22120,5.0,22.0,31.267674986528817
6129,5.0,25.0,31.124752967905025
41495,5.0,15.0,12.815189679884355
39746,5.0,25.0,24.69387382718019
14735,5.0,22.0,23.913125271340036
41346,5.0,25.0,22.61529259704728
13344,5.0,25.0,20.21601694380489
23371,5.0,12.0,5.9845946157392405
11913,5.0,22.0,13.263402759094795
16301,5.0,25.0,11.650569111914159
13145,5.0,12.0,2.7368307299491192
39741,5.0,25.0,5.257415086267617
45149,5.0,14.0,1.4026371935599116
10864,5.0,14.0,0.769246368077674
42345,5.0,25.0,0.543363180768246
939,5.0,14.0,0.27030826354296167
17307,5.0,25.0,2.3799838433205665
28810,5.0,22.0,5.1527788447502205
11384,5.0,22.0,2.743561589985535
28540,5.0,15.0,0.9833150639640582
22575,5.0,22.0,1.454811361329026
34549,5.0,12.0,0.20737704000420631
23309,5.0,25.0,0.640318789998223
16937,5.0,15.0,0.16795389003448324
10302,5.0,22.0,0.03382302499726253
17676,5.0,18.0,31.390548240042648
32096,5.0,22.0,139.1073425399677
42648,5.0,5.0,15.195864812976083
4305,5.0,25.0,97.21218060397695
23398,5.0,5.0,31.947178432311205
31557,5.0,5.0,2.505442577098165
10878,5.0,25.0,56.7429271560777
24534,5.0,25.0,44.144867348202794
14635,5.0,25.0,41.31219235205043
28776,5.0,12.0,9.95646086390812
22928,5.0,22.0,42.22076290414745
2984,5.0,15.0,15.278547513142883
9100,5.0,25.0,19.489144591288238
45064,5.0,5.0,2.563211764936952
28763,5.0,12.0,2.8904359349615802
22029,5.0,22.0,20.349247873368164
44329,5.0,12.0,2.5907915774634276
8967,5.0,12.0,2.3900312999741757
30541,5.0,12.0,1.852453199999566
715,5.0,12.0,1.6782312000064294
30442,5.0,15.0,2.377421247969945
22719,5.0,25.0,4.81621692050042
31301,5.0,18.0,0.40293951000746375
44808,5.0,15.0,1.925666783955542
29441,5.0,25.0,4.349417011785757
43451,5.0,14.0,0.41757874401336537
42028,5.0,25.0,2.441276800019237
354,5.0,15.0,1.1899469910000082
27557,5.0,12.0,0.6214308150032029
47417,5.0,18.0,0.8947183359963775
12692,5.0,15.0,0.49262638548685445
19101,5.0,12.0,0.2990882999994575
7711,5.0,22.0,1.4177335441609786
11105,5.0,15.0,0.3909099199846162
24687,5.0,25.0,0.6156082076748826
18682,5.0,15.0,0.11727034000029546
12499,5.0,22.0,0.3045364319985451
32646,5.0,15.0,0.014750057984966869
14195,5.0,5.0,17.427999999922577
33203,5.0,5.0,6.693178848053208
33835,5.0,22.0,84.94026310395358
45898,5.0,22.0,76.23318987527091
46120,5.0,5.0,1.4273955073565503
31965,5.0,25.0,66.46692656247865
1181,5.0,25.0,55.54630940108555
15626,5.0,25.0,53.21876980472214
46246,5.0,25.0,51.87825982544845
20857,5.0,5.0,9.075363665259104
3143,5.0,22.0,52.5586004160033
5729,5.0,5.0,0.7020575999815719
20132,5.0,5.0,0.6341676033323154
30450,5.0,22.0,39.33101011204064
39803,5.0,14.0,10.835621183854343
29657,5.0,22.0,37.72957856650379
27618,5.0,22.0,35.651528405366555
8148,5.0,25.0,20.638224075763297
39929,5.0,14.0,1.926447144436409
21616,5.0,5.0,0.8964971479627408
30906,5.0,22.0,13.325229945343644
6336,5.0,15.0,6.101764252723655
9282,5.0,25.0,15.957423694671583
24870,5.0,25.0,7.9613889817271435
3530,5.0,14.0,0.8122887059719517
33873,5.0,14.0,1.5888230386621913
1219,5.0,5.0,0.640805859217064
7761,5.0,14.0,1.5873657479910648
13520,5.0,14.0,0.7562043800448279
13138,5.0,12.0,1.7187372074971314
20006,5.0,15.0,2.3019352605006773
30462,5.0,14.0,4.086009907144096
7322,5.0,25.0,8.078125610651757
21286,5.0,12.0,1.3990147500067067
37736,5.0,18.0,1.3882279380017817
1969,5.0,14.0,0.4270367999867659
27983,5.0,15.0,1.5118736639877781
35012,5.0,25.0,3.6631694159814785
16729,5.0,25.0,5.472609908068222
17121,5.0,14.0,0.30835439399594833
25526,5.0,22.0,3.7204383759883113
28934,5.0,15.0,1.1232366960089895
38033,5.0,14.0,0.20784277800196094
30996,5.0,22.0,5.2550076048089664
34543,5.0,14.0,0.1380992220094317
35166,5.0,15.0,0.7678444319848658
38232,5.0,25.0,1.6144690828832573
15861,5.0,15.0,0.6403345349883764
26032,5.0,25.0,1.3996285019977632
2440,5.0,15.0,0.2183910840051304
42313,5.0,22.0,0.8376000725058861
20466,5.0,15.0,0.09630969999977745
43547,5.0,18.0,19.693814894363925
7466,5.0,22.0,79.54763437280086
33737,5.0,22.0,78.39149361230277
12777,5.0,18.0,5.564694253343632
3405,5.0,25.0,33.82060103765578
19988,5.0,25.0,26.660498920033092
10686,5.0,25.0,25.936435786657675
26489,5.0,22.0,20.59650434027626
21739,5.0,25.0,14.80594160008797
15908,5.0,25.0,13.962739595194336
46889,5.0,25.0,9.204572454399827
3608,5.0,12.0,2.1344086874736377
32705,5.0,12.0,3.411914915962683
47957,5.0,12.0,1.820371350002329
24054,5.0,12.0,1.4829994199880687
13249,5.0,18.0,1.063890167325921
9111,5.0,12.0,1.1592925500081428
34286,5.0,12.0,1.0808032800138037
4693,5.0,22.0,3.3032449433239854
16192,5.0,25.0,3.2149909999950346
18609,5.0,12.0,0.8533399800299382
38479,5.0,14.0,0.22283758796060127
41283,5.0,25.0,2.1246125333248864
49137,5.0,12.0,0.34956815249535733
33677,5.0,15.0,0.48257849995007085
4578,5.0,12.0,0.46193574005591387
19803,5.0,12.0,0.20182057499476613
45126,5.0,22.0,0.7784122919936869
23116,5.0,15.0,0.025191520004321788
19180,5.0,5.0,7.3933553282714115
47413,5.0,22.0,84.66642546269662
10730,5.0,18.0,7.611751831821152
4277,5.0,22.0,67.45284530157642
34298,5.0,18.0,4.556299508707156
16702,5.0,22.0,49.095256985835036
37417,5.0,22.0,44.548001395852495
45721,5.0,25.0,37.950165264037295
6769,5.0,14.0,2.303752516761577
27767,5.0,22.0,22.545422400146514
46687,5.0,25.0,9.340040661395363
6087,5.0,15.0,3.7610253399074836
41427,5.0,25.0,7.979569270535194
34611,5.0,25.0,7.369286980043107
45678,5.0,25.0,6.584463703022832
46172,5.0,12.0,1.8385554449730819
48621,5.0,25.0,7.2810216954207725
13009,5.0,14.0,0.4249330019905315
43375,5.0,25.0,4.1780638280132205
11950,5.0,18.0,0.026669955190333994
19581,5.0,14.0,0.366324120006297
27435,5.0,25.0,3.3401121721842326
34012,5.0,25.0,5.769958453381276
11896,5.0,25.0,3.2687408450191837
49537,5.0,12.0,0.9123808799907955
36091,5.0,12.0,0.5693416049734967
12528,5.0,12.0,0.5092593599825719
29882,5.0,25.0,1.571306253343809
11166,5.0,14.0,0.05253981601475921
11498,5.0,18.0,0.22051023998368224
5470,5.0,12.0,0.1511298974794446
2765,5.0,22.0,0.7182587003370182
25146,5.0,25.0,0.003365035831372376
4245,5.0,22.0,121.82943247702545
47554,5.0,5.0,15.105989456317474
28932,5.0,18.0,27.684971595992778
21162,5.0,22.0,78.45015559212496
42413,5.0,5.0,8.196200652981716
36302,5.0,25.0,61.16710252570043
16191,5.0,25.0,42.0537287038991
24859,5.0,5.0,0.0677686786678322
37128,5.0,25.0,32.12224939195448
24351,5.0,25.0,25.062340068147776
37546,5.0,15.0,5.763420849086117
10711,5.0,12.0,4.655814240257357
30727,5.0,25.0,14.969232381811722
6574,5.0,14.0,0.76349467791389
36800,5.0,25.0,10.871287408804108
1361,5.0,25.0,6.953809122489012
2649,5.0,18.0,1.782145280002382
27655,5.0,12.0,1.8440379074915931
38858,5.0,15.0,2.6087627599931302
6110,5.0,22.0,7.605867768509665
8495,5.0,12.0,1.4683566000472013
25533,5.0,25.0,4.845854597010398
24978,5.0,12.0,1.3254173400915903
41787,5.0,22.0,6.459812675000913
40150,5.0,18.0,0.596590108989874
24497,5.0,25.0,4.269052099993958
26605,5.0,12.0,1.196422005040585
43759,5.0,12.0,1.128942862573389
10866,5.0,25.0,3.399432029995028
30699,5.0,12.0,0.8568285600640664
12027,5.0,22.0,2.8948737325025258
23290,5.0,25.0,2.1625880913356763
43481,5.0,18.0,0.862656115221383
15548,5.0,22.0,3.6972877333229963
21610,5.0,25.0,1.2706701200135657
44300,5.0,25.0,1.1783216899936741
13514,5.0,25.0,1.6340284824042097
167,5.0,22.0,1.1555686800036589
18937,5.0,14.0,0.073049087930805
48068,5.0,12.0,0.0060718800012897756
33457,5.0,25.0,0.04965940799645385
38339,5.0,5.0,4.816292583939145
10135,5.0,25.0,118.19087091750913
16552,5.0,22.0,119.69572200012979
44972,5.0,15.0,9.990928928214714
13991,5.0,14.0,8.758845097850212
48742,5.0,5.0,7.939508080006249
29964,5.0,5.0,3.4866775803375276
47749,5.0,22.0,67.57906099228224
25535,5.0,18.0,11.276601779837762
44475,5.0,22.0,68.50554673919919
29334,5.0,14.0,22.111893039735094
39541,5.0,14.0,16.674872076001776
35780,5.0,5.0,6.460527910537252
16480,5.0,25.0,48.8293587889565
39080,5.0,5.0,2.4541858240531553
26561,5.0,5.0,3.4584320002016966
25138,5.0,22.0,53.786424000051284
30052,5.0,5.0,1.6917980000078074
34917,5.0,22.0,43.72469128001677
7807,5.0,22.0,36.971710101617894
7797,5.0,18.0,8.911790896712425
26041,5.0,14.0,3.453361920022033
30096,5.0,22.0,24.037014194165423
44042,5.0,22.0,20.43900172809517
16931,5.0,22.0,22.36212548694305
12406,5.0,5.0,1.0613668470344564
37969,5.0,25.0,15.178014367684888
8401,5.0,18.0,4.159290061248974
20218,5.0,14.0,0.9538012050289737
15416,5.0,22.0,14.706611011736772
6843,5.0,14.0,0.7408110270271884
29775,5.0,25.0,11.298060723206302
7921,5.0,22.0,3.5083288960292904
37425,5.0,25.0,6.729753722679993
22583,5.0,18.0,1.8335168543298472
11585,5.0,14.0,0.6568294500085443
3555,5.0,15.0,2.546845788067447
21462,5.0,15.0,5.056089984174022
19877,5.0,14.0,0.2029867155113756
47385,5.0,18.0,0.6072523733292128
26134,5.0,14.0,0.14276100001717928
20545,5.0,22.0,3.724244889621554
13086,5.0,12.0,0.4252384200122403
14625,5.0,25.0,1.5550925758377803
14424,5.0,14.0,0.2156737918896674
31729,5.0,14.0,0.06338387397335143
18022,5.0,25.0,1.2487174570113622
48915,5.0,25.0,2.1241034346240566
6874,5.0,14.0,0.4610755200843215
13599,5.0,14.0,0.037583330007745275
30700,5.0,14.0,0.0013550400001252072
22399,5.0,18.0,25.364940115563485
20092,5.0,5.0,1.2779700416467108
48941,5.0,25.0,66.48659546892287
46710,5.0,14.0,3.934802879978406
35521,5.0,25.0,35.220659481482414
43622,5.0,22.0,40.20243018217417
11022,5.0,25.0,32.42047688463461
32770,5.0,18.0,2.7009689621241293
38393,15.0,15.0,1.1457612003611928
28423,5.0,25.0,22.86583989322702
38077,5.0,18.0,1.4885869804014789
40992,5.0,25.0,17.976399628828183
21460,5.0,25.0,10.67941546994166
38655,5.0,12.0,2.594450257605203
32519,5.0,25.0,5.484352355015336
4428,5.0,25.0,13.477543679805773
31577,5.0,12.0,2.227481400084578
9252,5.0,22.0,8.187350957957246
18854,5.0,25.0,9.325400063893191
16445,5.0,12.0,1.6858732800383613
44025,5.0,25.0,2.4949982099619366
28072,5.0,22.0,1.9479467133119783
39676,5.0,22.0,3.2641551400169506
49899,5.0,22.0,2.572977666146418
15573,5.0,14.0,0.05631317204060782
26432,5.0,22.0,1.3952138210129208
20517,5.0,18.0,0.37734022398718103
4329,5.0,15.0,0.21560797801213738
12568,5.0,12.0,0.06590109000604194
19651,5.0,18.0,18.199970000190262
21743,5.0,18.0,16.829581363532355
14879,5.0,25.0,90.15299723717459
23365,5.0,5.0,0.2559233277133899
2994,5.0,5.0,0.2645594999704173
40472,5.0,5.0,2.331576287865886
28453,5.0,18.0,13.693411050945443
10258,5.0,18.0,0.7149239287382585
22035,5.0,22.0,44.53040595847817
37305,5.0,22.0,41.66403936385812
36747,5.0,22.0,38.49556524897933
37017,5.0,22.0,36.5467485346679
28077,5.0,22.0,36.920339764316566
44233,5.0,25.0,27.690506663949982
47374,5.0,25.0,25.405381238631968
20769,5.0,25.0,23.16668215337573
23963,5.0,25.0,19.968353570994893
21929,5.0,25.0,18.677264171760854
25053,5.0,25.0,17.54693524486394
7893,5.0,25.0,17.053191667037545
42772,5.0,25.0,8.457815049943896
14084,5.0,25.0,14.329259118568928
33945,5.0,15.0,6.40076995230298
4145,5.0,12.0,2.673673590149072
45903,5.0,12.0,2.539873128020119
20351,5.0,25.0,1.5859295999683312
49626,5.0,25.0,3.8727946125076382
13495,5.0,25.0,7.198511246339255
7523,5.0,12.0,2.167514760114166
17496,5.0,25.0,5.1152640255943
22358,5.0,25.0,3.906431000001856
31771,5.0,25.0,2.7075700440040587
8474,5.0,18.0,0.38942944611027386
45067,5.0,22.0,0.377191440001142
3175,5.0,22.0,116.17790047100425
43148,5.0,15.0,65.8375619509535
45016,5.0,18.0,15.171090216647912
35966,5.0,14.0,14.632820803740515
42874,5.0,25.0,64.47509274709938
22340,5.0,18.0,19.476337175263538
17579,5.0,12.0,16.131607571146787
45446,5.0,25.0,38.10693933975176
6630,5.0,18.0,8.0650325893901
17860,5.0,18.0,8.76464233075631
32540,5.0,5.0,0.6335108523682038
49806,5.0,15.0,6.9415094779155595
15459,5.0,18.0,1.9689629739480736
49715,5.0,25.0,19.560864672100614
532,5.0,25.0,19.692475112118885
38598,5.0,22.0,16.93266844810502
47033,5.0,25.0,9.525661324928357
48365,5.0,14.0,0.9096269820648644
27593,5.0,22.0,10.263220244048778
11634,5.0,22.0,8.949915520049032
28062,5.0,15.0,2.6042796719561245
2820,5.0,12.0,2.7816315596992496
23664,5.0,25.0,5.746335560377817
13500,5.0,15.0,2.650429660053785
47733,5.0,15.0,1.7835462379341145
14352,5.0,15.0,1.3954101119592401
4130,5.0,25.0,3.210608470522679
23837,5.0,12.0,0.9270482699319835
19496,5.0,14.0,0.2314530600336706
33031,5.0,22.0,3.216651632021457
42089,5.0,22.0,2.8172939893528275
29008,5.0,25.0,2.929083152552768
32259,5.0,12.0,0.5033626499667889
47,5.0,14.0,0.10934665201741645
16268,5.0,12.0,0.42772700994749435
36308,5.0,14.0,0.08983612202366409
39582,5.0,14.0,0.007224216012692963
41604,5.0,25.0,0.7762572333381659
46778,5.0,25.0,98.56431951761235
29797,5.0,5.0,6.120399999974154
38976,5.0,5.0,48.8857362483576
10094,5.0,5.0,2.2652937065153367
19122,5.0,5.0,5.8420282880212255
43173,5.0,5.0,4.495499834732556
10048,5.0,5.0,9.286891168087877
14240,5.0,15.0,26.436580009993264
39258,5.0,12.0,39.69938848835329
13295,5.0,18.0,14.556689085031067
19326,5.0,5.0,4.128125269486162
22921,5.0,25.0,49.19117324063538
17483,5.0,22.0,55.19522534419556
29959,5.0,25.0,41.29223424002534
28565,5.0,18.0,11.528758382488917
26122,5.0,25.0,34.073617968036615
12718,5.0,5.0,4.1130207281123035
38557,5.0,5.0,13.71415547536661
33244,5.0,22.0,33.414577760157165
15790,5.0,25.0,13.872683522080166
49006,5.0,15.0,5.17518520058379
34082,5.0,18.0,4.836581620426202
36837,5.0,5.0,0.5054223200983756
6749,5.0,15.0,3.729511850040147
34230,5.0,25.0,15.415721280074166
39881,5.0,5.0,0.6801279483525846
25675,5.0,25.0,12.713172512004078
34558,5.0,5.0,0.5626945219360096
14312,5.0,5.0,0.6829798347100748
30353,5.0,25.0,13.596713618382442
4392,5.0,25.0,7.1606112459876705
25433,5.0,22.0,14.626670126520192
31860,5.0,15.0,2.788441935063254
10954,5.0,15.0,3.46082780000728
35772,5.0,22.0,1.9885576659833895
37812,5.0,25.0,6.141009234001402
32199,5.0,5.0,0.26359637077070985
2076,5.0,25.0,0.5808059533143322
7172,5.0,5.0,0.03971851946714722
27925,5.0,14.0,0.46302049998053363
39733,5.0,5.0,0.0358843799597075
25977,5.0,14.0,0.36186336008333697
44831,5.0,25.0,0.719827663984816
20210,5.0,5.0,0.34149127677048696
34227,5.0,15.0,1.1080320600266678
28739,5.0,14.0,0.20354680756286925
4928,5.0,14.0,0.16396902002791158
41896,5.0,15.0,0.8666124600470138
43439,5.0,14.0,0.11642626798618849
39610,5.0,25.0,1.7557236929942501
47018,5.0,15.0,0.6644404440268179
26552,5.0,18.0,0.3712948200051729
33682,5.0,18.0,0.3470233560052636
24696,5.0,15.0,0.5894042040139862
16311,5.0,22.0,1.3041923066679484
45542,5.0,5.0,6.3112829768912775
11767,5.0,5.0,3.3110272798255096
8877,5.0,22.0,85.67271366130062
30612,5.0,18.0,12.50477538576665
35347,5.0,18.0,12.078574892404745
6390,5.0,22.0,82.89568859993406
15342,5.0,5.0,1.1768264998812583
18555,5.0,5.0,0.44337240421771185
3695,5.0,25.0,49.538704316881734
37246,5.0,25.0,47.370346956769836
48789,5.0,15.0,16.814693784312198
14315,5.0,25.0,41.70828008610738
32051,5.0,25.0,24.80115830394658
20957,5.0,12.0,4.146552192116033
40415,5.0,25.0,11.92563083839498
35178,5.0,15.0,2.3776972846659064
38014,5.0,25.0,13.187927967914312
14775,5.0,25.0,2.370247226017863
40734,5.0,12.0,1.771694400079756
24873,5.0,15.0,0.28446372612881987
26543,5.0,25.0,5.582603486961933
12545,5.0,25.0,2.7831300320159187
15707,5.0,22.0,3.5560611033406833
48725,5.0,25.0,4.487380610084344
32875,5.0,18.0,0.5576719440047873
35592,5.0,15.0,0.8771808120430951
37501,5.0,12.0,0.5507535000349968
8625,5.0,15.0,0.11470619499417856
1185,5.0,18.0,16.626860447925992
34825,5.0,22.0,73.26356347307029
19317,5.0,12.0,19.72434176467226
34524,5.0,25.0,66.04430940007333
33374,5.0,18.0,4.087218296400522
49813,5.0,5.0,3.0548055553285565
9913,5.0,22.0,49.90110201307708
19527,5.0,5.0,1.202378400417814
49119,5.0,25.0,30.492937915553256
3118,5.0,25.0,27.139251880072777
2878,5.0,18.0,7.059927040070782
22028,5.0,25.0,24.722022431959594
13953,5.0,22.0,21.99498391342175
33003,5.0,25.0,21.58386894924014
13718,5.0,25.0,20.263056767861954
38996,5.0,14.0,2.730035231880578
15001,5.0,12.0,4.64593728021093
17367,5.0,25.0,9.077654733955647
26695,5.0,18.0,2.139581423957754
27625,5.0,25.0,7.857475479977591
1775,5.0,25.0,7.572061587497789
34892,5.0,25.0,12.646462186636324
2270,5.0,12.0,2.197724587557701
25953,5.0,25.0,1.7562361279889949
19886,5.0,25.0,5.9755397666671595
35372,5.0,25.0,0.5916633049905791
3382,5.0,25.0,3.541653680009091
9492,5.0,15.0,1.6535472499822532
38025,5.0,15.0,2.812470840111409
48973,5.0,15.0,1.226739129042432
31476,5.0,25.0,0.023032949981343975
40601,5.0,25.0,0.7964911466745379
46855,5.0,22.0,3.257533871992365
20335,5.0,15.0,0.4761262199855212
38760,5.0,15.0,0.34771935752120964
23802,5.0,22.0,0.5543756733356149
13873,5.0,12.0,0.036175440002306214
31732,5.0,22.0,0.31006774499485923
25327,5.0,22.0,109.9592807021416
523,5.0,5.0,9.798856992023843
31595,5.0,5.0,22.698338402803273
16447,5.0,25.0,62.01622320828949
2567,5.0,25.0,87.65308808393385
4061,5.0,25.0,65.43856217133998
40480,5.0,25.0,59.86494108859853
38106,5.0,25.0,56.52174570693167
7961,5.0,5.0,11.447933356883354
40893,5.0,25.0,56.646562310869854
20867,5.0,25.0,36.931699948980395
37292,5.0,22.0,58.76434562157195
12792,5.0,25.0,41.08432165657176
7097,5.0,14.0,2.2708980377054786
1450,5.0,22.0,47.78325208941013
41123,5.0,25.0,35.35587470717323
20104,5.0,18.0,4.632015428685293
36877,5.0,12.0,15.431448000204142
33008,5.0,25.0,16.673809824053677
14875,5.0,18.0,1.7255412622334347
19246,5.0,15.0,6.063299139997284
21887,5.0,18.0,0.2348138602310712
34670,5.0,25.0,8.066762778074924
22571,5.0,14.0,4.562854080101943
24546,5.0,22.0,19.246646400113015
35477,5.0,22.0,10.689906890741259
762,5.0,14.0,0.7417024799656602
43548,5.0,15.0,2.9758161215766705
3920,5.0,25.0,5.327348369706758
40736,5.0,14.0,0.5473603544803929
40239,5.0,25.0,5.102119243381667
18520,5.0,25.0,3.99273084004081
38559,5.0,22.0,8.75952947040443
5085,5.0,25.0,7.165831978698183
37817,5.0,25.0,7.056240561087391
23305,5.0,18.0,0.866799628711286
38930,5.0,12.0,1.214912550015839
29538,5.0,12.0,0.9469791750016654
41666,5.0,12.0,0.9886574550152005
21738,5.0,12.0,0.8856745500229035
6140,5.0,15.0,1.0418799000080003
20080,5.0,14.0,0.16782093900049766
42476,5.0,25.0,1.2129299299954428
29876,5.0,22.0,0.6157501260007481
14005,5.0,15.0,0.1039618599929768
27456,5.0,18.0,0.06446412801605494
28908,5.0,15.0,0.060564288014818946
47442,5.0,25.0,0.09952083733878547
7134,5.0,25.0,0.056367018671509506
2119,5.0,22.0,122.70459770896764
25208,5.0,5.0,27.949221072205546
4782,5.0,14.0,24.126106552900524
47336,5.0,25.0,77.511446959565
9435,5.0,5.0,4.089956437681224
34706,5.0,5.0,4.595871960086299
21863,5.0,14.0,14.796282576415024
31310,5.0,22.0,61.82572392970488
7467,5.0,22.0,57.506111779295736
18181,5.0,5.0,2.9196646272233906
19083,5.0,22.0,29.2708383985742
31106,5.0,22.0,19.895158521642344
43943,5.0,22.0,17.96493638404742
44958,5.0,18.0,0.6446366145053659
48848,5.0,12.0,2.7162162299142665
26076,5.0,25.0,14.11273953562052
44912,5.0,18.0,3.803330684226321
14828,5.0,25.0,7.4846222000379985
25522,5.0,18.0,3.391203737519234
6680,5.0,22.0,14.642671800123633
4965,5.0,15.0,8.23380869985671
13362,5.0,15.0,2.6761430749206028
14990,5.0,25.0,9.805174752111952
40932,5.0,22.0,14.42761113612573
20256,5.0,12.0,1.6374922499171234
12725,5.0,15.0,2.0659748879796496
7308,5.0,14.0,0.5680161599715738
28754,5.0,25.0,4.543706793213442
19705,5.0,15.0,1.7483631615336641
25932,5.0,22.0,6.5787919179147245
4790,5.0,14.0,0.22080037499070038
41296,5.0,25.0,0.43323389268801726
6953,5.0,15.0,0.9016392600007759
36579,5.0,25.0,1.8563895750274835
6675,5.0,22.0,2.3993481580203015
38242,5.0,12.0,0.3698001299787448
7604,5.0,14.0,0.0032517780084644343
30912,5.0,22.0,1.0605890020069428
8954,5.0,15.0,0.2569295400143954
10741,5.0,22.0,0.3948125333345762
35566,5.0,25.0,65.49568710412257
21962,5.0,25.0,52.19417589762476
30316,5.0,5.0,0.10187028471966642
9615,5.0,18.0,6.251459714084405
38525,5.0,25.0,38.54387149618415
35901,5.0,25.0,26.221340484785287
34465,5.0,22.0,33.93087683673297
20815,5.0,25.0,27.612554114458874
21483,5.0,25.0,21.35524521494508
46416,5.0,25.0,17.125101209548234
26462,5.0,25.0,13.808942591987972
33571,5.0,12.0,3.168397379908633
47455,5.0,25.0,5.434215840003137
10462,5.0,15.0,1.914989385058277
48942,5.0,25.0,13.9299741600618
39930,5.0,25.0,14.111295711982322
2132,5.0,15.0,1.4613178350462803
11627,5.0,25.0,3.455827140001144
38223,5.0,25.0,2.458317574822477
7883,5.0,18.0,0.3024302444930953
30838,5.0,25.0,5.862577366487457
391,5.0,25.0,3.764048886024841
21787,5.0,25.0,3.1050162720115617
19331,5.0,12.0,0.6329762175367808
13664,5.0,25.0,3.3246545920458024
49843,5.0,25.0,0.2268142720072328
2700,5.0,25.0,0.3958048813375359
15743,5.0,5.0,3.8213623438908826
33084,5.0,18.0,9.131139695628207
26897,5.0,5.0,0.048169100005665655
20832,5.0,18.0,12.242984059153372
7524,5.0,22.0,53.804025535857846
8908,5.0,5.0,3.494568839759637
15078,5.0,18.0,7.607655541625476
23485,5.0,25.0,37.82983278172931
19966,5.0,5.0,0.1257373439478755
1661,5.0,25.0,29.640983466536206
42520,5.0,25.0,28.929815777475106
25046,5.0,22.0,27.631081343695968
8888,5.0,14.0,2.507845230234352
13620,5.0,25.0,19.25329367462841
33580,5.0,25.0,18.330077068806467
14184,5.0,25.0,14.997588979192301
36117,5.0,15.0,4.149179570078701
32680,5.0,15.0,3.7517251440698374
7053,5.0,25.0,14.253080886430343
33,5.0,12.0,2.469803002532359
27282,5.0,22.0,17.521336075205685
23204,5.0,22.0,8.938994189945385
14257,5.0,25.0,7.507467466304362
7117,5.0,5.0,0.016712030554700164
41119,5.0,25.0,2.9873960249793576
46074,5.0,12.0,1.9825562999654522
43244,5.0,25.0,0.5455221899957579
14301,5.0,25.0,5.6035060607614255
26454,5.0,15.0,3.2139170496087672
23405,5.0,14.0,0.5367722400058987
2302,5.0,12.0,1.515753862487788
20449,5.0,25.0,1.6873992599598804
11784,5.0,25.0,1.4608339666399583
8431,5.0,22.0,7.889658331201391
37091,5.0,25.0,0.030245026653723528
46357,5.0,14.0,0.30727637749459547
44759,5.0,22.0,2.890781974682003
36182,5.0,12.0,0.5100848400007187
28196,5.0,22.0,2.145795547505642
8837,5.0,14.0,0.06101765002775217
18329,5.0,14.0,0.04053940000019107
34976,5.0,14.0,0.009371115014742415
49367,5.0,15.0,0.28150889250589994
26841,5.0,15.0,0.16089917249786323
16473,5.0,25.0,0.5330700799986348
33050,5.0,5.0,8.545207600342309
44492,5.0,18.0,26.631434400225743
29709,5.0,22.0,64.99680604232572
39805,5.0,22.0,83.93811655019462
40689,5.0,22.0,67.87462948113367
27634,5.0,18.0,14.312962838587794
9929,5.0,18.0,10.41233073921947
10192,5.0,18.0,12.77448043948796
9013,5.0,22.0,41.66504747039404
36070,5.0,18.0,8.504593817642885
35210,5.0,18.0,3.6449721601140084
38119,5.0,25.0,20.5991816137563
5724,5.0,5.0,1.091566831317401
30641,5.0,25.0,18.89055586388057
35633,5.0,22.0,21.809630795922423
20111,5.0,15.0,4.700839260087562
5295,5.0,25.0,14.312410559910912
36916,5.0,18.0,0.5787957903412035
19515,5.0,25.0,11.04507538393295
26064,5.0,25.0,6.626585402005553
23185,5.0,25.0,4.852878261984442
20730,5.0,25.0,5.482225520056922
10187,5.0,15.0,2.0594534640323054
24602,5.0,22.0,5.718547119978593
21255,5.0,25.0,6.021844800009177
47803,5.0,25.0,3.7829184719959468
29600,5.0,25.0,1.6070862679925542
18484,5.0,15.0,1.0463344500286524
43517,5.0,14.0,0.1614878280066847
18870,5.0,18.0,0.7612925770131538
32791,5.0,12.0,0.3458979299766831
44204,5.0,15.0,0.8196369152593075
48992,5.0,18.0,0.19385494000371795
9117,5.0,12.0,0.40927742402354994
12931,5.0,22.0,1.4995983866458271
3759,5.0,15.0,0.11415720001459118
16175,5.0,12.0,0.0265056599930098
43679,5.0,5.0,2.392251480165555
15105,5.0,5.0,15.659760921950976
25791,5.0,18.0,22.725618866612166
11045,5.0,5.0,13.980251148963788
33782,5.0,22.0,85.66163223693951
1430,5.0,14.0,15.85590961459991
16820,5.0,22.0,75.43646355835521
21475,5.0,5.0,11.142338816090813
11492,5.0,5.0,0.3912749283766743
19051,5.0,25.0,58.3771254197669
28317,5.0,14.0,14.144865620500411
31507,5.0,25.0,41.053708896103046
35433,5.0,18.0,11.430909719654295
48265,5.0,5.0,9.802276512109245
19398,5.0,25.0,35.95957106640401
33281,5.0,18.0,10.656056633896675
38093,5.0,25.0,29.12035595763185
35318,5.0,25.0,22.676271813220488
46820,5.0,5.0,0.44065338511232
47853,5.0,22.0,26.950116435156723
14368,5.0,5.0,0.18046375999625752
49996,5.0,15.0,7.166798944041048
1886,5.0,22.0,12.22319054528436
33035,5.0,22.0,18.507385107917813
16435,5.0,25.0,8.596749731962248
46992,5.0,14.0,4.467917000101664
8285,5.0,25.0,8.622563621293533
5326,5.0,15.0,3.0074888100230694
22872,5.0,18.0,1.717521337505687
11833,5.0,14.0,4.332467164851359
4915,5.0,22.0,9.56873126392691
11847,5.0,22.0,9.363947988729707
37196,5.0,25.0,0.8813616300098488
36081,5.0,22.0,5.271602399970918
14481,5.0,18.0,1.4975785920572413
49572,5.0,14.0,0.2898383375445608
47025,5.0,14.0,0.34210374087488304
41881,5.0,18.0,0.5085106143799463
44721,5.0,18.0,0.683822078400814
33591,5.0,15.0,0.4655598719975451
17209,5.0,22.0,1.1709289219938364
1826,5.0,25.0,0.9090552101506635
49543,5.0,18.0,23.63853032927642
39423,5.0,22.0,88.21693835983636
21080,5.0,18.0,13.883973690416852
40044,5.0,18.0,7.1946941033303204
27640,5.0,18.0,5.152366359463912
15114,5.0,25.0,44.24506396052389
36832,5.0,25.0,42.95698551221919
49532,5.0,25.0,36.94313573134772
49065,5.0,5.0,0.36458513994597297
20667,5.0,18.0,3.152415594542447
44777,5.0,25.0,28.36178244802916
47918,5.0,25.0,24.434418740137303
37627,5.0,25.0,21.54564197119887
19232,5.0,15.0,6.565918046391786
47388,5.0,22.0,15.805236047914725
21261,5.0,14.0,0.1226222899946805
36426,5.0,25.0,12.196736042932812
5903,5.0,12.0,2.548235639961405
13921,5.0,25.0,10.02392155897202
8450,5.0,25.0,7.539090547261633
4969,5.0,25.0,2.7802877700474973
39751,5.0,12.0,1.9828269299787813
26071,5.0,22.0,5.758466065484887
7287,5.0,12.0,1.943521589956454
1997,5.0,25.0,0.9509555413636974
41832,5.0,25.0,5.153129220056865
33483,5.0,25.0,0.725880852015063
30639,5.0,12.0,1.1487954000620704
1804,5.0,12.0,0.053132159991630346
16420,5.0,14.0,0.34111423352878845
23359,5.0,25.0,0.060925057100828184
25299,5.0,18.0,0.6910350464044299
29285,5.0,25.0,2.2028022800249714
11741,5.0,15.0,1.065522378016846
30649,5.0,25.0,1.7317060325134976
26682,5.0,18.0,0.7098336117739903
30383,5.0,12.0,0.31730250000045057
20778,5.0,25.0,0.8328301133441216
2603,5.0,18.0,8.081794060657813
21575,5.0,22.0,77.30539920614746
43769,5.0,5.0,0.5535911999538996
26763,5.0,5.0,0.08601625631143861
419,5.0,15.0,27.47988449890846
27191,5.0,22.0,63.97323499947554
14737,5.0,18.0,0.8700134825210739
460,5.0,25.0,42.97064514310583
24898,5.0,18.0,4.057724792042137
34746,5.0,25.0,32.31273730961442
19226,5.0,5.0,0.15391549444521502
39694,5.0,25.0,24.906517728231364
48221,5.0,25.0,13.696378571869214
43057,5.0,25.0,13.747014686417671
46081,5.0,15.0,3.33467971495768
5198,5.0,25.0,8.142833813313185
4038,5.0,25.0,7.925914810612987
35371,5.0,25.0,12.125018552771905
13263,5.0,12.0,1.9602371098819802
37804,5.0,25.0,7.531215146663257
27451,5.0,15.0,2.427551423835837
13732,5.0,25.0,2.668974829326932
2441,5.0,22.0,3.520313452269633
35123,5.0,25.0,1.850425614666185
10627,5.0,22.0,4.403715414388208
33678,5.0,14.0,0.11535491397937214
1672,5.0,12.0,0.33866993996551553
2972,5.0,22.0,2.111191320525677
26179,5.0,12.0,0.12876086998566727
24671,5.0,22.0,77.3183707201895
22007,5.0,14.0,9.445596059798504
8386,5.0,5.0,9.794016000125055
30448,5.0,18.0,16.825878799641544
23895,5.0,18.0,14.269980677236376
34308,5.0,25.0,37.525933104412516
46213,5.0,25.0,33.21755733617188
48513,5.0,18.0,8.669299963042654
29423,5.0,5.0,0.14355790010915115
33659,5.0,22.0,25.504298106737792
20348,5.0,25.0,18.08610784320806
11754,5.0,15.0,4.889952587999765
22596,5.0,18.0,0.1967267840032676
48529,5.0,25.0,14.31998264682398
6042,5.0,14.0,0.9736306880662369
20216,5.0,15.0,3.6469874461166256
46967,5.0,25.0,13.551464640079118
9991,5.0,14.0,0.8989827960667114
35657,5.0,15.0,5.727502387295601
12963,5.0,22.0,13.059819408077601
34851,5.0,15.0,3.194791296022892
21301,5.0,22.0,15.14026671207733
37026,5.0,25.0,5.7813738240706645
14010,5.0,18.0,0.3739092606758838
49752,5.0,18.0,0.794993961525801
40064,5.0,18.0,1.5207650393191372
1211,5.0,25.0,4.722502640037501
15246,5.0,25.0,7.666558252873127
28015,5.0,15.0,1.8500052720016669
35668,5.0,25.0,3.7767065680531147
46441,5.0,15.0,1.6875376400634856
30433,5.0,25.0,3.517768251041277
8151,5.0,22.0,4.745659095009694
18324,5.0,25.0,3.2981624975269597
49814,5.0,25.0,4.962951467243364
8600,5.0,25.0,5.160253226487676
180,5.0,25.0,2.820303120038327
16334,5.0,14.0,0.23254477201431278
33868,5.0,14.0,0.23963517452174266
15533,5.0,15.0,1.0891903150278086
879,5.0,15.0,1.0211858924985435
24672,5.0,14.0,0.14945889502173948
34946,5.0,25.0,1.8961414346821517
32161,5.0,15.0,0.6669710229997765
22185,5.0,14.0,0.07309441998765998
37235,5.0,25.0,1.3723214280214564
26990,5.0,22.0,1.0610577169926048
32912,5.0,25.0,0.6398127620077445
41027,5.0,25.0,0.5815478945111394
40131,5.0,15.0,0.1607106599972279
33713,5.0,25.0,0.25929919134281065
21613,5.0,12.0,38.41681234848954
10399,5.0,25.0,82.48904746201802
48382,5.0,5.0,7.249117792138179
45541,5.0,18.0,11.973252756821267
31715,5.0,14.0,11.132027785860743
1746,5.0,25.0,61.39821475968924
11621,5.0,5.0,0.2182751999555137
1402,5.0,5.0,2.0732402424253706
19477,5.0,22.0,60.7230251563401
6532,5.0,18.0,12.812297952040609
45070,5.0,12.0,13.684528128250463
49341,5.0,25.0,39.51294320331813
37762,5.0,5.0,2.4183512279982935
17470,5.0,22.0,34.51521549639185
22541,5.0,22.0,34.76844307207563
39440,5.0,18.0,7.118414387227972
24502,5.0,22.0,25.62539017826594
35710,5.0,5.0,4.001680560211952
40591,5.0,25.0,18.12607426676002
44415,5.0,15.0,4.263949821154739
19325,5.0,5.0,0.2275746750183032
30173,5.0,18.0,2.5631895599832966
18918,5.0,12.0,2.7771132000490013
36733,5.0,14.0,4.994165217838464
35884,5.0,22.0,5.309187149988674
33067,5.0,25.0,10.075657066599678
14796,5.0,18.0,4.326583093269452
39160,5.0,15.0,2.3217744949951076
40897,5.0,18.0,4.292224987134837
16052,5.0,14.0,0.5617731360063445
40649,5.0,15.0,2.2257668894594964
42031,5.0,22.0,6.926824835473928
33120,5.0,22.0,10.792691692818588
32083,5.0,15.0,2.048931501008493
34485,5.0,14.0,0.49968620101076766
45596,5.0,22.0,8.490213241624662
20893,5.0,14.0,0.3841168799666548
5781,5.0,22.0,8.288703896015184
17921,5.0,12.0,1.0939878750108178
39918,5.0,25.0,3.2588903066677677
42896,5.0,22.0,4.144701270983104
42920,5.0,14.0,0.22224097501245588
9847,5.0,14.0,0.08753485153108542
28321,5.0,22.0,1.9691060450122637
25632,5.0,22.0,1.8989793599771083
262,5.0,15.0,0.29311731201051927
14346,5.0,15.0,0.17390072002244805
29596,5.0,15.0,0.18632613446979374
45631,5.0,22.0,0.418710813338246
41178,5.0,22.0,0.3985716549989575
48899,5.0,18.0,16.584940649380883
40568,5.0,5.0,0.1538380000132804
37562,5.0,25.0,68.02213210013835
16394,5.0,25.0,57.5354173570494
28293,5.0,25.0,50.09412483953804
12918,5.0,5.0,1.2889489919165555
39168,5.0,22.0,57.03077893428079
46236,5.0,5.0,0.0279331198933761
7348,5.0,5.0,1.0161029119378782
15207,5.0,25.0,23.053231212614406
42027,5.0,12.0,3.056424060039511
34444,5.0,12.0,2.2718631000263514
25784,5.0,18.0,2.6422374207387627
32364,5.0,12.0,2.042130585063113
48922,5.0,25.0,11.620148650602722
20699,5.0,25.0,2.800964552965361
6306,5.0,22.0,7.327985949832524
10230,5.0,25.0,3.1518879249790483
13453,5.0,12.0,1.1260380000126737
5157,5.0,25.0,4.750963727944722
35219,5.0,25.0,3.0935541183671376
4034,5.0,15.0,0.23027132098622438
44075,5.0,25.0,2.7999259199798336
37242,5.0,22.0,2.0305585786576104
16304,5.0,25.0,0.17745407332790242
38632,5.0,25.0,1.041602964327665
30974,5.0,5.0,3.1823296985702427
42730,5.0,22.0,94.50828613149534
39030,5.0,5.0,2.5827276797948286
28731,5.0,5.0,3.865535334387772
10763,5.0,18.0,6.28083030076732
46993,5.0,25.0,36.843987361587565
13361,5.0,15.0,18.55010097562254
26882,5.0,25.0,38.22114460692286
39481,5.0,12.0,9.894963539439914
22402,5.0,25.0,27.889097665582575
30908,5.0,15.0,5.94789589386329
34832,5.0,25.0,16.208729452705384
10576,5.0,22.0,12.779210326337143
17242,5.0,22.0,6.197802016684342
36367,5.0,25.0,10.585984463922479
9448,5.0,25.0,6.157904058644419
28479,5.0,22.0,5.456813010018056
25556,5.0,15.0,3.7157788774598757
25247,5.0,12.0,4.166076575931513
24574,5.0,25.0,4.167698855968091
21810,5.0,14.0,1.342087628887171
14096,5.0,12.0,2.1170380799639332
47294,5.0,12.0,1.4985317999572487
19473,5.0,18.0,2.3067001984030604
7169,5.0,12.0,0.30573336001950224
33781,5.0,12.0,1.193731679848817
31879,5.0,14.0,0.8631957479177359
23242,5.0,25.0,6.480761798382533
44692,5.0,25.0,6.335215403992978
9631,5.0,25.0,4.5335256277838365
1168,5.0,15.0,0.710429565033273
17891,5.0,25.0,3.3614291233242897
8852,5.0,22.0,4.429238786001873
47002,5.0,22.0,1.7886963299867222
21628,5.0,14.0,0.07238947204085022
18593,5.0,22.0,1.288933788000989
47393,5.0,22.0,123.60579660490666
43804,5.0,12.0,21.240845760283094
15140,5.0,22.0,94.88117513714963
9174,5.0,5.0,10.566285599888147
16479,5.0,25.0,45.62737571653008
2819,5.0,18.0,19.942717205310586
44590,5.0,18.0,12.132492431960088
16791,5.0,18.0,7.99516206783953
28364,5.0,22.0,50.79173494725448
39995,5.0,22.0,50.5696258624543
15331,5.0,25.0,41.39015656087203
40978,5.0,25.0,31.44527607631312
38762,5.0,25.0,31.44018035070775
38697,5.0,25.0,28.26274538669547
38086,5.0,25.0,22.008189206516576
44754,5.0,5.0,0.004597891105618146
32209,5.0,25.0,9.719513506175247
15776,5.0,25.0,17.631523485373528
19576,5.0,22.0,9.624442627260581
9715,5.0,12.0,2.128918440069512
13816,5.0,22.0,5.673371109363497
24565,5.0,15.0,2.4510989069974123
21596,5.0,22.0,9.315447573342173
44284,5.0,25.0,4.674528412851053
8065,5.0,22.0,7.016927390008009
7473,5.0,14.0,0.5054226010092329
1516,5.0,14.0,0.4067398799688817
26737,5.0,25.0,0.23825804802308426
38718,5.0,25.0,3.862168160023236
36145,5.0,22.0,4.6484750400244526
26777,5.0,14.0,0.2638073250187638
48022,5.0,12.0,0.5549122199789718
11929,5.0,25.0,2.069209592009406
15674,5.0,25.0,1.806484172333528
1505,5.0,25.0,1.1222092186748562
39946,5.0,18.0,0.1705450080012345
18838,5.0,18.0,0.04431452300115546
22220,5.0,22.0,0.5202309399957779
34743,5.0,22.0,0.06989685000163848
48058,5.0,22.0,0.028247165832115062
11592,5.0,25.0,89.92330496134196
41483,5.0,25.0,69.36059999458607
14505,5.0,25.0,60.254876518869125
1644,5.0,5.0,1.318484999799523
41485,5.0,5.0,1.2455280000480684
427,5.0,25.0,59.171669033644605
10541,5.0,5.0,4.103987544169428
13032,5.0,18.0,9.570508613901879
10058,5.0,25.0,63.89785303370323
49821,5.0,25.0,56.38621217851721
24569,5.0,5.0,0.6657115333697021
39286,5.0,25.0,44.104297168543496
21496,5.0,25.0,38.23294782016339
3523,5.0,25.0,37.52476788796352
14853,5.0,25.0,30.69521806554696
9780,5.0,14.0,6.95685265208887
47636,5.0,5.0,1.8349724160279948
29461,5.0,25.0,23.88216054407164
39771,5.0,14.0,2.634864600027946
47681,5.0,14.0,9.553497606932126
24381,5.0,15.0,8.231395632641721
15280,5.0,22.0,9.189626519967533
13601,5.0,5.0,0.17959349997830287
27154,5.0,18.0,4.962731080093974
15890,5.0,5.0,0.18858519999609769
34452,5.0,22.0,18.1183109300731
37410,5.0,14.0,1.0619006161306643
9701,5.0,15.0,3.0819230179995287
18615,5.0,18.0,1.1449724813344186
35333,5.0,25.0,3.446252437348239
27134,5.0,22.0,7.193390712673631
19521,5.0,15.0,2.2532205900227744
8658,5.0,15.0,1.9309419180240894
2329,5.0,15.0,2.000529079996376
42954,5.0,22.0,10.112964689148866
27530,5.0,15.0,1.6407018500174608
14543,5.0,14.0,0.39150541447016707
31140,5.0,22.0,8.749904064010439
46596,5.0,22.0,3.3144042480123037
36855,5.0,25.0,3.6364805826966347
44115,5.0,25.0,5.782849837901008
26119,5.0,18.0,1.2234359279972047
45467,5.0,25.0,2.517538082998227
22900,5.0,14.0,0.13884869396368416
12477,5.0,14.0,0.12511612199428868
35775,5.0,15.0,0.7600427849721392
522,5.0,22.0,2.550633840005146
36058,5.0,12.0,0.5283583500302758
11820,5.0,12.0,0.43767016502382816
22623,5.0,18.0,0.24471690400666812
27203,5.0,14.0,0.019075239998646687
30993,5.0,15.0,0.3112771400009837
30088,5.0,15.0,0.21922177500977025
29511,5.0,15.0,0.21209135999452666
15946,5.0,15.0,0.18651151499322882
12224,5.0,22.0,0.70472933333946
15838,5.0,25.0,0.17584275000355976
15385,5.0,22.0,0.18744119999722542
45701,5.0,22.0,118.22672774664585
6426,5.0,18.0,13.615640664733206
22265,5.0,22.0,101.26758163621429
12228,5.0,22.0,94.70110141378541
35803,5.0,25.0,73.86340451255296
23046,5.0,22.0,77.08182159797774
9794,5.0,25.0,42.753901223383465
28759,5.0,25.0,40.567130879375
22545,5.0,5.0,0.8040191519500581
2164,5.0,15.0,6.86945769590119
22068,5.0,25.0,19.90734965617579
23596,5.0,25.0,20.210279775734044
40414,5.0,22.0,26.10862199980874
4912,5.0,18.0,0.6407833280966528
11081,5.0,25.0,17.98726598875949
4631,5.0,12.0,1.8471989999455118
21102,5.0,15.0,3.086473558967029
37509,5.0,25.0,11.459611675825485
28494,5.0,15.0,4.648972447095062
16224,5.0,25.0,7.472002679956621
11026,5.0,15.0,1.5340821720157756
41858,5.0,14.0,0.2524950225152107
41779,5.0,14.0,0.22698405991901183
31335,5.0,15.0,0.8384670599952262
13486,5.0,12.0,0.5734218000042919
40007,5.0,12.0,0.5258298900308418
23968,5.0,15.0,0.45664314900071545
31413,5.0,12.0,0.2789237999979113
20078,5.0,15.0,0.1329179249889707
34273,5.0,12.0,0.07563787500037122
9688,5.0,5.0,3.25740844776783
31257,5.0,22.0,120.81915888187746
254,5.0,18.0,15.063791421904853
35019,5.0,18.0,10.657412648563792
28804,5.0,25.0,60.86353266591033
16168,5.0,18.0,8.867092043802728
47956,5.0,15.0,22.719447666252677
20565,5.0,22.0,52.89997711985832
15210,5.0,18.0,8.060429760080709
18906,5.0,25.0,47.34564153561959
18262,5.0,22.0,48.26636617892892
7814,5.0,25.0,40.13012225025713
49393,5.0,14.0,3.9051027839413166
35886,5.0,5.0,0.03797323196292268
8864,5.0,22.0,35.048140084629026
37579,5.0,15.0,13.331256043129912
12314,5.0,25.0,29.38114753518103
27886,5.0,22.0,27.9583759359695
13690,5.0,22.0,23.052522480982105
3878,5.0,25.0,21.485774174347853
29832,5.0,12.0,6.224471040181442
49174,5.0,25.0,7.090996528488937
19621,5.0,25.0,18.105001862940412
49008,5.0,25.0,11.547355849537801
25080,5.0,25.0,10.46758074686905
48970,5.0,25.0,4.406067531994395
26780,5.0,25.0,2.513698849982564
39436,5.0,15.0,2.4326299375322833
29086,5.0,25.0,10.113610523071781
19875,5.0,15.0,1.1570702880233839
2951,5.0,12.0,2.958916800073375
30967,5.0,12.0,1.6724228250306297
1950,5.0,25.0,4.99903536633078
42877,5.0,25.0,2.1202649169758176
45387,5.0,14.0,0.14205042000423873
44862,5.0,22.0,3.1596789919973
1245,5.0,18.0,0.6002343360014555
21403,5.0,15.0,0.08123475000572222
40981,5.0,22.0,0.22590591666292348
45997,5.0,25.0,139.73844894042833
5774,5.0,25.0,104.2601510400076
35716,5.0,15.0,54.43779372451081
47046,5.0,25.0,77.66607612173524
26804,5.0,25.0,69.71975703923397
18099,5.0,25.0,25.59629419520777
18768,5.0,22.0,23.613811216497695
28482,5.0,22.0,23.67941764316383
13525,5.0,15.0,4.6793046779588465
27366,5.0,15.0,4.367475698962835
20980,5.0,5.0,0.023826760003728964
36492,5.0,25.0,10.726767207912992
14192,5.0,22.0,7.618326777358046
47701,5.0,15.0,3.8672889060144513
38707,5.0,15.0,3.847294993015339
29042,5.0,25.0,2.3004770069885048
28245,5.0,15.0,2.7153078999762457
8384,5.0,25.0,9.631909768737849
20637,5.0,25.0,8.082639664949316
45831,5.0,14.0,1.0085997598963843
20705,5.0,25.0,1.6295492079909764
47971,5.0,25.0,9.040128754401529
18676,5.0,14.0,0.46686168997223376
37442,5.0,15.0,1.917637500005803
15684,5.0,12.0,1.087608449986753
36701,5.0,15.0,1.6010597999592164
17449,5.0,14.0,0.36066765600932627
41899,5.0,25.0,3.1644290279905034
5999,5.0,25.0,2.8136553726801417
49597,5.0,15.0,0.7409618000049036
40066,5.0,15.0,0.6858985360041121
46809,5.0,25.0,1.602083293324875
39403,5.0,12.0,0.4018807199938532
41059,5.0,22.0,1.6685504126750899
39267,5.0,25.0,2.05262395440218
6244,5.0,12.0,0.3038794499956987
35376,5.0,15.0,0.354907967997085
30187,5.0,15.0,0.18513364997881565
23651,5.0,22.0,0.29705144866811417
2254,5.0,22.0,0.2287052699986687
26008,5.0,12.0,44.26836204070935
14833,5.0,25.0,64.75205896644277
2172,5.0,5.0,3.2039131140159895
16066,5.0,5.0,6.430546739446726
44546,5.0,5.0,3.2818847235323574
32490,5.0,5.0,2.174096418366304
3267,5.0,5.0,2.567640354490578
24030,5.0,5.0,8.834294272148128
6555,5.0,5.0,7.31385779220804
14157,5.0,25.0,45.204757584023795
11806,5.0,5.0,0.6552391840543805
79,5.0,5.0,0.8112149506522144
21890,5.0,5.0,4.767103180851905
39835,5.0,5.0,0.14267717977929806
48447,5.0,5.0,0.03484587735354694
26189,5.0,5.0,0.12917520001877847
14292,5.0,18.0,7.370566720113274
32602,5.0,25.0,22.81409304043882
33276,5.0,15.0,12.372922194945033
12384,5.0,14.0,6.105066240004447
46141,5.0,25.0,17.50942843354766
16767,5.0,25.0,17.993670949783755
17366,5.0,25.0,9.528233352014098
22742,5.0,5.0,2.1647387328338823
32845,5.0,14.0,1.0722685680243274
49015,5.0,5.0,0.33048253441278774
47754,5.0,14.0,0.9957188460014734
11358,5.0,25.0,1.9671116600119412
33980,5.0,14.0,0.7284704400365882
5569,5.0,12.0,1.9227072900384705
38341,5.0,14.0,0.6045847110402249
1589,5.0,25.0,8.99388106893064
12156,5.0,14.0,0.41700874401482935
28929,5.0,14.0,0.21083648003400057
9692,5.0,25.0,2.445549696017591
37691,5.0,15.0,0.9667268440159802
15894,5.0,15.0,0.79840182000261
24042,5.0,14.0,0.1226666390023734
42749,5.0,14.0,0.008498810985827276
9832,5.0,15.0,0.22628383799902085
40974,5.0,25.0,0.3099409176749732
18750,5.0,25.0,0.11088304333180887
25406,5.0,5.0,3.4502218752456884
29153,5.0,22.0,100.40639947198534
12856,5.0,15.0,29.553764159956927
38859,5.0,5.0,2.4173105664260106
35777,5.0,22.0,71.7259722914813
171,5.0,22.0,45.39293109124422
33685,5.0,25.0,30.533185883888976
37992,5.0,12.0,10.794426960045456
572,5.0,5.0,0.19238615027664707
592,5.0,5.0,0.01784814934693202
20703,5.0,5.0,0.024589260823631776
2152,5.0,22.0,15.360913394741964
12675,5.0,22.0,12.40225532006064
12137,5.0,25.0,6.372647376074887
3933,5.0,25.0,6.531052027496941
11190,5.0,15.0,4.98418892816931
11735,5.0,12.0,0.4217702250237778
19529,5.0,22.0,10.284213624021081
46317,5.0,15.0,1.2166758999946197
1706,5.0,14.0,0.3535657244992976
37514,5.0,12.0,0.9773680349835452
21777,5.0,12.0,0.9927390000334775
42404,5.0,25.0,0.2252716339958294
14212,5.0,22.0,1.6332571675035865
41554,5.0,12.0,0.4952276399915849
33014,5.0,12.0,0.3535064400287231
40541,5.0,22.0,1.023318045992182
2866,5.0,12.0,0.1411158000180306
26165,5.0,18.0,16.397612966556864
32325,5.0,5.0,1.5218043120351012
14845,5.0,22.0,93.20989120643074
17514,5.0,5.0,1.110384000211809
43772,5.0,22.0,83.168464157067
7719,5.0,18.0,9.436548978899339
3871,5.0,22.0,74.71017576952654
45414,5.0,25.0,65.65833980011683
1726,5.0,25.0,54.655549152372004
36410,5.0,18.0,8.307933825777056
3702,5.0,22.0,63.215280703270366
9122,5.0,5.0,0.22919299514477132
6207,5.0,22.0,40.58102437777582
46815,5.0,14.0,5.871389919838919
44656,5.0,5.0,0.01935360950761833
43078,5.0,25.0,27.126697273046815
17896,5.0,25.0,26.09210459365108
36274,5.0,5.0,0.8992584006507087
23122,5.0,15.0,4.521607279940035
22625,5.0,25.0,12.125511887868225
16952,5.0,25.0,10.252957545580053
4234,5.0,25.0,5.698754053518391
45575,5.0,12.0,1.5845312100335498
40548,5.0,25.0,1.7822317766768574
45838,5.0,12.0,1.421389199958739
30466,5.0,25.0,2.1100105500103776
28348,5.0,18.0,1.348153039429718
33966,5.0,22.0,7.503720631487225
250,5.0,22.0,5.50473420796261
37429,5.0,22.0,5.351348296496566
20839,5.0,15.0,1.4566703024997985
1484,5.0,14.0,0.2565574719585939
31256,5.0,12.0,0.8233441500422796
32915,5.0,12.0,0.8612530500287701
10387,5.0,22.0,1.7254655985113505
36944,5.0,25.0,0.021172166676743487
44143,5.0,22.0,0.42357716600758444
17522,5.0,14.0,0.017462244004019745
21289,5.0,25.0,0.6830903500143677
6340,5.0,22.0,0.5274039239982304
49149,5.0,18.0,50.536366792820616
4093,5.0,15.0,13.681135484475647
28743,5.0,5.0,5.561046040638388
45955,5.0,5.0,3.7359356000880553
35193,5.0,25.0,74.89306813923653
34475,18.0,18.0,9.55005499985728
1051,5.0,25.0,65.56587490926543
24390,5.0,25.0,55.55909589154798
9045,5.0,12.0,14.28263976072273
18014,5.0,22.0,63.091741214772284
9205,5.0,25.0,49.67940340832595
4763,5.0,25.0,43.30338413072096
47615,5.0,15.0,15.355509875621124
40868,5.0,25.0,27.00922271986652
33808,5.0,25.0,25.841523878322484
27780,5.0,25.0,22.468701563688505
48685,5.0,22.0,23.83432086169779
37024,5.0,22.0,25.990725068761073
45681,5.0,22.0,24.192175568139533
29421,5.0,25.0,9.685198370112921
1941,5.0,12.0,2.838165330132412
48464,5.0,22.0,18.606634556118365
16549,5.0,15.0,3.5991949949283537
25473,5.0,25.0,12.770859068766079
9456,5.0,25.0,7.019201690045417
6627,5.0,22.0,6.232416319931982
17320,5.0,25.0,2.6905181342126916
41122,5.0,12.0,1.7832547200832671
32329,5.0,22.0,3.7756181600350693
32257,5.0,25.0,3.935829885026875
6498,5.0,22.0,2.3884151820240405
34939,5.0,25.0,1.6154901150261516
3345,5.0,15.0,1.1670159599723426
27359,5.0,15.0,1.125009935956406
7065,5.0,15.0,0.9197817479684112
39915,5.0,15.0,0.9635957474743435
10673,5.0,14.0,0.11501372996688453
40968,5.0,22.0,1.4650119835077766
25288,5.0,25.0,0.8962641066846837
48898,5.0,22.0,1.0631728770106164
40929,5.0,25.0,0.11095113150046632
34610,5.0,5.0,30.060301909385544
14603,5.0,5.0,11.43588556785437
14531,5.0,5.0,6.7070896127661115
3986,5.0,18.0,13.208467333241046
22098,5.0,5.0,3.744227033684666
24298,5.0,25.0,60.04846248981279
44617,5.0,5.0,0.5126154121875288
34162,5.0,5.0,20.10536337870613
26430,5.0,25.0,32.99806566991633
15751,5.0,5.0,8.03073740782493
43909,5.0,14.0,16.092470528007198
27172,5.0,5.0,2.2087905792461697
18165,5.0,25.0,30.088704192176223
2317,5.0,5.0,1.0669647360238628
31389,5.0,5.0,2.6117767678383643
43917,5.0,25.0,18.46385052008928
31474,5.0,5.0,1.153660671992391
14456,5.0,18.0,4.611235207140872
7584,5.0,14.0,2.24195997003401
43170,5.0,25.0,16.606906820197175
3170,5.0,14.0,1.510340310086022
35437,5.0,5.0,2.871962163374235
473,5.0,22.0,18.299277852143447
33965,5.0,15.0,3.917125600082713
11118,5.0,14.0,3.76309797143891
7564,5.0,5.0,0.11026365441620811
441,5.0,22.0,14.507017382445948
3517,5.0,25.0,11.139230622891045
21189,5.0,22.0,11.410090773340627
5702,5.0,14.0,0.5996882340156233
17691,5.0,15.0,1.946809583029367
30892,5.0,22.0,6.067298035186711
46174,5.0,14.0,0.404090505014036
8586,5.0,14.0,0.48905616000510577
22866,5.0,15.0,1.1997119400271998
42985,5.0,15.0,1.1674449599906929
17948,5.0,22.0,4.404957331201528
16629,5.0,14.0,0.17418519500537322
5006,5.0,14.0,0.17666399249621811
41097,5.0,14.0,0.14457193200519036
41752,5.0,14.0,0.1384587360109535
4499,5.0,18.0,0.3906949859853768
12162,5.0,14.0,0.08180200498355372
16026,5.0,22.0,3.2115281280077577
10580,5.0,15.0,0.5402402580045456
28406,5.0,22.0,1.0541798183413635
44342,5.0,15.0,0.19180467897961684
25897,5.0,15.0,0.13250236449290265
22073,5.0,15.0,0.1022529899804856
18989,5.0,18.0,15.130515829170974
48604,5.0,18.0,18.851361075868482
42816,5.0,25.0,66.7429647002719
12294,5.0,22.0,75.5090655781918
18235,5.0,12.0,17.824706112276573
25982,5.0,5.0,0.984908880177727
48389,5.0,5.0,1.2817211045053796
40737,5.0,22.0,42.18557756122584
29369,5.0,25.0,32.35575837424797
28772,5.0,22.0,29.226743641339723
40840,5.0,25.0,21.12594009594296
23549,5.0,25.0,16.917446928237283
25240,5.0,18.0,0.7947583145721708
46769,5.0,15.0,4.747672405623092
29322,5.0,25.0,17.33409253772058
41656,5.0,22.0,11.612425259975048
28120,5.0,15.0,3.7439184002018493
37732,5.0,14.0,0.9514517895538788
31741,5.0,12.0,2.515375920079947
29361,5.0,25.0,12.0508733514643
22059,5.0,12.0,3.1706387041629682
31504,5.0,18.0,1.3402612076734446
3780,5.0,25.0,3.3581081005570823
36046,5.0,25.0,3.1595231280017977
37649,5.0,25.0,1.2025644159850515
7931,5.0,14.0,0.31313852999607406
10239,5.0,14.0,0.34197085769985947
33844,5.0,25.0,0.7187661449806102
40334,5.0,12.0,0.6716050500107311
21240,5.0,15.0,0.7710793199920687
12030,5.0,12.0,0.5310511500173796
17055,5.0,12.0,0.504366375008571
7570,5.0,25.0,1.7764188864179697
2516,5.0,22.0,0.3853359153103124
36829,5.0,22.0,1.0168112639903693
25424,5.0,12.0,0.047260875001714275
46510,5.0,5.0,0.017747999860574737
22393,5.0,18.0,9.436679875148783
8240,5.0,22.0,61.84584910318529
27702,5.0,22.0,56.83612903961894
37982,5.0,22.0,43.37338494316563
25334,5.0,25.0,42.24775485233019
8316,5.0,5.0,0.6055886184216348
14726,5.0,5.0,1.5583291390633747
37113,5.0,15.0,13.976936767895552
16005,5.0,5.0,1.164522528151366
42256,5.0,5.0,2.0598976802505433
26034,5.0,12.0,7.985627040271169
11455,5.0,25.0,19.418076259133258
5498,5.0,25.0,19.907261646650127
28843,5.0,22.0,18.157063874061272
410,5.0,25.0,9.00306253431486
21463,5.0,12.0,2.0651034001017976
42827,5.0,12.0,0.3051801750444909
33144,5.0,18.0,0.8433810592915307
20885,5.0,15.0,3.4744846657374
44316,5.0,15.0,0.8442048639656043
25723,5.0,25.0,4.016651595669066
17744,5.0,22.0,7.1578196351160095
5635,5.0,25.0,6.93620839625274
14612,5.0,25.0,3.908712448468817
39910,5.0,22.0,6.719340302432277
29401,5.0,14.0,0.25337078701267224
42796,5.0,25.0,4.4725296079547245
17501,5.0,12.0,0.7939308900442636
44592,5.0,12.0,0.706079460001499
21840,5.0,25.0,1.908480212495915
11388,5.0,22.0,2.567086801311139
36545,5.0,25.0,2.5941180959733385
28485,5.0,25.0,0.2866455599948534
1240,5.0,15.0,0.04189272600196725
35819,5.0,5.0,23.01080640035545
31770,5.0,22.0,121.56895056692755
1272,5.0,15.0,45.85601205182917
5240,5.0,18.0,19.36601001824181
45956,5.0,5.0,4.466659648378425
34980,5.0,18.0,38.93941152459027
3648,5.0,25.0,62.679804341103846
22076,5.0,5.0,5.019710700172979
25930,5.0,22.0,59.178830624058065
47775,5.0,22.0,55.121931591909274
31749,5.0,22.0,46.50036348661793
38851,5.0,18.0,3.728833753553431
7556,5.0,15.0,14.128361219914837
40290,5.0,22.0,35.369492975048146
49070,5.0,18.0,3.4808486612169105
4658,5.0,22.0,35.543064736060664
15640,5.0,25.0,25.38969253774838
1924,5.0,22.0,31.116127785306098
19783,5.0,15.0,14.584817687933565
767,5.0,14.0,2.5068097552312025
49165,5.0,22.0,16.40320408967058
26399,5.0,25.0,9.447730854047666
3906,5.0,25.0,8.177648088043739
1850,5.0,15.0,3.235037567872169
42965,5.0,15.0,3.135563495881115
49464,5.0,18.0,2.1861704880071304
26360,5.0,25.0,7.074001140051912
2857,5.0,25.0,6.333944415045854
21108,5.0,15.0,2.6157705734815515
37543,5.0,25.0,5.8672928533733355
38095,5.0,25.0,5.529802212025784
7589,5.0,15.0,2.0015698078954287
45603,5.0,14.0,0.49077676204334963
10293,5.0,22.0,7.487616725603292
44309,5.0,15.0,1.8318350699342467
31735,5.0,15.0,1.677522575925238
5247,5.0,12.0,1.0133581439504837
38276,5.0,14.0,0.36377506198799026
37717,5.0,15.0,1.5595057654425055
25056,5.0,18.0,0.7281046879664812
35768,5.0,18.0,0.3453348696212437
742,5.0,14.0,0.20373068003067907
26130,5.0,25.0,2.2935755020159503
45352,5.0,15.0,0.9775528319048057
12305,5.0,15.0,0.5747409959577254
11683,5.0,15.0,0.5778967349741944
5094,5.0,22.0,0.8565889066726544
30134,5.0,12.0,0.09651449997313133
45385,5.0,12.0,0.04862707500157759
20349,5.0,25.0,93.06895876775147
21752,5.0,25.0,78.23466658552547
28796,5.0,14.0,14.368487980041834
15984,5.0,5.0,1.2637764479104305
4642,5.0,18.0,19.00023527344588
8133,5.0,18.0,18.531057220918143
17595,5.0,25.0,61.3248907775762
39786,5.0,25.0,62.33158912962874
7093,5.0,5.0,2.2643536386496237
25242,5.0,25.0,53.70494175421902
11139,5.0,22.0,57.10898945369051
31678,5.0,22.0,55.36155116798349
13735,5.0,12.0,13.91290348868148
26068,5.0,22.0,53.40924029600703
21274,5.0,5.0,0.6287277228237116
43452,5.0,22.0,48.84794727870582
30135,5.0,25.0,41.28828672007366
33399,5.0,18.0,4.723893215980134
44165,5.0,14.0,5.26561831193402
22081,5.0,25.0,35.807777952700135
48960,5.0,5.0,10.659085200480831
31861,5.0,25.0,31.42472661801041
7943,5.0,5.0,0.7753829399864571
12587,5.0,15.0,13.19862956777871
40624,5.0,25.0,20.174581301363837
4386,5.0,5.0,0.06780424008825037
32639,5.0,5.0,0.6987937832479858
29076,5.0,5.0,1.0358177761007497
48296,5.0,18.0,4.473840433677026
29447,5.0,14.0,0.9017791360410072
32813,5.0,5.0,0.05019237600281912
18461,5.0,5.0,0.13908830100299951
14918,5.0,22.0,13.66153676752889
27045,5.0,15.0,2.977385804984724
30085,5.0,25.0,6.076068593979777
18403,5.0,25.0,5.429366879998481
49761,5.0,15.0,2.0824179900347914
44416,5.0,14.0,0.44963553607905027
32608,5.0,14.0,0.36970867805600705
43053,5.0,25.0,3.870458390010869
24126,5.0,5.0,0.22347633590238303
40592,5.0,14.0,0.20902194004153962
19969,5.0,22.0,3.9826984640316
19508,5.0,15.0,0.8624650649713868
854,5.0,14.0,0.14944216499478813
24139,5.0,15.0,0.7022835600202395
39455,5.0,15.0,0.5566072100192683
26707,5.0,22.0,1.9332523386658833
4228,5.0,25.0,1.2233044799998987
29980,5.0,22.0,1.5925262159961742
30469,5.0,15.0,0.0762916059936507
251,5.0,22.0,0.6476600800060603
44262,5.0,18.0,19.31114515951549
49452,5.0,5.0,4.2411070086211
14958,5.0,22.0,83.85840533122256
36334,5.0,25.0,67.14053807966107
40735,5.0,25.0,50.71816276790794
28212,5.0,12.0,15.564220608864133
21385,5.0,25.0,45.39641238168956
18434,5.0,25.0,44.22401047855918
15252,5.0,25.0,40.07117017590443
22789,5.0,25.0,33.55067235212209
28082,5.0,25.0,31.57169186865677
47843,5.0,18.0,3.108354496013952
40153,5.0,5.0,0.11778585600336555
49213,5.0,25.0,12.40838319996708
44594,5.0,25.0,21.345386644205206
21372,5.0,25.0,20.048421852672334
19103,5.0,22.0,14.490985369458901
30884,5.0,25.0,9.356800848011517
22643,5.0,12.0,2.35474052255897
35254,5.0,25.0,6.1937847599966975
43443,5.0,12.0,1.8754250699816772
32633,5.0,12.0,1.836214410044267
45129,5.0,12.0,2.8784619839532724
19839,5.0,22.0,6.09705785330789
13883,5.0,25.0,1.8205377946471213
4805,5.0,25.0,4.016470917984792
42401,5.0,15.0,1.05319672204857
45726,5.0,12.0,0.5967277050019124
100,5.0,22.0,2.681364119949264
8446,5.0,25.0,1.4291608300110652
30197,5.0,22.0,1.4031563333239654
6399,5.0,22.0,1.3046459249940763
12814,5.0,22.0,0.12471999999789296
31622,5.0,18.0,14.828881670180976
4121,5.0,25.0,87.14704957427651
10708,5.0,5.0,0.5933555999719715
35723,5.0,5.0,3.293201952508525
45071,5.0,5.0,3.39695662067939
6256,5.0,18.0,3.9611100383323503
28435,5.0,15.0,19.727886719607284
38307,5.0,12.0,18.451800444827967
3367,5.0,25.0,43.57001178240249
43694,5.0,25.0,43.72998883434349
32426,5.0,22.0,37.69365185799414
42121,5.0,25.0,28.999042830903264
34628,5.0,22.0,34.16109695329649
37075,5.0,5.0,0.34806456326934665
36409,5.0,5.0,0.03178366666927701
1583,5.0,22.0,29.81704761606919
15770,5.0,22.0,25.112952095990863
33147,5.0,25.0,19.017293759964495
37351,5.0,25.0,12.257226759987361
44586,5.0,22.0,21.617254540706217
4330,5.0,25.0,13.009969356742118
12625,5.0,18.0,3.3851060946555016
4574,5.0,22.0,15.774664527910549
46067,5.0,15.0,5.608579751754569
49604,5.0,14.0,0.7834848118883144
42831,5.0,25.0,6.776061440001008
32388,5.0,25.0,5.936402630010091
43043,5.0,15.0,2.8862768639249907
40794,5.0,12.0,1.453247760061899
36348,5.0,22.0,9.42490905602786
48627,5.0,25.0,6.850971801418613
13499,5.0,12.0,1.2860117400521638
16625,5.0,25.0,3.746139782487232
35261,5.0,25.0,0.6814947891584868
17360,5.0,25.0,3.4170526010020046
2396,5.0,14.0,0.24689023196948412
28728,5.0,25.0,1.2834054500041603
38715,5.0,14.0,0.15486203700424817
729,5.0,14.0,0.09870254401529976
9629,5.0,12.0,0.3929526300192139
40084,5.0,18.0,0.2500793399947967
18327,5.0,12.0,0.34115772001460254
29039,5.0,15.0,0.4609229279951066
16235,5.0,15.0,0.32901911399624506
20988,5.0,25.0,0.7292106755014829
42158,5.0,15.0,0.2118813390092118
40095,5.0,22.0,0.8107833500030555
11227,5.0,22.0,0.6605978479893533
8895,5.0,12.0,0.050325060012374134
7631,5.0,22.0,102.8457947524233
24874,5.0,25.0,89.3706809149856
25703,5.0,5.0,15.378944224197369
49192,5.0,25.0,78.85659196502806
5951,5.0,25.0,49.54988953655297
43924,5.0,25.0,56.41659440701912
36386,5.0,25.0,37.994483184424226
38649,5.0,25.0,28.724147000141784
33860,5.0,14.0,9.99580747165328
31894,5.0,25.0,25.369653298525762
20996,5.0,5.0,1.223338281543306
18348,5.0,25.0,20.647844190165394
6854,5.0,15.0,12.125560144149958
31846,5.0,12.0,1.1703527400801832
16945,5.0,25.0,13.274313636497922
9218,5.0,22.0,22.211320746819858
17854,5.0,18.0,2.1002952279362734
2285,5.0,22.0,8.973963330743516
8485,5.0,22.0,4.202663650027368
29384,5.0,22.0,3.6340425223630426
21622,5.0,22.0,7.30648386363718
27274,5.0,12.0,0.734129940020031
6119,5.0,18.0,0.5378062883347932
4549,5.0,22.0,3.2520458100156207
40099,5.0,14.0,0.08159637000754216
43946,5.0,22.0,1.8058005990189536
33299,5.0,25.0,0.7361690826664682
1001,5.0,25.0,0.5234886399891479
32952,5.0,22.0,0.09253446400423149
35883,5.0,25.0,92.87298445227646
46587,5.0,5.0,2.98406425599768
2645,5.0,5.0,4.907406336160619
15961,5.0,25.0,48.3218511504173
39870,5.0,5.0,3.7130104150608076
22656,5.0,12.0,27.476482080232614
32986,5.0,18.0,11.36820466387664
33495,5.0,5.0,0.5647808000407224
14188,5.0,5.0,11.580641640290452
24315,5.0,18.0,13.083177631836364
10941,5.0,5.0,2.6662569481357536
45464,5.0,14.0,3.747047122268299
8273,5.0,25.0,28.416274080309265
3329,5.0,5.0,0.588497500006838
5119,5.0,5.0,0.1323352675221301
36798,5.0,18.0,7.693676656921518
47163,5.0,5.0,3.8173310592722913
38753,5.0,15.0,7.338486564225391
14459,5.0,25.0,17.51131699217985
17822,5.0,14.0,3.9749908392010838
27463,5.0,5.0,0.17559048955889978
39004,5.0,22.0,18.145299330147164
27645,5.0,22.0,5.7864029973098
9733,5.0,18.0,2.387435610243127
25790,5.0,18.0,3.691872331863369
2746,5.0,18.0,3.396954124704937
44764,5.0,25.0,12.066681501208123
815,5.0,25.0,11.568221522761942
39474,5.0,18.0,3.605889367921865
35444,5.0,22.0,8.83630107602911
2788,5.0,25.0,10.666274517452113
33953,5.0,14.0,0.6575701663762423
7588,5.0,18.0,2.745272846871387
13823,5.0,5.0,0.26820698401790466
47014,5.0,25.0,8.5275193814179
33007,5.0,15.0,1.6335309699663298
48984,5.0,22.0,5.054225738556428
38600,5.0,22.0,4.056052141024201
31522,5.0,22.0,2.7991409927649427
32357,5.0,18.0,0.454823344230336
1838,5.0,14.0,0.11825044000032925
45943,5.0,15.0,0.6980446920291534
36914,5.0,25.0,1.2975097000134763
13321,5.0,18.0,0.1781415609903405
19607,5.0,14.0,0.013181219973635194
11612,5.0,14.0,0.010815519992381617
15128,5.0,14.0,0.0030681960044365297
2760,5.0,18.0,0.016941359987879157
28748,5.0,18.0,14.467930585286894
43446,5.0,25.0,78.95658726964407
45026,5.0,25.0,72.13568397429799
4238,5.0,25.0,69.879462621671
21633,5.0,14.0,4.180058016353996
44514,5.0,25.0,40.036326423425564
9340,5.0,15.0,15.05166706252578
3867,5.0,5.0,0.37500216987960755
18958,5.0,5.0,0.3241404584891825
6903,5.0,22.0,27.69321196798002
7707,5.0,5.0,0.2418032158086021
27458,12.0,14.0,4.137600177752489
37874,5.0,12.0,3.5960943358819577
46824,5.0,25.0,13.886942730559664
49077,5.0,18.0,2.466349388829819
33116,5.0,22.0,7.472082266614594
42211,5.0,12.0,1.7327007663757392
45960,5.0,25.0,5.801087116671079
35674,5.0,25.0,2.854008239996851
24749,5.0,12.0,1.419482819972277
11476,5.0,25.0,5.225992610686838
24849,5.0,14.0,0.4341574799621917
27067,5.0,22.0,6.114625335847251
26051,5.0,25.0,3.2126895367041364
17062,5.0,25.0,5.101158359900854
2818,5.0,25.0,2.6340855220125343
24191,5.0,12.0,1.0143920639158956
15950,5.0,22.0,2.4896542333238876
8188,5.0,25.0,2.9461524479942227
21134,5.0,15.0,0.6154050999882177
28135,5.0,5.0,2.8472750077621356
23376,5.0,18.0,10.934100940904898
1956,5.0,25.0,74.38858716793101
35222,5.0,5.0,0.6373660001408439
23030,5.0,15.0,27.25037568061407
12439,5.0,25.0,39.62931707771237
14474,5.0,5.0,0.40536000004989603
24045,5.0,5.0,0.257813280056709
44640,5.0,22.0,34.89021772123503
45209,5.0,25.0,19.384290496183212
8402,5.0,12.0,9.691124016208306
43051,5.0,25.0,26.173458175897053
35547,5.0,25.0,24.865284845025542
34451,5.0,25.0,21.826513243538137
32292,5.0,12.0,6.170589983989373
5135,5.0,18.0,4.375458877226823
10015,5.0,18.0,2.3291012352510876
33700,5.0,25.0,6.672650788989648
28955,5.0,22.0,14.478717696896336
41385,5.0,14.0,0.6043986720219792
42886,5.0,12.0,1.6415287499770237
43884,5.0,22.0,10.676685333288912
10754,5.0,25.0,3.0785585583572637
41662,5.0,22.0,9.575294927755294
30543,5.0,25.0,5.3790956159658165
40276,5.0,15.0,0.12761883756693138
14514,5.0,18.0,0.600993696005828
18521,5.0,22.0,4.614383317276278
16195,5.0,12.0,0.9585127200142907
7343,5.0,22.0,4.28071985991888
6081,5.0,15.0,1.2146414040417781
11978,5.0,12.0,0.8102649675012437
6891,5.0,25.0,2.5264597400093027
17056,5.0,14.0,0.192175065028092
14254,5.0,12.0,0.6402054000069946
48668,5.0,25.0,2.2482650627881533
38646,5.0,25.0,1.8798207400094178
1327,5.0,25.0,3.1114151800786116
9361,5.0,14.0,0.06941592000758678
27163,5.0,12.0,0.34737869999902404
6815,12.0,15.0,0.1203686220198481
38667,5.0,18.0,0.0435872099931609
46130,5.0,22.0,0.7679854199913845
34539,5.0,25.0,0.16652067000196458
24867,12.0,15.0,0.00644068800612807
26719,5.0,22.0,141.05042666738217
23018,5.0,22.0,110.12523626725098
41774,18.0,5.0,32.94585036438451
35252,5.0,22.0,88.0166754645416
27633,5.0,5.0,0.5322413080334627
14358,5.0,12.0,16.03691241653729
20716,5.0,25.0,58.737639062609745
8305,5.0,22.0,69.56066880009591
16019,5.0,25.0,51.90731642173601
4672,5.0,25.0,49.910097168281055
35445,5.0,5.0,0.4427699999766972
35620,5.0,25.0,26.966190438424675
37867,5.0,18.0,4.232997216125071
48966,5.0,18.0,1.7974722773271594
17200,5.0,25.0,25.84849632870351
38769,5.0,25.0,20.444631619476723
49552,5.0,25.0,16.576882652072243
19476,5.0,14.0,1.126975440051602
39408,5.0,18.0,2.0517622068115386
10593,5.0,15.0,3.8436037582019793
29640,5.0,25.0,8.797160478023581
27483,5.0,18.0,1.152073656087147
30102,5.0,15.0,3.6117842700472025
27897,5.0,15.0,3.2485265371808225
23493,5.0,25.0,6.955139690505977
2139,5.0,25.0,8.802577353641833
17544,5.0,25.0,5.77147447185075
41471,5.0,14.0,0.5117289400328708
23300,5.0,14.0,0.4753299240097917
6187,5.0,14.0,0.39988093805306946
39390,5.0,15.0,1.6205995681000118
5352,5.0,15.0,1.527426133580292
19750,5.0,15.0,2.4766797985896574
21919,5.0,25.0,3.8766313600075275
11949,5.0,25.0,3.618417702487145
42238,5.0,14.0,0.2963890440620105
15407,5.0,18.0,0.6115579519939862
22250,5.0,12.0,0.6774187800312976
33822,5.0,14.0,0.20305396002615694
33370,5.0,14.0,0.16512239997586242
27180,5.0,25.0,2.1829142750075103
38487,5.0,25.0,3.3188183546301806
36350,5.0,25.0,1.6784169459955
8089,5.0,14.0,0.08205114602703212
47691,5.0,25.0,1.3452384750125042
37603,5.0,25.0,1.2172571200015505
42696,5.0,15.0,0.4542138480302649
30118,5.0,25.0,0.07551768001125803
30263,5.0,5.0,5.009698400116548
6685,5.0,25.0,76.57825457581743
4738,5.0,5.0,8.331828992345436
25070,5.0,12.0,23.479584672671137
31029,5.0,5.0,5.942581845129723
8471,5.0,5.0,4.552135500133403
22498,5.0,5.0,1.213139385794534
31382,5.0,5.0,12.019013888489184
12475,5.0,5.0,4.521793952029512
27998,5.0,5.0,0.39074252788842045
1357,5.0,5.0,3.597901426659277
23757,5.0,5.0,3.4021957991590455
35122,5.0,5.0,0.27923840001145095
34472,5.0,5.0,0.14311842131429842
20400,5.0,14.0,6.890839142383044
35441,5.0,5.0,8.254375315582351
48756,5.0,18.0,1.8708161963674215
25139,5.0,25.0,6.355962448048125
44317,5.0,5.0,0.006562098714965714
8194,5.0,25.0,17.32203504317372
1653,5.0,5.0,0.614115760119958
24811,5.0,25.0,8.313969237934245
40918,5.0,14.0,2.819137094527072
9322,5.0,14.0,0.8341185240346718
26922,5.0,14.0,0.9481125960632326
14123,5.0,15.0,3.0080368349913655
39161,5.0,14.0,0.5673108400381537
12291,5.0,18.0,2.4550112001539226
13901,5.0,14.0,0.5222359950690993
14004,5.0,15.0,2.084413616062818
42471,5.0,18.0,2.352664111036802
46783,5.0,12.0,1.3760072399834122
34238,5.0,22.0,6.1414833599912555
43490,5.0,22.0,11.057777359895141
9932,5.0,22.0,8.982948261474231
41502,5.0,12.0,1.1716145400127012
10256,5.0,22.0,3.7133824120566192
42339,5.0,22.0,4.479185471958927
47720,5.0,12.0,0.9471108675099629
42183,5.0,18.0,0.7635267408432904
11642,5.0,18.0,0.15937696855454497
43964,5.0,22.0,5.823729919942059
264,5.0,25.0,3.5484501215478783
41312,5.0,15.0,0.8059116450050876
34602,5.0,15.0,0.7380300920093958
18268,5.0,15.0,0.6765942299745564
2354,5.0,18.0,0.6842255509451443
13785,5.0,22.0,1.7220943999971294
27999,5.0,22.0,1.5393925750095132
27958,5.0,14.0,0.029899724981481413
29930,5.0,18.0,0.07032389400813233
30027,5.0,22.0,0.6923484899941215
21806,5.0,22.0,138.96459334914343
43141,5.0,18.0,16.713797616084776
25472,5.0,25.0,86.23470909419922
13570,5.0,5.0,0.21641788400603446
9215,5.0,18.0,15.1930402240219
16387,5.0,22.0,71.07120837037172
3962,5.0,5.0,1.1262446161609603
3594,5.0,15.0,14.087169178473061
47998,5.0,25.0,40.57182517214471
9986,5.0,25.0,31.317144789393083
34944,5.0,25.0,29.68507465915887
37574,5.0,22.0,28.855766276606268
814,5.0,25.0,22.570071839845916
23797,5.0,18.0,0.06387800291486201
29828,5.0,25.0,22.937779552236442
14629,5.0,25.0,19.236154170689467
44750,5.0,22.0,14.353350226878302
30200,5.0,15.0,3.2108328399090738
5110,5.0,12.0,1.9591432499801265
3224,5.0,25.0,0.9316997320033487
42670,5.0,12.0,1.7491440000170115
26963,5.0,22.0,4.099522299979144
36353,5.0,12.0,1.195663980008863
7790,5.0,25.0,4.434514556709056
38504,5.0,14.0,0.742244159985578
37639,5.0,12.0,1.096478849973611
7014,5.0,25.0,4.734900643282717
3019,5.0,25.0,4.362107173355827
479,5.0,15.0,1.1217719200393361
41981,5.0,12.0,0.6001409999816794
2955,5.0,25.0,1.9610644606563792
26416,5.0,14.0,0.10056330001757985
23148,5.0,12.0,0.41292876000423817
7180,5.0,22.0,1.9496211680033926
35046,5.0,18.0,0.5685173376385855
47195,5.0,12.0,0.31874933999195676
14260,5.0,15.0,0.33738103502612304
23111,5.0,14.0,0.0009784610152596684
2133,5.0,22.0,98.27586739209943
25236,5.0,22.0,60.687099498920574
17528,5.0,22.0,58.86311955211761
18503,5.0,5.0,0.5999695966103502
5131,5.0,25.0,41.77876128781203
45698,5.0,18.0,1.7350937518233138
33806,5.0,5.0,0.020783189107980604
29756,5.0,22.0,28.863515623894195
29205,5.0,25.0,25.601609040037047
10818,5.0,25.0,22.16796841093587
25411,5.0,5.0,0.47832361219585096
7346,5.0,15.0,5.683991505356559
27943,5.0,12.0,4.584444239987263
23570,5.0,25.0,10.271120920046826
32737,5.0,18.0,3.54614822376697
32877,5.0,25.0,10.81751818677579
7298,5.0,22.0,6.36449412868607
12810,5.0,15.0,1.361626619927904
44395,5.0,12.0,1.2738494999312984
3196,5.0,25.0,6.908673727358684
2807,5.0,12.0,0.2688011174872571
33185,5.0,15.0,1.6190725618893893
36519,5.0,25.0,4.194195249125848
3046,5.0,25.0,3.985812348076557
16773,5.0,12.0,0.6977194500004327
387,5.0,15.0,0.8045757689808095
37384,5.0,14.0,0.09337200798456813
18426,5.0,12.0,0.3754633799870204
16370,5.0,22.0,1.7687713833017655
31994,5.0,25.0,1.1229481313402667
38756,5.0,22.0,2.4594473760062376
38696,5.0,22.0,0.27455784107051295
9432,5.0,15.0,0.010408511979588697
19534,5.0,14.0,0.9515137671128855
2048,5.0,22.0,74.1992668561521
20263,5.0,22.0,60.05955231324313
49563,5.0,12.0,5.561817024205936
47761,5.0,14.0,1.1516998935644622
23590,5.0,22.0,15.890892319887314
24464,5.0,25.0,8.324783192511
33773,5.0,18.0,4.078432180747608
22533,5.0,14.0,0.8830627050569078
38364,5.0,22.0,8.580621583960482
41809,5.0,18.0,3.715148326347798
6888,5.0,12.0,1.898247450088494
31266,5.0,22.0,6.835207047974881
22979,5.0,22.0,9.071699059242258
26364,5.0,14.0,0.5028718499943956
48813,5.0,22.0,4.235664269989488
7674,5.0,15.0,1.890437030478239
30713,5.0,14.0,0.17407398501568316
24264,5.0,12.0,0.5237681700204195
9190,5.0,15.0,0.7344931200397617
33880,5.0,12.0,0.4603840500306795
18767,5.0,15.0,0.5841380554997215
9077,5.0,18.0,0.34340408998133354
3845,5.0,14.0,0.03940502796311307
35923,5.0,22.0,0.8278146120041154
44067,5.0,15.0,0.19453740000896858
33631,5.0,22.0,1.3643249280077812
25140,5.0,22.0,0.3791371106560779
21100,5.0,5.0,8.837537401868559
46394,5.0,5.0,7.846174690712985
4249,5.0,18.0,26.505850175700886
22086,5.0,5.0,22.682426070464487
11080,5.0,25.0,88.80968012426627
11044,5.0,18.0,15.763403814436174
7648,5.0,14.0,39.03436501400057
43124,5.0,22.0,68.10889123182639
4264,5.0,25.0,57.7261713200928
49983,5.0,12.0,31.7076199687491
6194,5.0,22.0,60.982791439796245
9151,5.0,22.0,58.18352801986477
22952,5.0,25.0,50.323173020251375
49966,5.0,25.0,44.01062152006516
25517,5.0,22.0,40.84843198944381
10316,5.0,18.0,9.51497209285732
22920,5.0,22.0,40.62045289318794
29710,5.0,22.0,24.385291879944866
8841,5.0,5.0,0.7841729707355398
13789,5.0,14.0,1.2424932674377516
11808,5.0,25.0,15.683464720091948
12825,5.0,22.0,19.170315806429336
23922,5.0,12.0,3.808648920140328
39665,5.0,15.0,3.7260238876017127
15305,5.0,14.0,0.6998789699759627
23006,5.0,22.0,13.351839653338683
16578,5.0,25.0,10.065935005372467
20284,5.0,25.0,11.52459724522841
17760,5.0,25.0,5.814538539034201
24917,5.0,5.0,0.3649171104249689
38250,5.0,14.0,0.5166783899933272
30836,5.0,15.0,1.8233251320080868
22688,5.0,18.0,1.848188111986552
38508,5.0,25.0,3.642335925027014
15445,5.0,25.0,3.4659613583574735
42263,5.0,15.0,1.2758800800196823
1805,5.0,14.0,0.27684424796570184
29816,5.0,22.0,3.043748389988025
30889,5.0,15.0,0.8823015000470562
29052,5.0,15.0,0.6773838159868024
16321,5.0,14.0,0.05651516699910175
12346,5.0,14.0,0.009146475030897605
46239,5.0,14.0,0.01456543200220306
3356,5.0,25.0,0.751563692002426
48553,5.0,15.0,0.46511408635913476
41823,5.0,15.0,0.1823987370170066
34595,5.0,15.0,0.1517292120269662
29469,5.0,22.0,0.228328103998799
46181,5.0,25.0,88.8966912960046
26160,5.0,22.0,94.32391864269925
47207,5.0,18.0,10.349489896417253
7912,5.0,25.0,64.08746900181015
48646,5.0,25.0,57.519018182515765
43425,5.0,25.0,56.724163136229066
18716,5.0,25.0,26.05980158556622
20949,5.0,18.0,0.34705678090313086
23428,5.0,25.0,2.4392869166918203
34166,5.0,25.0,0.8450285593526594
4740,5.0,25.0,5.806844954990694
35359,5.0,25.0,2.434647986700563
18261,5.0,12.0,1.3439100000186102
13559,5.0,12.0,0.4862185050217036
49302,5.0,25.0,6.27191036693007
30846,5.0,25.0,2.9492535606389936
7351,5.0,18.0,0.288754202633136
9121,5.0,25.0,1.8344965081676277
30145,5.0,25.0,1.3590797816650033
38573,5.0,22.0,1.724322729974074
33231,5.0,12.0,0.23384527501524044
13063,5.0,25.0,0.5847794340188344
16309,5.0,5.0,2.0822381062114914
724,5.0,5.0,1.7708949500427593
36777,5.0,18.0,4.439226498697508
22649,5.0,18.0,0.3033781807409497
24986,5.0,25.0,43.88450469634826
9113,5.0,22.0,42.394825440393944
19565,5.0,5.0,0.08488872523479074
33865,5.0,18.0,1.147472790481956
7662,5.0,25.0,34.39041848522321
16700,5.0,12.0,8.18241149992565
21940,5.0,18.0,7.006017519878384
34603,5.0,25.0,20.904814186723904
19189,5.0,25.0,17.03420642057197
6915,5.0,25.0,16.34019602671718
16784,5.0,18.0,1.9411024008218227
11437,5.0,25.0,8.096588911935147
16094,5.0,25.0,7.894073280030515
22553,5.0,22.0,11.669966688079437
29659,5.0,25.0,4.029525523970218
1233,5.0,12.0,1.144548030016935
23548,5.0,15.0,1.8176221310694416
32221,5.0,25.0,9.337034869610982
49469,5.0,25.0,5.0497919879927995
49435,5.0,25.0,6.277230304990166
5290,5.0,25.0,2.661747460543964
22888,5.0,25.0,3.3794355560174303
28580,5.0,12.0,0.9071286599563422
49157,5.0,15.0,0.7700189699530338
41404,5.0,12.0,0.445677420023987
45471,5.0,15.0,0.3251768000022599
25549,5.0,15.0,0.06734088600119126
2509,5.0,22.0,0.356408827510845
45694,5.0,15.0,0.021186283989431676
19720,5.0,22.0,159.9566157735717
33027,5.0,14.0,19.11065020725465
3332,5.0,14.0,9.452465954473155
552,5.0,22.0,106.52864310795724
13226,5.0,25.0,62.82758847561962
23928,5.0,5.0,14.34222079993026
45761,5.0,25.0,64.67993119545716
49178,5.0,25.0,58.94638747698136
25527,5.0,5.0,6.937160933331015
18205,5.0,25.0,37.71026891880007
17886,5.0,18.0,14.936882062620867
33054,5.0,25.0,44.71101973714474
10097,5.0,22.0,47.557851138641524
38605,5.0,22.0,48.28070953075982
11454,5.0,22.0,35.990062319583544
38701,5.0,14.0,3.7672281088234456
27808,5.0,25.0,20.18031031156032
49570,5.0,14.0,2.7207725515118284
25191,5.0,25.0,20.531235110123063
218,5.0,22.0,30.575354351793642
2459,5.0,18.0,1.0215234176215517
45440,5.0,22.0,24.44377036576926
46514,5.0,22.0,17.685606015827283
7433,5.0,25.0,11.47133931979058
6928,5.0,14.0,0.9921387599210192
36958,5.0,25.0,13.603489863308933
33916,5.0,22.0,8.92565264428308
8750,5.0,12.0,2.1133951951399297
34710,5.0,25.0,5.68683995241609
3877,5.0,25.0,7.705846666388169
37528,5.0,14.0,0.759759640021997
42798,5.0,22.0,8.035160091605402
39344,5.0,15.0,2.9020728480072506
944,5.0,15.0,4.655851971207547
23274,5.0,25.0,4.145868250266524
18160,5.0,22.0,4.015682265962381
539,5.0,14.0,0.4635921600373507
2322,5.0,12.0,0.9050109600352769
46648,5.0,25.0,3.0761433519781747
45644,5.0,25.0,1.4908403549514002
47532,5.0,14.0,0.224754833977725
23896,5.0,12.0,0.5492024400150655
49171,5.0,14.0,0.11576704801223592
1423,5.0,12.0,0.40451834999123015
37203,5.0,22.0,0.7691925179903056
30128,5.0,12.0,0.11747774999458116
9603,5.0,15.0,0.1371997424910898
6341,5.0,5.0,3.8503014582138633
22704,5.0,25.0,77.11977568939139
21096,5.0,5.0,10.085047654222222
21393,5.0,5.0,3.449347122933034
39127,5.0,5.0,2.2590388802598227
13814,5.0,14.0,17.20866830401394
10301,5.0,5.0,0.7263729167152775
1121,5.0,15.0,19.10323967563508
39637,5.0,5.0,1.1089294848085913
26580,5.0,25.0,20.728716037414316
31847,5.0,22.0,23.802919058245706
39089,5.0,14.0,1.9747154819352062
9199,5.0,5.0,0.11168353506377571
49636,5.0,15.0,3.840987830052697
26865,5.0,25.0,4.343177175867844
32057,5.0,22.0,19.04784236991815
10149,5.0,25.0,12.564039321584207
42545,5.0,12.0,1.8857291250632215
9375,5.0,25.0,10.261525247921362
13835,5.0,25.0,7.9901234325323145
29970,5.0,12.0,2.252666676091387
35351,5.0,14.0,0.4271022239607838
24493,5.0,15.0,1.8945289530341363
3598,5.0,22.0,5.396533115301747
28854,5.0,18.0,1.0737538600025616
16406,5.0,14.0,0.37414510193654493
13283,5.0,12.0,1.0065376200410192
24041,5.0,12.0,0.9141226500368447
35140,5.0,22.0,6.173487011640738
20781,5.0,15.0,1.2015525400014848
11136,5.0,18.0,1.2557868000446692
40826,5.0,15.0,1.0661921979917377
42349,5.0,14.0,0.18102813000055207
29957,5.0,14.0,0.34257903199945616
27822,5.0,22.0,2.8093064794646114
19113,5.0,18.0,0.4335184200044315
25314,5.0,25.0,2.1904165439756813
44713,5.0,22.0,1.557274849986805
7586,5.0,22.0,1.3930960373237316
34887,5.0,22.0,1.168095639999493
32230,5.0,25.0,0.4340977019823644
271,5.0,22.0,139.54328064011793
37193,5.0,22.0,134.8256444480754
13128,5.0,25.0,79.53646719946781
21145,5.0,5.0,0.24898900936744894
42584,5.0,14.0,5.209371157366604
9925,5.0,25.0,60.29185116935065
6850,5.0,22.0,76.54376892167177
44428,5.0,25.0,56.14713827618914
44533,5.0,25.0,47.34639731145613
42802,5.0,22.0,60.4324445867458
48338,5.0,5.0,0.06716632721264659
12616,5.0,25.0,42.96480906481763
846,5.0,5.0,0.49895197169854555
3325,5.0,12.0,2.5222879198440182
47669,5.0,22.0,24.952494959667554
23989,5.0,14.0,0.23475375499337048
35580,5.0,25.0,10.893151564595946
45723,5.0,25.0,4.277962693312379
4809,5.0,22.0,7.496882591883228
3917,5.0,25.0,7.022946105548495
5793,5.0,25.0,4.913924978963799
30418,5.0,25.0,4.003978786024401
20896,5.0,25.0,3.5824328366254274
40484,5.0,18.0,0.8057067647753069
34983,12.0,14.0,2.1158238075086935
46796,5.0,12.0,1.2192546900158305
26294,5.0,22.0,0.557704622650661
41272,5.0,12.0,1.2896310001329176
21591,5.0,25.0,0.15421084599222912
11124,5.0,18.0,0.3545180773303973
5654,5.0,12.0,0.4113851250390166
33936,5.0,25.0,1.3408214999804695
20468,5.0,25.0,2.0547397802437315
38491,5.0,12.0,0.2968080600065246
29962,5.0,18.0,16.521116599973936
16897,5.0,5.0,0.009053711926526375
20747,5.0,12.0,21.46785225682777
34828,5.0,5.0,0.313596266761337
12101,5.0,18.0,7.6428242019890575
28805,5.0,22.0,60.13136152746493
4945,5.0,18.0,1.132706189452449
41836,5.0,5.0,1.3541940005272863
20380,5.0,5.0,0.2946009599506567
36163,5.0,25.0,39.21164964632648
47414,5.0,25.0,31.588343845044093
1129,5.0,25.0,26.96611395193272
45937,5.0,25.0,20.323740274607594
20933,5.0,25.0,17.79980890671522
47755,5.0,22.0,15.803839763227245
6036,5.0,25.0,11.882088768075548
49305,5.0,22.0,6.822308169576846
15549,5.0,25.0,2.5868697900643483
24566,5.0,14.0,0.7708145986053054
30640,5.0,15.0,2.7864095460241884
29918,5.0,12.0,1.8416554499865896
16936,5.0,12.0,2.8837522558037065
36528,5.0,18.0,2.2470979967817293
48661,5.0,25.0,4.58008105285867
12760,5.0,25.0,5.262650112066812
11850,5.0,25.0,3.440472811533013
34923,5.0,15.0,1.443171860056495
25308,5.0,14.0,0.31062113549544534
24250,5.0,12.0,0.71052352499858
19849,5.0,12.0,0.6630247874936614
31460,5.0,14.0,0.15993152151441237
29336,5.0,14.0,0.08182742399766063
28147,5.0,12.0,0.34376700002300264
30735,5.0,25.0,0.21694925999008752
40525,5.0,12.0,0.006955409992259298
44393,5.0,18.0,51.46952408883405
15586,5.0,25.0,121.70036884311219
25917,5.0,22.0,116.18390827498078
30434,5.0,5.0,7.166206675161163
8730,5.0,15.0,21.25687125716638
16202,5.0,14.0,10.413613786168867
17251,5.0,15.0,35.45391924470806
45197,5.0,25.0,52.947083232244296
15783,5.0,22.0,62.04390452608814
11799,5.0,18.0,4.643573920382593
22317,5.0,22.0,68.56000159618296
44127,5.0,22.0,72.3932336910852
18801,5.0,22.0,54.112265440092855
15139,5.0,14.0,5.558281037078785
49200,5.0,5.0,3.053880000201609
36508,5.0,18.0,1.9257839998644286
45280,5.0,14.0,2.9624379518237305
19082,5.0,25.0,23.979896806348812
19227,5.0,25.0,20.713110039914447
3570,5.0,22.0,18.98565106879642
22242,5.0,18.0,1.235736008446736
5858,5.0,25.0,14.40667862090767
44448,5.0,25.0,11.962673984710534
1378,5.0,25.0,11.14350825984441
49630,5.0,22.0,9.27862348793942
43747,5.0,14.0,0.5261286360397079
49012,5.0,12.0,1.170899399981888
1057,5.0,25.0,5.8671166360577
43641,5.0,15.0,1.0010044160107192
3319,5.0,15.0,0.7513064609838072
19151,5.0,25.0,1.743823573340432
39022,5.0,12.0,0.35493150000765006
33453,5.0,15.0,0.4984045095094931
42704,5.0,25.0,2.009692895943477
21027,5.0,22.0,1.6825597439948106
35672,5.0,14.0,0.011972218494610054
43568,5.0,15.0,0.26893961200137007
38176,5.0,15.0,0.1252422659825605
47540,5.0,22.0,0.5744155573341478
24141,5.0,22.0,113.53953516744446
4139,5.0,5.0,6.821339918467004
47791,5.0,5.0,3.737194078431287
34951,5.0,25.0,65.64079523502708
30260,5.0,25.0,56.31473117948309
127,5.0,25.0,51.42488006368764
32889,5.0,5.0,16.675901567668433
45234,5.0,12.0,28.81564406410456
46835,5.0,14.0,9.658916755548006
42579,5.0,5.0,1.86290971315006
14783,5.0,18.0,11.213205793406019
41867,5.0,5.0,2.8206372001473383
42196,5.0,18.0,9.117344520516973
21589,5.0,22.0,34.04883761499299
41019,5.0,22.0,31.46007393584886
10193,5.0,15.0,8.486124759990886
4486,5.0,15.0,12.586069756573508
31039,5.0,12.0,9.778094832046662
624,5.0,22.0,24.304828033928707
4652,5.0,5.0,0.40288749753143094
26773,5.0,25.0,10.05859766397116
14203,5.0,25.0,15.364671398953444
9329,5.0,22.0,18.599648250465233
34034,5.0,22.0,6.0743526024446375
41020,5.0,25.0,7.846606490656292
21497,5.0,22.0,15.735152191900337
28770,5.0,12.0,1.998138675010793
8275,5.0,25.0,5.866707434331476
16031,5.0,15.0,1.7292842550299845
4589,5.0,25.0,4.023076662651057
29311,5.0,22.0,4.905141674666817
45340,5.0,14.0,0.3501910980164915
21600,5.0,15.0,1.4375099799902067
23880,5.0,25.0,3.134042719969738
48494,5.0,15.0,2.1053061264093884
46750,5.0,15.0,1.1785539079881175
15924,5.0,25.0,2.7634023132717456
3386,5.0,14.0,0.22442085399363698
41630,5.0,22.0,3.3864272919618843
39901,5.0,15.0,1.8270647464760614
4319,5.0,25.0,2.111207149977857
559,5.0,14.0,0.11824837104881958
35435,5.0,15.0,0.7073613654827433
43322,5.0,25.0,1.4364390075144344
30988,5.0,14.0,0.0724450680121711
46244,5.0,15.0,0.5512881679954402
49751,5.0,25.0,1.2440991040007674
26001,5.0,18.0,0.14067614401279105
37968,5.0,22.0,107.71270693435963
31421,5.0,22.0,74.72879052490299
16974,5.0,18.0,9.354197305722167
29092,5.0,22.0,68.24011696670249
39409,5.0,15.0,19.374700888239715
41050,5.0,22.0,61.381285017695035
41844,5.0,25.0,37.32253055385648
23905,5.0,22.0,24.1496098514844
16695,5.0,22.0,23.20475413600807
13466,5.0,12.0,1.1405301599749507
390,5.0,25.0,11.887058238699147
18374,5.0,25.0,15.609568084727357
30110,5.0,25.0,11.746402931904342
8351,5.0,25.0,11.40339975979137
45291,5.0,22.0,4.737860864015953
40469,5.0,25.0,4.428241533003321
31469,5.0,25.0,0.813230671670949
29761,5.0,22.0,5.150512157556804
7951,5.0,22.0,3.3999481679486934
12969,5.0,14.0,0.15012033202093988
7245,5.0,25.0,1.4823427959629374
43213,5.0,18.0,0.10529219333907536
43667,5.0,15.0,0.054475824014785346
41347,5.0,22.0,95.16169404837134
42403,5.0,22.0,94.20094084301655
41213,5.0,12.0,19.25324911244877
22891,5.0,18.0,8.646282214210032
42757,5.0,22.0,65.89373479236804
11636,5.0,15.0,8.228997426727517
15186,5.0,22.0,71.19745519602324
17384,5.0,22.0,58.29461416022893
17067,5.0,18.0,11.548831509191857
8670,5.0,5.0,0.8963138639787189
36610,5.0,22.0,50.570599536247855
2612,5.0,22.0,38.447947626881
37325,5.0,25.0,27.703932947897975
2728,5.0,12.0,4.078540200094551
43359,5.0,25.0,19.186250346765277
28877,5.0,25.0,17.137915760086045
2267,5.0,25.0,8.61465123299962
19138,5.0,25.0,8.518411848044174
21763,5.0,18.0,3.605362176033246
8334,5.0,25.0,5.648075197345483
48121,5.0,25.0,8.803596080069017
10103,5.0,25.0,7.200741300006207
11505,5.0,12.0,1.1701319699741148
40085,12.0,15.0,0.3915058005017791
6770,5.0,14.0,0.2528803040140488
21220,5.0,15.0,1.2139240090145726
8839,5.0,25.0,1.9687637800227726
31663,5.0,12.0,0.6422317499886905
4533,5.0,12.0,0.553847699996048
49256,5.0,14.0,0.0728546039831075
43056,5.0,12.0,0.2955336824934536
15271,5.0,12.0,0.1530406199829093
32336,5.0,25.0,0.3597874291668437
34950,5.0,22.0,0.6483746400071457
19356,5.0,18.0,24.29428287032917
29263,5.0,22.0,88.48834214396416
11910,5.0,18.0,24.155406705435837
2769,5.0,22.0,68.91709631959105
41180,5.0,15.0,42.86939419239408
37882,5.0,22.0,72.56506124855676
6735,5.0,18.0,21.266880906471556
48317,5.0,14.0,1.298342175859716
11402,5.0,22.0,57.11945001547599
39704,5.0,18.0,0.3268346452507416
191,5.0,25.0,34.991362965957734
23154,5.0,18.0,14.016884970968604
36223,5.0,25.0,26.91212580783067
18335,5.0,25.0,26.338600766395487
7917,5.0,5.0,6.121522367966378
9231,5.0,25.0,21.218917615953373
47528,5.0,18.0,6.335317199862942
22886,5.0,14.0,2.074303958106242
33105,5.0,18.0,3.176078533409168
24959,5.0,5.0,3.491819136177142
36993,5.0,22.0,10.081274070028005
36912,5.0,22.0,18.534303024896193
6364,5.0,25.0,13.27474483222285
19826,5.0,22.0,10.071456633935753
18626,5.0,25.0,7.538697259934004
45198,5.0,25.0,7.537510847885667
40471,5.0,18.0,2.0303651000090674
5335,5.0,25.0,9.456514015990848
34551,5.0,25.0,9.281504313701237
36044,5.0,12.0,1.596188640031098
27198,5.0,25.0,8.583399694434931
22382,5.0,14.0,0.3706723799614835
26653,5.0,14.0,0.33205202995331007
10377,5.0,14.0,0.5086861950062982
4854,5.0,15.0,1.221091292985344
33081,5.0,25.0,4.2234463104709
33336,5.0,12.0,0.5386044000174639
49827,5.0,25.0,3.0815400448773866
46496,5.0,25.0,2.892056063930739
4483,5.0,25.0,1.615066601985653
15198,5.0,15.0,0.6080287919985068
28002,5.0,12.0,0.2918235000258669
37719,5.0,14.0,0.022285092986286337
25943,5.0,12.0,0.23734560000580984
12246,5.0,15.0,0.1272105160001087
30100,5.0,5.0,9.116556329953596
19742,5.0,18.0,20.043299615813055
2367,5.0,5.0,3.0558590498030753
23773,5.0,25.0,78.4999974125621
15723,5.0,14.0,36.62243007374411
38932,5.0,22.0,88.95585859270442
34327,5.0,22.0,76.07242851379021
42218,5.0,25.0,56.75399556446308
41099,5.0,5.0,6.699770999771275
17172,5.0,5.0,3.1496947776377624
1075,5.0,12.0,15.354050664707131
37240,5.0,22.0,55.9751917451552
26860,5.0,18.0,11.044902192064733
46152,5.0,5.0,7.114208797567265
25130,5.0,25.0,25.541272864155694
39329,5.0,18.0,6.974389977480321
23883,5.0,5.0,4.183412832210976
33126,5.0,25.0,23.05426014091647
9402,5.0,5.0,0.08501097202759667
5545,5.0,25.0,21.0737984854334
26055,5.0,25.0,16.949386622443434
44225,5.0,14.0,1.1035178630634093
2102,5.0,25.0,9.979969600002839
9978,5.0,25.0,16.793502691318807
27624,5.0,22.0,18.665104281717376
15074,5.0,15.0,3.2053067099993413
39383,5.0,14.0,1.3478049404806285
35825,5.0,25.0,7.244232664049516
3091,5.0,14.0,0.695736450038261
15327,5.0,25.0,5.863683913371956
49721,5.0,15.0,2.3255721749913576
38009,5.0,25.0,5.644936872041599
4565,5.0,14.0,0.9233504489613509
33736,5.0,25.0,5.986859840069599
4116,5.0,22.0,3.3575699640117493
29919,5.0,14.0,0.1867151959850073
10862,5.0,15.0,0.7339266160546867
21648,5.0,14.0,0.1133600159985626
11087,5.0,14.0,0.09762987000777379
3454,5.0,25.0,1.5796329999983891
25742,5.0,22.0,2.423667883205832
32888,5.0,18.0,0.2725646199929188
23824,5.0,14.0,0.12210071042017567
36623,5.0,14.0,0.03044216628386298
16783,5.0,22.0,1.5032552974819788
46540,5.0,15.0,0.36941578003226105
43968,5.0,15.0,0.25819431602593035
47140,5.0,22.0,0.7379873683378999
16586,5.0,22.0,0.3902435600033505
10766,5.0,22.0,133.94596175286608
23867,5.0,5.0,1.2581175001910765
40887,5.0,22.0,90.92402632947494
35388,5.0,12.0,23.435793840063468
33471,5.0,18.0,14.222850590140624
44675,5.0,5.0,0.337955794678777
24204,5.0,15.0,21.02701756651126
23750,5.0,18.0,3.420012063995415
35357,5.0,22.0,37.70493839772394
7084,5.0,5.0,0.9256824000608503
34833,5.0,22.0,35.2007079356877
45844,5.0,12.0,6.654038160053261
22939,5.0,25.0,27.98487325282673
32011,5.0,22.0,24.218477772709903
1444,5.0,25.0,20.61558402328327
9773,5.0,12.0,4.758386880132093
29429,5.0,25.0,8.68833193156361
22363,5.0,22.0,12.523795022165139
6367,5.0,18.0,3.239631332824519
20008,5.0,25.0,11.526924025570324
23677,5.0,25.0,4.045025168018524
26821,5.0,18.0,2.4260920387543603
31042,5.0,25.0,8.75845806035355
34120,5.0,25.0,4.514467333527572
19032,5.0,22.0,3.6871351395090457
41797,5.0,12.0,0.9033060900191359
22723,5.0,14.0,0.2665884299436154
41169,5.0,22.0,5.279329747986166
43310,5.0,25.0,2.497919099999824
32902,5.0,12.0,0.5551246875146365
22820,5.0,12.0,0.8710391999906406
43477,5.0,12.0,0.38595906749191666
13862,5.0,25.0,2.3096444191769168
21817,5.0,15.0,0.3288423899908661
48672,5.0,15.0,0.32118214000597245
38336,5.0,22.0,105.67553507216354
43015,5.0,18.0,15.322338636104718
27949,5.0,18.0,14.688436758712754
1016,5.0,12.0,25.52147846433968
35080,5.0,5.0,1.1955095995122633
39837,5.0,22.0,64.8229019360193
28377,5.0,25.0,57.24368724639466
10447,5.0,5.0,0.1089679251156781
36499,5.0,22.0,45.564712720485915
23518,5.0,22.0,38.418152179421966
24416,5.0,25.0,31.754594218896074
5715,5.0,25.0,32.050681581407204
41555,5.0,22.0,28.93617738008419
38808,5.0,25.0,25.02261422105955
36346,5.0,12.0,3.2311193250133314
14576,5.0,22.0,21.333665920034065
24862,5.0,25.0,17.730088596188324
11184,5.0,15.0,1.0824661799505364
42778,5.0,25.0,7.790573379926467
37888,5.0,15.0,2.6722870940987278
26337,5.0,15.0,1.365894485976039
24787,5.0,18.0,2.457299711883035
45995,5.0,15.0,2.1505521000660153
28094,5.0,15.0,0.3400136159916194
26425,5.0,25.0,4.52846457604949
11776,5.0,25.0,6.5781949801874955
11870,5.0,22.0,4.103095779987008
26499,5.0,18.0,0.014418053329389835
37412,5.0,25.0,3.5868695200113034
33254,5.0,25.0,2.5760174683602735
11708,5.0,12.0,0.008586840027339449
46321,5.0,18.0,0.14084102132027265
39787,5.0,25.0,1.7314989000095693
28170,5.0,22.0,1.3366439549849058
39291,5.0,15.0,0.28157131503095556
41036,5.0,12.0,0.16722786001184886
29107,5.0,25.0,109.02819199908004
34745,5.0,5.0,24.40519209385627
19985,5.0,5.0,16.463225390527725
49120,5.0,25.0,96.02936629108672
32544,5.0,25.0,90.60949446843048
32247,5.0,25.0,49.5146167248256
26480,5.0,5.0,3.2170562663286404
39589,5.0,22.0,53.55618072910788
32957,5.0,25.0,46.00926988784994
28410,5.0,25.0,44.62915449249441
34276,5.0,22.0,53.126619263949706
15837,5.0,25.0,40.28903901588504
11967,5.0,25.0,37.17978007539979
49250,5.0,25.0,35.678153585315556
45688,5.0,25.0,26.54336362113782
23303,5.0,25.0,9.743835647907744
27471,5.0,14.0,0.02584324777055258
4639,5.0,25.0,11.655558559826023
24362,5.0,15.0,2.3654905950080476
10331,5.0,12.0,1.5406250249030187
23970,5.0,14.0,0.48997381356645064
18146,5.0,25.0,7.582402986716161
9538,5.0,12.0,1.2904198049015214
33971,5.0,15.0,1.705229714947798
3306,5.0,15.0,1.5168761459880322
34341,5.0,22.0,6.327039152927801
31931,5.0,15.0,2.219446041441529
19525,5.0,22.0,4.231743107996623
43627,5.0,12.0,0.79754011489959
25787,5.0,14.0,0.18218798002198966
6358,5.0,25.0,3.0717189033745544
30608,5.0,25.0,2.7167217065859637
19337,5.0,15.0,1.0009851615846337
42037,5.0,22.0,0.8608394123239855
28521,5.0,14.0,1.6106243549598958
41590,5.0,5.0,1.0905773999534887
38501,5.0,5.0,3.3709836667412674
45399,5.0,25.0,35.92880819194818
38978,5.0,22.0,42.67335921930924
26687,5.0,5.0,1.148098000030295
27465,5.0,5.0,0.36689024002716053
7135,5.0,18.0,8.812953689785111
46682,5.0,18.0,8.736503914342073
45647,5.0,15.0,18.256292520112325
16400,5.0,22.0,39.22883003555199
26107,5.0,5.0,4.132664758469787
230,5.0,15.0,4.561419222038843
27512,5.0,25.0,17.756789419171064
16412,5.0,15.0,5.459403367482622
6335,5.0,18.0,5.101699635726497
41378,5.0,15.0,5.137530269998052
30744,5.0,15.0,4.793773490060097
29539,5.0,22.0,20.593200296038052
34811,5.0,15.0,3.6616667280202506
19235,5.0,5.0,0.5630705999208772
25179,5.0,25.0,7.128565475876256
5643,5.0,14.0,0.7279036439951874
47809,5.0,25.0,6.790870199992305
16901,5.0,25.0,6.128414768008909
1712,5.0,15.0,2.2144223340114166
15698,5.0,14.0,0.7588867650047746
743,5.0,14.0,0.6894163169994876
26108,5.0,14.0,0.3522369705151931
39305,5.0,15.0,1.5249409545044479
19140,5.0,15.0,1.2232491480072838
12535,5.0,15.0,1.029449527507012
35233,5.0,22.0,4.456681222936837
42371,5.0,25.0,2.2070082439796694
45321,5.0,14.0,0.10954946402040022
46504,5.0,25.0,1.5227576289756284
30181,5.0,14.0,0.04732588796011772
13519,5.0,15.0,0.4712716950022191
43267,5.0,15.0,0.019885865995662666
31437,5.0,22.0,0.18813494399663233
11547,5.0,22.0,127.22435107403888
32413,5.0,22.0,122.5758810749254
31852,5.0,18.0,16.123858680140728
25379,5.0,22.0,96.42874732798242
17415,5.0,15.0,31.996109962068715
5457,5.0,15.0,25.38156520053974
40173,5.0,25.0,59.42167681697293
33959,5.0,25.0,44.49514102101227
46109,5.0,25.0,43.15030860783591
18266,5.0,18.0,4.998422213554377
19961,5.0,22.0,45.82925996815726
4108,5.0,22.0,45.32186884001409
22828,5.0,25.0,33.90350803207022
13008,5.0,25.0,33.336694919761314
21874,5.0,18.0,2.2815840002254575
17647,5.0,25.0,28.185219438336787
39618,5.0,18.0,2.1084396577953584
24814,5.0,12.0,8.075192160341174
27847,5.0,25.0,27.222514712069092
42285,5.0,25.0,23.53250824548588
44193,5.0,14.0,1.2767828121614357
42855,5.0,25.0,18.476188236678098
29926,5.0,25.0,12.709961276858422
27726,5.0,18.0,1.0828444320800905
38990,5.0,12.0,2.432631900034629
25196,5.0,14.0,0.4593255900898896
22560,5.0,25.0,6.826233599884311
40758,5.0,25.0,3.4934991892855862
18751,5.0,25.0,3.495786026640296
43495,5.0,18.0,0.8473296309887841
16136,5.0,12.0,0.7848438149983004
6274,5.0,22.0,2.485653244648393
44471,5.0,25.0,2.421857689967
22914,5.0,14.0,0.1891709939755195
29472,5.0,15.0,0.9314975325022186
21425,5.0,25.0,3.734512446839556
6034,5.0,12.0,0.4910109600292287
7928,5.0,25.0,1.6874343999890256
11676,5.0,12.0,0.09460654500657029
1587,5.0,15.0,0.07426651500018222
19152,5.0,18.0,7.548031262309848
3293,5.0,5.0,0.8793660385591977
31099,5.0,22.0,50.81138733409247
23766,5.0,22.0,50.18870963984547
780,5.0,12.0,13.089044640728076
36880,5.0,25.0,41.07895012256702
15764,5.0,25.0,35.45593286677405
7952,5.0,25.0,34.35324204805826
6711,5.0,25.0,33.991516425214584
21464,5.0,22.0,25.518502681535033
38125,5.0,25.0,26.947615221349686
7587,5.0,18.0,1.005153386698339
23338,5.0,15.0,9.963190012666473
38432,5.0,5.0,0.024402132176390978
21465,5.0,22.0,19.175829535912314
13436,5.0,25.0,14.836141516883057
46016,5.0,14.0,0.9771153748367283
44536,5.0,25.0,8.845149739529337
26757,5.0,25.0,13.31106054931237
17472,5.0,25.0,8.234287583337263
22495,5.0,25.0,13.114828166437661
3562,5.0,22.0,11.239652737584034
8953,5.0,12.0,1.8203520000432647
37793,5.0,25.0,5.436033502839891
12670,5.0,25.0,5.21294239000332
31128,5.0,22.0,6.426353363986609
19200,5.0,25.0,5.441029133347719
23964,5.0,25.0,4.9662064319923225
45077,5.0,12.0,1.004909790056157
39961,5.0,15.0,1.0619511900531364
33910,5.0,25.0,1.1156872466860053
48882,5.0,12.0,0.5670484500146991
21804,5.0,15.0,0.6673726124952548
30390,5.0,12.0,0.2500468950015353
19568,5.0,22.0,152.03401202091266
7677,5.0,25.0,79.48537521061209
45504,5.0,22.0,105.68878795819765
40111,5.0,15.0,18.261430953536433
30082,5.0,5.0,35.491256160658224
10490,5.0,22.0,66.00952055762373
19193,5.0,14.0,5.378380300343707
34163,5.0,25.0,42.52727515752517
19903,5.0,22.0,59.24432131419498
34569,5.0,22.0,47.414524515287766
44573,5.0,22.0,27.825017424003576
10609,5.0,25.0,24.15742593593737
18640,5.0,18.0,6.368571955153875
31330,5.0,25.0,20.400176195360572
39070,5.0,22.0,25.486787485858663
34095,5.0,18.0,5.866143595044406
20601,5.0,22.0,11.963642707979396
35075,5.0,14.0,0.9537415739634909
42178,5.0,15.0,3.2281155450149512
49886,5.0,22.0,12.276307520295429
5573,5.0,25.0,6.735078968994202
36028,5.0,25.0,6.110574549478363
28849,5.0,25.0,9.421531415590465
24363,5.0,22.0,10.342114850860906
24476,5.0,25.0,8.754197855848798
43529,5.0,12.0,1.2067103550335858
9668,5.0,15.0,1.7391764970233723
19882,5.0,15.0,1.692064999539049
9327,5.0,15.0,2.585236556826299
6395,5.0,12.0,0.9299296200154927
29217,5.0,25.0,4.516876339297859
37297,5.0,12.0,0.8462319600264667
3037,5.0,12.0,0.852274560020355
4989,5.0,25.0,2.3598039250033116
38320,5.0,12.0,0.5011851000193239
45812,5.0,12.0,0.4973500875196635
1915,5.0,12.0,0.43206791252294074
26784,5.0,14.0,0.055640797469463266
28426,5.0,25.0,0.9560486400038721
28744,5.0,12.0,0.10459857002009931
9817,5.0,25.0,0.4018324433389655
43923,5.0,12.0,0.08405076001489054
21112,5.0,22.0,0.13140955733824977
32053,5.0,22.0,0.0413598739995954
29637,5.0,25.0,103.76100527379515
12574,5.0,12.0,64.79333738475026
29314,5.0,5.0,8.680723919066338
47086,5.0,25.0,72.95412746677187
16167,5.0,5.0,0.7076953368244148
47897,5.0,15.0,35.66887569826687
3955,5.0,14.0,19.20964032052521
39034,5.0,5.0,8.500126631831591
42829,5.0,22.0,51.47210338106801
38170,5.0,14.0,3.575890305832928
31163,5.0,18.0,7.563929695808675
18281,5.0,12.0,4.194926399537394
41649,5.0,5.0,1.03642940954537
11517,5.0,5.0,1.2017490384705027
15644,5.0,14.0,7.089585600035193
19414,5.0,5.0,2.9204450506975874
9496,5.0,5.0,0.707045537023923
21498,5.0,25.0,19.7137852417152
45295,5.0,5.0,0.5127441524825329
3889,5.0,12.0,1.9214199749490177
8481,5.0,15.0,3.8791181730512108
30522,5.0,14.0,0.8718969248963475
37906,5.0,18.0,1.513035031088915
36949,5.0,5.0,0.033079498633117765
1947,5.0,5.0,0.472704899999421
32069,5.0,12.0,1.8733167300206617
6548,5.0,14.0,0.6239090698733065
9163,5.0,15.0,2.5740226638001253
4503,5.0,22.0,4.563172714692752
33978,5.0,15.0,1.3196646249880324
6883,5.0,25.0,4.676615840030225
48599,5.0,15.0,1.0791657359871607
30219,5.0,15.0,1.7425046015970302
12903,5.0,12.0,0.6621948750080637
38613,5.0,25.0,2.2113672420080697
34542,5.0,15.0,0.8031566841005375
25307,5.0,15.0,0.60259052099914
45966,5.0,22.0,1.7083808399903795
961,5.0,25.0,0.8819462620065428
6625,5.0,15.0,0.30446287499908564
17576,5.0,22.0,0.6780924116624656
7184,5.0,22.0,71.23447781626112
19457,5.0,22.0,55.39758772793539
36676,5.0,22.0,51.869009927708674
46922,5.0,22.0,48.93469280628186
4754,5.0,5.0,0.0177030838633101
48134,5.0,25.0,36.59475167529638
21090,5.0,22.0,38.96737864675572
44102,5.0,25.0,32.44169823992546
41570,5.0,25.0,30.998202016069015
29840,5.0,25.0,27.701959167996492
8016,5.0,25.0,32.97584599991669
34353,5.0,25.0,27.139459127363104
21457,5.0,22.0,23.327922895909985
28607,5.0,25.0,15.791020709243917
8779,5.0,25.0,17.466228952875966
28927,5.0,12.0,2.886484800029571
43661,5.0,14.0,1.0230028040047259
46692,5.0,25.0,12.709086607975738
9895,5.0,25.0,7.033368010026644
48521,5.0,12.0,1.3359215999718117
1667,5.0,25.0,10.40178756055369
2527,5.0,14.0,0.5544369000027132
30351,5.0,15.0,2.2214318100248427
8403,5.0,12.0,1.3607571674713554
43795,5.0,25.0,2.4166542750127977
10994,5.0,15.0,1.2885556800048743
49048,5.0,22.0,1.2894268320249012
24922,5.0,25.0,1.883456793562253
38154,5.0,25.0,2.319574999995244
43100,5.0,22.0,1.0266545386702193
31981,5.0,22.0,0.9128612621635894
6097,5.0,22.0,0.7161395700028659
31956,5.0,18.0,11.294711693204391
31815,5.0,22.0,84.41620098566173
30580,5.0,12.0,15.727928880525553
28024,5.0,22.0,80.28908404849406
19869,5.0,22.0,75.92794955252236
49685,18.0,5.0,3.710566935921676
32462,5.0,18.0,10.976418399886583
12679,5.0,15.0,15.782876760332982
43136,5.0,25.0,43.55169296292972
31553,5.0,22.0,37.572101107130564
1360,5.0,25.0,37.59327674873094
6724,5.0,25.0,16.818579620000122
599,5.0,25.0,12.8476838338431
19734,5.0,25.0,6.39541555500902
1780,5.0,25.0,10.387269657554409
23221,5.0,12.0,1.7198229675654702
1898,5.0,25.0,8.908698911936284
43754,5.0,25.0,9.817508895974523
31321,5.0,15.0,2.269211415024767
1466,5.0,25.0,5.445273040013667
19240,5.0,14.0,0.5622876240396018
24129,5.0,25.0,5.098342716014123
24908,5.0,25.0,7.537272799960771
29192,5.0,25.0,7.2245836927808025
2524,5.0,18.0,1.0356434354837143
45177,5.0,25.0,6.130740491992425
10865,5.0,25.0,6.37610092787401
36783,5.0,25.0,2.867528265003436
21621,5.0,25.0,3.7796827307491903
8962,5.0,14.0,0.2804505660263441
3473,5.0,25.0,1.7981571793153464
3123,5.0,25.0,3.4048983551755185
28249,5.0,25.0,1.6715478889890978
38321,5.0,15.0,0.8496972000278209
48157,5.0,25.0,1.7420073570343169
44191,5.0,15.0,0.9517071799940826
26049,5.0,14.0,0.04064021101408688
15036,5.0,25.0,0.5475629055740852
41350,5.0,18.0,0.06103071999493137
19954,5.0,12.0,0.10707023999722587
19698,5.0,15.0,0.02137656900506668
25483,5.0,12.0,0.0008031000010157996
1255,5.0,22.0,163.705227127792
19297,5.0,18.0,24.569801894829084
23202,5.0,25.0,75.50741627203908
49251,5.0,25.0,68.38326051853534
4544,5.0,18.0,21.48024941225195
32032,5.0,25.0,47.951771187339446
16495,5.0,18.0,19.199341493488078
28881,5.0,15.0,31.480375763445522
27,5.0,22.0,58.81675239407467
13407,5.0,15.0,15.124507191246124
42525,5.0,14.0,3.136463748247621
10869,5.0,5.0,3.5946168096855757
506,5.0,22.0,32.96562748825016
46613,5.0,25.0,17.02580832322071
14611,5.0,25.0,8.597270577999435
8817,5.0,22.0,17.84907767535449
28395,5.0,18.0,2.2402854166915986
47916,5.0,18.0,2.236244480031795
9884,5.0,18.0,2.2737732240498527
44639,5.0,25.0,11.36146069227783
2798,5.0,25.0,6.649494716721847
35091,5.0,25.0,5.532761949004428
2430,5.0,25.0,5.094298445021222
45695,5.0,25.0,7.715338915195314
29749,5.0,14.0,0.49085847456431253
37272,5.0,25.0,7.464585297348464
46851,5.0,22.0,4.784140785040272
47688,5.0,25.0,6.954714246347807
41273,5.0,15.0,1.8920450490693312
20323,5.0,25.0,6.721361566937331
17843,5.0,25.0,5.949003552014991
36110,5.0,12.0,1.0413292800911762
4440,5.0,12.0,0.8887017000595563
22880,5.0,15.0,1.152645776078586
8399,5.0,25.0,2.7047267380160758
24071,5.0,25.0,1.6961150480019995
21568,5.0,12.0,0.43429977753480564
49767,5.0,12.0,0.33415072502801735
36494,5.0,22.0,1.279621733339797
15901,5.0,14.0,0.004431113995239322
932,5.0,22.0,1.9307912207759554
1463,5.0,12.0,0.1774677900174897
38992,5.0,22.0,111.82369700251519
19890,5.0,25.0,93.54309570976204
861,5.0,22.0,90.77699943858633
20693,5.0,5.0,1.4518748662464702
24540,5.0,22.0,77.56135868188068
18943,5.0,5.0,6.286396347898261
39896,5.0,25.0,65.17588300001181
4229,5.0,5.0,1.041692868842972
13458,5.0,18.0,15.066587712322615
23681,5.0,25.0,49.889009688367864
22819,5.0,5.0,1.5330103520409892
18589,5.0,12.0,20.55647215195765
19514,5.0,12.0,7.1507236798873635
20962,5.0,18.0,9.081881203428388
24205,5.0,22.0,35.71826170322996
9131,5.0,5.0,0.8517047294105851
7827,5.0,25.0,27.023236959680716
31845,5.0,18.0,7.044630283333369
11068,5.0,25.0,26.351179334021374
21951,5.0,5.0,0.32040606668848426
20753,5.0,18.0,5.040068416893604
22556,5.0,18.0,5.294545624153685
31203,5.0,15.0,7.522560878622031
16953,5.0,25.0,10.163903603975736
8293,5.0,25.0,17.36062656733955
40657,5.0,14.0,0.9679221360256705
14348,5.0,5.0,0.23290152398330122
30286,5.0,25.0,11.340358048074492
23879,5.0,5.0,0.321981270033568
11381,5.0,15.0,2.256746730031253
44206,5.0,25.0,9.064195151836245
39217,5.0,18.0,1.110671014504593
24424,5.0,25.0,4.68893446499469
23270,5.0,25.0,1.3171072799936052
27839,5.0,15.0,1.8151730700021567
38396,5.0,22.0,5.228132240017171
27126,5.0,25.0,6.202405851225192
7636,5.0,14.0,0.3109151650040616
39495,5.0,15.0,1.364727456002651
49689,5.0,14.0,0.295575599978811
41825,5.0,14.0,0.2857905150024749
3982,5.0,15.0,1.2381643500409343
46178,5.0,18.0,0.6826485600298176
31052,5.0,15.0,1.062491114990726
34886,5.0,25.0,3.980924496040064
49708,5.0,15.0,0.9175057140247223
46373,5.0,25.0,2.0801536845283035
43162,5.0,15.0,0.8450612080017983
58,5.0,18.0,0.31701922450990905
44857,5.0,25.0,1.326461391968682
27212,5.0,22.0,1.3186085475049403
42400,5.0,15.0,0.35420077999573074
7389,5.0,25.0,0.24826462599228005
27499,5.0,22.0,111.1046189011411
23117,5.0,25.0,80.50301748512095
16860,5.0,22.0,91.50330159772926
46639,5.0,25.0,68.43074596811641
32208,5.0,25.0,65.13277248911396
30959,5.0,18.0,12.069367761708577
29906,5.0,25.0,60.45729294693807
17611,5.0,18.0,6.606380834434077
2324,5.0,25.0,42.39810633015409
18263,5.0,25.0,35.939741198796625
47039,5.0,25.0,33.996349755672895
39379,5.0,25.0,21.12202398726226
20202,5.0,18.0,0.18218758403606472
44625,5.0,22.0,22.84446453754221
42508,5.0,22.0,20.03049484803858
24239,5.0,25.0,14.0876023200235
41377,5.0,15.0,1.197731665810437
37120,5.0,15.0,0.7477201919452838
36416,5.0,25.0,7.338363487488339
27629,5.0,15.0,0.7893729558868046
27179,5.0,25.0,2.8891835833337147
46678,5.0,25.0,1.4278372885112915
15834,5.0,15.0,1.838183664137187
28229,5.0,25.0,2.3466057306657495
10289,5.0,25.0,1.6807262400159133
36615,5.0,12.0,0.25589324999747554
43549,5.0,15.0,0.15577144500889872
39679,5.0,15.0,0.11927891201191043
49036,5.0,25.0,0.016005480006020423
11284,5.0,22.0,79.48672055063199
23658,5.0,18.0,5.630838699007143
22718,5.0,22.0,65.86139054443329
14039,5.0,25.0,60.86386056579593
11428,5.0,25.0,46.80015873785533
34958,5.0,25.0,49.72047680049417
2651,5.0,25.0,38.99279050964435
39438,5.0,25.0,29.529359917405415
29819,5.0,15.0,11.344585542141914
11625,5.0,25.0,18.581913405174433
26980,5.0,22.0,20.608608400167213
34070,5.0,5.0,0.2702577599648066
19522,5.0,22.0,17.256102872162593
43787,5.0,22.0,16.862506915863527
36544,5.0,22.0,16.60042384811308
43157,5.0,22.0,14.93490880016548
13875,5.0,25.0,14.14317151638975
41463,5.0,25.0,10.530505145842191
14058,5.0,14.0,1.1645467589185046
15773,5.0,25.0,8.172630960022374
32873,5.0,22.0,3.3586552533592133
32004,5.0,15.0,2.7423169499782283
45510,5.0,12.0,1.6554572399769718
3089,5.0,12.0,1.225531919922524
36995,5.0,12.0,1.1810144999388932
39960,5.0,15.0,1.5372373349001585
36112,5.0,25.0,2.5816685441328957
48855,5.0,15.0,1.285285473992909
19640,5.0,25.0,4.364051952018112
35086,5.0,18.0,0.5216067419996593
20295,5.0,12.0,0.6020169149688854
11867,5.0,14.0,0.07022771496998814
29939,5.0,22.0,1.8167325754385129
15569,5.0,22.0,1.790943845996737
37421,5.0,18.0,39.1364068105857
33275,5.0,18.0,19.85473417878282
15745,5.0,22.0,95.98473110346862
10823,5.0,14.0,23.56125636785788
22147,5.0,25.0,65.19573081582021
21063,5.0,22.0,81.18382399981726
46147,5.0,25.0,51.86321169588328
23511,5.0,25.0,47.32191874443457
37848,5.0,14.0,20.321319235857203
48920,5.0,18.0,8.454890920008829
4045,5.0,18.0,5.902063727975019
17157,5.0,22.0,9.83366571693352
24397,5.0,25.0,11.94652037757956
22015,5.0,25.0,13.687941896273564
43084,5.0,22.0,18.296618574752276
28148,5.0,25.0,13.705927371582248
15298,5.0,14.0,0.9060560400248505
18972,5.0,25.0,6.8715695441008755
5950,5.0,14.0,0.6409634189957636
14483,5.0,15.0,2.8271938040097737
28195,5.0,22.0,5.191306602656404
29607,5.0,22.0,0.32743891002176895
47604,5.0,14.0,0.5351345280215689
8332,5.0,14.0,0.4141190399960415
21486,5.0,25.0,0.32311113085140875
21187,5.0,12.0,0.9825816000426322
49504,5.0,15.0,2.525033401784146
28698,5.0,15.0,1.4471761539876908
38248,5.0,15.0,1.2132392100863267
992,5.0,25.0,3.4243817601470923
43498,5.0,14.0,0.2048664804461513
14162,5.0,15.0,0.9429965750219367
30180,5.0,14.0,0.3334109025481169
33872,5.0,18.0,0.48323970932132454
3802,5.0,25.0,1.5982299493480143
36063,5.0,18.0,0.14673854398476704
34080,5.0,25.0,0.8930838533478789
31486,5.0,15.0,0.049329700501046236
45470,5.0,12.0,66.12854930538094
8771,5.0,25.0,115.94407872008244
34399,5.0,25.0,90.4657618690062
37449,5.0,22.0,96.17669476604075
37626,5.0,5.0,3.328487765298661
24253,5.0,5.0,6.902600140977455
27500,5.0,22.0,84.20841668844153
37855,5.0,15.0,1.7225231621065404
38171,5.0,22.0,72.46973499989186
32432,5.0,5.0,5.827408383938661
5124,5.0,25.0,47.367946348983764
30740,5.0,22.0,63.48494687984899
29415,5.0,25.0,32.59900599489251
15193,5.0,22.0,46.851990985671264
37988,5.0,22.0,43.76910311181862
14530,5.0,25.0,37.85533800025678
1662,5.0,5.0,1.222870579411719
29315,5.0,22.0,37.85189918920586
30421,5.0,18.0,8.081984006457269
33697,5.0,5.0,0.7480983041871099
18904,5.0,15.0,13.205839421028926
5218,5.0,5.0,0.9987361209104293
23140,5.0,5.0,3.1859692001807858
24107,5.0,5.0,0.3957957120450928
14932,5.0,5.0,1.2242534197375505
7420,5.0,14.0,1.28822482013031
31488,5.0,25.0,16.685776810689916
44174,5.0,22.0,17.059482454249753
24691,5.0,14.0,0.8274243509557166
2094,5.0,14.0,0.8025430349704052
1811,5.0,14.0,0.6367316399365421
22037,5.0,22.0,7.668688214996319
34169,5.0,25.0,8.919299925286769
18396,5.0,25.0,4.6101857200076815
22428,5.0,14.0,0.5764670925187438
4855,5.0,14.0,0.36158842800386637
3497,5.0,14.0,0.35196049799681006
9323,5.0,25.0,5.892326261285119
43447,5.0,25.0,2.479636542005175
21893,5.0,25.0,0.6968418475252749
12142,5.0,15.0,0.8932597799573454
32785,5.0,25.0,3.333168410602175
28422,5.0,14.0,0.28422461517643427
43916,5.0,15.0,0.6930133590305356
9078,5.0,15.0,0.6596676769573264
20662,5.0,15.0,0.604437848965329
23520,5.0,22.0,1.4654949449842123
37917,5.0,22.0,1.5215086006787013
19479,5.0,22.0,1.3388249599932216
45087,5.0,22.0,0.7112130449983083
20371,5.0,22.0,0.20675942499424504
25297,5.0,22.0,0.01356513000197912
4623,5.0,18.0,16.854560192288687
26735,5.0,18.0,22.38391684810128
14232,5.0,18.0,12.200383704253838
11874,5.0,22.0,61.33144600054135
29392,5.0,18.0,3.250244954846039
13487,5.0,25.0,39.83837249022184
43635,5.0,25.0,36.61662446890256
48883,5.0,25.0,33.263639296179036
45012,5.0,25.0,32.620905023823575
48876,5.0,25.0,28.197747353592007
29013,5.0,22.0,27.715753996957694
9841,5.0,25.0,18.241209235648874
12215,5.0,14.0,0.8715954239529751
41432,5.0,25.0,7.934326800032441
35868,5.0,25.0,7.091437525376225
367,5.0,12.0,1.898600340023492
11266,5.0,25.0,5.221267584000072
49380,5.0,12.0,1.3819433700395543
15380,5.0,18.0,1.0120487680572712
49148,5.0,25.0,3.9717015093585832
10129,5.0,25.0,5.330962822648157
41668,5.0,25.0,4.419304703960334
45750,5.0,22.0,1.8269506743744222
19413,5.0,22.0,3.1458387230083327
35920,5.0,12.0,0.6271176900020592
43090,5.0,15.0,0.807495099025946
3864,5.0,15.0,0.5222567760371248
13076,5.0,22.0,1.7356461666611325
27628,5.0,12.0,0.36065442003241444
30250,5.0,22.0,0.34219866133110277
8165,5.0,18.0,16.530649559763475
6171,5.0,18.0,15.90820394816808
34400,5.0,22.0,91.06715871969269
635,5.0,18.0,7.223539567247428
32891,5.0,22.0,68.32533357338284
11727,5.0,18.0,11.098727799806866
28239,5.0,25.0,47.96801130245288
20171,5.0,22.0,46.40001628250653
45674,5.0,5.0,1.329911999659089
42361,5.0,14.0,2.9600270998858207
11061,5.0,25.0,28.378678425922175
14773,5.0,25.0,23.81699500595009
16873,5.0,25.0,17.330316962194956
20507,5.0,25.0,11.802918016148404
22781,5.0,15.0,0.39465180582471504
31030,5.0,25.0,6.60320723999666
30227,5.0,25.0,10.058078979755546
18425,5.0,15.0,1.8646131839878528
24322,5.0,15.0,2.710503062295956
4314,5.0,18.0,0.28456162664402385
48563,5.0,25.0,3.350576489998347
46976,5.0,25.0,2.787629894994512
11459,5.0,12.0,0.7322425499823542
12386,5.0,25.0,4.1499527199973265
37304,5.0,12.0,0.6727059749881228
40302,5.0,22.0,4.244490218664895
1342,5.0,25.0,1.2093999106847608
2745,5.0,25.0,1.077565072005477
7019,5.0,25.0,1.8484130304046902
8651,5.0,18.0,0.18398038399614913
45972,5.0,25.0,0.848149099999715
997,5.0,12.0,0.07919400000034704
48390,5.0,25.0,0.3374593450616028
20239,5.0,22.0,0.13896210334008863
23661,5.0,22.0,141.15857295796556
2193,5.0,22.0,116.385185357187
7276,5.0,22.0,103.57070736561349
5209,5.0,25.0,65.29117227951198
37276,5.0,18.0,15.202664901428918
6424,5.0,25.0,65.45624060113401
20945,5.0,25.0,60.09787516450153
32167,5.0,5.0,3.0447059522717552
16316,5.0,25.0,55.32002446678496
12019,5.0,25.0,44.574511079553886
31762,5.0,25.0,42.91400159948694
10333,5.0,25.0,39.90368514416987
13527,5.0,25.0,40.003387981481524
26907,5.0,14.0,3.2652589556464875
26262,5.0,18.0,3.695862468194953
34689,5.0,25.0,25.45890604913695
34026,5.0,25.0,21.24974293310452
1798,5.0,25.0,19.329010015847786
7598,5.0,5.0,0.3274091880473975
2487,5.0,14.0,1.0612256500176613
1114,5.0,18.0,1.0129929601645067
21650,5.0,22.0,10.614799806592153
18576,5.0,12.0,4.02452601634333
11055,5.0,22.0,17.774507234005974
30702,5.0,22.0,9.369638659949622
38941,5.0,25.0,7.86431363193406
29480,5.0,14.0,0.6098344320359494
8612,5.0,12.0,1.6740951375364652
40409,5.0,25.0,8.394751355608363
8684,5.0,18.0,0.5152920199996771
41304,5.0,18.0,0.40508154316642475
10731,5.0,12.0,1.3403723701223633
20854,5.0,14.0,0.38631707004132565
16518,5.0,22.0,7.681332071932712
23983,5.0,14.0,0.3416639850362273
3969,5.0,12.0,1.0650028799971096
17586,5.0,15.0,1.348311044953462
5479,5.0,25.0,5.13969454070555
46498,5.0,22.0,4.142507030968797
48253,5.0,14.0,0.26207196751365913
39525,5.0,22.0,3.048793465640105
16475,5.0,25.0,2.553324183974464
7742,5.0,25.0,3.875063974376319
26983,5.0,25.0,2.0344609874775665
44917,5.0,25.0,1.6328243099855504
25976,5.0,12.0,0.2786793600423021
721,5.0,12.0,0.45955855207791174
7314,5.0,15.0,0.16623305249683495
26018,5.0,25.0,0.28090186667183925
4536,5.0,22.0,0.18748134000241068
12846,5.0,25.0,91.43138250152023
10587,5.0,5.0,17.582665600857467
27204,5.0,25.0,63.64721003954968
43387,5.0,25.0,58.09082968309875
28003,5.0,25.0,55.398581614538585
33969,5.0,5.0,7.896608799720553
19081,5.0,15.0,33.460676617652126
17565,5.0,5.0,1.055579595750217
11217,5.0,22.0,29.749899820583785
31949,5.0,5.0,0.8971221332894856
8823,5.0,22.0,33.20162287973068
31756,5.0,25.0,14.056560648675152
35625,5.0,22.0,24.322475014212017
4908,5.0,14.0,1.2035732279208844
13693,5.0,5.0,0.045135799993154535
3098,5.0,25.0,15.754823413205386
4362,5.0,15.0,3.7723513599877734
4925,5.0,18.0,3.9279924000163327
13232,5.0,14.0,1.021310253942893
45294,5.0,22.0,12.946391771884702
18196,5.0,15.0,2.8810115520251713
36017,5.0,18.0,1.5019344568441504
49661,5.0,18.0,0.8573394240305117
16943,5.0,15.0,2.022969123013379
16446,5.0,14.0,0.4188804419725969
9039,5.0,15.0,1.7199017009676503
46436,5.0,22.0,6.426352838427711
24650,5.0,15.0,1.3360992599981358
46474,5.0,15.0,1.2723341000103403
8239,5.0,12.0,0.8433838650299208
16885,5.0,14.0,0.2567542499679316
49900,5.0,14.0,0.23046040800190148
5583,5.0,14.0,0.1628865039789371
28151,5.0,25.0,2.0603810999767047
37121,5.0,22.0,3.554036799975046
22422,5.0,14.0,0.08122265998134637
45150,5.0,25.0,1.9400369316890274
29884,5.0,18.0,0.22309689365157315
21709,5.0,25.0,0.0727922000036123
30108,5.0,14.0,14.332261535321834
38254,5.0,18.0,18.73664566085469
19489,5.0,22.0,111.68245190455815
34862,5.0,18.0,15.72914794190433
45132,5.0,25.0,86.30575519193783
8515,5.0,22.0,82.19974269527708
24768,5.0,15.0,25.601058119308618
31703,5.0,25.0,54.498929016850255
28916,5.0,22.0,65.3836167393555
360,5.0,12.0,14.644253135794713
42672,5.0,25.0,49.62849574319574
35043,5.0,25.0,34.41198800593817
46683,5.0,18.0,5.370633920130288
34760,5.0,25.0,35.78990521983759
6861,5.0,14.0,1.7476344551122338
18289,5.0,25.0,31.86716013427356
33902,5.0,25.0,19.427164859888677
35951,5.0,18.0,5.129746655853197
29424,5.0,18.0,0.1842660975980266
10628,5.0,22.0,13.547353862485778
26266,5.0,22.0,14.440521852832347
22177,5.0,12.0,2.6990378849478205
39764,5.0,12.0,2.608466249945593
19161,5.0,25.0,9.393041395103062
48002,5.0,12.0,2.4210244875062443
8331,5.0,25.0,12.69558033371219
34765,5.0,12.0,2.212921199972058
9583,5.0,12.0,0.04680187490870935
16413,5.0,25.0,10.78060902004437
41840,5.0,25.0,3.404705673354812
36713,5.0,12.0,1.0560901799901856
7232,5.0,22.0,3.604517326669839
46868,5.0,12.0,0.9715952999880919
15982,5.0,25.0,2.853823513988069
36697,5.0,25.0,2.831392256004108
4878,5.0,18.0,0.9702267263971178
4753,5.0,22.0,0.577456302002076
41692,5.0,12.0,0.24464527500819333
43647,5.0,12.0,0.23214386999547276
48137,5.0,22.0,0.3016859253186457
48042,5.0,15.0,0.1661904059936541
49918,5.0,12.0,0.11254331999660705
12364,5.0,12.0,0.05086019999181257
17757,5.0,22.0,114.30315187319164
42229,5.0,18.0,16.482932581606946
41351,5.0,5.0,6.105361679429166
30443,5.0,25.0,83.0526265102427
44907,5.0,22.0,82.56900724517817
873,5.0,25.0,62.98311328038349
18473,5.0,25.0,56.706532293451716
4596,5.0,18.0,6.69011889044873
5872,5.0,22.0,52.5886536676518
21615,5.0,25.0,48.52940952059238
1159,5.0,5.0,0.07275497602830683
26304,5.0,22.0,45.338050083453155
9152,5.0,25.0,42.93242113222131
18533,5.0,25.0,37.355582029310824
46593,5.0,22.0,22.948784176101398
23177,5.0,25.0,19.092481869558277
38353,5.0,12.0,5.889388799969268
49343,5.0,22.0,12.455562989078928
30432,5.0,25.0,12.589538813086968
5186,5.0,22.0,4.324866346660951
11966,5.0,25.0,7.724905277467201
1285,5.0,15.0,3.007046596017261
32482,5.0,12.0,3.4969209600917495
21197,5.0,25.0,1.844989419241145
7749,5.0,22.0,12.46253770247468
37101,5.0,12.0,1.5313111049537902
4644,5.0,12.0,1.5498221025143302
14584,5.0,25.0,0.47631318008618706
26725,5.0,22.0,4.291434104861793
25445,5.0,22.0,3.4454671224473046
4133,5.0,12.0,1.082705519962591
26775,5.0,18.0,1.0204239279957399
37028,5.0,12.0,0.8401034999968697
4107,5.0,25.0,0.0069747733841012405
13197,5.0,12.0,0.8130911250077144
23697,5.0,22.0,2.6775234940044896
26579,5.0,15.0,0.6989495360243332
37614,5.0,14.0,0.0820726260011524
4936,5.0,25.0,1.2122907179955034
15205,5.0,12.0,0.3191295000134087
10620,12.0,15.0,0.027895575003636264
29133,5.0,25.0,121.54166107299204
18578,5.0,25.0,111.15208935215765
39158,5.0,5.0,1.5024058358540344
45824,5.0,5.0,0.18296809914811263
27182,5.0,12.0,9.44631523183719
23406,5.0,25.0,25.4878936841922
25377,5.0,18.0,7.2328625599068275
385,5.0,18.0,3.9129179092481863
257,5.0,22.0,20.940456855843316
14732,5.0,15.0,6.176328220648074
2571,5.0,15.0,3.636228889917753
47814,5.0,25.0,13.529643392048275
30811,5.0,25.0,10.191405188707922
6102,5.0,25.0,7.421219928024893
40417,5.0,25.0,1.7614452900521442
1974,5.0,15.0,2.336409295971599
21329,5.0,22.0,4.509653528948629
19857,5.0,14.0,0.44092053198034264
23031,5.0,22.0,0.761052929028903
27478,5.0,15.0,1.7470999679653403
30312,5.0,22.0,4.646753628627513
27413,5.0,14.0,0.32865486998310445
10948,5.0,15.0,1.561260331991388
19128,5.0,22.0,6.412385323989884
30476,5.0,15.0,1.1652850829771761
9433,5.0,15.0,0.9903416479930236
23275,5.0,14.0,0.12196712948144395
340,5.0,18.0,0.40886556499097537
17684,5.0,15.0,0.6818260939388807
12358,5.0,15.0,0.39925074399312876
39722,5.0,22.0,1.3559367820123494
43684,5.0,25.0,0.641768766014513
38801,5.0,5.0,20.255536434484213
11415,5.0,5.0,13.391500031647013
15831,5.0,5.0,6.312703600416313
32430,5.0,5.0,19.281853440015993
6875,5.0,5.0,8.517153024198393
11724,5.0,5.0,5.407396266271462
29618,5.0,22.0,69.30767243701783
24022,5.0,5.0,7.745702399986243
46938,5.0,18.0,12.194114965140727
1456,5.0,14.0,20.267809631698213
37873,5.0,18.0,4.705184116704672
6230,5.0,5.0,5.4374299107883814
35606,5.0,22.0,37.975285518679705
34818,5.0,5.0,0.7000614240154306
39412,5.0,22.0,31.775565887854157
40821,5.0,5.0,0.64805208747471
24623,5.0,5.0,1.4802577440244278
48632,5.0,5.0,5.288516208003102
44758,5.0,25.0,21.483353623400205
26194,5.0,14.0,1.240053240028253
18996,5.0,14.0,5.8586375871584835
44726,5.0,25.0,7.831764662644501
47210,5.0,22.0,14.963690493658625
9642,5.0,15.0,3.0969028199983555
21745,5.0,5.0,0.1580947968220059
10383,5.0,12.0,1.5122285850229389
1482,5.0,14.0,0.929308032030562
16753,5.0,15.0,2.0206433700018387
45740,5.0,25.0,7.502817558363873
23294,5.0,25.0,7.384093749299094
25819,5.0,14.0,0.32466773250301983
317,5.0,25.0,5.444916501353253
10075,5.0,15.0,1.2953024264698758
4723,5.0,5.0,1.8133560000844362
34667,5.0,15.0,1.2297552419996673
27265,5.0,25.0,2.1937727799873503
17255,5.0,25.0,2.0231865899945998
31452,5.0,18.0,0.4522632099922479
8177,5.0,25.0,1.765449839993673
16641,5.0,15.0,1.1241051647618576
15264,5.0,15.0,0.6739139370160228
1497,5.0,14.0,0.0977319719985843
29374,5.0,15.0,0.48275998048936586
1358,5.0,15.0,0.41026620000415903
48308,5.0,25.0,1.061347907481085
38068,5.0,25.0,1.0431215850027424
5196,5.0,14.0,0.024571642484614742
29340,5.0,15.0,0.4021722319750367
8328,5.0,25.0,1.020199935994036
10403,5.0,15.0,0.20732115999046918
22092,5.0,15.0,0.16716205199701184
14933,5.0,22.0,0.6777839173302818
24458,5.0,22.0,0.3391551499940284
31886,5.0,15.0,0.05158604999839822
5912,5.0,22.0,128.49673848974416
2171,5.0,5.0,1.0999064168387918
4312,5.0,25.0,62.4712367510721
11682,5.0,12.0,9.955243848189752
6056,5.0,22.0,66.04189239175298
24940,5.0,22.0,66.34765261464464
41708,5.0,5.0,0.016115199759639154
5164,5.0,22.0,57.534452016249645
35271,5.0,25.0,43.14880581571043
30825,5.0,22.0,48.00753023998955
10707,5.0,25.0,35.90375301699824
41031,5.0,25.0,26.927945971984457
32927,5.0,18.0,2.5022608800037816
34713,5.0,5.0,0.02866625281720303
13683,5.0,5.0,1.0645718395378054
17652,5.0,25.0,15.40175787992203
27602,5.0,15.0,3.6892239601432024
25446,5.0,25.0,6.955375679889585
5336,5.0,25.0,3.999183790490928
19262,5.0,25.0,3.2459374046723397
25579,5.0,25.0,3.9380755816781505
47145,5.0,14.0,0.5570704800922215
33331,5.0,22.0,7.058510246211103
4376,5.0,22.0,10.045126754275836
1326,5.0,25.0,5.273879941298894
8029,5.0,12.0,1.2568397925348975
17767,5.0,25.0,2.2196616633433095
11460,5.0,25.0,1.1312520863848796
47439,5.0,12.0,0.6819830400358491
2781,5.0,12.0,0.6988588500446156
12355,5.0,25.0,0.2734411333368181
66,5.0,12.0,0.5588657400080539
28468,5.0,12.0,0.5501918999810727
886,5.0,12.0,0.4872099000043626
23811,5.0,12.0,0.3475638750141208
4827,5.0,18.0,0.2016679530024521
8607,5.0,14.0,0.006448920003684577
48724,5.0,12.0,0.20383950000442663
31112,5.0,12.0,0.11288997750320817
8501,5.0,15.0,0.10802286002268557
39227,5.0,22.0,94.35263835553539
27502,5.0,18.0,7.840719242283797
6157,5.0,18.0,5.672660811916998
23810,5.0,18.0,1.5689604877543104
3056,5.0,5.0,2.490560496132588
32222,5.0,25.0,39.99164987028958
36844,5.0,5.0,0.04072618564393338
14615,5.0,22.0,30.751697197093854
10219,15.0,15.0,1.0124208644089379
32478,5.0,25.0,28.895917915641533
21523,5.0,22.0,37.599616614401086
45518,5.0,22.0,35.13522677095951
7051,5.0,15.0,8.174880195712035
7897,5.0,15.0,7.883591692693088
15162,5.0,25.0,10.441390671514863
11951,5.0,14.0,0.7668129359727232
13790,5.0,25.0,14.767279296089267
13864,5.0,25.0,8.595461399999856
20909,5.0,25.0,8.053939234618102
14852,5.0,25.0,10.86969810390767
36236,5.0,22.0,12.741404783935181
28901,5.0,12.0,1.2892817549670177
14274,5.0,12.0,1.1082409499974482
25440,5.0,25.0,5.545466532508026
13007,5.0,12.0,0.8197184099741541
5139,5.0,25.0,1.551980980042754
7600,5.0,25.0,0.9701733300375928
47570,5.0,15.0,0.6815064249985561
22527,5.0,25.0,2.9981498879764867
31293,5.0,25.0,0.5575879206857159
26213,5.0,14.0,0.0436103549694975
48000,5.0,22.0,1.3916935416691523
28129,5.0,14.0,0.009597473974939597
35126,5.0,12.0,0.22177533000162075
1893,5.0,25.0,0.6286722439965287
16267,5.0,12.0,0.11572967998285888
2060,5.0,12.0,0.10055639997518684
1790,5.0,15.0,0.013726127988913595
2678,5.0,22.0,147.22304432040474
7784,5.0,18.0,48.35936256887689
45617,5.0,22.0,111.22774217824926
6647,5.0,25.0,76.74630489538427
3236,5.0,25.0,61.77329809055395
2294,5.0,18.0,17.53694757620454
26238,5.0,5.0,2.4961609731588226
13669,5.0,5.0,3.623691840460282
49474,5.0,25.0,45.522580895525266
46972,5.0,15.0,12.646622240190425
32763,5.0,18.0,8.153655317288525
49066,5.0,25.0,37.56015460769986
5693,5.0,12.0,2.760484800228795
12144,5.0,25.0,23.871108192270782
9860,5.0,25.0,23.78567604480407
20503,5.0,18.0,6.00675052789132
5309,5.0,22.0,19.94975296761197
5046,5.0,14.0,1.1566170959834636
33887,5.0,15.0,3.5000466239655736
33531,5.0,18.0,0.015323047161388104
8049,5.0,12.0,2.240170994958369
22864,5.0,22.0,8.928843369966833
10079,5.0,25.0,5.0249549999425405
28059,5.0,25.0,4.843979662994002
34235,5.0,14.0,0.4178126044508552
25396,5.0,25.0,4.21147278741962
37673,5.0,14.0,0.37531672642324665
49128,5.0,25.0,3.7069876980005994
22356,5.0,14.0,0.2691714809730321
6252,5.0,14.0,0.2865968580044722
26219,5.0,14.0,0.2271595319625721
4698,5.0,22.0,4.265488780712442
41780,5.0,25.0,3.4037561600467985
35345,5.0,25.0,3.101445359935087
4831,5.0,25.0,1.7391849370297496
48160,5.0,15.0,0.6874520279803118
31975,5.0,25.0,1.3086323382925595
1084,5.0,14.0,0.034582286996228895
24274,5.0,22.0,1.5882974719850655
17202,5.0,25.0,0.49446200998472545
41322,5.0,25.0,0.04339650666010053
3486,5.0,22.0,0.12037062499811624
20130,5.0,5.0,4.777754586445383
22110,5.0,5.0,2.8402536896823563
38689,5.0,25.0,68.51083487617056
8416,5.0,5.0,31.81203276793684
23780,5.0,22.0,77.38773054398426
38840,5.0,5.0,2.2503531520223987
5220,5.0,18.0,14.24244931992149
43037,5.0,14.0,10.420576367990407
12097,5.0,25.0,46.31764851188801
8206,5.0,14.0,3.0569738496423327
849,5.0,5.0,0.9838002334481502
31997,5.0,5.0,17.062349759846853
16398,5.0,5.0,3.273680102308461
19412,5.0,25.0,30.728147488202723
17621,5.0,22.0,41.254302208264534
22018,5.0,18.0,3.874626333069571
16792,5.0,14.0,16.350750989064636
18191,5.0,25.0,19.98637820809975
38581,5.0,5.0,0.8436185600321906
39567,5.0,14.0,1.2533487103981429
41826,5.0,5.0,0.11949321603115948
30741,5.0,5.0,0.4320798998346653
30828,5.0,18.0,6.227806007859513
10879,5.0,5.0,2.1386826665909915
32783,5.0,18.0,2.1961191152333193
15290,5.0,15.0,2.763319627044222
17942,5.0,22.0,13.171144243252943
37383,5.0,22.0,11.778877555128659
6261,5.0,25.0,5.586253939520663
9059,5.0,12.0,1.4089191600575681
18420,5.0,14.0,0.3688448395402446
18685,5.0,25.0,3.3926132880170767
37029,5.0,15.0,1.337417820015915
5779,5.0,15.0,1.28203701091525
40986,5.0,25.0,4.994462208002428
38265,5.0,25.0,2.3369887500134574
28614,5.0,14.0,0.1526187795277174
27083,5.0,18.0,0.5024849174960213
23444,5.0,15.0,0.8257758799992576
28029,5.0,15.0,0.7210500900309338
19410,5.0,22.0,3.6613279999587345
35213,5.0,14.0,0.08774972802027747
26554,5.0,25.0,2.5435400000283455
47780,5.0,15.0,0.5628162999501196
12121,5.0,18.0,0.26393429399287616
24031,5.0,25.0,0.7697664000074265
27718,5.0,22.0,0.8285534800042016
49529,5.0,18.0,30.610971600025408
25210,5.0,25.0,73.0357062583796
26323,5.0,5.0,0.5259915361846197
48169,5.0,25.0,47.87439489900106
36987,5.0,18.0,8.865597664027533
15994,5.0,25.0,46.66097718392257
10845,5.0,25.0,37.36491079993469
49949,5.0,18.0,4.256646229875344
33053,5.0,14.0,0.4712949115587719
19195,5.0,25.0,38.62232534407755
3209,5.0,25.0,27.146117682219177
22790,5.0,22.0,31.438805850121476
19694,5.0,25.0,15.829545555269043
32143,5.0,22.0,15.192698300087201
46817,5.0,22.0,15.507210259105207
43299,5.0,14.0,0.7958954111010854
17681,5.0,25.0,6.1262053680460244
12038,5.0,14.0,0.5861088899934117
16078,5.0,22.0,8.127082649633856
24331,5.0,14.0,0.5718040840349943
22414,5.0,12.0,1.5912665625421383
41519,5.0,25.0,4.1578683440081665
23059,5.0,22.0,3.3479102293490204
41719,5.0,22.0,0.2181605519166947
26675,5.0,22.0,0.6102488960075414
40020,5.0,12.0,0.4255378500150755
43876,5.0,12.0,0.2178487200100685
32876,5.0,15.0,0.2532420899980101
38947,5.0,25.0,0.69273824000609
14241,5.0,25.0,1.0674969256074105
20308,5.0,15.0,0.08185348199961506
41088,5.0,18.0,19.213967328382495
15427,5.0,18.0,14.845240063763072
33304,5.0,25.0,85.9211018430695
11149,5.0,5.0,0.21932313570033557
34072,5.0,25.0,80.25649635855831
3338,5.0,12.0,20.912856095113796
18084,5.0,12.0,15.500225136382141
5132,5.0,22.0,63.97583931200877
48003,5.0,22.0,62.06827754629698
6480,5.0,18.0,10.24996873383273
14016,5.0,18.0,2.7543673733898544
30122,5.0,25.0,48.464505434189945
28246,5.0,22.0,49.13809065138966
10785,5.0,25.0,45.569319641533525
16539,5.0,5.0,2.797526682064216
18799,5.0,12.0,6.980784096021097
1596,5.0,25.0,28.077258024195267
41700,5.0,25.0,18.777556964168028
35245,12.0,5.0,3.663687075141489
8229,5.0,25.0,4.415079840025584
32642,5.0,22.0,13.539130199798691
25684,5.0,25.0,4.357892615940205
42972,5.0,25.0,8.203893739145165
32627,5.0,15.0,2.5011196600685146
27079,5.0,25.0,9.93559600344587
21659,5.0,12.0,1.3280925000669868
29983,5.0,12.0,1.022766959985539
1902,5.0,12.0,0.9537902400560121
5604,5.0,22.0,5.419395393404598
38310,5.0,22.0,1.5801961847780515
4232,5.0,14.0,0.16459653100463711
42230,5.0,15.0,0.6989231350311744
30331,5.0,12.0,0.3766668375307267
23057,5.0,12.0,0.3532163250227818
27236,5.0,22.0,128.14694146158493
12219,5.0,18.0,30.05065132274757
4134,5.0,5.0,3.2538879994064587
30090,5.0,25.0,91.23878223328131
5694,5.0,25.0,72.87910684757261
39132,5.0,5.0,1.1956253440328055
19868,5.0,15.0,12.02459323063249
19784,5.0,22.0,73.5108892110806
9702,5.0,25.0,48.96262260338885
21410,5.0,14.0,7.34910979224253
11434,5.0,22.0,67.31333835637881
12141,5.0,15.0,35.84135278587971
42967,5.0,25.0,38.629256380456894
39861,5.0,18.0,5.20172908838353
36097,5.0,14.0,4.290740812579543
5082,5.0,18.0,6.93437330937315
38039,5.0,22.0,24.635292703783946
25634,5.0,15.0,15.82198238871112
35447,5.0,12.0,0.3017972634014825
48043,5.0,25.0,18.877135933510502
4207,5.0,22.0,15.313969981480376
8795,5.0,18.0,2.5467877877722955
23175,5.0,22.0,13.836104910229714
48626,5.0,22.0,13.12503598729758
27939,5.0,22.0,15.056524900042234
7721,5.0,25.0,9.246151731003586
29445,5.0,12.0,2.367388109831552
33843,5.0,22.0,7.273319948893956
18200,5.0,22.0,10.65145475201323
19029,5.0,15.0,3.0298658699985097
35799,5.0,22.0,1.8788036169541407
17043,5.0,22.0,6.364665791889895
28121,5.0,15.0,2.1778944059627996
40935,5.0,22.0,2.9782525524534442
11848,5.0,14.0,0.45572947505721473
19779,5.0,22.0,8.78899033753335
7361,5.0,22.0,1.7957451839662184
6359,5.0,22.0,4.172461986007061
38794,5.0,14.0,0.3282606165587545
4489,5.0,22.0,0.8487831455790413
8597,5.0,25.0,2.9382831419809428
18298,5.0,25.0,0.13611403945064637
39824,5.0,14.0,0.2060463600821123
41583,5.0,25.0,1.7169977759073376
48319,5.0,14.0,0.13144392005872518
17791,5.0,14.0,0.11229613206098676
44497,5.0,25.0,1.7429451859854463
6561,5.0,14.0,0.0907224480085258
16058,5.0,15.0,0.6613027200242314
22984,5.0,15.0,0.6260521200252231
4690,5.0,15.0,0.5029909185037633
6456,5.0,14.0,0.058250610019491056
3638,5.0,25.0,0.24325787366772644
45025,5.0,12.0,0.27971201994354367
40952,5.0,14.0,0.014596479996717093
31843,5.0,25.0,0.2745544649969094
855,5.0,5.0,12.749642495920625
49815,5.0,22.0,91.16228727004469
13874,5.0,25.0,59.64583886383696
7393,5.0,5.0,3.2500500479260097
32864,5.0,5.0,1.5353443836035296
44797,5.0,5.0,1.2637911550748697
48822,5.0,15.0,14.210081539278747
4461,5.0,25.0,31.70090018034424
24515,5.0,25.0,22.646881333317445
1585,5.0,18.0,0.8288283332754389
40119,5.0,25.0,23.02024304234115
16701,5.0,12.0,3.000920070054903
44311,5.0,22.0,19.236508224069244
25999,5.0,25.0,8.283405038986775
28481,5.0,15.0,3.233385632003916
26731,5.0,14.0,0.7462191001145158
46252,5.0,14.0,0.7260866670193273
39505,5.0,22.0,7.7468924100125385
18406,5.0,15.0,2.0468995490020276
5380,5.0,14.0,0.4053904880243593
29580,5.0,22.0,5.051988712648393
8429,5.0,15.0,1.3200709379783397
28263,5.0,18.0,1.4073503946557544
38952,5.0,14.0,0.26646325208456645
48704,5.0,12.0,0.8418947250151305
22758,5.0,22.0,3.7282464175043994
22830,5.0,22.0,3.6356992960314765
6904,5.0,22.0,3.4742637600096122
27923,5.0,18.0,0.6436033866843864
3406,5.0,14.0,0.17448143004224903
19499,5.0,22.0,2.9295911970088806
10114,5.0,15.0,0.8839971299955458
6882,5.0,14.0,0.1511110559882809
47628,5.0,15.0,0.863359791020061
24667,5.0,25.0,1.8560548499967586
41151,5.0,22.0,2.2498232547823473
39055,5.0,15.0,0.6159444249963641
31345,5.0,22.0,1.7272805100067008
1543,5.0,14.0,0.03733585204650591
40818,5.0,18.0,0.5224166103911161
34907,5.0,22.0,1.109293375999917
28773,5.0,22.0,0.17767265816860212
40500,5.0,25.0,84.14034473612477
35455,5.0,22.0,84.1356887813741
30475,5.0,15.0,14.857199256250027
8686,5.0,5.0,0.05793672501359026
13125,5.0,12.0,7.732864884365654
36746,5.0,5.0,0.6006220558226119
34665,5.0,18.0,0.3911544843105901
3064,5.0,22.0,16.382542841309267
6076,5.0,25.0,17.232205474577448
21812,5.0,25.0,15.125142371373794
6300,5.0,25.0,4.130683973255584
38041,5.0,25.0,9.157990884468639
39450,5.0,25.0,3.351056765515221
27213,5.0,25.0,0.7005960640082733
31598,5.0,14.0,0.2441139660601639
43550,5.0,25.0,4.1676566003179705
44369,5.0,12.0,0.4299046949986849
23362,5.0,25.0,0.9257056524812968
14525,5.0,22.0,1.806665930115682
1833,5.0,5.0,1.4437000002415346
5734,5.0,22.0,97.59444810884608
2821,5.0,22.0,100.10584879980888
45807,5.0,22.0,94.86608094760078
20045,5.0,18.0,11.26473495944984
29751,5.0,5.0,0.015069466822652089
1881,5.0,18.0,5.366812086283005
46634,5.0,22.0,60.22066039724285
44767,5.0,18.0,3.701889834699813
43233,5.0,18.0,3.6748256172847533
2492,5.0,12.0,12.845386560769185
34164,5.0,25.0,33.77229519357003
23969,5.0,25.0,33.1942913473749
27569,5.0,12.0,1.4189506321592518
7230,5.0,25.0,24.230718357410638
22060,5.0,25.0,23.410617120018124
3465,5.0,25.0,22.366437360116805
16877,5.0,12.0,5.486851775866569
8685,5.0,25.0,19.89121995209257
3770,5.0,18.0,5.296969024267838
17112,5.0,18.0,0.4545505584002072
3897,5.0,25.0,16.85666684164854
47906,5.0,25.0,15.78163560953719
24357,5.0,25.0,14.413762654449421
46076,5.0,22.0,16.49440800969367
9421,5.0,25.0,9.83510166875331
2480,5.0,12.0,0.8518191600691054
31755,5.0,15.0,2.3589782399593773
4313,5.0,25.0,2.972622079996519
46566,5.0,15.0,0.35615001003023394
29764,5.0,25.0,3.429536842677731
42457,5.0,22.0,5.281993423497745
20144,5.0,12.0,1.0749000000025148
15344,5.0,25.0,3.7640596143843705
24474,5.0,15.0,1.4305277459712755
38698,5.0,25.0,2.5502858800094064
4441,5.0,22.0,4.679750239942438
2693,5.0,25.0,1.374306648000342
26277,5.0,15.0,0.36224177999031504
9255,5.0,15.0,0.38734817250505316
9092,5.0,12.0,0.5594132999871881
34195,5.0,25.0,1.168880826680228
14588,5.0,12.0,0.49415294999796977
38731,5.0,25.0,1.2796912853337146
27341,5.0,25.0,0.16440551040195572
23402,5.0,18.0,11.934893164247455
40811,5.0,18.0,16.02352001638846
30939,5.0,18.0,17.932172140288642
23776,5.0,18.0,2.179108947468464
37900,5.0,18.0,1.8190460027498148
31711,5.0,22.0,53.532420182382666
15658,5.0,22.0,52.60692220797897
4770,5.0,25.0,35.38097012472379
25663,5.0,22.0,46.5323142464171
1448,5.0,18.0,9.407842609592755
23581,5.0,15.0,17.267839190542546
17326,5.0,22.0,29.749785691943806
22113,5.0,25.0,16.66568198413716
10858,5.0,22.0,20.747452599935393
25845,5.0,25.0,15.051671347057919
11828,5.0,25.0,15.43588830933487
16071,5.0,5.0,0.9543803840012544
27361,5.0,14.0,1.0036652639891912
32382,5.0,18.0,2.732264951860259
25474,5.0,25.0,7.683210743978652
45964,5.0,22.0,15.469143359831694
35474,5.0,15.0,3.405926589036312
1410,5.0,15.0,3.2756440950078627
33208,5.0,25.0,6.898757941673264
37215,5.0,22.0,8.026142249924325
15963,5.0,25.0,6.731010684012267
7642,5.0,12.0,1.8708438000403262
48801,5.0,18.0,0.15566113271312787
28727,5.0,25.0,4.8181230283299215
47875,5.0,25.0,4.563757776011167
14834,5.0,22.0,4.700085573279138
11345,5.0,25.0,3.7637850750112154
17881,5.0,15.0,1.6910442640091716
47914,5.0,25.0,3.3187783099924397
7302,5.0,25.0,3.8557048319606384
49933,5.0,25.0,3.6834439893277544
45395,5.0,25.0,2.1403806666721277
37987,5.0,25.0,3.528140641617231
1939,5.0,25.0,1.2952254359997988
19052,5.0,25.0,1.2674664374817919
8553,5.0,12.0,0.1734779999792755
44938,5.0,18.0,0.05997288249505117
36671,5.0,22.0,0.25193194999871493
19855,5.0,12.0,1.2810008360730762e-05
10045,5.0,25.0,107.15381924569073
20106,5.0,5.0,6.119051656631484
47119,5.0,5.0,4.862726400107363
29578,5.0,5.0,15.284009471647153
2047,5.0,25.0,78.84875223371515
2125,5.0,14.0,41.56552987214803
14068,5.0,5.0,6.41717884778987
46007,5.0,5.0,5.368362018977422
24918,5.0,5.0,5.0288381973846015
17149,5.0,5.0,2.4017243304345186
33528,5.0,25.0,59.62075824033644
13206,5.0,22.0,68.23125379649886
957,5.0,15.0,20.17656999955105
15109,5.0,25.0,49.64378667577539
17382,5.0,15.0,13.533132479794773
38209,5.0,5.0,12.739453091818461
43678,5.0,18.0,9.708453983815119
6620,5.0,5.0,2.756372462696959
2653,5.0,5.0,0.437188200045469
8149,5.0,22.0,30.435583452719456
32568,5.0,5.0,1.321425753557648
32837,5.0,5.0,3.82842428182515
28266,5.0,5.0,2.367502387157785
24625,5.0,14.0,1.0898559949553714
12659,5.0,18.0,4.20950851831488
19142,5.0,5.0,0.6880114177473331
28286,5.0,5.0,0.58631244798935
560,5.0,5.0,0.5234181119953831
41164,5.0,25.0,1.865371389020698
3025,5.0,14.0,0.48963484598045426
34918,5.0,14.0,0.4035672000689985
2750,5.0,14.0,0.46806195194866973
29448,5.0,25.0,6.148113726665095
17990,5.0,25.0,1.9173740400168349
1436,5.0,15.0,2.237223208980936
20597,5.0,12.0,0.7607792999867566
24932,5.0,15.0,1.0185024719695246
30792,5.0,22.0,3.3174493333552846
15668,5.0,22.0,2.237133479990849
34921,5.0,18.0,0.7013065087689325
30222,5.0,22.0,3.4330871039801707
35598,5.0,15.0,0.5301465089636253
31319,5.0,22.0,1.813926911989543
5689,5.0,25.0,2.113388937637948
40124,5.0,15.0,0.41280806397282976
14214,5.0,15.0,0.3732356219751214
11131,5.0,15.0,0.3137008440229252
46737,5.0,25.0,90.00075181011422
36229,5.0,25.0,75.86962656028808
16772,5.0,12.0,16.138098192204325
15107,5.0,22.0,67.05991272009939
16498,5.0,25.0,44.179160801907955
34022,5.0,5.0,0.0584828179408845
3043,5.0,12.0,12.926081999915453
39724,5.0,15.0,12.152381272111995
14636,5.0,25.0,30.036955968123394
20506,5.0,5.0,0.1716696576003045
13311,5.0,22.0,23.86899858547529
13895,5.0,22.0,22.078276212010195
28732,5.0,25.0,15.438353895586552
41889,5.0,5.0,0.19394268002737647
31026,5.0,12.0,4.972371599927186
15513,5.0,12.0,0.154482960004394
13568,5.0,25.0,2.762329020040159
16514,5.0,25.0,5.804755800002127
27551,5.0,25.0,5.19225542810759
16694,5.0,15.0,1.8125213219797942
37174,5.0,14.0,0.3683892419624861
42441,5.0,22.0,1.5362414431055171
19010,5.0,15.0,1.337737114471933
43978,5.0,22.0,1.903806747497546
28666,5.0,14.0,0.1449221359792805
24285,5.0,22.0,2.133925171187556
13404,5.0,22.0,0.4885692411445306
6397,5.0,14.0,0.013458659991427702
45449,5.0,5.0,1.6838537382321306
45774,5.0,25.0,74.70926552763191
37929,5.0,25.0,53.9349158188399
49334,5.0,5.0,2.998493135880949
27223,5.0,5.0,4.317861939383704
25268,5.0,5.0,2.7643261440948663
12469,5.0,15.0,15.617780141015658
746,5.0,18.0,1.2697106398982498
7925,5.0,25.0,27.09608789274496
18637,5.0,25.0,20.979228397510788
22940,5.0,22.0,28.084228021838392
47242,5.0,22.0,22.75354344929493
43102,5.0,12.0,5.174475743764177
13725,5.0,25.0,13.914972361426706
7320,5.0,12.0,1.1597132999743849
20748,5.0,12.0,2.4459411000412388
16042,5.0,22.0,2.925666120040969
4062,5.0,25.0,6.299262534364935
13802,5.0,22.0,8.76876147645152
34966,5.0,22.0,0.1664840639829972
2269,5.0,15.0,1.7165278400043924
42493,5.0,12.0,0.04575825750383089
11857,5.0,25.0,0.02866801898136906
7715,5.0,14.0,0.2542196440351443
12876,5.0,12.0,0.8451020549715835
16215,5.0,12.0,0.6217679999890002
42936,5.0,25.0,1.900291799974842
38141,5.0,22.0,1.6797077399676321
16838,5.0,15.0,0.3807935880008735
34365,5.0,15.0,0.3300874140037058
8780,5.0,22.0,0.9312562833213127
9494,5.0,22.0,134.43436456853377
27641,5.0,18.0,28.405463684144166
21229,5.0,22.0,98.44916816272473
21142,5.0,22.0,87.26079632029325
40584,5.0,25.0,45.157995948272614
45593,5.0,5.0,7.428946122794514
42283,5.0,22.0,51.705367838085905
34896,5.0,15.0,4.95865599352544
39569,5.0,22.0,36.49090373348522
16335,5.0,25.0,19.891967436890887
30314,5.0,22.0,20.796186557342295
46627,5.0,22.0,25.301043274835394
36263,5.0,22.0,18.575278633480387
32195,5.0,25.0,10.179908537548016
24543,5.0,22.0,8.027143275080142
16044,5.0,15.0,2.348472288038444
4147,5.0,22.0,9.089121312104744
31683,5.0,12.0,2.0274945600567023
253,5.0,22.0,8.495856065006521
10372,5.0,14.0,0.6600043800079192
44919,5.0,12.0,2.463645000086686
28436,5.0,22.0,10.824990720113352
41617,5.0,25.0,0.6402364774977318
17778,5.0,14.0,0.4397443435566828
25947,5.0,25.0,1.3918390715075102
32207,5.0,14.0,0.4034601600558432
4382,5.0,15.0,0.9868485800474875
10070,5.0,25.0,0.7017752495389544
4159,5.0,15.0,0.8687474625188596
21994,5.0,12.0,0.38288064001152744
16504,5.0,15.0,0.27866260199644977
5508,5.0,18.0,0.31610323199047574
474,5.0,25.0,0.7319343349285332
32631,5.0,25.0,0.004738941008453623
45076,5.0,5.0,3.889020812359263
33584,5.0,12.0,30.155999521439412
17761,5.0,18.0,15.900692106851523
46543,5.0,5.0,5.21250053354521
26338,5.0,25.0,79.62668639092624
7772,5.0,5.0,0.41102370925838727
47273,5.0,5.0,0.9899941204528204
23528,5.0,5.0,2.621942054533477
7123,5.0,15.0,34.327758413435646
41903,5.0,25.0,35.627252342516485
32654,5.0,25.0,36.40401533229381
26023,5.0,5.0,0.16072447992115713
11100,5.0,22.0,44.398298807100105
16805,5.0,15.0,19.357218800066363
29643,5.0,5.0,0.40690867179461065
15558,5.0,18.0,8.158117269497382
40200,5.0,5.0,1.01193920001635
19909,5.0,25.0,23.720789600245368
31605,5.0,14.0,1.382814993131369
8707,5.0,5.0,0.45565106671229216
6509,5.0,25.0,20.791910387711525
37869,5.0,25.0,16.409013475172955
17940,5.0,12.0,2.6786666550918667
14982,5.0,15.0,3.6563938661699282
47194,5.0,5.0,2.9046260373763495
33306,5.0,22.0,9.676471746693524
39439,5.0,25.0,7.491103151955507
29079,5.0,22.0,14.60047211289109
11658,5.0,22.0,9.825167760090828
35910,5.0,22.0,5.563026153363381
34831,5.0,15.0,1.7333337824602175
20471,5.0,18.0,1.0913918600387271
47001,5.0,22.0,7.701525400108853
14375,5.0,25.0,3.321433896016085
17205,5.0,15.0,1.3626824700715048
41542,5.0,22.0,6.785546192093744
20118,5.0,15.0,1.3009853055111762
44600,5.0,25.0,4.817223675282651
29548,5.0,22.0,0.5294671800269111
45773,5.0,14.0,0.231858799996429
20979,5.0,14.0,0.15880973995903602
39971,5.0,25.0,1.936477269327181
12220,5.0,14.0,0.2725777551463011
2702,5.0,12.0,0.409602562508411
4992,5.0,22.0,2.5553150160545632
10945,5.0,25.0,1.0009067999753136
14760,5.0,14.0,0.01755452500129362
34179,5.0,25.0,0.7179844470003518
18331,5.0,25.0,0.3277761140101725
33421,5.0,15.0,0.06339595500280781
9075,5.0,25.0,0.16980358150600683
48450,5.0,22.0,102.41444748183014
48640,5.0,25.0,60.91454960928158
42032,25.0,5.0,56.61435550416596
46346,22.0,18.0,47.9204092193507
14170,5.0,25.0,46.33597751463232
41392,5.0,22.0,51.02148604175231
49833,5.0,25.0,32.503100479721354
44194,5.0,22.0,40.91645967331939
42638,5.0,25.0,26.62065729697403
26461,5.0,12.0,2.400100454965326
22978,5.0,12.0,2.2118131649735346
22548,5.0,22.0,7.040949212464298
3198,5.0,25.0,3.078556169995384
6458,5.0,25.0,2.083672575034271
47170,5.0,25.0,10.711869610461473
43562,5.0,12.0,1.6969853999869002
28639,5.0,12.0,1.0113455100639754
2467,5.0,25.0,5.085816022433143
18415,5.0,22.0,4.793704360952406
4566,5.0,25.0,2.455310514151167
30954,5.0,12.0,0.08732370002089374
34320,5.0,22.0,116.43153175796044
1067,5.0,18.0,12.735655727717898
29512,5.0,22.0,95.50388313919001
17929,5.0,22.0,92.65741472012044
29949,5.0,18.0,4.445047599617197
30298,5.0,14.0,4.968942724237735
27774,5.0,22.0,50.7817271667889
45578,5.0,25.0,37.119163160242366
395,5.0,25.0,33.53248259860632
20566,5.0,22.0,37.18877259496807
34902,5.0,5.0,0.0650819404562526
25518,5.0,25.0,29.41300947233958
39469,5.0,22.0,19.950928830042194
41287,5.0,22.0,19.48830746146166
4239,5.0,25.0,15.480920540213198
6988,5.0,22.0,15.301299925537187
29262,5.0,5.0,0.5391889920227442
49440,5.0,25.0,10.698077270253116
25520,5.0,25.0,3.3761431801046733
27019,5.0,22.0,9.436728264020878
15300,5.0,25.0,2.049593208761447
22313,5.0,25.0,1.7737274977432946
5526,5.0,25.0,0.6053305684665311
46599,5.0,15.0,2.149425694879561
16800,5.0,14.0,0.41049269998324434
9381,5.0,14.0,0.42188938198305337
18209,5.0,12.0,0.9407363249891176
27346,5.0,12.0,0.9188867099884561
9139,5.0,14.0,0.2842946730004172
34669,5.0,25.0,2.306623584089273
13671,5.0,14.0,0.16269847593430775
20318,5.0,22.0,0.4095621433660819
46034,5.0,12.0,0.35958967495839644
38672,5.0,25.0,0.94829302850163
35283,5.0,12.0,0.22623005999129564
19708,5.0,22.0,0.29625210667206536
16509,5.0,5.0,22.57751694098266
27749,5.0,22.0,147.66256928758673
48448,5.0,12.0,42.82988592053624
45355,5.0,25.0,83.10840565194292
35063,5.0,22.0,113.77551542056779
11997,5.0,5.0,24.542947008385966
32523,5.0,25.0,54.04329866645695
15568,5.0,25.0,32.54244792401224
14026,5.0,25.0,19.264784819340903
48955,5.0,25.0,24.162402192609974
643,5.0,5.0,1.7567674565985811
22795,5.0,25.0,21.357522432048178
35107,5.0,15.0,5.048386365553455
33323,5.0,25.0,15.628852308395736
13811,5.0,22.0,12.945915773258719
15778,5.0,22.0,18.28235761894168
17260,5.0,25.0,11.463390859108546
38787,5.0,22.0,9.998180834359104
4685,5.0,14.0,0.8442398879922308
13955,5.0,22.0,8.868915733306782
44318,5.0,22.0,15.773007926256085
10940,5.0,18.0,1.3592438506374727
6541,5.0,14.0,0.7280410949344756
12646,5.0,15.0,4.218714000167438
41830,5.0,15.0,2.770392639929476
43307,5.0,14.0,0.605064675952633
35497,5.0,25.0,5.653698212011308
5634,5.0,15.0,2.183633418018321
39128,5.0,15.0,2.1460067760332997
23909,5.0,15.0,2.1852470760105227
18505,5.0,14.0,0.5472007950283988
8688,5.0,25.0,5.386254861698339
37354,5.0,25.0,3.1508092927045297
47308,5.0,22.0,1.4433239764450612
41725,5.0,14.0,0.4960754560844336
38925,5.0,14.0,0.258831551981034
30752,5.0,14.0,0.23984540002085275
34389,5.0,22.0,0.1257079975362565
43005,5.0,14.0,0.2334898560103067
492,5.0,15.0,1.1382999850138926
45685,5.0,18.0,0.09509868318099812
38000,5.0,14.0,0.1484054625010227
34260,5.0,15.0,0.7685816380390378
29558,5.0,25.0,2.0441720703824116
32916,5.0,15.0,0.43399375002377827
28430,5.0,14.0,0.03399565749419331
23557,5.0,14.0,0.026796258012306673
16372,5.0,15.0,0.46813316249348347
44388,5.0,15.0,0.397434064023658
31905,5.0,15.0,0.2745026449994059
27848,5.0,25.0,0.16649609601098558
15005,5.0,22.0,0.011429279998766306
19323,5.0,5.0,2.4827970221155056
34977,5.0,25.0,85.43712879633426
22526,5.0,25.0,70.84505421126207
26842,5.0,25.0,65.48916403220048
27962,5.0,5.0,9.420660759092968
48064,5.0,5.0,2.0208973826853196
30327,5.0,25.0,55.03638279725412
2334,5.0,18.0,10.500156104408546
28790,5.0,22.0,42.053190347104255
36196,5.0,22.0,40.25889793281161
39214,5.0,25.0,26.972440352091496
34267,5.0,5.0,7.222884288726576
39904,5.0,5.0,1.6501340160462803
43820,5.0,5.0,0.5317480220386912
9519,5.0,22.0,27.918462319171446
15051,5.0,5.0,0.1947773334563081
48356,5.0,18.0,4.399253472907915
16123,5.0,14.0,8.39941849426016
16955,5.0,18.0,4.853112223911058
3257,5.0,25.0,10.359940776061581
34228,5.0,15.0,4.10535553408846
36281,5.0,15.0,4.097182252055994
2973,5.0,14.0,0.7468132400172713
17605,5.0,15.0,2.9742332020781816
35259,5.0,14.0,0.5896621900034731
17345,5.0,14.0,0.5034991724710807
34135,5.0,15.0,2.0851813649813167
40460,5.0,14.0,0.4657142049867389
34274,5.0,25.0,7.656855989398805
35008,5.0,12.0,1.217388585064203
46318,5.0,22.0,7.821316100139068
16769,5.0,25.0,3.9074589741896766
45936,5.0,12.0,1.0356133800282628
48117,5.0,22.0,0.2858229374907264
24245,5.0,14.0,0.14586648998784746
6795,5.0,15.0,0.5418567599843591
42079,5.0,15.0,0.5425629749544614
12673,5.0,15.0,0.4761833279617216
20539,5.0,14.0,0.013409212491017897
16858,5.0,15.0,0.27797719501543483
14705,5.0,18.0,0.08108325933026483
12867,5.0,22.0,0.739870419998321
35313,5.0,22.0,0.6166746819978675
39405,5.0,22.0,109.54061279989327
23370,5.0,18.0,13.696810014534805
47736,5.0,25.0,60.033155954380305
17608,5.0,22.0,73.27204181747844
35429,5.0,22.0,67.86297434567341
4829,5.0,5.0,0.8748832256661387
32759,5.0,5.0,0.781702161056046
27152,5.0,25.0,42.617659196145624
23373,5.0,25.0,32.88317341941131
40354,12.0,14.0,14.188337913609615
43963,5.0,25.0,23.34373314375317
9404,5.0,18.0,7.784589381352774
47137,5.0,25.0,21.934662369010972
49990,5.0,15.0,1.5369007500929683
36654,5.0,15.0,4.242113587294256
16392,5.0,5.0,0.057529512297648466
9714,5.0,12.0,2.7365343600452263
14295,5.0,22.0,10.613381169637456
1032,5.0,25.0,8.43568162130768
49091,5.0,15.0,3.0528969409466313
41302,5.0,25.0,2.976665534994207
30607,5.0,15.0,1.054225473507696
3493,5.0,25.0,2.31894089999202
2592,5.0,25.0,2.5088581333112776
7405,5.0,12.0,0.32136915002673927
44743,5.0,22.0,1.9876470920310227
17190,5.0,25.0,0.737054253328767
39813,5.0,25.0,0.6967080199927174
13510,5.0,22.0,0.7850742000219435
5857,5.0,12.0,0.07501912500654573
29965,5.0,22.0,112.48946819833051
12501,5.0,18.0,12.577725439596009
30976,5.0,22.0,100.33795198846792
14674,5.0,25.0,70.5861367806676
10281,5.0,25.0,64.62510930788457
18662,5.0,5.0,3.578731543862375
18211,5.0,22.0,42.453339079763936
18997,5.0,25.0,39.88457014720706
578,5.0,25.0,34.67767812767609
41399,5.0,22.0,27.357068597085586
22854,5.0,22.0,34.14051964834916
18026,5.0,25.0,22.322241066981675
44099,5.0,15.0,7.7119795223476615
37751,5.0,25.0,19.070502133541027
32613,5.0,18.0,0.3110146072062534
30731,5.0,12.0,2.714779357528407
23266,5.0,12.0,2.35621496998251
1336,5.0,18.0,0.7692437280560185
44900,5.0,12.0,1.900850384983059
3733,5.0,25.0,9.614556367957128
6896,5.0,22.0,13.030214103487939
44790,5.0,22.0,10.297448959941015
13539,5.0,15.0,2.2994813639821814
30213,5.0,12.0,0.6896590500348907
28262,5.0,25.0,1.727169555022824
23636,5.0,25.0,8.18688738674065
8385,5.0,25.0,7.1568459334144325
14736,5.0,25.0,4.253967006034003
43067,5.0,25.0,3.6483502666750773
7455,5.0,25.0,1.5847812599920896
3970,5.0,14.0,0.29169691500381134
41299,5.0,12.0,0.8402433600070403
40951,5.0,12.0,0.8458151249898567
33100,5.0,22.0,3.130579212716693
36931,5.0,22.0,0.7644776640686395
17437,5.0,22.0,3.483067957411671
2880,5.0,12.0,0.3017820000024054
20322,5.0,14.0,0.020171321974858714
35342,5.0,12.0,0.0658427250075646
4414,5.0,12.0,0.05535327000434398
26035,5.0,25.0,127.21948419925968
37107,5.0,14.0,22.70355590304365
2024,5.0,5.0,3.0678162318756677
27165,5.0,25.0,58.79100661228114
47410,5.0,18.0,22.15516964167432
16752,5.0,5.0,2.9276640001678516
24501,5.0,25.0,59.741549535891494
29627,5.0,18.0,16.905367970511875
25693,5.0,15.0,22.325171289738535
32218,5.0,18.0,10.181649221181111
21461,5.0,18.0,3.870219443166704
13177,5.0,18.0,4.18426450807965
46573,5.0,25.0,20.810520953441312
8790,5.0,25.0,14.959466325074033
27327,5.0,15.0,5.085997011959833
25137,5.0,22.0,25.13502404232954
49565,5.0,14.0,1.3046506378576055
49047,5.0,14.0,1.3031233018586619
46063,5.0,25.0,15.35175897694468
14463,5.0,15.0,3.697855947245273
29159,5.0,22.0,15.114955535909903
28134,5.0,22.0,16.66073520633501
47708,5.0,25.0,10.549412479839582
3169,5.0,14.0,0.7412125769615443
46760,5.0,25.0,3.004309979925427
3342,5.0,25.0,5.360650533289514
10696,5.0,25.0,3.045503767939266
14585,5.0,25.0,4.221596501289412
11892,5.0,15.0,1.5783092479771348
30041,5.0,18.0,0.8296657189224597
16138,5.0,25.0,6.44860234661895
19904,5.0,25.0,2.7473371199548193
23115,5.0,15.0,2.4583585600544993
35073,5.0,12.0,0.9844864500393555
1477,5.0,14.0,0.29269645589185345
5815,5.0,25.0,1.8967796199663312
3326,5.0,15.0,1.2474953760032594
2824,5.0,25.0,1.6045073024677219
46747,5.0,25.0,2.689502637301918
15248,5.0,25.0,1.5496616879828924
34955,5.0,15.0,0.3160258399906759
14385,5.0,15.0,0.015517436011140973
19470,5.0,25.0,82.04592264925557
19946,5.0,5.0,4.9032924338740145
5156,5.0,25.0,66.81688577716902
18978,5.0,5.0,0.9410577918460206
3304,5.0,5.0,2.9110510081559227
3910,5.0,25.0,40.19435472028883
48116,5.0,5.0,4.712135526381786
31276,14.0,14.0,2.1843316799158004
32959,5.0,5.0,1.9480808000706205
25568,5.0,5.0,0.6408622134176127
25894,5.0,5.0,1.6646732333701877
28116,5.0,25.0,22.36437777565203
16039,5.0,5.0,1.7628137812587426
4537,5.0,18.0,7.343976481657258
35808,5.0,14.0,1.864453123011259
26581,5.0,25.0,15.038365275025292
30930,5.0,22.0,12.720267302285247
34042,5.0,18.0,3.4163852928166776
6945,5.0,5.0,1.335310540847093
20387,5.0,5.0,0.6400039999490161
32751,5.0,15.0,3.8291630974774264
32099,5.0,25.0,5.129938775271052
34813,5.0,14.0,0.43028963998069614
2992,5.0,25.0,6.770893324260463
31253,5.0,25.0,3.7949276816524335
17474,5.0,15.0,1.4915210370023821
43714,5.0,22.0,6.4597036711191915
6065,5.0,25.0,2.8461929029689808
33110,5.0,25.0,2.2434245329544824
23283,5.0,22.0,2.9033378774806984
47857,5.0,18.0,0.5225979333322233
16416,5.0,22.0,2.0841342949966517
30918,5.0,25.0,1.466410803329722
22448,5.0,14.0,0.05278064796168014
9761,5.0,15.0,0.45907358600823045
617,5.0,15.0,0.40172579400492037
17373,5.0,22.0,1.354863727987484
10510,5.0,14.0,0.007004743981756434
7733,5.0,15.0,0.21697348500444047
43142,5.0,15.0,0.14318762000253882
48947,5.0,15.0,0.11483351397114872
712,5.0,25.0,0.16973806966637595
45084,5.0,15.0,0.00504371749702992
42006,5.0,18.0,24.91790216091104
19310,5.0,18.0,8.48274983921661
45466,5.0,25.0,56.48785254373969
10681,5.0,25.0,49.68992302019703
5852,5.0,25.0,46.47932764740304
45766,5.0,25.0,46.78704848131869
27401,5.0,22.0,50.632287640221065
29150,5.0,15.0,14.731405427138782
40002,5.0,25.0,36.77957274514027
44684,5.0,25.0,35.91386807972725
2375,5.0,22.0,38.90696762254474
17107,12.0,5.0,8.867033088112208
20394,5.0,25.0,22.972649164736616
45293,5.0,15.0,11.511105964879931
20350,5.0,25.0,19.93433235965481
24441,5.0,25.0,20.383914798338182
44384,5.0,25.0,18.267318898681552
49557,5.0,15.0,0.8903594740100615
39452,5.0,25.0,5.206361199369809
40626,5.0,25.0,8.193632931954141
49580,5.0,25.0,5.905873990001382
38954,5.0,25.0,3.280241025901013
29712,5.0,25.0,2.758535869922433
16842,5.0,25.0,1.9591234345133302
48246,5.0,22.0,11.476479903779001
23765,5.0,15.0,0.4179755770804796
22106,5.0,12.0,0.8678734500179264
6476,5.0,14.0,0.1149748300151181
17506,5.0,18.0,0.3914080853580666
37296,5.0,18.0,0.13974082798717213
18351,5.0,22.0,0.3701983959937536
49854,5.0,22.0,133.5050640014261
38987,5.0,5.0,1.0572671665261169
14792,5.0,22.0,83.74965151265201
35600,5.0,22.0,70.41258141437274
38192,5.0,25.0,60.8660855940831
43115,5.0,15.0,19.448623599512246
20297,5.0,25.0,51.56206620859862
46457,5.0,22.0,49.258319356263826
21511,5.0,22.0,44.92752505623194
1372,5.0,25.0,43.080310630724384
15758,5.0,22.0,37.07943083562945
32707,5.0,22.0,27.880378829488563
49492,5.0,22.0,24.22342268847359
31494,5.0,25.0,22.24307632071013
41320,5.0,25.0,18.605107926502214
6743,5.0,5.0,0.5159034715161965
45642,5.0,22.0,17.468193632208887
15881,5.0,25.0,16.13451510421102
39951,5.0,25.0,6.481720710179864
29866,5.0,25.0,13.648916832210261
787,5.0,15.0,3.3760112271096077
43324,5.0,18.0,1.3713860141349805
35835,5.0,12.0,2.772110999920514
27464,5.0,12.0,1.4323325700338572
17686,5.0,25.0,10.513137702515074
39049,5.0,12.0,2.0716070249394605
3703,5.0,22.0,1.9327832533704452
45281,5.0,22.0,5.207502641108505
44100,5.0,12.0,1.3643848200086381
23056,5.0,15.0,2.365354675209936
48864,5.0,22.0,4.532269634157389
5518,5.0,25.0,0.6763429631183762
23180,5.0,18.0,0.8859180871995269
15310,5.0,12.0,0.16290300001828584
39131,5.0,25.0,2.9332875899738102
6763,5.0,12.0,0.591818294973681
5818,5.0,12.0,0.47636858999698184
39518,5.0,22.0,1.2448720650233964
4982,5.0,25.0,1.490184320004626
47578,5.0,25.0,1.9337570805532822
16570,5.0,14.0,0.02286195001128455
43749,5.0,22.0,1.337723994704989
9878,5.0,12.0,0.06555044999572601
21619,5.0,18.0,27.507152884702634
2618,5.0,25.0,89.77021538198557
17623,5.0,5.0,0.029145600356144996
12897,5.0,25.0,31.403791854808233
17217,5.0,18.0,10.61517007969772
36923,5.0,15.0,12.838535414147202
26710,5.0,14.0,3.2558858782789457
18028,5.0,22.0,25.05622737771712
38520,5.0,22.0,27.125919251489883
17280,5.0,25.0,23.187136816218114
37935,5.0,25.0,20.545045610804188
1793,5.0,25.0,15.272749796292004
6887,5.0,15.0,5.192767319876758
11762,5.0,22.0,19.484588699757055
31650,5.0,12.0,2.5915204198922694
36755,5.0,25.0,10.785103016135292
23001,5.0,25.0,6.650231045060902
45221,5.0,15.0,3.374221079911024
9408,5.0,22.0,12.462022291340237
2898,5.0,18.0,0.6126222339750402
47347,5.0,12.0,1.7430635999445343
27701,5.0,12.0,1.7017697999380133
27825,5.0,15.0,1.4665997399589799
22565,5.0,12.0,0.9501452399656429
32683,5.0,25.0,1.940493184025991
41270,5.0,25.0,1.0281577105279869
12515,5.0,12.0,0.748735679987325
34392,5.0,15.0,1.012679623980464
32725,5.0,15.0,1.0075323839792354
40994,5.0,25.0,1.0703565700218043
7885,5.0,12.0,0.47937787499619233
15375,5.0,12.0,0.4347758999904894
49758,5.0,25.0,1.1581214433536506
5681,5.0,12.0,0.2550035999887905
12922,5.0,12.0,0.246650159986614
48868,5.0,12.0,0.11591129999283822
43854,5.0,22.0,0.621005839984375
27573,5.0,22.0,0.2605270650097058
33994,5.0,5.0,1.55562940012652
12695,5.0,5.0,16.581415269622596
25971,5.0,5.0,14.835063551085057
38621,5.0,5.0,6.14446444816727
11242,5.0,5.0,1.6348622912023814
24725,5.0,25.0,77.75947468798822
28004,5.0,5.0,2.5806514171082995
1738,5.0,14.0,37.8372870137801
31088,5.0,25.0,61.297779407876305
45783,5.0,5.0,2.3945286667365195
36762,5.0,5.0,4.937036543751191
6185,5.0,15.0,18.092266572457362
39954,5.0,5.0,13.360337226928777
26526,5.0,15.0,14.750614251759515
7903,5.0,5.0,0.6479694720537452
19064,5.0,25.0,31.56003261848423
31728,5.0,5.0,8.793449279972677
46799,5.0,5.0,2.762735666857509
9853,5.0,22.0,32.99055457582665
33396,5.0,25.0,22.61341608158571
49975,5.0,18.0,5.589824848998674
7839,5.0,22.0,24.43761751866628
25792,5.0,15.0,5.05134365447929
46771,5.0,25.0,17.675456194567218
49460,5.0,25.0,16.006156345011732
10626,5.0,14.0,0.4718295599410851
40295,5.0,12.0,2.073736650062365
19409,5.0,15.0,2.6830026408851353
40855,5.0,22.0,14.061313878829196
16072,5.0,25.0,3.2520205268454987
14993,5.0,18.0,2.409693777029382
2229,5.0,18.0,1.2253835056410214
24148,5.0,22.0,7.550944038370652
28404,5.0,25.0,6.598480353599175
49296,5.0,14.0,0.2921425514520628
341,5.0,12.0,1.1001208125230768
24724,5.0,14.0,0.27703618503874594
1488,5.0,18.0,0.8049340204435085
4247,5.0,25.0,2.6802254799863254
31204,5.0,15.0,0.9857135999990376
16184,5.0,14.0,0.20089552097529761
13053,5.0,15.0,1.0014897000015264
32700,5.0,14.0,0.1180173599810228
22001,5.0,15.0,0.950930939984552
23609,5.0,14.0,0.0975303739721074
46996,5.0,25.0,0.5074521000055632
6285,5.0,25.0,108.59398447962076
2753,5.0,18.0,16.591435771784475
18604,5.0,22.0,71.76053452775979
727,5.0,18.0,10.698944992263591
16768,5.0,25.0,51.29025662021006
4393,5.0,18.0,7.879102867769532
37568,5.0,25.0,44.70382508152191
21135,5.0,25.0,36.335402443234784
4580,5.0,25.0,36.6171787227203
26192,5.0,14.0,2.9996434561057015
26397,5.0,22.0,29.479348339181982
20304,5.0,22.0,27.916572784918117
27447,5.0,25.0,19.785602183859034
8776,5.0,12.0,5.411156700186339
1522,5.0,25.0,12.17083358399659
37902,5.0,25.0,14.435355448146147
39031,5.0,25.0,11.617866725482333
13077,5.0,22.0,4.020185450669469
41790,5.0,12.0,1.837152029993348
8993,5.0,12.0,1.5696317999766976
18866,5.0,25.0,5.20675362988748
4304,5.0,25.0,5.123724911925098
24834,5.0,12.0,1.3883792475809962
6265,5.0,14.0,0.37890746402440456
43437,5.0,12.0,0.9748136325357244
45868,5.0,25.0,1.057000106952243
24013,5.0,18.0,0.5011736879987945
46297,5.0,15.0,0.6283284599989756
10444,5.0,14.0,0.03102837601981978
9217,5.0,14.0,0.02546102397876382
38439,5.0,15.0,0.2085715280127598
16275,5.0,22.0,110.27956454386157
47746,5.0,12.0,22.1679540485527
8333,5.0,22.0,74.10926995182449
8861,5.0,18.0,8.337741151757328
7085,5.0,25.0,60.56172009591346
2453,5.0,14.0,5.974759135818687
4715,5.0,5.0,0.12986501325474364
33933,5.0,25.0,34.78671283198878
760,5.0,18.0,2.1190166700305184
21362,5.0,5.0,0.036461288494734845
47060,5.0,25.0,24.740599912381192
27296,5.0,25.0,24.960044126640398
33429,5.0,25.0,23.27490443040822
4802,5.0,25.0,20.780356648005096
971,5.0,22.0,21.251433426300466
42762,5.0,25.0,17.918245920230397
43241,5.0,25.0,15.901100448005465
14824,5.0,12.0,4.438780572187071
4027,5.0,12.0,2.4006060750345526
36382,5.0,25.0,2.3247692466507175
15615,5.0,25.0,4.2147417420348585
18620,5.0,25.0,5.9536624680102825
22375,5.0,12.0,1.5374603550109747
42237,5.0,12.0,1.4987643600373737
20086,5.0,22.0,5.241317972743051
38974,5.0,25.0,0.7347463273227124
39016,5.0,12.0,0.8882450849992267
16289,5.0,14.0,0.22604233197113466
27846,5.0,14.0,0.15697188001963092
48590,5.0,25.0,1.2267832250074036
48111,5.0,22.0,1.2913243333265725
122,5.0,22.0,0.4101348360028356
37824,5.0,22.0,139.89478097479062
34332,5.0,12.0,22.700389729261985
40434,5.0,25.0,84.34999232080389
41684,5.0,18.0,19.280516717154185
24882,5.0,25.0,49.10969811357276
38253,5.0,5.0,2.5495258400889185
18333,5.0,18.0,9.544596446401506
15295,5.0,18.0,10.337799522975878
46672,5.0,25.0,35.15018565094326
24855,5.0,25.0,20.52445320738188
12430,5.0,14.0,3.0730003997124555
21325,5.0,5.0,5.720672216206367
43849,5.0,18.0,2.403040708755981
21870,5.0,14.0,1.0687111228158201
20793,5.0,15.0,4.087789799999577
6035,5.0,22.0,12.793071087664728
46830,5.0,25.0,15.208434636465093
5543,5.0,25.0,12.485631440103301
9491,5.0,12.0,4.054353600245889
9342,5.0,25.0,3.569317695913128
49748,5.0,14.0,0.4312066719491341
37252,5.0,15.0,1.8654083274694742
4991,5.0,15.0,1.5257981349482748
979,5.0,22.0,5.658023135861763
10429,5.0,15.0,1.1124249469713856
4396,5.0,14.0,0.15177447146287726
25267,5.0,12.0,0.5282089500365217
30905,5.0,25.0,1.6394271439577137
12255,5.0,14.0,0.08255312997325248
3792,5.0,14.0,0.05263381599085104
31850,5.0,25.0,1.1908620039782862
41904,5.0,22.0,1.6661429887886499
406,5.0,15.0,0.16497975602669257
28896,5.0,25.0,100.28734614693138
42636,5.0,5.0,7.44209868755334
24907,5.0,25.0,90.23480323308527
37179,5.0,14.0,28.61082931637833
22965,5.0,5.0,29.516357144868437
14510,5.0,25.0,62.00742597368371
34826,5.0,5.0,9.508330922624879
33564,5.0,5.0,4.443496444057033
15351,5.0,5.0,6.580249804486499
48026,5.0,5.0,2.5107646656321734
40961,5.0,5.0,3.1575819999049557
44579,5.0,5.0,0.2952774827018487
35496,5.0,5.0,1.9117793280191648
1323,5.0,5.0,0.7910467898788838
40406,5.0,15.0,9.293146089756462
29830,5.0,25.0,11.723556382990719
11972,5.0,14.0,1.6814835720935832
23848,5.0,18.0,4.701387613819051
3009,5.0,18.0,4.426327366342889
4153,5.0,14.0,1.5744416550757592
49729,5.0,25.0,12.827557900875618
25503,5.0,15.0,3.615126200059919
43785,5.0,15.0,3.553918500145599
1883,5.0,15.0,3.2583025786057007
10283,5.0,18.0,5.716367639810507
32847,5.0,25.0,6.007466470469913
22089,5.0,5.0,0.21656999998621274
15508,5.0,22.0,12.664355759989187
39941,5.0,15.0,1.9895125550675985
14504,5.0,14.0,0.4596747300046147
21020,5.0,25.0,4.0417523093510965
31161,5.0,25.0,3.9982244700178846
19577,5.0,22.0,1.194399440008393
45538,5.0,14.0,0.26941390002112797
30666,5.0,15.0,1.2306213000795019
33009,5.0,14.0,0.221234880043351
16766,5.0,15.0,1.0308087915253683
5398,5.0,15.0,0.9774936255481741
48950,5.0,25.0,2.1626253979664707
16807,5.0,22.0,4.460321440013107
30164,5.0,22.0,2.515165259965139
33119,5.0,15.0,0.5548539725714923
6600,5.0,14.0,0.04581631751815518
23281,5.0,22.0,2.701633984010373
48582,5.0,22.0,2.658931200020233
36267,5.0,15.0,0.2739352199987577
695,5.0,15.0,0.21235141797618518
18190,5.0,15.0,0.02420741248919933
18977,5.0,15.0,0.017184767992484584
11866,5.0,5.0,8.284916592234651
32528,5.0,12.0,24.43453906845957
36109,5.0,18.0,15.068981017815346
45673,5.0,18.0,11.350720625179093
42202,5.0,18.0,11.875163707977876
5621,5.0,12.0,14.342093759503001
14399,5.0,22.0,50.255172268953416
22572,5.0,22.0,38.597793725219766
41285,5.0,12.0,10.530048072123407
8447,5.0,18.0,5.847327702674093
25609,5.0,25.0,30.705631526316466
16204,5.0,25.0,27.092804236894793
26070,5.0,22.0,27.579983612143273
10182,5.0,25.0,23.30980987906139
13979,5.0,25.0,16.249874776177236
46291,5.0,12.0,2.914782644926632
6038,5.0,25.0,10.142813747204034
41937,5.0,25.0,14.46622765444048
38564,5.0,22.0,14.385453499004814
5145,5.0,25.0,10.447010791325958
5523,5.0,12.0,2.6041704600344886
27626,5.0,25.0,7.122361034709783
42785,5.0,25.0,6.24057858335626
36982,5.0,12.0,3.4739869440086935
15460,5.0,12.0,1.8230047500315791
27427,5.0,22.0,9.392898930235926
14799,5.0,25.0,5.765452586605747
13480,5.0,15.0,1.511011409981304
38426,5.0,22.0,7.722078514127759
44476,5.0,25.0,2.2440204288341654
49507,5.0,25.0,1.2433576977308007
17076,5.0,14.0,0.20026066498112982
5307,5.0,12.0,0.7067124750095601
47158,5.0,14.0,0.1659146400024163
11637,5.0,12.0,0.4596301200096029
32575,5.0,15.0,0.5802671159757606
37324,5.0,12.0,0.2674077600064919
8711,5.0,15.0,0.3367597979932624
24889,5.0,25.0,1.4519001888133687
28556,5.0,25.0,0.5098265594989009
15215,5.0,25.0,0.6554473499945468
34762,5.0,25.0,0.6163074566566729
24510,5.0,22.0,0.4612051149998393
33895,5.0,22.0,93.58101624355137
23431,5.0,25.0,78.03496970618968
8396,5.0,5.0,1.8943067510363676
36314,5.0,25.0,76.80471723978394
27674,5.0,15.0,22.476220331704496
35629,5.0,18.0,4.026306992061279
40783,5.0,22.0,52.279491678742744
1404,5.0,22.0,47.17438016578791
32950,5.0,25.0,41.61377806039843
3018,5.0,25.0,33.153042312553694
36327,5.0,25.0,24.729027935830757
11657,5.0,25.0,19.98826635730913
26803,5.0,25.0,17.452651703859324
22787,5.0,15.0,7.109759247500719
39981,5.0,25.0,18.02649149429331
35102,5.0,25.0,21.080402125020314
39831,5.0,25.0,18.66963902004074
1499,5.0,25.0,11.943867989382749
16487,5.0,25.0,3.9670426652018342
18156,5.0,12.0,2.153764649887755
9147,5.0,25.0,3.344878378328687
37129,5.0,22.0,10.795033787929306
17122,5.0,25.0,6.386826559952372
12365,5.0,22.0,9.255140544038618
37599,5.0,12.0,1.3358887499309944
36123,5.0,12.0,0.9754251599669921
27429,5.0,25.0,2.0972757500092545
1719,5.0,15.0,1.040059379995606
46999,5.0,12.0,0.7235709599811688
1535,5.0,12.0,0.666612344948188
34287,5.0,12.0,0.7029638624682661
37465,5.0,22.0,3.0103319249717266
14746,5.0,15.0,0.7930352250651502
19583,5.0,25.0,1.1067194133031912
43890,5.0,12.0,0.30378843750014983
20571,5.0,15.0,0.15136807501941751
8250,5.0,5.0,21.28443050880827
5925,5.0,25.0,53.495651002188026
30572,5.0,18.0,25.132441867298922
41523,5.0,25.0,56.73838201540204
41079,5.0,5.0,0.9682870002310011
41770,5.0,18.0,14.319649867094299
46260,5.0,25.0,55.935515072029915
12607,5.0,14.0,4.830448320407925
33328,5.0,5.0,5.4583357363932095
47394,5.0,25.0,22.332283626436734
9556,5.0,18.0,5.8926023295737835
27195,5.0,15.0,8.871578412117557
36655,5.0,22.0,23.65967591602103
6350,5.0,25.0,13.876556889527592
7374,5.0,22.0,17.6164530037789
23627,5.0,14.0,3.8697158016089332
28994,5.0,25.0,16.678687328871057
48832,5.0,22.0,8.610158826559484
42540,5.0,22.0,11.334262395592045
29994,5.0,25.0,3.7136138799580998
20941,5.0,25.0,6.046957174956715
33658,5.0,25.0,7.755879623867418
46089,5.0,25.0,9.485297716925277
35238,5.0,22.0,7.494662630273137
3606,5.0,18.0,1.1493365717115918
19955,5.0,25.0,5.696941083145328
25091,5.0,25.0,0.7756358591518548
31920,5.0,22.0,4.937332288009422
47121,5.0,25.0,2.086079675971817
246,5.0,25.0,0.9230050529769853
35806,5.0,22.0,2.6288683599952822
6277,5.0,12.0,0.49440945000696246
7908,5.0,22.0,1.472976515988781
30719,5.0,25.0,1.1125716000200243
21791,5.0,15.0,0.008900280013019124
6290,5.0,12.0,40.30122359895887
25207,5.0,5.0,14.527301962177148
37737,5.0,5.0,6.643016524612335
9060,5.0,5.0,2.577852927832282
36280,5.0,15.0,35.65792277678281
17612,5.0,14.0,26.672146214648848
45151,5.0,25.0,45.63815648004808
33572,5.0,5.0,2.1130528766618966
30875,5.0,12.0,18.961581359269616
5189,5.0,5.0,0.2524810751913833
37214,5.0,5.0,0.23665044480470954
32393,5.0,25.0,23.050501014191696
41336,18.0,18.0,2.793907876258423
23764,5.0,5.0,0.4450593706357182
35665,5.0,25.0,20.984644486981004
7666,5.0,18.0,7.459478100162862
12902,5.0,15.0,14.496592093862816
14950,5.0,25.0,18.326765720497285
46534,5.0,22.0,18.82586066061444
7880,5.0,22.0,18.80061821604196
31080,5.0,14.0,0.9557142119253257
31441,5.0,25.0,13.880395673270716
41032,5.0,5.0,0.1359671039938064
22709,5.0,15.0,3.433010519879886
26482,5.0,22.0,15.577801566414003
29668,5.0,12.0,2.331800264868434
45569,5.0,15.0,1.0165036198934914
22063,5.0,22.0,7.3149552240058195
32327,5.0,14.0,0.4847226090694434
43506,5.0,22.0,5.880809153018189
45176,5.0,14.0,0.4091292000715576
38537,5.0,12.0,1.1887521599040056
28351,5.0,14.0,0.3945961980624304
6842,5.0,15.0,1.5731435024617824
19725,5.0,15.0,1.5585326400046178
8632,5.0,15.0,1.480202819949703
49595,5.0,18.0,0.9024298539945779
4947,5.0,14.0,0.291009972528407
18777,5.0,25.0,3.08595626600633
2348,5.0,14.0,1.0894062289045578
25597,5.0,14.0,0.2579874570349805
17407,5.0,18.0,1.1785841045260064
41965,5.0,25.0,2.593770197500211
45315,5.0,14.0,0.19883161804753158
4385,5.0,25.0,2.2858188900019867
44993,5.0,14.0,0.07055090999508451
39529,5.0,22.0,3.080975843209531
40308,5.0,15.0,0.506362012453204
26381,5.0,18.0,0.21800424899742676
44724,5.0,14.0,0.02890552499232424
21757,5.0,18.0,0.11474557600191648
43354,5.0,22.0,108.49466875259637
9644,5.0,22.0,102.78138282230464
33303,5.0,22.0,102.57542142369189
10743,5.0,18.0,17.950532362626717
41612,5.0,18.0,13.372783379985009
29373,5.0,15.0,25.332769342199526
35240,5.0,22.0,67.10251516156289
23917,5.0,25.0,49.77137266725407
2926,5.0,25.0,51.111150547117816
23640,5.0,15.0,15.947469358522795
32012,5.0,25.0,39.211826000048575
35200,5.0,25.0,30.355406259191724
22599,5.0,22.0,35.017876492623365
13494,5.0,25.0,24.95058868931929
23669,5.0,25.0,23.93827362536514
43869,5.0,18.0,0.9816783608148825
39350,5.0,15.0,5.359956479311734
15830,5.0,25.0,17.749046370145294
7195,5.0,12.0,0.4688489634540929
30883,5.0,25.0,14.846199054237275
25389,5.0,25.0,6.3484904000195
5425,5.0,25.0,16.42477635880426
13759,5.0,25.0,6.780236314634902
7892,5.0,22.0,10.027238773272593
3053,5.0,25.0,2.8307806799615367
9892,5.0,22.0,7.078177023880267
41864,5.0,25.0,2.621209093196123
14776,5.0,25.0,2.981029893325668
33437,5.0,22.0,3.3865857524900598
48928,5.0,12.0,0.6852737999797895
23319,5.0,12.0,0.6701635199901048
35927,5.0,12.0,0.3696788999571172
46061,5.0,12.0,0.3034128000212837
10453,5.0,22.0,1.2597640039910916
11742,5.0,12.0,0.14157209997157993
5483,5.0,15.0,0.0678638999814174
21435,5.0,18.0,15.391956779811267
26427,5.0,5.0,0.1608459201102619
2042,5.0,25.0,68.3057319616675
8644,5.0,18.0,8.44605170336935
17207,5.0,22.0,50.868987899832405
18244,5.0,25.0,43.71070647348357
32289,5.0,5.0,0.2198749999602967
6186,5.0,25.0,41.94885235197401
12154,5.0,12.0,4.21068000021404
38754,5.0,22.0,23.44018856135005
2455,5.0,25.0,19.729989619181005
15148,5.0,22.0,22.44352688806994
29368,5.0,22.0,13.377704304160762
21765,5.0,25.0,13.472011247975992
243,5.0,25.0,12.572754739215565
8093,5.0,18.0,0.7978472519956963
31673,5.0,25.0,6.113177821646332
7080,5.0,22.0,13.222228242395932
2673,5.0,25.0,5.712425084493928
16300,5.0,12.0,1.2633120750313438
10487,5.0,18.0,0.019587909314029872
31442,5.0,25.0,3.9541490240122705
6797,5.0,25.0,4.456047267964408
4480,5.0,12.0,0.7033370700625472
19319,5.0,25.0,3.5027378688042905
38847,5.0,14.0,0.13836557599673327
42459,5.0,18.0,0.7439126239913145
38007,12.0,14.0,0.013343760012251238
34136,5.0,25.0,2.4801156863821268
43834,5.0,22.0,1.626980613331901
21912,5.0,22.0,1.38023091799802
31935,5.0,25.0,0.9999038949972867
8964,5.0,22.0,1.2214977399877824
27832,5.0,15.0,0.010966520014063397
44911,5.0,18.0,50.52785704890525
49564,5.0,22.0,110.23768862399183
36019,5.0,25.0,77.44787284596578
20616,5.0,15.0,11.314325336849265
14347,5.0,25.0,56.189016360268425
21700,5.0,22.0,74.30255931331675
13369,5.0,25.0,47.657854724306844
24447,5.0,14.0,23.582612847633982
3479,5.0,25.0,39.962282112081695
34461,5.0,5.0,2.9850956915961575
24841,5.0,14.0,4.937815616017218
6004,5.0,22.0,40.984481795364744
41311,5.0,18.0,1.4638588126777563
839,5.0,12.0,13.160804160465148
12268,5.0,25.0,26.559611151142917
3641,5.0,25.0,28.989993775939794
46604,5.0,18.0,6.702296406994982
40873,5.0,25.0,21.350533239500734
37133,5.0,15.0,8.201228423995474
25524,5.0,25.0,14.254336550388338
8894,5.0,15.0,4.155008048962898
18864,5.0,18.0,0.637151875931238
40612,5.0,25.0,16.437641837801216
10502,5.0,12.0,0.5925760499509636
6043,5.0,25.0,14.32749066240725
9442,5.0,25.0,8.063533581995522
10501,5.0,12.0,2.002451114981767
964,5.0,15.0,2.2431610949207084
1758,5.0,12.0,1.4917998000001234
24415,5.0,12.0,1.4258496000214542
42325,5.0,25.0,4.198303894002949
21593,5.0,18.0,1.6276898816113654
39613,5.0,12.0,1.0494422399999266
31236,5.0,12.0,0.6559503374878624
23994,5.0,12.0,0.9644154239238709
23090,5.0,12.0,0.5670911999762129
31652,5.0,25.0,2.871328688109397
2479,5.0,12.0,0.4894928849901117
14498,5.0,25.0,2.759704218096534
31364,5.0,22.0,1.818882887999178
19538,5.0,25.0,0.7061163519644245
36425,5.0,15.0,0.2600914380088133
23099,5.0,25.0,0.06081417666274924
46070,5.0,25.0,85.53628551715968
2893,5.0,22.0,101.195920535547
39063,5.0,25.0,83.7747772608046
33139,5.0,25.0,76.92870766797728
17225,5.0,5.0,15.785099783443457
19631,5.0,5.0,12.292966652682992
46115,5.0,5.0,1.549083084657184
5588,5.0,15.0,20.343956643494124
33660,5.0,5.0,0.39130854996473374
48933,5.0,18.0,10.369604819681513
48266,5.0,5.0,0.3524172799887282
34261,5.0,22.0,44.63596794640898
10537,5.0,25.0,27.97577509129232
48981,5.0,22.0,32.76508127198185
20833,5.0,5.0,0.3421935679770911
37993,5.0,12.0,3.2163806998784636
12313,5.0,14.0,1.7997001799421213
32921,5.0,18.0,5.164020540497258
2277,5.0,22.0,18.924986043084957
33107,5.0,14.0,0.9619927049949837
10833,5.0,25.0,8.64796315001503
34702,5.0,25.0,13.061323040070153
43133,5.0,25.0,7.722190519025094
31515,5.0,25.0,7.231374612012075
48567,5.0,25.0,12.304893412297087
14523,5.0,25.0,11.062731862601336
23234,5.0,15.0,2.1224841225291904
41524,5.0,25.0,7.82787674665758
25658,5.0,25.0,4.636760160013823
29473,5.0,14.0,0.34775671198512015
6461,5.0,15.0,1.4045008800513052
20331,5.0,22.0,2.5237447583352584
33465,5.0,18.0,1.2090751103858128
31906,5.0,15.0,0.962627958032412
23926,5.0,25.0,2.2426314836874246
4049,5.0,14.0,0.1430826000348997
35788,5.0,15.0,0.6363314760217573
47391,5.0,18.0,0.35863909497467183
19124,5.0,25.0,1.3447044106753658
14624,5.0,22.0,1.990212535987029
28465,5.0,25.0,1.2415883093555302
36846,5.0,14.0,0.056090105970300286
22315,5.0,15.0,0.4296030330169245
23628,5.0,14.0,0.006722624984254466
7616,5.0,15.0,0.2618867880024611
30453,5.0,22.0,0.07925448800953161
15432,5.0,25.0,0.5371084893388658
7798,5.0,18.0,22.333326075832588
34711,5.0,18.0,23.216287533330245
40399,5.0,18.0,18.315646732416383
30659,5.0,14.0,2.575710144669415
15315,5.0,18.0,12.858532823725852
43320,5.0,25.0,56.22228875999076
31708,5.0,15.0,20.323216248220717
3543,5.0,25.0,38.74320852009549
27347,5.0,25.0,37.21371754701015
41522,5.0,25.0,37.108343332955585
21509,5.0,25.0,31.662700040190714
7557,5.0,22.0,31.009720873527897
26500,5.0,12.0,6.90029169555342
29834,5.0,25.0,20.06127588277772
41415,5.0,18.0,0.08514342403472597
35375,5.0,12.0,2.040517199807603
31098,5.0,15.0,4.833037056088045
39003,5.0,12.0,0.08971029738749792
46903,5.0,25.0,11.06245021758593
26345,5.0,25.0,10.81011297915068
39064,5.0,25.0,8.725547683408493
16045,5.0,12.0,1.4079903598207082
16429,5.0,22.0,1.715266496002311
301,5.0,12.0,0.7948313399288018
613,5.0,25.0,2.149774745847129
49154,5.0,25.0,1.446121546692301
33958,5.0,15.0,0.4183675724434881
16739,5.0,18.0,0.1740040994829113
27728,5.0,25.0,1.702160418518762
38727,5.0,12.0,0.22962575997585866
23500,5.0,25.0,0.735661571454111
44705,5.0,22.0,84.0292783201599
35847,5.0,18.0,8.669021026555214
47640,5.0,18.0,7.776278904378984
39133,5.0,18.0,4.85902203334291
48180,5.0,25.0,59.07697017034042
47329,5.0,22.0,56.831786904375974
29997,5.0,25.0,48.74640913948957
41461,5.0,18.0,0.9864109206522897
1627,5.0,25.0,46.17286385979985
48200,5.0,22.0,40.45936680524527
18143,5.0,12.0,8.970937536538855
28149,5.0,25.0,34.128481845774104
13335,5.0,12.0,10.92801000113704
13468,5.0,22.0,34.77884988416009
19115,5.0,25.0,18.625334486295728
36911,5.0,25.0,18.599614917852833
36493,5.0,25.0,15.984489331414217
15233,5.0,22.0,20.800066856355684
27801,5.0,25.0,14.650191887939279
28765,5.0,22.0,18.354918236600497
47386,5.0,12.0,1.4884702500493603
487,5.0,25.0,11.10315398398038
19468,5.0,12.0,3.587491920296266
11719,5.0,25.0,6.727601949166415
29478,5.0,12.0,0.061342770049538586
24368,5.0,12.0,0.27997248006503384
9610,5.0,25.0,8.365880774362186
24199,5.0,22.0,12.029126423764929
48989,5.0,22.0,10.174115083009516
21687,5.0,25.0,6.1116957998935515
30023,5.0,15.0,1.3772838400911667
24303,5.0,15.0,1.0575923760021197
17027,5.0,18.0,0.4351954666558271
15902,5.0,14.0,0.07350267102444441
41486,5.0,25.0,0.4818846700116435
19328,5.0,22.0,0.5541224049862317
47452,5.0,15.0,0.0181834055032688
22418,5.0,25.0,0.10256839000406726
47080,5.0,25.0,102.97488309169293
34346,5.0,25.0,95.23550749023224
3387,5.0,22.0,114.94924348201022
17265,5.0,25.0,81.57742905614901
22941,5.0,22.0,93.70944612355089
22970,5.0,5.0,14.36723710088036
49937,5.0,12.0,8.963107680392454
29748,5.0,25.0,52.27471882245848
30785,5.0,25.0,43.630904501256936
41383,5.0,18.0,12.518007923962742
17672,5.0,25.0,42.82693772806634
14239,5.0,18.0,11.886985433708531
25870,5.0,12.0,4.6512021358322215
7544,5.0,25.0,26.804203813292638
1875,5.0,5.0,0.42835540968273733
18577,5.0,25.0,20.803820671395187
31806,5.0,18.0,0.026645657536370493
13579,5.0,25.0,19.239783347807382
15614,5.0,22.0,25.4854717022018
4252,5.0,25.0,21.420630988827888
1715,5.0,25.0,9.195046159334627
12552,5.0,25.0,9.78297243419334
24355,5.0,12.0,2.4463876799894066
19735,5.0,22.0,8.546230215082453
13402,5.0,25.0,11.491686226111085
36509,5.0,18.0,0.5704628481078302
16794,5.0,14.0,0.6583589295442174
20279,5.0,25.0,6.135838266694671
29814,5.0,14.0,0.6192886575224499
44296,5.0,15.0,3.690692131341862
446,5.0,12.0,1.3754618399917078
32985,5.0,25.0,3.151906078324158
44626,5.0,14.0,0.4407887430423578
27763,5.0,25.0,3.6016179066821863
21686,5.0,15.0,1.4546648200672756
25422,5.0,25.0,2.8456511928285364
39442,5.0,12.0,0.7769796374950175
42140,5.0,14.0,0.22297890603113224
13201,5.0,25.0,0.6252350800091158
21130,5.0,14.0,0.08527580400054546
46518,5.0,18.0,0.6418419359971903
697,5.0,14.0,0.09879869801144991
4090,5.0,22.0,1.8874728673237637
25186,5.0,25.0,0.4887715600075051
20460,5.0,14.0,0.06469336600597408
44277,5.0,15.0,0.21351532799859552
33952,5.0,15.0,0.21093937000780283
12975,5.0,25.0,0.4184919456025036
1697,5.0,5.0,1.47427434703377
43778,5.0,14.0,10.836314253802584
15068,5.0,5.0,8.748992921384485
20685,5.0,5.0,8.215881866844853
8936,5.0,25.0,71.03508774136284
6483,5.0,5.0,10.68664350715028
7464,5.0,15.0,38.88495679579938
38084,5.0,5.0,4.176210239919783
22841,5.0,25.0,64.63097053277372
8503,5.0,5.0,9.643688004082406
42434,5.0,5.0,5.084816588624932
18231,5.0,5.0,2.427643511862726
8739,5.0,5.0,9.926068735771224
4751,5.0,22.0,52.98810612049256
44829,5.0,5.0,5.9181013331270265
25571,5.0,5.0,5.886339020377719
38747,5.0,5.0,9.791230079505056
35792,5.0,5.0,1.4169912001051728
44290,5.0,5.0,6.220238284386966
3909,5.0,5.0,11.064093300303611
37893,5.0,18.0,0.4243496928293382
39619,5.0,5.0,0.5960420641454789
10653,5.0,22.0,22.752097382491407
23098,5.0,25.0,20.87281007999602
31638,5.0,22.0,24.743799775618307
20058,5.0,18.0,2.7634022495376698
23913,5.0,22.0,9.40724837206627
16465,5.0,25.0,13.784667509364716
9578,5.0,22.0,15.590991705785434
1613,5.0,15.0,3.923985321186649
32052,5.0,5.0,0.8507819517359607
31374,5.0,14.0,2.8008409538696597
11251,5.0,14.0,0.5963933100594261
45085,5.0,14.0,0.5917514800386563
28514,5.0,15.0,1.8103316300435424
6838,5.0,25.0,1.6956548669836256
12130,5.0,14.0,0.350013128074675
2224,5.0,15.0,1.5055976200681052
4040,5.0,15.0,1.9275490969201776
14244,5.0,5.0,0.34024500002193925
32147,5.0,18.0,0.4642557658573514
42509,5.0,25.0,1.7090998050021202
15093,5.0,15.0,0.6731661100247432
38967,5.0,25.0,1.2574468079766858
30549,5.0,22.0,2.9413202351482273
43821,5.0,25.0,0.3955262960096082
38751,5.0,22.0,0.38173226932795146
11148,5.0,22.0,0.36439029333312445
39308,5.0,22.0,0.2376102701586711
39526,5.0,18.0,17.383861113722986
34938,5.0,22.0,101.43147619045229
8274,5.0,22.0,93.44404428160809
14268,5.0,25.0,62.71022532468422
35148,5.0,25.0,59.02259709846153
43715,5.0,25.0,49.21080535911038
24021,5.0,5.0,0.6187173792570491
3577,5.0,5.0,0.3152268288368987
17325,5.0,22.0,25.388698719901996
1254,5.0,25.0,20.133497344025358
23559,5.0,25.0,3.3804483292469634
10797,5.0,12.0,1.950908789920355
41762,5.0,25.0,4.588071047998255
7632,5.0,22.0,0.22660804549583524
12666,5.0,15.0,0.2336568559723453
39082,5.0,15.0,0.9017074565283423
29250,5.0,22.0,1.0985697834950257
18622,5.0,15.0,31.336621247786923
16503,5.0,12.0,12.499294800472455
25800,5.0,22.0,84.61227786211086
47738,5.0,18.0,15.465305433508348
35297,5.0,22.0,66.07225803525668
16112,5.0,22.0,67.26632120000876
36657,5.0,22.0,52.38500066139065
15506,5.0,12.0,16.194428832085123
10829,5.0,12.0,12.010986120421563
17981,5.0,22.0,39.848105920223816
19207,5.0,25.0,27.962572539680465
32352,5.0,25.0,27.879334704155674
16351,5.0,18.0,0.8853432957338967
31897,5.0,18.0,0.02272291180101149
10038,5.0,22.0,24.37618178760767
29376,5.0,25.0,19.490814258189175
34005,5.0,25.0,18.27688611825586
26021,5.0,15.0,6.502985735451958
20170,5.0,12.0,2.510105069933161
23984,5.0,22.0,12.793815686212184
24920,5.0,25.0,9.547073537206611
48272,5.0,12.0,1.647629400039623
37944,5.0,22.0,6.369479162023174
41869,5.0,15.0,0.3316381700127593
10164,5.0,25.0,2.961979281017877
44959,5.0,12.0,0.852742199993461
27412,5.0,12.0,0.804022725019351
40407,5.0,12.0,0.6877380900073629
35520,5.0,15.0,0.929246951985478
42830,5.0,25.0,1.907156862026664
25280,5.0,15.0,0.6708776939578609
6910,5.0,25.0,1.6435013560276213
34920,5.0,25.0,0.3732870440226215
19509,5.0,14.0,0.013886287976911937
35696,5.0,18.0,0.0281849176668425
28926,5.0,18.0,31.721541629165557
30703,5.0,18.0,26.446543005262356
41992,5.0,5.0,10.313487814031532
10018,5.0,22.0,87.88950628438485
28880,5.0,18.0,11.808373242010234
880,5.0,25.0,35.35916824824689
14255,5.0,25.0,34.53210265953646
3233,5.0,5.0,0.5104647568432199
16117,5.0,25.0,28.96041753435692
10899,5.0,5.0,0.3888174000947089
33699,5.0,5.0,0.03743466664590045
13705,5.0,25.0,25.822641991373203
49804,5.0,25.0,11.7146551453056
19939,5.0,18.0,2.1351064607073624
2404,5.0,25.0,10.868953893308344
33395,5.0,25.0,16.309999232151426
10889,5.0,15.0,4.201548910002273
1081,5.0,18.0,2.6047701931468694
42888,5.0,22.0,18.133768479735433
37763,5.0,15.0,3.7113439130016417
19542,5.0,14.0,0.686260440079046
48750,5.0,12.0,1.385057100102113
5678,5.0,25.0,3.9033475800062973
25936,5.0,15.0,1.4774982961075338
33512,5.0,12.0,0.9480421200940903
8317,5.0,15.0,0.25333216811293724
18784,5.0,25.0,3.272752089664227
27403,5.0,25.0,3.1457982560209095
34999,5.0,25.0,2.87910255000668
17445,5.0,22.0,3.0794114189561226
16507,5.0,22.0,3.106728534994156
29702,5.0,15.0,1.0389690800268756
10223,5.0,25.0,2.243330102527789
896,5.0,25.0,2.0690111384939742
49007,5.0,22.0,3.6635118313948425
36939,5.0,25.0,2.2631124287511586
7396,5.0,25.0,1.007916300024145
12720,5.0,14.0,0.0012177600005536249
43906,5.0,25.0,0.6298531375148104
20883,5.0,25.0,0.4880054175091013
30879,5.0,25.0,0.5006016608485613
686,5.0,22.0,0.6176364350181607
4648,5.0,22.0,0.06671908500280921
19424,5.0,25.0,89.43712582788933
17135,5.0,5.0,7.703751168013241
36105,5.0,22.0,90.63730897440371
11257,5.0,22.0,81.0995342276051
39314,5.0,5.0,2.6317658666519037
28345,5.0,25.0,54.01651539209168
44941,5.0,5.0,4.141213781577051
4296,5.0,15.0,17.350523342007563
37378,5.0,22.0,51.58574019600104
18841,5.0,25.0,38.606482320062995
40467,5.0,25.0,37.549045843160314
10753,5.0,25.0,36.60585363348592
22788,5.0,22.0,38.68875614104028
6120,5.0,5.0,1.3011086206953166
27873,5.0,5.0,1.1616810665321395
48410,5.0,25.0,32.698681235804685
4427,5.0,15.0,14.713258680569425
39660,5.0,5.0,0.1762580137880576
41156,5.0,25.0,23.999447439065158
37224,18.0,18.0,1.2508533332811922
41030,5.0,15.0,4.792112378978629
39738,5.0,15.0,3.5087400299271323
17418,5.0,22.0,16.691174064010067
6796,5.0,22.0,16.185122247905493
13141,5.0,5.0,0.4439605231057797
2515,5.0,5.0,0.380470950048835
20437,5.0,22.0,7.0199114559772955
40660,5.0,25.0,5.30589610748957
48773,5.0,22.0,6.423784268491126
26246,5.0,14.0,0.6898215660714762
35644,5.0,15.0,1.7132654399127283
7275,5.0,25.0,6.368396522126988
2775,5.0,15.0,1.5599034530257079
44946,5.0,15.0,1.4741815500263442
17069,5.0,14.0,0.27576253899863445
21755,5.0,22.0,3.625415048005727
2466,5.0,15.0,0.9907779599780682
8824,5.0,14.0,0.15889490003093876
23471,5.0,14.0,0.1390579380215673
36521,5.0,25.0,1.4190860666793434
33704,5.0,25.0,2.3023856880641054
5954,5.0,18.0,0.48143315202691905
31141,5.0,25.0,0.630589517988632
11705,5.0,22.0,0.8397616679986921
33434,5.0,15.0,0.19704133203180962
7465,5.0,15.0,0.1369955499737605
4946,5.0,15.0,0.01672520898504315
15415,5.0,12.0,0.001523302492243639
8008,5.0,18.0,19.802598629565324
39810,5.0,22.0,92.33729259456248
13557,5.0,18.0,9.708149971577456
28965,5.0,18.0,8.934926015986292
17218,5.0,15.0,23.1466664237833
11051,5.0,18.0,13.905605785513728
45886,5.0,25.0,58.7697023808651
4716,5.0,14.0,1.7064424337076218
36969,5.0,12.0,13.449208942677103
27210,5.0,25.0,40.55740851204001
31925,5.0,5.0,0.17908466406623802
49736,5.0,25.0,28.97419431516571
8244,5.0,18.0,2.285000426721737
23914,5.0,18.0,1.8223943807975616
49466,5.0,22.0,18.996481737765997
3024,5.0,12.0,3.306497250059678
20138,5.0,25.0,18.30684143982721
27275,5.0,15.0,0.9929371782356284
43595,5.0,22.0,13.835975312161427
10443,5.0,25.0,11.576057856214902
39902,5.0,15.0,0.49683674233394726
34943,5.0,22.0,12.769370271318099
15362,5.0,12.0,2.146950299801098
41221,5.0,25.0,11.982698175344744
4261,5.0,25.0,3.2602718316859782
30653,5.0,15.0,0.33952013485282606
32970,5.0,25.0,8.793928183975439
29900,5.0,25.0,7.854518491155972
23162,5.0,15.0,0.8455461449090542
36885,5.0,25.0,4.889817910398172
1555,5.0,15.0,1.4692047119855687
13872,5.0,18.0,0.6611325425097183
5297,5.0,25.0,2.3864851999915313
7816,5.0,22.0,2.0450382625117496
14582,5.0,12.0,0.30870588002348587
22889,5.0,25.0,0.7825505760128326
28569,5.0,22.0,1.9094687317224368
18397,5.0,25.0,0.746199946689627
20043,5.0,25.0,0.7205323566668591
18708,5.0,12.0,0.092972774963894
42970,5.0,18.0,21.337737648844097
21546,5.0,18.0,15.789648867080473
37597,5.0,18.0,10.997135978693052
8507,5.0,15.0,26.40536254221928
37210,5.0,18.0,8.279943954738101
6804,5.0,22.0,59.941013548634345
30547,5.0,12.0,13.693605312168131
34839,5.0,25.0,46.15625031674266
17958,5.0,5.0,0.00201157337146185
39731,15.0,14.0,12.777257039959352
4370,5.0,25.0,26.434882040033095
30063,5.0,25.0,18.606000729447473
27689,5.0,25.0,16.013129117032022
461,5.0,25.0,15.60613657587733
18526,5.0,22.0,15.027429459320143
409,5.0,25.0,13.48220953617632
26274,5.0,25.0,8.254430147989943
3408,5.0,25.0,8.25711002664439
27893,5.0,25.0,13.200368758382702
15848,5.0,22.0,15.405096267484588
24685,5.0,25.0,11.188848298636323
2962,5.0,25.0,5.284805934672249
22552,5.0,12.0,1.3721652749665623
26540,5.0,12.0,1.3627721099988932
36211,5.0,22.0,8.82954758837333
14520,5.0,25.0,4.342792845335083
3719,5.0,12.0,1.1061244198600129
6851,5.0,25.0,3.653104994990729
39364,5.0,12.0,0.13273477506063713
1840,5.0,22.0,4.284025032526945
35565,5.0,12.0,0.744659219996576
751,5.0,25.0,2.0741866260312367
39964,5.0,22.0,2.3524034560232
45333,5.0,12.0,0.4690615799119442
26257,5.0,15.0,0.6010297839629697
48885,5.0,25.0,1.2986359100053173
7665,5.0,25.0,0.982253583333534
30718,5.0,14.0,0.03596636154632993
32062,5.0,18.0,0.0462460346604221
40351,5.0,22.0,0.3962077706787437
23490,5.0,15.0,0.014027520001550053
11943,5.0,18.0,10.051958980158162
37787,5.0,18.0,28.681773657568144
18702,5.0,22.0,59.76225137871094
10989,5.0,22.0,42.31022852414168
39752,5.0,25.0,33.02904602551064
27472,5.0,25.0,27.65043095376322
42606,5.0,22.0,34.551649678761756
6214,5.0,25.0,23.62748303967188
25261,5.0,25.0,22.062272989651966
2884,5.0,18.0,6.520525070177953
7105,5.0,25.0,17.112503826455665
42995,5.0,22.0,14.924827024910297
41369,5.0,18.0,1.892157258414585
15514,5.0,14.0,0.8934369659766475
21858,5.0,25.0,11.995052223851044
8211,5.0,18.0,0.6495379919993116
40386,5.0,18.0,2.8996127263703464
27452,5.0,25.0,9.56339988461652
47066,5.0,25.0,8.959508666561494
22640,5.0,25.0,5.425086488291528
36881,5.0,25.0,4.239916591937265
28610,5.0,25.0,4.121726819939855
26901,5.0,25.0,6.575458799880526
21188,5.0,14.0,0.40435697999307507
5700,5.0,14.0,0.6354263680732402
14684,5.0,25.0,3.057885248630276
19739,5.0,14.0,0.25152195391922305
144,5.0,15.0,1.183339889959143
13574,5.0,25.0,4.904252188835137
541,5.0,25.0,2.9960628266496228
29650,5.0,25.0,4.5708773567319945
33487,5.0,14.0,0.17567807394399182
1779,5.0,14.0,0.16389745198300787
48856,5.0,14.0,0.11690534398866603
7269,5.0,14.0,0.0909061279532608
49506,5.0,14.0,0.020919847970824357
20039,5.0,12.0,0.23938972499567868
16927,5.0,25.0,0.8644578399805765
43565,5.0,25.0,0.7741985799774547
35393,5.0,18.0,35.841496122869216
20585,5.0,25.0,120.44108735890089
11695,5.0,12.0,50.52853797332938
10253,5.0,25.0,94.79587591167663
49957,5.0,14.0,12.355212556371043
16667,5.0,12.0,45.8698383818666
5360,5.0,25.0,82.08242210457007
28510,5.0,25.0,68.2201885561605
26138,5.0,5.0,11.307799699437965
38454,5.0,25.0,53.02970911989104
21213,5.0,15.0,21.521388517329427
22169,5.0,5.0,1.5469664039669695
14678,5.0,5.0,3.4850798730646275
30214,5.0,25.0,19.409495789071315
29474,5.0,25.0,20.00891865392633
48046,5.0,5.0,0.7067039999811939
35278,5.0,22.0,23.889742143863536
7804,5.0,5.0,2.089192294477293
42059,5.0,15.0,8.843322851842444
42232,5.0,22.0,18.05782219163156
3205,5.0,22.0,8.848658565310593
5472,5.0,14.0,1.016246123933513
35733,5.0,25.0,8.72013979731939
15488,5.0,14.0,0.9422394078825818
33973,5.0,25.0,13.541484520373878
17945,5.0,18.0,3.6786902807115993
1393,5.0,22.0,16.122846267156152
43195,5.0,14.0,0.8132744599733428
2204,5.0,12.0,2.212819724899802
21060,5.0,22.0,7.545659183975543
30941,5.0,12.0,1.465295159999446
19247,5.0,25.0,8.339515009021717
7193,5.0,25.0,0.1787673532727272
17266,5.0,14.0,0.38483387990190465
43509,5.0,12.0,1.0566790499355285
36190,5.0,25.0,5.818209700751083
8505,5.0,22.0,4.295475666663209
42133,5.0,14.0,0.19365739499613
41833,5.0,25.0,2.3980730300052135
23878,5.0,14.0,0.12049826994980073
48644,5.0,18.0,0.3800216433393784
16341,5.0,14.0,0.09118867202590764
37393,5.0,25.0,1.5295215074852493
28258,5.0,15.0,0.6043007099625815
4900,5.0,15.0,0.561347264955864
33431,5.0,25.0,1.3481651516575313
30515,5.0,15.0,0.4617826319860461
1269,5.0,25.0,1.0457147333383379
47059,5.0,14.0,0.019130801968586297
40257,5.0,25.0,1.6169358479573885
18116,5.0,18.0,0.10432715149234806
29012,5.0,15.0,0.15103400249060472
20530,5.0,18.0,0.010710248328612781
34385,5.0,15.0,0.03984104997847426
5041,5.0,25.0,0.14646931499005
49283,5.0,22.0,98.65352777214005
46094,5.0,22.0,100.07785701029889
11481,5.0,22.0,93.83991143023002
33426,5.0,18.0,11.229198346650591
7675,5.0,22.0,78.33011042359279
40059,5.0,5.0,1.6969049855847516
5519,5.0,25.0,40.360752714191875
46161,5.0,25.0,29.071573154746375
40874,5.0,22.0,34.555164755132466
32018,5.0,22.0,30.102859093300673
25235,5.0,25.0,20.254870218728882
32425,5.0,25.0,24.067780388958802
36477,5.0,12.0,4.043993520117084
14791,5.0,15.0,5.261322720677313
4298,5.0,25.0,11.582373696011615
16788,5.0,22.0,8.847757926513122
19449,5.0,12.0,1.961076900117078
952,5.0,25.0,5.566025731020954
692,5.0,25.0,3.4711762500016086
36622,5.0,12.0,1.7695418249824115
41440,5.0,25.0,3.7743577949834197
45405,5.0,12.0,1.065963539984999
31763,5.0,25.0,1.2051153007020226
12385,5.0,22.0,4.953545277308297
42709,5.0,12.0,0.9892681500803242
49032,5.0,12.0,0.8629788000269798
46323,5.0,15.0,1.2062621819669346
46258,5.0,12.0,0.7226183101033836
44362,5.0,15.0,0.848813507932153
16326,5.0,15.0,0.8029098900318701
11220,5.0,25.0,0.7603824133216275
4517,5.0,22.0,1.0235345613300941
18004,5.0,18.0,14.65752763222855
5031,5.0,5.0,4.0719862071508715
34457,5.0,5.0,1.241516447467177
32587,5.0,15.0,26.177371248115435
14345,5.0,12.0,11.610892991094204
20762,5.0,22.0,71.15155998147874
34583,5.0,25.0,57.05128858274959
37178,5.0,5.0,0.7741248661593261
38275,5.0,5.0,2.588887462148307
48175,5.0,22.0,61.206884700494825
40176,5.0,18.0,5.2301255809189655
9447,5.0,25.0,48.91641090039839
40078,5.0,15.0,8.855110022632516
37042,5.0,25.0,27.294064476315143
31526,5.0,25.0,26.833496000120782
7032,5.0,25.0,23.66665654425767
40507,5.0,25.0,18.258967081406517
20564,5.0,12.0,0.5068020000809526
10976,5.0,25.0,10.173061046544717
13195,5.0,25.0,7.47369404001919
27711,5.0,25.0,3.5786530350667647
18292,5.0,25.0,0.851082720071819
39528,5.0,15.0,0.9753615640576072
19931,5.0,25.0,4.096573120094675
17432,5.0,25.0,3.296920530084172
3749,5.0,25.0,2.8821758200610965
41464,5.0,25.0,6.21758565142817
15090,5.0,25.0,1.4284459067419792
11564,5.0,14.0,0.7038312000889348
49145,5.0,22.0,5.1784098648864045
29330,5.0,22.0,4.1303990431901765
26265,5.0,14.0,0.1078085800159645
27332,5.0,18.0,0.2609532156799719
38596,5.0,15.0,0.13066656004175758
45747,5.0,25.0,0.37891549867802454
7215,5.0,15.0,0.01722566001709347
42044,5.0,25.0,0.015484596002266926
30521,5.0,15.0,24.126758572373376
25428,5.0,5.0,18.01774366727645
37181,5.0,22.0,70.3352636237694
17447,5.0,18.0,21.46878558261082
35561,5.0,22.0,49.287329993943274
29308,5.0,5.0,2.2188646338801163
46626,5.0,22.0,55.26367017617818
48352,5.0,25.0,42.880652881263586
10077,5.0,22.0,53.54871408532709
14215,5.0,25.0,32.80632713606988
19492,5.0,5.0,0.19368760006229735
7349,5.0,25.0,22.059484867600602
31224,5.0,22.0,27.080382058438786
42460,5.0,22.0,29.780863581705063
7289,5.0,14.0,1.2669153120095302
7427,5.0,22.0,24.101613030424573
42557,5.0,18.0,3.8957493214319854
46429,5.0,14.0,1.3122239600364978
40362,5.0,14.0,1.292937950019514
42794,5.0,14.0,1.7298276478565242
20861,5.0,14.0,1.0102004999147027
17403,5.0,25.0,13.923634260260577
34658,5.0,25.0,5.496663255052329
28107,5.0,15.0,3.5945219189310436
26325,5.0,22.0,17.946903792002615
26959,5.0,15.0,3.498857419991488
28102,5.0,25.0,10.1911833867705
9550,5.0,12.0,2.170766279905976
42151,5.0,12.0,2.9950929121653402
13336,5.0,15.0,2.6171489549372033
29519,5.0,22.0,11.962559515275228
44057,5.0,25.0,3.0804391940232243
18849,5.0,25.0,3.848435134384463
32650,5.0,22.0,5.320025109010768
18512,5.0,14.0,0.38592429590295296
3412,5.0,14.0,0.3704626574482397
14063,5.0,12.0,1.0074548098754548
19056,5.0,22.0,6.480415300844783
6409,5.0,25.0,5.455558489446219
29010,5.0,25.0,2.08481272586379
10366,5.0,25.0,4.177220368109296
5835,5.0,25.0,1.6527085860434072
6994,5.0,14.0,0.2423731439760921
39351,5.0,12.0,0.784731450029243
3978,5.0,25.0,2.5319184483604626
3950,5.0,14.0,0.22730705395733786
27632,5.0,25.0,2.6911060800048574
18900,5.0,25.0,4.061883640054182
2716,5.0,25.0,3.802973337664591
48736,5.0,18.0,0.5434789249857257
5072,5.0,14.0,0.09320778197390744
33260,5.0,25.0,1.4236594450075333
37347,5.0,22.0,1.8158727466667322
4979,5.0,15.0,0.5413042200010736
10562,5.0,22.0,1.4059697280274661
36220,5.0,18.0,28.44386451626832
32767,5.0,25.0,83.1067096793814
26910,5.0,5.0,11.08075860061409
14815,5.0,5.0,5.060121766962112
23561,5.0,5.0,11.238950719971754
11794,5.0,5.0,15.52142348813257
4421,5.0,5.0,0.3771315205377732
49477,5.0,5.0,3.3479731669501973
46564,5.0,5.0,3.0853023181542767
42938,5.0,15.0,26.417782815988886
37165,5.0,18.0,4.296980478016124
48423,5.0,25.0,36.89815843843333
48972,5.0,18.0,7.954281492217397
1271,5.0,18.0,7.098434586992298
12632,5.0,18.0,5.989344837264369
13071,5.0,18.0,6.5475743487646625
35540,5.0,25.0,18.004886687826243
5038,5.0,15.0,4.161260424106054
885,5.0,15.0,4.118145325119407
40245,5.0,22.0,15.205357962613324
22695,5.0,18.0,2.1829004257386018
33236,5.0,18.0,1.6474576683292472
25175,5.0,15.0,2.4287144700683108
30788,5.0,18.0,2.679527261848566
24056,5.0,22.0,12.519818188747013
25387,5.0,22.0,11.614947308742622
46609,5.0,22.0,6.4956650999581385
17452,5.0,25.0,4.874811421635206
49268,5.0,15.0,1.936641382615825
3922,5.0,15.0,4.722679833640555
5964,5.0,14.0,0.4494550560578219
38781,5.0,14.0,0.41607402003485916
20041,5.0,14.0,0.38494981203064427
16512,5.0,14.0,0.3690795154929276
36401,5.0,25.0,6.334084787253142
18455,5.0,25.0,3.86499685697639
38846,5.0,15.0,1.5198206249970347
20214,5.0,25.0,3.544901412455225
12575,5.0,15.0,1.4320560420601218
49994,5.0,25.0,3.330266500014419
30894,5.0,18.0,0.7987947719820951
21952,5.0,25.0,2.5712673599949216
11269,5.0,15.0,1.0410735839966527
6687,5.0,25.0,2.3732199709778046
26628,5.0,25.0,1.9300729452958807
2526,5.0,14.0,0.07383750399639766
10692,5.0,15.0,0.5281786320269832
827,5.0,15.0,0.40216375502591717
44176,5.0,18.0,0.32745754879616573
30866,5.0,25.0,0.6722194533337391
20190,5.0,15.0,0.21426264003089646
17970,5.0,25.0,0.2847350373390305
7777,5.0,22.0,0.4788876393300361
34700,5.0,15.0,0.07862454399917551
20620,5.0,25.0,0.16401383000095282
46901,5.0,15.0,0.012603682513802728
3787,5.0,22.0,116.28970724487857
33436,5.0,22.0,101.64995706724031
37822,5.0,5.0,3.517017118715046
16676,5.0,22.0,93.20844860842871
26203,5.0,18.0,8.289482778625242
7139,5.0,22.0,59.30031038900076
31447,5.0,22.0,52.060385599845134
19930,5.0,25.0,39.04228205868681
42552,5.0,25.0,34.16938362126331
28720,5.0,25.0,34.67015832893763
13084,5.0,18.0,2.0662642812381122
3930,5.0,25.0,31.042817044414335
30588,5.0,25.0,29.19098739409167
24507,5.0,25.0,27.691975248966422
13756,5.0,25.0,26.388350655893944
20258,5.0,25.0,23.84061812145491
641,5.0,18.0,2.5083787936932893
7400,5.0,14.0,1.1296224320325123
23313,5.0,25.0,16.238384380504044
8413,5.0,25.0,6.507986294320407
35029,5.0,25.0,9.186213868646671
39306,5.0,14.0,0.4575822720164133
5071,5.0,12.0,1.2843079500770926
9331,5.0,25.0,1.3439906679804654
13420,5.0,12.0,0.9230850750159121
30325,5.0,12.0,0.8303142001063399
26506,5.0,18.0,0.15681097605392935
30206,5.0,12.0,0.5774206350031683
13730,5.0,14.0,0.12373255995711929
41010,5.0,12.0,0.37271964001581726
35947,5.0,25.0,1.3223302263649659
14920,5.0,25.0,0.7039365799874728
42099,5.0,12.0,0.1427506500171063
9051,5.0,18.0,14.874946213839422
9584,5.0,22.0,94.47968192027696
49450,5.0,18.0,14.993658817329873
12437,5.0,5.0,2.59140230097114
38294,5.0,12.0,14.808400320718704
28174,5.0,22.0,41.388175679967986
27372,5.0,18.0,3.7791493750155425
29991,5.0,22.0,25.94222475831298
24790,5.0,25.0,25.859819000086063
33515,5.0,25.0,20.232521671838505
19811,5.0,25.0,16.748125964935532
39675,5.0,25.0,9.836901976704873
12590,5.0,25.0,14.724165880666032
33179,5.0,14.0,0.9154585741267312
20740,5.0,18.0,1.3754080909923836
19358,5.0,14.0,0.8021399775456146
21207,5.0,15.0,2.5141326876342625
41342,5.0,25.0,5.924661362994465
15681,5.0,25.0,4.156427446675714
43526,5.0,25.0,3.851150904999429
17143,5.0,25.0,3.008116210037561
45826,5.0,14.0,0.21980118600598963
32872,5.0,25.0,4.0652881519506
42732,5.0,25.0,2.245094790007575
27681,5.0,15.0,0.8490043440603987
35992,5.0,12.0,0.47768553750406717
17206,5.0,15.0,0.652106394068138
36560,5.0,25.0,1.44674033999634
36763,5.0,25.0,1.3332907225130954
47078,5.0,15.0,0.5195827320602229
8411,5.0,14.0,0.014598495004096712
34153,5.0,25.0,0.8825470999876743
23582,5.0,15.0,0.2292077460133859
44539,5.0,12.0,0.09057792001906773
25843,5.0,18.0,34.56879657503521
41594,5.0,14.0,37.646747151745615
30938,5.0,5.0,2.8331999995959336
21121,5.0,12.0,19.72455549515456
35535,5.0,22.0,83.91061618461549
4340,5.0,18.0,16.022908853419892
34044,5.0,5.0,15.065284570048533
28953,5.0,12.0,2.2196351996777537
33828,5.0,25.0,40.31162733641551
9739,5.0,18.0,8.229809448047178
12964,5.0,25.0,36.454505731930425
14963,5.0,25.0,32.16434554679046
40321,5.0,5.0,4.756071600162841
44856,5.0,25.0,21.687580829890408
30845,5.0,22.0,19.168412526794654
10367,5.0,22.0,14.86152355137289
29362,5.0,25.0,16.08822056956825
15479,5.0,18.0,4.148871656243394
45090,5.0,14.0,1.69873113606954
42717,5.0,25.0,15.224316404684181
8665,5.0,15.0,4.0651837797830765
2414,5.0,15.0,3.8836274697862336
34805,5.0,15.0,3.6654608638071977
20296,5.0,25.0,13.534808646088774
3365,5.0,15.0,3.410717809249867
48362,5.0,18.0,0.6348030640023108
46673,5.0,25.0,8.695387139327831
46232,5.0,15.0,1.9945695499411222
20709,5.0,14.0,0.519466418961045
23011,5.0,15.0,1.969306559850569
11433,5.0,12.0,1.2341746199406138
36385,5.0,12.0,1.7955742799604764
5176,5.0,14.0,0.31156207198798924
36831,5.0,12.0,0.6390092999507306
40443,5.0,25.0,1.8151236501879264
34704,5.0,25.0,1.802454289857887
14404,5.0,12.0,0.4885883399547346
12954,5.0,18.0,0.4864693674845215
47425,5.0,12.0,0.340272299991212
10824,5.0,14.0,0.03567252601758675
36879,5.0,14.0,0.02413062897690832
4080,5.0,15.0,0.32546969593550035
12883,5.0,15.0,0.15160175999212733
31325,5.0,22.0,0.5133471583187845
1036,5.0,15.0,0.09002075996809289
28409,5.0,15.0,0.07599462599110085
5966,5.0,25.0,0.11849435467503944
10517,5.0,25.0,136.15422049961128
49456,5.0,5.0,1.2420243999448815
19895,5.0,14.0,38.128703387516964
41300,5.0,25.0,92.05100694524819
44781,5.0,5.0,1.1817840004371476
7657,5.0,25.0,76.41573235272261
19253,5.0,22.0,87.43109169885136
26113,5.0,5.0,25.983942049156582
19487,5.0,18.0,14.753118903977395
36945,5.0,25.0,47.67046752056859
28940,5.0,5.0,2.1345702844316747
5878,5.0,22.0,53.586268494897226
22066,5.0,14.0,4.485814009440759
4865,5.0,18.0,9.899374933347183
17019,5.0,5.0,1.4743720000072145
15797,5.0,25.0,26.68409467252924
27922,5.0,5.0,0.9653394474806376
46408,5.0,15.0,6.002132373015016
20733,5.0,18.0,5.203709205273839
49439,5.0,14.0,6.999473670425203
14139,5.0,22.0,12.74418363698787
4166,5.0,22.0,19.66355829253814
7840,5.0,14.0,0.9196976054600583
67,5.0,25.0,14.001457376056603
41849,5.0,12.0,4.942424784042991
37023,5.0,25.0,12.489596568022836
48140,5.0,15.0,2.990978889895338
35237,5.0,15.0,2.987054267953866
33022,5.0,14.0,0.671801773990218
18104,5.0,12.0,1.8410655000236282
28593,5.0,5.0,0.021382413264241507
14080,5.0,22.0,6.11064323033902
38514,5.0,22.0,6.831284526656772
27803,5.0,25.0,4.899919980016914
40979,5.0,14.0,0.3169462220234145
17768,5.0,18.0,2.448212431202448
22761,5.0,12.0,1.0255288799918532
25293,5.0,15.0,1.3109528249835165
25589,5.0,22.0,6.346070820157102
18275,5.0,15.0,1.0971180959271027
4487,5.0,25.0,4.304844714685949
8657,5.0,18.0,0.321446611326631
35198,5.0,15.0,0.5887083299447848
21251,5.0,18.0,0.6489431850833842
1027,5.0,22.0,1.7347799099671612
40214,5.0,22.0,1.7783593000198614
17273,5.0,14.0,0.02894720947501561
13521,5.0,14.0,0.013883658004115063
11863,5.0,25.0,0.964075076005745
7370,5.0,22.0,1.0125760469807128
34424,5.0,15.0,0.18477299996766083
24226,5.0,22.0,123.14560156794954
26317,5.0,22.0,117.22106326397255
38464,5.0,18.0,15.738711046282674
37056,5.0,22.0,88.04417120301676
7729,5.0,22.0,87.26541617059164
9664,5.0,25.0,61.27042449033786
8284,5.0,5.0,1.3841027290578722
28279,5.0,25.0,45.67762313352364
11904,5.0,5.0,0.34664564513322205
42761,5.0,12.0,9.04909620011125
36886,5.0,25.0,30.6309600748516
911,5.0,5.0,1.5827003270915583
32156,5.0,25.0,21.53187014401616
15291,5.0,22.0,21.228697297347132
3183,5.0,25.0,18.039374882536222
25254,5.0,14.0,0.4082228063312101
33106,5.0,12.0,2.4202718401528145
31820,5.0,12.0,2.211508650060267
42481,5.0,25.0,11.81757410460877
22135,5.0,25.0,2.6939457390088
2863,5.0,25.0,3.103775856002734
2298,5.0,25.0,5.388000926136705
4102,5.0,22.0,8.80684521609701
24903,5.0,25.0,0.7372510733374611
21340,5.0,25.0,7.867444928587787
25706,5.0,12.0,1.1444185201787818
32466,5.0,25.0,1.5472958166636612
14641,5.0,12.0,0.49044168750506323
8842,5.0,12.0,0.4381718250776334
14287,5.0,15.0,0.40373666001286335
28336,5.0,18.0,0.17345390298704588
29804,5.0,25.0,0.9497698673495036
10357,5.0,12.0,0.22991461509159183
26408,5.0,12.0,0.18477709501466144
23437,5.0,12.0,0.16705920004838593
14805,5.0,5.0,7.165810558911744
20179,5.0,25.0,87.36846288470548
7865,5.0,5.0,1.1817774713824178
13939,5.0,5.0,5.560182399099233
19162,5.0,25.0,60.42611410757212
28344,5.0,25.0,62.00385619228115
21841,5.0,5.0,0.38353413608342635
24265,5.0,25.0,48.478526148187726
19384,5.0,22.0,43.922675202227
23065,5.0,5.0,1.1448260610331715
25190,5.0,5.0,0.7027674112456026
45289,5.0,5.0,2.1801237337751473
30246,15.0,14.0,7.062632124812296
18192,5.0,22.0,26.15248716134674
36853,5.0,25.0,16.429349315271566
23165,5.0,22.0,7.229181590005698
13854,5.0,25.0,13.559538629146019
31651,5.0,25.0,12.151472918443417
29400,5.0,15.0,0.4445482573354482
11800,5.0,15.0,2.1016867917160766
42126,5.0,22.0,11.513701968190038
14264,5.0,25.0,5.513399637506353
35109,5.0,22.0,3.96401964266272
38773,12.0,15.0,0.481911659962428
26902,5.0,14.0,0.3292352160541654
37590,5.0,25.0,2.7730563369614174
9501,5.0,25.0,0.665718144988034
13562,5.0,25.0,2.4300896625516817
34378,5.0,12.0,0.6810239998816137
1099,5.0,22.0,2.922985066003511
42899,5.0,12.0,0.5739766499528933
23825,5.0,14.0,0.14088367999918816
20399,5.0,18.0,0.42728670499502996
43743,5.0,25.0,1.726321900030599
12309,5.0,22.0,2.0559352199930405
2011,5.0,25.0,1.3350473150349957
22501,5.0,22.0,2.6561892714352373
46087,5.0,15.0,0.3620517149922966
34729,5.0,22.0,0.5186130500063677
25587,5.0,18.0,36.520075363314504
37690,5.0,5.0,7.956959696818728
117,5.0,18.0,22.922353331123816
7414,5.0,25.0,62.790735095508666
17645,5.0,5.0,36.867972742880454
17338,5.0,25.0,55.41221008608014
30408,5.0,18.0,15.957383517830948
2323,5.0,25.0,61.4993320896846
12234,5.0,25.0,44.19248704235358
38440,5.0,25.0,50.05985774921315
22047,5.0,25.0,29.393304271912115
547,5.0,5.0,3.664717199823798
22349,5.0,22.0,45.031772591553846
49762,5.0,25.0,40.82525868848441
40435,5.0,25.0,20.013310179968457
34497,5.0,25.0,24.45368141561083
14156,5.0,22.0,36.52273619824335
31742,5.0,25.0,16.187435417463533
2062,5.0,22.0,33.64994576785746
35715,5.0,18.0,4.221769087921032
31591,5.0,25.0,19.580832239823707
26627,5.0,25.0,17.198475935876615
39974,5.0,25.0,12.231417036634284
20172,5.0,14.0,0.7759973145446253
19248,5.0,22.0,10.232724155853013
41444,5.0,22.0,3.439552224109317
40113,5.0,25.0,3.4825821311717604
2541,5.0,25.0,1.358100820048275
49472,5.0,15.0,1.619582500040739
20610,5.0,15.0,1.7016026000676128
24382,5.0,15.0,1.481961282019025
20911,5.0,15.0,1.2957956175193388
31603,5.0,15.0,1.302317670056052
25529,5.0,12.0,0.890608260096533
40286,5.0,25.0,2.982181001646004
9185,5.0,25.0,4.552353923952033
20771,5.0,25.0,2.1898985099802006
47179,5.0,25.0,1.9463360399853213
38656,5.0,14.0,0.13950013001148953
8649,5.0,25.0,0.4134936639908642
11089,5.0,25.0,0.291647726658945
46704,5.0,14.0,35.85509880125875
42851,5.0,5.0,5.654836437382869
717,5.0,25.0,76.67651162115448
22342,5.0,25.0,64.93362504288754
958,5.0,25.0,73.76164227376533
9952,5.0,5.0,3.778191359991837
20872,5.0,14.0,16.153051024616417
8030,5.0,25.0,36.22310087891604
23911,5.0,25.0,30.212947862453994
14752,5.0,14.0,14.714300179422196
25309,5.0,25.0,30.54353246427241
12210,5.0,5.0,1.2758270000531837
7025,5.0,14.0,12.625585343896972
30356,5.0,5.0,1.2932431573961196
14104,5.0,14.0,1.9102324899456136
6317,5.0,25.0,12.919029556010784
34840,5.0,22.0,22.97741894406799
25741,5.0,25.0,18.054348912058764
20946,5.0,25.0,16.362205886793582
21406,5.0,25.0,15.121166829603858
20149,5.0,18.0,1.3644187173163296
35711,5.0,14.0,0.7584108499544371
5831,5.0,14.0,3.2417898205825324
42462,5.0,25.0,9.93296521688725
5671,5.0,25.0,1.6053393249779582
18600,5.0,25.0,4.815502004165371
45891,5.0,14.0,0.4718440724743225
33361,5.0,15.0,4.272338391765828
29131,5.0,5.0,2.600659468610271
27111,5.0,12.0,1.1216273248974815
44421,5.0,5.0,2.4400354174362207
11624,5.0,25.0,5.590016533367264
8718,5.0,22.0,6.234944695447876
41313,5.0,14.0,0.2860579560401959
3758,5.0,15.0,2.107155919859455
39348,5.0,25.0,2.8236246750231224
11555,5.0,25.0,2.5175136626828785
9141,5.0,25.0,2.3666830966349117
6980,5.0,14.0,0.1901859000042485
12333,5.0,22.0,4.750060004816337
404,5.0,25.0,1.9191149699956007
26756,5.0,15.0,0.6333198644937355
25603,5.0,14.0,0.08808114200276052
37535,5.0,14.0,0.08065085400782657
20075,5.0,25.0,1.4091450415063322
44894,5.0,14.0,0.05574433801650702
31252,5.0,25.0,1.9615891445209455
43739,5.0,15.0,0.4327404024708219
4621,5.0,25.0,0.7584462513226042
5379,5.0,15.0,0.27223844698551325
26445,5.0,25.0,0.6477163449948762
18691,5.0,22.0,0.8020761900033597
26885,5.0,5.0,0.41617666692624766
14307,5.0,22.0,76.2900256798179
18464,5.0,18.0,11.817636441446567
5298,5.0,18.0,7.855830218571455
33714,5.0,18.0,10.485424148938009
11674,5.0,5.0,0.2322275551930062
21992,5.0,18.0,8.008811673732197
94,5.0,25.0,46.402886471944285
1419,5.0,22.0,39.404897036565785
37044,5.0,22.0,27.569442416216006
46370,5.0,25.0,22.84821619202667
12338,5.0,5.0,0.6694601037803523
8805,5.0,25.0,20.637803318232066
41000,5.0,25.0,10.698587239485093
7186,5.0,22.0,9.815220190054983
7985,5.0,22.0,14.977326266210259
12624,5.0,25.0,6.666630600022874
36160,5.0,25.0,5.837154820020736
296,5.0,22.0,14.125492439877213
15487,5.0,12.0,2.0391942222928776
41545,5.0,25.0,3.475100883433978
2029,5.0,22.0,13.145166849551135
26915,5.0,22.0,11.638486488109217
23866,5.0,25.0,6.892715176004437
34290,5.0,25.0,2.5360049250035264
31607,5.0,25.0,2.7156019400127906
4023,5.0,25.0,5.873202129679942
10161,5.0,12.0,0.8172053849221683
37141,5.0,25.0,2.8343748343484627
12950,5.0,14.0,0.03949872299276613
4218,5.0,12.0,0.11840981250769955
4221,5.0,22.0,0.7597348049879127
6002,5.0,15.0,0.08463909998766939
3916,5.0,12.0,0.05478797999530416
42317,5.0,22.0,115.09619701653244
7531,5.0,22.0,93.9924107802515
5328,5.0,25.0,81.5770401281909
38105,5.0,22.0,82.40865457157852
37660,5.0,25.0,63.21489600001914
10606,5.0,15.0,22.36687095155719
8205,5.0,5.0,0.932373503847316
21445,5.0,25.0,39.65565658931499
16115,5.0,18.0,0.8760087938681238
33127,5.0,25.0,31.616973157470298
38059,5.0,25.0,26.142007813333322
31901,5.0,25.0,21.46371850938609
49972,5.0,25.0,18.20775839991566
39011,5.0,22.0,16.536497660101347
4743,5.0,25.0,14.572314466660544
20809,5.0,25.0,13.58553131509808
26523,5.0,25.0,3.261705708048453
17455,5.0,12.0,2.538232589955882
6514,5.0,12.0,1.9488737323776064
8291,5.0,12.0,1.8592721399268939
48870,5.0,25.0,10.458011160043796
46010,5.0,25.0,10.388275649395371
32886,5.0,25.0,5.912081524188334
42103,5.0,25.0,1.2212405505239374
21541,5.0,15.0,2.795215800059374
7488,5.0,25.0,0.3098200500213242
21007,5.0,25.0,4.2806547375158175
7760,5.0,12.0,1.2631817999405612
34929,5.0,12.0,2.0043418795962467
35099,5.0,18.0,1.9338572074740714
24319,5.0,25.0,0.1305258000291829
45822,5.0,25.0,0.8367666799925519
36216,5.0,25.0,2.35090794237086
28063,5.0,22.0,5.565482789319454
47171,5.0,14.0,0.1492734400598632
8459,5.0,25.0,1.6583570691763674
37651,5.0,12.0,0.11801392503344843
45487,5.0,5.0,7.427425065830846
3883,5.0,5.0,38.28741840066897
34197,5.0,22.0,105.89044987246683
16001,5.0,22.0,86.65178685305472
24646,5.0,25.0,48.549527041207625
45667,5.0,14.0,4.996143986268919
27559,5.0,22.0,48.734995626438476
7099,5.0,25.0,41.48762256975117
17732,5.0,22.0,38.219195186006644
43058,5.0,25.0,26.16598399739553
14478,5.0,22.0,35.3503969280376
23942,5.0,14.0,3.026760068134948
5806,5.0,25.0,22.03866281829852
24214,5.0,5.0,0.950401263972168
36027,5.0,22.0,25.719940491974775
41491,5.0,25.0,13.510735785625208
16874,5.0,25.0,8.778622573547267
25118,5.0,14.0,1.0450050408592162
22401,5.0,15.0,3.942732863935589
13370,5.0,25.0,11.000925493411494
6585,5.0,15.0,6.349062355548185
18961,5.0,25.0,8.641220040064876
15648,5.0,25.0,8.791129686885608
10806,5.0,22.0,14.161672967958339
1031,5.0,14.0,0.8707772475439839
12353,5.0,14.0,0.7921178729600982
8970,5.0,25.0,6.9346805057202445
32552,5.0,25.0,7.04308369821706
39488,5.0,12.0,1.8436696499488079
21555,5.0,25.0,5.488306479998688
2271,5.0,14.0,0.6321863879704317
11604,5.0,22.0,11.99018575245352
44074,5.0,25.0,9.535780160055328
22982,5.0,25.0,5.213168080014793
34779,5.0,12.0,1.5086063999968111
44353,5.0,22.0,6.234032137509242
8806,5.0,25.0,4.662436825037247
27295,5.0,22.0,7.369537083094325
18957,5.0,12.0,1.0482715199910402
25927,5.0,25.0,2.091551237348792
42270,5.0,12.0,0.849304020022803
15231,5.0,12.0,0.5874550949917392
17310,5.0,15.0,1.3898954479678167
10023,5.0,12.0,0.5097028799893657
25163,5.0,22.0,3.868234318748205
27189,5.0,15.0,0.468611896020775
8712,5.0,25.0,0.7628153087991381
29059,5.0,25.0,100.68854320810559
34626,5.0,5.0,8.36929642859809
34081,5.0,5.0,12.65789913543179
39745,5.0,25.0,98.16788652276082
1182,5.0,25.0,95.28607077015863
38821,5.0,5.0,12.445466452771598
19018,5.0,25.0,66.77402179958855
29098,5.0,5.0,4.370350575943519
27722,5.0,5.0,2.471793868685495
12231,5.0,5.0,4.74446750012828
37234,5.0,5.0,1.2714068819661435
3320,5.0,25.0,38.060470541091476
1891,5.0,25.0,30.644513774891706
8404,5.0,5.0,1.1921819135860972
8638,5.0,5.0,1.3582174986588527
18302,5.0,25.0,24.06833437940942
33565,5.0,5.0,4.688791353689723
23555,5.0,14.0,2.1013797076394525
30080,5.0,5.0,0.6218114005479407
48628,5.0,25.0,13.735958480000825
21076,5.0,15.0,4.842276616588819
8599,5.0,15.0,3.112279252670689
12372,5.0,14.0,0.9594765134605083
43660,5.0,14.0,1.3070047358907502
14564,5.0,22.0,15.627006446791018
25438,5.0,12.0,1.9891356149266954
48241,5.0,22.0,13.600206831340252
31985,5.0,22.0,12.697619135947011
5638,5.0,22.0,7.502068766659152
1142,5.0,25.0,9.415857152055594
27912,5.0,22.0,9.692403420639032
39172,5.0,18.0,1.392734559940667
25408,5.0,25.0,4.726059498029086
4366,5.0,25.0,4.419882376030495
49026,5.0,15.0,1.586873520017786
11696,5.0,15.0,1.4674250868955525
16353,5.0,15.0,0.9648459641725395
32395,5.0,25.0,2.8978102226914038
17025,5.0,25.0,2.8507004925202075
16074,5.0,25.0,2.7126285593615957
20817,5.0,22.0,2.4469426733504243
1171,5.0,25.0,1.8958775649954305
48325,5.0,14.0,0.05276407503273539
39266,5.0,14.0,0.031231548051117386
26415,5.0,15.0,0.3512269919949471
22431,5.0,22.0,1.257265061669763
12263,5.0,22.0,0.733082118004569
5612,5.0,25.0,0.3848473833426551
30114,5.0,12.0,30.9454639649274
15493,5.0,5.0,2.2675852777619525
13087,5.0,22.0,105.95823316087376
33258,5.0,25.0,64.43757580840841
891,5.0,18.0,7.884496662888708
33298,5.0,25.0,46.47773766420447
44292,5.0,25.0,43.29291795202823
10924,5.0,22.0,42.59357065622676
28128,5.0,25.0,27.806533638516967
32392,5.0,22.0,23.6060025088467
48752,5.0,25.0,23.129652234768514
17508,5.0,22.0,23.022488671957746
26960,5.0,25.0,15.319566753680292
47598,5.0,25.0,15.988472097733808
41610,5.0,22.0,6.538024466670908
40613,5.0,25.0,5.526266204041558
32674,5.0,14.0,0.6228651798592644
48600,5.0,12.0,1.3960631999237982
14673,5.0,15.0,1.4714277599188357
10790,5.0,12.0,0.792830459929867
4641,5.0,25.0,2.7925592600174065
27124,5.0,12.0,0.6385293074221554
21502,5.0,12.0,0.6233195999857877
47370,5.0,22.0,1.2672600979906479
36716,5.0,22.0,0.8260506922108082
43029,5.0,18.0,0.17943508300498268
2244,5.0,25.0,1.3874334180435124
25290,5.0,25.0,0.6892196480018575
17099,5.0,18.0,11.923903627664004
12891,5.0,22.0,94.01692001755262
4494,5.0,22.0,87.60132614469038
9104,5.0,15.0,18.512196283876847
31410,5.0,5.0,0.15647850012651077
733,5.0,18.0,4.5770427253322055
4926,5.0,14.0,6.856654912498357
49315,5.0,25.0,56.08126792963907
15455,5.0,25.0,51.448031909042044
30507,5.0,18.0,8.734838213465551
47611,5.0,22.0,54.84465515222506
37036,5.0,22.0,49.52333900801207
14223,5.0,22.0,42.80946736965889
27715,5.0,25.0,34.8005328079452
36819,5.0,25.0,33.78358892137433
47623,5.0,25.0,22.901920256051874
23990,5.0,25.0,21.07822306564612
49198,5.0,25.0,19.613424259388033
26481,5.0,25.0,17.817099486153857
2349,5.0,25.0,14.797495454036962
18807,5.0,22.0,16.406731248782783
12207,5.0,12.0,0.7349667600066994
27781,5.0,25.0,11.41583268172733
45053,5.0,25.0,8.387681489656629
23854,5.0,22.0,5.785603439973968
41220,5.0,12.0,0.6269664674832178
36906,5.0,22.0,10.322498342229334
8482,5.0,22.0,7.690399036724621
39560,5.0,12.0,0.975643410010413
14122,5.0,12.0,1.452892907855997
21981,5.0,15.0,0.8879227500215929
39833,5.0,25.0,0.30220112601813387
19288,5.0,25.0,1.6877222713343523
18390,5.0,25.0,1.5964718009985672
524,5.0,12.0,0.43055040000873745
44703,5.0,15.0,0.33907613999925434
5899,5.0,22.0,74.75260688302396
26417,5.0,25.0,60.593666643653165
20577,5.0,14.0,1.390209676491338
23563,5.0,22.0,70.16410637619393
42127,5.0,25.0,35.966688525015016
21585,5.0,5.0,5.821771264298903
14308,5.0,22.0,55.15043454680364
2081,5.0,22.0,51.45636706684326
47190,5.0,22.0,47.70261386405089
28315,5.0,5.0,0.0978448000573593
13736,5.0,22.0,36.48111210433621
24888,5.0,25.0,19.7404785920685
48863,5.0,22.0,37.8744704697841
43981,5.0,15.0,10.717288665869205
14182,5.0,25.0,25.7412095123044
13839,5.0,18.0,6.197673248070458
44041,5.0,25.0,14.705488301247136
30058,5.0,22.0,11.736675456223708
29663,5.0,22.0,13.426626291098387
11544,5.0,15.0,7.071701408057862
6500,5.0,12.0,3.632518200127606
27694,5.0,12.0,2.340033600022821
8876,5.0,14.0,0.8362848481386607
512,5.0,15.0,3.1763283561203153
15940,5.0,15.0,2.9339691300944537
39598,5.0,18.0,0.8967763160884274
43850,5.0,12.0,1.9483643999970823
16212,5.0,25.0,3.820637300035667
25523,5.0,15.0,2.920852200107248
48566,5.0,15.0,2.7669409440518677
24613,5.0,22.0,4.441274912091089
41565,5.0,25.0,3.1121199720251536
42926,5.0,12.0,1.2733591800596535
7792,5.0,12.0,1.1517477375547038
31014,5.0,25.0,6.493362701445635
24615,5.0,22.0,5.429880060010838
5424,5.0,15.0,1.429976328008017
32948,5.0,12.0,1.569473471913458
41853,5.0,25.0,1.9648095200188518
30931,5.0,25.0,0.25776441599508004
15917,5.0,22.0,1.6905401320191
25150,5.0,14.0,0.12431835303224759
22861,5.0,14.0,0.06630896802243846
24195,5.0,25.0,1.1964557100039062
10683,5.0,22.0,1.0758031520174947
6126,5.0,12.0,0.19356276005332962
28632,5.0,12.0,0.175836720012569
15461,5.0,25.0,108.79445126434487
46204,5.0,5.0,1.5565538881837426
35108,5.0,25.0,92.38054850262029
12057,5.0,25.0,80.15083894024761
16839,5.0,5.0,2.7432213331879893
43563,5.0,25.0,63.03923812500558
18309,5.0,5.0,4.350467839704095
32969,5.0,5.0,1.172221866915919
10983,5.0,25.0,50.12394705563787
46881,5.0,14.0,8.339081882084969
35016,5.0,5.0,0.9046902269999464
16006,5.0,5.0,0.8749315581056294
25076,5.0,5.0,0.3549835201019107
114,5.0,5.0,1.390720000024885
10516,5.0,5.0,4.997515860223871
45327,5.0,22.0,48.993182886276315
1675,5.0,22.0,40.99620148811565
26291,5.0,25.0,30.533869363545534
15240,5.0,5.0,0.5993435303272889
40263,5.0,25.0,22.96433863462518
9465,5.0,5.0,0.8714933998610235
25623,5.0,25.0,21.74773675392469
4192,5.0,25.0,14.150914275124208
23552,5.0,25.0,9.154620909584281
47630,5.0,14.0,1.0079838399020176
49281,5.0,15.0,3.5158621500245175
42919,5.0,15.0,3.463637300023784
7937,5.0,15.0,3.7329969699210963
7889,5.0,18.0,3.40659268509231
36420,5.0,25.0,11.929589089903015
11027,5.0,12.0,1.9106458498305408
29990,5.0,14.0,1.092478857126423
37520,5.0,15.0,2.355521955892641
39230,5.0,25.0,5.3570086974112385
43326,5.0,25.0,4.80607718399488
30490,5.0,14.0,0.4265563379969137
2061,5.0,22.0,8.45272962255932
46848,5.0,15.0,1.4946232000360915
44812,5.0,25.0,3.3727319999980487
42921,5.0,25.0,5.1319117392651314
47275,5.0,22.0,4.77803267074002
32988,5.0,12.0,0.7034778749441699
13427,5.0,15.0,0.870722639948168
14178,5.0,25.0,2.0273997162844797
4184,5.0,18.0,0.4952186280177049
8754,5.0,25.0,1.6172279590812364
17908,5.0,15.0,0.5613113399374514
23543,5.0,14.0,0.06611293995661605
11692,5.0,22.0,1.0008350699822328
32049,5.0,18.0,0.024661467507092194
6881,5.0,15.0,0.04562272798809408
33111,5.0,18.0,13.38454553532236
48768,5.0,18.0,6.774248448727448
24187,5.0,22.0,52.029694209142406
14568,5.0,15.0,14.368359532585941
7610,5.0,22.0,47.583111988600564
45734,5.0,22.0,39.68438769358736
38257,5.0,25.0,27.793554601030024
6337,5.0,22.0,23.227272001077857
8843,5.0,22.0,22.82055838400143
1944,5.0,25.0,17.93563209595576
36428,5.0,25.0,8.850347357205845
23852,5.0,25.0,12.274912019940832
20617,5.0,25.0,10.156829567969591
14551,5.0,25.0,6.420202028806536
39993,5.0,12.0,1.2378610650138064
34925,5.0,25.0,4.005763609686145
9049,5.0,25.0,4.138515200024724
23932,5.0,22.0,3.3147716199984654
31048,5.0,14.0,0.09149853595442181
11201,5.0,22.0,0.26991434451005814
7803,5.0,22.0,0.14181001500118706
35088,5.0,25.0,80.37932243549662
20156,5.0,18.0,22.443878750377422
6991,5.0,18.0,5.726860236655739
5010,5.0,18.0,5.351568873307741
16969,5.0,15.0,18.834622350031054
6153,5.0,5.0,1.4742062716951523
19094,5.0,12.0,12.841406939896927
27959,5.0,25.0,40.44107939222718
43502,5.0,12.0,7.108956767653922
10327,5.0,25.0,31.626817894677643
25668,5.0,22.0,32.437488119974795
5217,5.0,22.0,29.31485333381015
26620,5.0,22.0,26.19792529424717
45564,5.0,25.0,18.41367565326191
16444,5.0,15.0,1.8907753584096838
13231,5.0,25.0,15.78042111586278
25612,5.0,25.0,8.228327590035882
21407,5.0,25.0,8.479433550065153
30870,5.0,22.0,11.52706101537553
1170,5.0,25.0,8.94600372915756
44401,5.0,15.0,2.2625820600509776
14763,5.0,25.0,4.84417860001836
12299,5.0,12.0,1.3098148499692641
20000,5.0,12.0,1.0255444500283666
23106,5.0,25.0,3.0505573850515155
7241,5.0,15.0,1.262763975104777
29998,5.0,25.0,3.8591634131863657
43670,5.0,22.0,2.5507297566212745
5409,5.0,25.0,1.4845923280145774
1663,5.0,22.0,1.3087494546593974
26347,5.0,22.0,1.3052381624752782
28721,5.0,25.0,0.7757018350005791
8406,5.0,25.0,0.7145413533334821
35969,5.0,22.0,0.8694924719836259
21697,5.0,18.0,0.08102524104878883
23385,5.0,15.0,0.06741179498721284
31424,5.0,5.0,13.554792000065447
33801,5.0,14.0,10.796177134905236
1582,5.0,25.0,80.75160493660997
44128,5.0,22.0,118.25209596432154
49363,5.0,5.0,0.2548698334342703
2983,5.0,18.0,18.448256639618123
26330,5.0,5.0,6.441355284064855
37547,5.0,22.0,84.648403679744
3620,5.0,18.0,17.249556191777728
36595,5.0,15.0,11.355966292103886
536,5.0,18.0,5.026789285930931
5742,5.0,25.0,52.96083074480876
48016,5.0,25.0,41.22477916823338
36658,18.0,5.0,11.787730118588527
37863,5.0,25.0,32.691698285600665
3195,5.0,25.0,28.157810858806528
19482,5.0,25.0,26.072336291127556
39856,5.0,25.0,21.703437299325863
35383,5.0,25.0,18.314199039977886
16388,5.0,25.0,16.093296719943645
13160,5.0,25.0,13.302732741172548
34057,5.0,15.0,3.4183753281264373
31053,5.0,25.0,6.623817024055466
33608,5.0,25.0,3.8958484446560533
22728,5.0,15.0,2.929956404065045
40492,5.0,15.0,2.5873621601843872
7077,5.0,15.0,2.580856162652143
42161,5.0,25.0,5.568720152029956
43211,5.0,25.0,5.683097111988824
32060,5.0,25.0,5.216764341652077
6334,5.0,22.0,5.709789919971552
4613,5.0,14.0,0.4241464761163094
34405,5.0,15.0,1.9772707979358302
29108,5.0,25.0,2.879358366001231
1451,5.0,14.0,0.2737469099390566
21706,5.0,14.0,0.2335674500881666
37090,5.0,25.0,4.891062013281953
10750,5.0,18.0,0.7026628026370885
9172,5.0,14.0,0.2192438120283562
30457,5.0,14.0,0.19544080000560982
41883,5.0,15.0,1.1389567839678882
2952,5.0,22.0,3.9922499088357295
5499,5.0,25.0,3.3576152064124924
5210,5.0,14.0,0.13719205197971895
4099,5.0,12.0,1.0506141481332882
9606,5.0,25.0,0.8108053589673787
49606,5.0,25.0,1.6302434083409887
37864,5.0,22.0,2.72509278713064
8848,5.0,12.0,0.6338055359331953
25550,5.0,14.0,0.047189833036710205
3136,5.0,14.0,0.023582655038094202
2209,5.0,18.0,0.024171726660363824
8892,5.0,25.0,0.2675336095018843
5037,5.0,5.0,46.13916110389255
11609,5.0,5.0,2.7845713062730795
9951,5.0,5.0,1.0962209281837545
26155,5.0,5.0,12.219449958444642
46108,5.0,5.0,4.4402949121598
10831,5.0,5.0,5.957249894657764
22875,5.0,25.0,54.82185388826879
4047,5.0,5.0,11.706360839218519
49629,5.0,14.0,5.143623802123585
20559,5.0,25.0,43.01881885867404
24970,5.0,5.0,1.5255519636186108
15710,5.0,14.0,7.118470022841763
8005,5.0,25.0,31.596206985378075
16708,5.0,5.0,0.15586537829872782
1010,5.0,14.0,3.588746039092541
13878,5.0,5.0,0.5073493433861174
12730,5.0,5.0,2.050791829253633
8942,5.0,5.0,1.5867127978942364
7377,18.0,5.0,9.385915431961976
8561,5.0,25.0,26.832011360269803
30287,5.0,25.0,25.3027686719903
34614,5.0,15.0,9.260116076691332
7649,5.0,5.0,0.10362656439644269
1506,5.0,5.0,0.3257559999489388
30387,22.0,18.0,18.46274618867473
48350,5.0,15.0,4.839398065985726
18931,5.0,12.0,3.3882230998725333
35985,5.0,12.0,2.8949861999525837
47248,5.0,12.0,2.780950619940313
47287,5.0,5.0,0.6075214559474063
46279,5.0,25.0,14.272014007505291
31329,5.0,25.0,15.504373089690848
27771,5.0,18.0,2.261996533320797
47117,5.0,12.0,2.1794024999964208
20013,5.0,12.0,1.9181067598920265
29300,5.0,18.0,1.4608307239847544
10482,5.0,15.0,2.112081855024133
40172,5.0,25.0,8.258290175924124
20497,5.0,18.0,1.325727523970551
38043,5.0,18.0,2.6271423786128363
42257,5.0,25.0,6.257832490668811
28842,5.0,12.0,1.1022815999344537
46218,5.0,15.0,1.4719944300092003
18747,5.0,5.0,0.44782090228962446
33392,5.0,25.0,3.6154459073786898
46294,5.0,25.0,3.4681268566805397
36357,5.0,25.0,3.4092157600014303
21279,5.0,12.0,0.8382773999295239
41266,5.0,15.0,1.046821200088889
19768,5.0,18.0,0.05724959996278223
27714,5.0,5.0,0.018488707395089676
49925,5.0,25.0,3.0355968319963083
25717,5.0,25.0,1.0060249733317392
9145,5.0,14.0,0.015043806015341055
2748,5.0,15.0,0.36148317602307944
43581,5.0,15.0,0.150644837955062
7461,5.0,25.0,0.2423546680116242
25538,5.0,25.0,0.40858030081545804
19999,5.0,18.0,15.712100010395602
43313,5.0,25.0,68.86785117150902
28640,5.0,25.0,67.6667715083754
19077,5.0,22.0,83.95859154569973
16911,5.0,25.0,65.62697149998641
12550,5.0,22.0,75.13708494885367
11408,5.0,25.0,53.66570006422738
17534,5.0,25.0,47.14781409604036
33145,5.0,14.0,3.4433416960303873
9107,5.0,25.0,35.46738524822307
35135,5.0,5.0,0.03823866841607071
36847,5.0,25.0,21.63907801612318
43011,5.0,25.0,19.73386010429735
15749,5.0,5.0,0.3216790070228228
44916,5.0,22.0,9.640796670023057
36563,5.0,25.0,13.271259136166357
15311,5.0,25.0,18.368485162658033
60,5.0,22.0,16.97966106441846
6809,5.0,12.0,1.8915366001479654
38635,5.0,12.0,0.014702016472263324
46916,5.0,22.0,8.854097841626592
36006,5.0,22.0,9.252109996896698
3254,5.0,25.0,4.075402342649735
20229,5.0,12.0,0.09581668502106311
13848,5.0,14.0,0.2455982879206644
1812,5.0,25.0,3.5181694346286925
3939,5.0,25.0,1.1516219853180272
646,5.0,22.0,0.5251756380082102
48895,5.0,22.0,93.95960092735893
8024,5.0,22.0,88.1575739512046
42766,5.0,18.0,8.084781437539476
39140,5.0,15.0,28.621661490701058
8442,5.0,5.0,1.1468725246862164
10791,5.0,22.0,57.889772111556326
10425,5.0,22.0,54.77178849240569
47027,5.0,22.0,55.57586643494862
26610,5.0,5.0,0.06880720647083649
26181,5.0,25.0,38.11299768957669
38926,5.0,25.0,36.10502999440705
48495,5.0,25.0,23.880088240034304
4927,5.0,25.0,21.397441344101644
12753,5.0,25.0,19.130188079921496
21772,5.0,25.0,19.912512079964976
26063,5.0,25.0,18.99171727676997
34404,5.0,15.0,8.006367096565654
1213,5.0,12.0,4.174487904085467
14024,5.0,12.0,2.1518000397795873
34682,5.0,25.0,9.259553173359642
4106,5.0,12.0,1.9693812000198463
24967,5.0,22.0,12.669115967799183
26159,5.0,12.0,1.7537029499538903
15875,5.0,22.0,5.5894986538735765
14076,5.0,12.0,1.9021215355751266
9320,5.0,18.0,0.09075855579843761
22139,5.0,14.0,0.38460019032489257
32128,5.0,12.0,1.1674209000972162
20836,5.0,25.0,1.9876386599845315
45407,5.0,25.0,6.5090822328030775
24578,5.0,15.0,1.3272800699370464
3441,5.0,25.0,2.0354856539802855
16254,5.0,12.0,0.5552760899738622
30031,5.0,14.0,0.09306056392945372
3929,5.0,12.0,0.3013088925135392
35699,5.0,25.0,1.7057761616011353
34299,5.0,12.0,0.24351060003604097
48554,5.0,25.0,0.7602615408010616
44528,5.0,22.0,102.0146203434146
32714,5.0,25.0,76.08288984926747
22609,5.0,18.0,7.906141190289986
23022,5.0,5.0,1.7610048536539722
42861,5.0,25.0,36.42535221387284
13757,5.0,25.0,38.070140206522964
45043,5.0,18.0,14.850751919960118
47243,5.0,22.0,37.577150015721955
29171,5.0,22.0,21.006683135904133
25908,5.0,18.0,8.861621458645061
28828,5.0,18.0,7.5364504544189685
6443,5.0,25.0,16.21998233570382
28982,5.0,25.0,17.11763299704762
28200,5.0,22.0,15.459885359704415
13238,5.0,25.0,12.820572459713077
41620,5.0,14.0,2.194767526893486
1621,5.0,25.0,9.259224254171968
28882,5.0,25.0,10.611789946465684
19031,5.0,22.0,19.572322786243497
25695,5.0,22.0,22.051589164681445
37220,5.0,14.0,1.0540890000597045
14408,5.0,25.0,9.470802495912103
44593,5.0,14.0,0.9200166169120649
21657,5.0,25.0,7.92994960892964
10442,5.0,15.0,3.3008625973293704
22736,5.0,25.0,6.7227726119732445
23568,5.0,12.0,1.7724767698301953
3772,5.0,12.0,1.7069258547387562
42643,5.0,15.0,2.336007449968349
41930,5.0,25.0,0.7458496180337306
4792,5.0,22.0,2.1548886482900222
32338,5.0,15.0,0.9920255549829999
27125,5.0,22.0,0.6147759838822324
13182,5.0,25.0,1.488276216992059
40080,5.0,14.0,0.042079910014994226
19901,5.0,15.0,0.48814278599150285
18269,5.0,14.0,0.0053281990618812
20102,5.0,22.0,1.116331649974482
43421,5.0,25.0,0.6808062799913284
20499,5.0,15.0,0.09536195996047825
20741,5.0,15.0,0.011870737474191095
14957,5.0,25.0,125.61805560606427
9767,5.0,14.0,4.648290361823001
5930,5.0,5.0,9.55472179054857
30201,5.0,25.0,96.93714503466865
37289,5.0,5.0,1.082231036637296
49526,5.0,5.0,2.434213819619572
20334,5.0,15.0,60.88860334210693
13066,5.0,15.0,30.861164811463937
24120,5.0,25.0,60.63714499310802
5819,5.0,5.0,6.890902732543054
4082,5.0,5.0,1.5602270717924966
25325,5.0,5.0,1.1287267190066785
29952,5.0,5.0,4.9519332862304
35764,5.0,5.0,1.7160082942214387
9482,5.0,5.0,3.221209333289835
19040,5.0,5.0,2.127810647507488
49890,5.0,5.0,0.11472000427266948
968,5.0,5.0,1.1135561998924004
36858,5.0,5.0,0.6678860799976576
30563,5.0,5.0,0.6974750548418314
26218,5.0,14.0,5.176605344014419
23483,5.0,5.0,9.350877398369406
37493,5.0,18.0,5.424174021425024
605,5.0,25.0,18.450811860617833
30856,5.0,15.0,4.454813579662122
12168,5.0,15.0,3.6658514832499804
35624,5.0,5.0,0.40441090500011256
44821,5.0,14.0,1.4143946878783424
7934,5.0,25.0,6.249999779967196
12138,5.0,25.0,1.641017249953972
17341,5.0,18.0,2.400395319986533
4069,5.0,5.0,0.07767215997236221
22909,5.0,22.0,6.486988638618191
43372,5.0,15.0,1.9160153098203736
2970,5.0,5.0,0.020809743365568067
28268,5.0,22.0,5.816573330982106
44510,5.0,25.0,3.452866921461382
10313,5.0,25.0,5.709044017670953
10744,5.0,15.0,1.375145783868298
17599,5.0,14.0,0.6565684478530294
46863,5.0,14.0,0.1775558399502959
33809,5.0,14.0,0.08784912000059997
8830,5.0,14.0,0.0047161569793932046
31782,5.0,14.0,0.002079494979126295
35448,5.0,15.0,0.26283640996307245
49000,5.0,15.0,0.21651471998268512
1092,5.0,22.0,0.7212938399930311
3490,5.0,22.0,123.4587930138394
48187,5.0,22.0,86.71944086929612
21714,5.0,22.0,85.14427760670571
43337,5.0,18.0,9.954192320002562
8054,5.0,18.0,10.30996448115306
24173,5.0,25.0,52.18273686359282
14938,5.0,25.0,49.933134719845086
25155,5.0,15.0,17.49352039170813
26767,5.0,18.0,6.318758480333415
28541,5.0,25.0,24.16273387174735
37593,5.0,12.0,2.2352952003644546
49215,5.0,18.0,1.4830012480645998
507,5.0,25.0,12.451078634613364
39807,5.0,25.0,7.248172213984063
25899,5.0,25.0,10.884687479442178
46306,5.0,22.0,8.596551554313216
24127,5.0,25.0,8.974055897510333
21024,5.0,22.0,8.520624346483483
14323,5.0,25.0,2.012481949940515
24027,5.0,15.0,1.5224002718050613
34359,5.0,15.0,0.648038789969565
43519,5.0,22.0,6.28790055929465
3873,5.0,25.0,4.415172345807031
34438,5.0,25.0,4.8599736613366264
2899,5.0,15.0,0.1156041074360381
45913,5.0,22.0,2.2728109229932456
8433,5.0,25.0,1.364448300012167
35053,5.0,18.0,0.04564535998368502
33451,5.0,25.0,0.61696238999762
31636,5.0,12.0,0.07973332501004116
35738,12.0,14.0,0.08818788500099783
46607,5.0,25.0,91.5528358475182
25536,5.0,5.0,2.7804940911097447
3700,5.0,25.0,81.50121784008547
14811,5.0,5.0,2.4244574751591017
17637,5.0,18.0,7.685409417573581
36365,5.0,18.0,8.796840858152848
42067,5.0,22.0,67.37056816385595
32129,5.0,22.0,44.153394156373054
44239,5.0,25.0,34.375712403101346
24499,5.0,18.0,1.4599751779170944
24473,5.0,15.0,8.347862602360351
10359,5.0,25.0,22.998243375799504
18079,5.0,25.0,17.597441543956677
49832,5.0,15.0,3.7577571510172163
48836,5.0,12.0,2.686429650325465
18925,5.0,25.0,13.5177843841232
24094,5.0,14.0,0.9224651921247755
24312,5.0,22.0,15.464959680159065
41552,5.0,25.0,7.332053830998303
32814,5.0,25.0,5.437118786712595
4200,5.0,25.0,7.981010799793111
21975,5.0,14.0,0.5338821148310764
14798,5.0,12.0,1.3809883350467729
29072,5.0,12.0,1.3611484425862734
33472,5.0,18.0,1.2543796400302814
6567,5.0,25.0,6.880372650631255
36393,5.0,22.0,7.533500640191374
36205,5.0,25.0,2.3750539600278753
44860,5.0,12.0,1.0064874000949793
9998,5.0,14.0,0.3135032478284785
12998,5.0,25.0,2.7112440300219705
1118,5.0,22.0,3.1673286720193774
8035,5.0,15.0,0.8792485000072912
5608,5.0,15.0,0.7996918079880846
33864,5.0,22.0,1.7808329860386793
38800,5.0,22.0,1.306741848056606
5127,5.0,25.0,0.5425492641642222
12808,5.0,22.0,0.5559478500159072
17219,5.0,15.0,0.02573484499156109
22816,5.0,22.0,171.6360043554659
29722,5.0,25.0,145.0638693334402
24374,5.0,18.0,37.43935138440841
47926,5.0,25.0,85.33387950396062
22416,5.0,25.0,68.06883676316471
10530,5.0,25.0,64.58858712021228
22755,5.0,5.0,22.684655154132372
1747,5.0,25.0,58.39194874454596
33428,5.0,22.0,72.3260788158224
21221,5.0,25.0,36.69040970212052
46469,5.0,22.0,43.452137176354455
30891,5.0,22.0,41.18895032030228
41564,5.0,5.0,1.8040205002334915
41778,5.0,25.0,25.337417104124256
33862,5.0,25.0,24.63187242685958
45305,5.0,18.0,3.935577986306299
10648,5.0,25.0,20.9550289537989
27168,5.0,18.0,6.0992935733746805
38415,5.0,22.0,22.58013288304265
44604,5.0,12.0,2.423977535705802
38741,5.0,25.0,18.09391956169089
47932,5.0,25.0,16.860354133475262
24449,5.0,25.0,16.672984279749322
49820,5.0,25.0,16.294765220147248
18782,5.0,25.0,16.17832287214656
37694,5.0,25.0,9.805990944113773
6279,5.0,14.0,0.9825237130235962
15263,5.0,18.0,1.9097738249425262
33727,5.0,18.0,2.628294770559066
38574,5.0,22.0,8.369549429985618
10877,5.0,14.0,0.7516080676210919
16450,5.0,18.0,0.46464416994896673
1152,5.0,25.0,6.214368652050252
3492,5.0,22.0,5.647176469352932
15888,5.0,14.0,0.6257347763882635
36625,5.0,25.0,5.775261280039176
22894,5.0,14.0,0.34155007747330046
38318,5.0,25.0,3.49310863403319
20508,5.0,25.0,2.969872584028357
9640,5.0,25.0,2.372333813366021
2548,5.0,25.0,2.5456651419986516
48692,5.0,25.0,3.8085861167509876
21805,5.0,14.0,0.15901280994683553
22344,5.0,22.0,4.130002187141634
902,5.0,25.0,1.7688131880089237
14664,5.0,25.0,1.6355046620086613
31483,5.0,25.0,1.4015552000112361
7334,5.0,12.0,0.3782631000256984
38088,5.0,25.0,0.2810959000019466
12778,5.0,12.0,0.05193317995392954
13713,5.0,22.0,0.001869624001287984
37710,5.0,15.0,53.55707103757965
16409,5.0,5.0,2.0354324998434947
22353,5.0,5.0,13.514006281716291
7171,5.0,25.0,71.40197885246772
11446,5.0,14.0,35.041703326909555
27032,5.0,22.0,69.28856193257579
49467,5.0,25.0,57.578990591870706
1242,5.0,25.0,55.990573958144026
22439,5.0,18.0,15.733365911755712
15636,5.0,5.0,0.3498382250846106
42580,5.0,5.0,1.0030843390566417
30576,5.0,22.0,41.879351744245945
6489,5.0,25.0,35.071912756593065
5909,5.0,5.0,0.35100052909987056
35880,5.0,15.0,15.827282208082252
45268,5.0,22.0,20.88571868780334
21265,5.0,18.0,5.491415318143737
24544,5.0,5.0,0.5737486400366549
13567,5.0,25.0,16.386775871747616
43342,5.0,25.0,9.431679583945972
34245,5.0,18.0,4.252297415928062
2475,5.0,5.0,0.45590985575782383
14393,5.0,22.0,13.565169966892167
21721,5.0,25.0,11.026367031916756
5682,5.0,25.0,9.823341868107555
35597,5.0,18.0,1.5295240320359333
20977,5.0,15.0,2.418612360028021
25248,5.0,25.0,9.5508330985507
47602,5.0,12.0,1.2747459000787806
12132,5.0,25.0,4.459344266640427
38455,5.0,22.0,3.0477010399828997
13096,5.0,25.0,2.8501859724868055
2622,5.0,5.0,0.09737248665983245
20231,5.0,14.0,0.22740336550151063
19594,5.0,14.0,0.22693449607055705
15357,5.0,14.0,0.22052107503160556
34314,5.0,25.0,4.302862988759522
24278,5.0,14.0,0.19889703059892838
41199,5.0,5.0,0.22112894052059673
689,5.0,15.0,0.8689462499890368
35638,5.0,15.0,0.7340432700551958
18701,5.0,15.0,0.5567550720450019
20574,5.0,25.0,1.2402735599748707
17848,5.0,15.0,0.45337664005545797
9922,5.0,22.0,1.5077514540014172
35626,5.0,14.0,0.010996783949652311
16358,5.0,18.0,18.626151178915876
36463,5.0,18.0,5.846598796857734
15494,5.0,25.0,43.26950942395972
23400,5.0,22.0,46.50994614911981
48995,5.0,25.0,39.488013286305716
12940,5.0,18.0,4.4426475538814
9717,5.0,22.0,44.819505916915176
32438,5.0,25.0,35.95614372272499
36726,5.0,12.0,7.150841400455448
12174,5.0,12.0,9.968074464480225
36734,5.0,25.0,31.442569736485794
19691,12.0,15.0,0.6147003825263369
33212,5.0,25.0,22.261427510330265
29103,5.0,18.0,1.562597712123008
2344,5.0,25.0,19.210088519907494
6773,5.0,25.0,12.840275609157104
19495,5.0,12.0,3.158074200116552
28567,5.0,25.0,14.27953956671412
9007,5.0,25.0,13.328877945637089
20198,12.0,14.0,3.43679550013578
40839,5.0,15.0,5.512279092685489
25891,5.0,25.0,5.831925737551948
15974,5.0,25.0,5.292489659900902
4083,5.0,25.0,0.1366976449778896
25576,5.0,22.0,5.844367707007168
30029,5.0,12.0,1.08622447508289
11827,5.0,12.0,0.9600345750767367
13513,5.0,12.0,0.5606976900544378
32880,5.0,25.0,0.4298419199850432
41571,5.0,5.0,0.3102551999476475
46488,5.0,22.0,102.87433296022724
19907,5.0,18.0,13.203341558425976
16477,5.0,12.0,9.659075771603227
12111,5.0,25.0,50.42134670442553
7131,5.0,25.0,29.676131530888753
31001,5.0,22.0,33.90009248893557
32077,5.0,22.0,29.880311561639097
21665,5.0,18.0,1.472311038437951
24482,5.0,22.0,23.365302208247563
49028,5.0,25.0,16.980189400038043
36815,5.0,25.0,9.851611290051174
24417,5.0,25.0,15.788963600085332
33794,5.0,12.0,2.7111411300233925
23489,5.0,12.0,3.0632302561252374
10082,5.0,12.0,2.2618345126181367
31155,5.0,25.0,6.611985904039418
14256,5.0,25.0,10.176673267200535
48354,5.0,25.0,5.531264556040098
36022,5.0,25.0,5.495192342532757
14516,5.0,15.0,1.4335955880762192
2085,5.0,18.0,0.8635399066465839
14142,5.0,12.0,0.94182456000242
22083,5.0,25.0,0.8459954407039962
9067,5.0,14.0,0.1825712749948014
43900,5.0,25.0,0.5181051241797645
19144,5.0,25.0,1.2304595319974543
22853,5.0,12.0,0.3545530500644505
14848,5.0,22.0,1.4633997080074672
1094,5.0,18.0,0.13477572949865113
11906,5.0,12.0,0.06749759999965743
18255,5.0,14.0,31.293348165117038
33468,5.0,25.0,111.64260088991975
32883,5.0,14.0,39.91881488243013
40722,5.0,25.0,93.34653169161146
34612,5.0,5.0,13.614409599782348
31324,5.0,22.0,76.04265411805466
22794,5.0,14.0,7.077564521526057
4584,5.0,5.0,0.8301925824327299
40650,5.0,25.0,47.040080831631954
826,5.0,12.0,11.777489614705416
3708,5.0,22.0,45.01597689591706
13558,5.0,12.0,7.94596753088959
18131,5.0,25.0,43.92108823960031
19683,5.0,5.0,4.0137492480067465
80,5.0,22.0,35.337265407566434
38362,5.0,25.0,32.376125238906994
12961,5.0,12.0,2.6759328960475557
41713,5.0,22.0,24.508925180996933
45531,5.0,22.0,16.72461175990462
34937,5.0,25.0,16.02063245057142
39252,5.0,12.0,2.6790097574724214
27538,5.0,25.0,13.05637527820669
30195,5.0,14.0,0.8738894250983122
35281,5.0,25.0,2.7808519433538663
25061,5.0,22.0,5.797604160582049
15553,5.0,15.0,2.2663441540365703
42693,5.0,25.0,2.5312088203499385
30531,5.0,25.0,4.781130757963579
44534,5.0,14.0,0.46649752612042406
43438,5.0,14.0,0.44384230356559584
11144,5.0,15.0,1.6994113699867768
27972,5.0,25.0,6.392478015900078
26573,5.0,12.0,1.0334236799548293
820,5.0,12.0,0.8949992699592713
27665,5.0,25.0,0.2726349775280301
37600,5.0,25.0,1.6122332800604653
7884,5.0,15.0,0.8977577599878686
22676,5.0,12.0,0.5279262374697442
6589,5.0,22.0,2.4723037199807063
43913,5.0,22.0,1.821626705020527
36632,5.0,25.0,0.7169021790131538
46333,5.0,22.0,0.7421662800074833
24980,5.0,22.0,0.45319825439401873
42651,5.0,25.0,110.91782466214377
27747,5.0,25.0,119.10282655277484
39850,5.0,5.0,4.292059870518585
13310,5.0,25.0,78.17613698237093
40027,5.0,5.0,4.413685504142677
18632,5.0,5.0,2.9564911998818104
35396,5.0,25.0,46.58896540188633
24567,5.0,25.0,50.53513877796384
15391,5.0,5.0,1.211815833827643
29780,5.0,5.0,13.814553599725969
1130,5.0,5.0,0.5510008320781736
231,5.0,5.0,1.760108032387805
8112,5.0,18.0,12.031854054056367
1728,5.0,5.0,0.20962480001689698
5535,5.0,5.0,0.5800765807302355
29309,5.0,22.0,43.593209766692276
11590,5.0,15.0,11.119847879934
9467,5.0,5.0,0.21964569608564943
15450,5.0,25.0,29.141942138826572
32391,5.0,15.0,3.6073302402326206
6801,5.0,18.0,1.3325561471719425
47704,5.0,25.0,7.267507616712972
29440,5.0,14.0,1.1006551439804255
16709,5.0,25.0,10.275625176072364
4697,5.0,15.0,2.490510359919366
24086,5.0,12.0,1.439459400030639
28852,5.0,25.0,4.869436602000411
44011,5.0,25.0,4.070462475033068
5418,5.0,12.0,1.0730322750130838
28387,5.0,25.0,3.488322058675438
44252,5.0,14.0,0.2994849959660826
7486,5.0,14.0,0.28509474133144863
38383,5.0,25.0,2.9622069666844704
14321,5.0,14.0,0.25889014495371754
39459,5.0,25.0,2.850833574026086
49773,5.0,15.0,1.677282240042274
45884,5.0,15.0,0.8147042274747864
29646,5.0,22.0,2.6388078399933645
28075,5.0,15.0,0.7216267425561398
33066,5.0,15.0,0.7072715100155182
3484,5.0,14.0,0.044134612983807386
34214,5.0,15.0,0.362046264010111
16422,5.0,22.0,1.035915164991546
12533,5.0,18.0,0.2595097023923332
32165,5.0,22.0,0.08578219500123574
43864,5.0,22.0,131.1637101925096
31618,5.0,22.0,89.33179039980203
49818,5.0,18.0,12.21116571633182
38288,5.0,5.0,0.7635392759680144
30376,5.0,5.0,1.0741958688244324
44704,5.0,25.0,68.2776817005604
1622,5.0,22.0,77.51103456017128
15056,5.0,25.0,46.7109452964619
42448,5.0,25.0,45.10665229952687
2546,5.0,25.0,44.23172288877606
25425,5.0,22.0,53.30618505584843
21620,5.0,14.0,4.454100712373759
39365,5.0,25.0,39.45542952096419
38117,5.0,5.0,1.3907404802191081
31475,5.0,25.0,36.79033504015463
16079,5.0,25.0,33.41457484814245
10935,5.0,25.0,33.31624699849017
46219,5.0,25.0,28.96699223050416
44882,5.0,25.0,25.771149352139958
37054,5.0,15.0,6.3868702459839
28894,5.0,12.0,6.7318406410013125
47564,5.0,22.0,25.049275818802087
14766,5.0,25.0,17.453416305668327
27449,5.0,25.0,7.234902119367359
33919,5.0,12.0,3.635028930182557
23608,5.0,15.0,0.33399779016600917
31312,5.0,25.0,4.628540391675429
2610,5.0,15.0,2.3918890145625653
39755,5.0,18.0,2.6865010934025264
46953,5.0,12.0,1.7035711049715978
6733,5.0,25.0,1.76246697834571
45610,12.0,5.0,0.16404807762143747
48522,5.0,25.0,7.090882997374125
33769,5.0,25.0,3.2974916480351677
23379,5.0,25.0,4.65540543460086
8570,5.0,22.0,0.5878177035016705
21233,5.0,15.0,0.8491813200565748
21391,5.0,15.0,0.7395452999849894
31740,5.0,18.0,0.4666857239792064
46631,5.0,15.0,0.34924164402306257
35464,5.0,25.0,0.8441233020085308
47868,5.0,25.0,0.7971274020166774
24425,5.0,22.0,0.48970231249890106
43648,5.0,22.0,111.08869495640747
12983,5.0,22.0,92.97418391689811
34930,5.0,25.0,73.2194330644142
5617,5.0,25.0,70.11251884810386
6133,5.0,14.0,10.479244923527688
36001,5.0,22.0,62.92286901776076
33751,5.0,22.0,53.15087361221593
11380,5.0,15.0,19.95142502503674
1471,5.0,22.0,50.55906128614244
39744,5.0,5.0,3.509803116377924
38618,5.0,22.0,34.885193546298666
18314,5.0,5.0,0.8680913995558512
10143,5.0,25.0,16.644003039960083
14425,5.0,25.0,16.525304870565968
18880,5.0,25.0,13.0473287083924
48452,5.0,22.0,3.5643143339567835
9062,5.0,25.0,3.6684912979398696
29944,5.0,12.0,1.9759708197383503
43158,5.0,25.0,3.281424659937084
32349,5.0,25.0,0.4673691000078577
45457,5.0,12.0,1.6244046473946057
9657,12.0,5.0,1.7814299998897773
20725,5.0,25.0,1.8235208999432118
10633,5.0,12.0,1.3061587799104082
16682,5.0,14.0,0.3172573259953744
6146,5.0,12.0,0.9658347825130349
30352,5.0,22.0,5.208884437354257
40902,5.0,22.0,0.880362453960073
32111,5.0,22.0,3.9281397439870744
29675,5.0,12.0,0.47818359752822026
41906,5.0,22.0,0.9887584574744048
49970,5.0,12.0,0.15582803246608634
39884,5.0,25.0,76.03913372980028
38997,5.0,22.0,102.80608171243065
38401,5.0,22.0,58.88064661705957
9999,5.0,22.0,43.68392323606355
37973,5.0,5.0,11.984074585478425
7327,5.0,5.0,7.794565043178466
3999,5.0,18.0,4.84673647670261
32704,5.0,18.0,3.756945770231887
9918,5.0,5.0,5.67254505598406
5511,5.0,22.0,24.20719918190855
34052,5.0,22.0,24.625936601380793
18707,5.0,12.0,2.6139301501163743
18764,5.0,22.0,10.151446343259813
46230,5.0,18.0,1.7518888192302597
21581,5.0,12.0,1.686306000189525
47460,5.0,25.0,7.690605643166549
47996,5.0,12.0,1.666764390064838
17636,5.0,25.0,4.167355199956459
12694,5.0,14.0,0.37896897505605054
18917,5.0,15.0,1.6106229525275637
35894,5.0,12.0,0.8811340500953104
36490,5.0,12.0,0.7495821299218495
15759,5.0,22.0,3.768329058012685
29206,5.0,22.0,3.37173073000742
32397,5.0,15.0,0.8042330011407657
49220,5.0,25.0,1.8863280399535993
39182,5.0,25.0,3.1071137539718476
4470,5.0,25.0,1.6332131599568385
42981,5.0,25.0,0.6817020779937293
47024,5.0,18.0,0.06805327999586108
2447,5.0,12.0,0.11321400005353244
9082,5.0,22.0,0.4980686520077515
11092,5.0,5.0,40.45487608999446
23446,5.0,25.0,97.82267484412205
7800,5.0,25.0,90.1977228552191
17685,5.0,25.0,85.31366410016807
26762,5.0,5.0,2.9901484077389284
18565,5.0,22.0,84.72504000236309
19315,5.0,5.0,5.859347600305952
49001,5.0,22.0,53.476702847943386
46395,5.0,15.0,21.67033790753689
12189,5.0,5.0,5.45934888982309
15665,5.0,5.0,4.527973120247793
4129,5.0,5.0,1.676522666701878
12767,5.0,5.0,1.9026678955861058
1124,5.0,22.0,30.589133286566465
29859,5.0,5.0,7.867689057505672
13566,5.0,5.0,0.5634171733524553
49284,5.0,22.0,24.606367705708948
12383,5.0,18.0,5.68849651823745
15404,5.0,5.0,0.3611829200446266
12003,5.0,18.0,4.143845727917309
7551,5.0,14.0,0.923201738933642
16765,5.0,18.0,3.6290464607261654
47188,5.0,18.0,2.11389097994814
46250,5.0,18.0,2.119118959958886
5577,5.0,22.0,14.903757364548913
37379,5.0,25.0,3.360052887040645
39593,5.0,15.0,2.912040323691315
20929,5.0,22.0,8.7203401443681
32423,5.0,12.0,1.8660030598239672
34295,5.0,14.0,0.7037986198949717
24272,5.0,22.0,12.981801825092884
38387,5.0,14.0,0.6136076639703418
36529,5.0,18.0,2.4536487839788883
1646,5.0,15.0,2.2308554188112772
27673,5.0,18.0,0.17193108147055725
42782,5.0,14.0,0.4417877779158843
34555,5.0,15.0,2.033205707863825
24221,5.0,25.0,4.397068530019272
14813,5.0,14.0,0.40774313190583555
49539,5.0,25.0,6.279468720193911
15664,5.0,12.0,1.0823573999365514
38463,5.0,18.0,1.5851140319850483
502,5.0,22.0,4.318310420033303
18007,5.0,22.0,6.8032682398834154
34617,5.0,25.0,5.322042858764489
1660,5.0,15.0,1.2374435597881561
270,5.0,14.0,0.25267993997136706
31132,5.0,25.0,4.573680533473281
40445,5.0,18.0,0.6576304349585476
19218,5.0,18.0,0.5336837086639177
29259,5.0,22.0,2.6113048259845995
18542,5.0,18.0,0.550413482672484
45948,5.0,18.0,0.08890419998821075
2443,5.0,22.0,0.6160007066630309
7703,5.0,22.0,112.41357491836692
36075,5.0,18.0,16.54664415479411
32068,5.0,18.0,16.83719806492897
37284,5.0,5.0,2.171822618390479
42216,5.0,18.0,17.423251662624807
14652,5.0,18.0,12.334037474498558
26331,5.0,22.0,69.08888804011177
28122,5.0,25.0,54.00639933835207
10789,5.0,5.0,0.06949158411242706
15245,5.0,22.0,27.663894448074892
29466,5.0,22.0,28.793909832020447
37160,5.0,25.0,24.838736040095803
37594,5.0,25.0,23.55710700826338
32709,5.0,25.0,10.495475130464289
35134,5.0,25.0,15.445657344084921
29584,5.0,25.0,16.617011775621492
41646,5.0,12.0,2.7429356997548453
2787,5.0,15.0,5.426458166051724
48233,5.0,22.0,13.563119953225705
27980,5.0,25.0,4.798738314293548
43412,5.0,25.0,9.689611564880828
29268,5.0,12.0,1.866140939835681
45148,5.0,18.0,1.2800654783071028
11048,5.0,25.0,7.140443744017087
33004,5.0,25.0,3.5730038946930867
32784,5.0,12.0,0.974068499892649
48268,5.0,25.0,3.347371857529448
17668,5.0,25.0,2.8490911466476057
9651,5.0,25.0,4.376394016000967
28168,5.0,14.0,0.16750996197524515
37927,5.0,14.0,0.32022986397816666
4543,5.0,22.0,2.3862807866639075
16169,5.0,12.0,0.44785065002488267
45261,5.0,12.0,0.35316695997414715
7580,5.0,25.0,1.2420925360091206
17590,5.0,22.0,0.2879703366699399
45482,5.0,5.0,0.22353660774786022
30816,5.0,12.0,15.716961984665375
15356,5.0,5.0,0.5471254080098333
36650,5.0,25.0,65.13357349432704
33347,5.0,18.0,7.290051226448185
32999,5.0,5.0,0.49889276897255286
21395,5.0,18.0,4.513735714543131
31215,5.0,18.0,2.72649234683702
28554,5.0,22.0,34.98408098416023
44088,5.0,25.0,34.050150108270316
35358,5.0,25.0,30.962726303656396
47919,5.0,25.0,31.412057919572106
46777,5.0,25.0,26.604757350035875
6811,5.0,25.0,27.24888176409589
41288,5.0,25.0,16.335463167855785
39620,5.0,25.0,16.108134085976822
28948,5.0,25.0,14.266218586336493
49922,5.0,25.0,7.001933724906994
102,5.0,25.0,6.311774491602005
20213,5.0,25.0,5.352778219930329
19105,5.0,25.0,2.0753690626055405
16368,5.0,22.0,7.968788351973739
29026,5.0,12.0,0.7151125798969709
15428,5.0,15.0,0.9418223009699371
45096,5.0,12.0,0.6418347599538663
1037,5.0,22.0,2.8289086336385294
16294,5.0,12.0,0.22214639998102115
39984,5.0,25.0,0.0836750749914339
4547,5.0,22.0,0.593734583467777
4555,5.0,5.0,22.501718800008632
20230,5.0,22.0,93.09526660741543
33092,5.0,18.0,22.324400661351433
11959,5.0,25.0,66.36482010633452
46697,5.0,14.0,17.087838436823063
46867,5.0,18.0,19.29714355203815
9434,5.0,25.0,54.4280658770778
36515,5.0,5.0,3.8559060910134946
26593,5.0,25.0,43.62135926385268
29537,5.0,15.0,37.89868732828404
44305,5.0,25.0,36.38092750062371
26423,5.0,22.0,49.60122136825551
7778,5.0,18.0,9.941639840228177
22116,5.0,5.0,1.2984318335636615
16826,5.0,22.0,39.16555745588519
32982,5.0,22.0,26.176285172547324
37167,5.0,25.0,26.292487391940583
39141,5.0,25.0,23.217557638227284
14359,5.0,22.0,33.179563903839735
6344,5.0,25.0,20.338609600183062
18077,5.0,18.0,5.069785209537422
20481,5.0,22.0,21.684022577540965
48657,5.0,18.0,5.438609592090991
1046,5.0,25.0,10.169972611964432
28318,5.0,22.0,17.093810559926908
40496,5.0,25.0,9.726830454643949
9027,5.0,25.0,12.840820452487069
43510,5.0,14.0,0.8707805998490912
34570,5.0,25.0,11.838113836706011
45112,5.0,25.0,12.980566391433268
43109,5.0,14.0,1.0798240317987435
19089,5.0,14.0,0.5709364199774569
39334,5.0,22.0,7.380308117298222
26411,5.0,25.0,2.514659712184409
12391,5.0,15.0,1.3310503995105236
22198,5.0,22.0,2.8151631440018114
19028,5.0,18.0,0.5795784660236745
32188,5.0,15.0,0.9498174034924105
26284,5.0,15.0,0.6336456224984452
10251,5.0,18.0,0.3130360505010388
44294,5.0,25.0,1.2365155226606586
12178,5.0,25.0,0.8203737640001316
39126,5.0,18.0,0.11544674034919522
40567,5.0,25.0,0.35008606900704753
1122,5.0,15.0,0.03470222399604905
19827,5.0,22.0,0.14521541833465768
32904,5.0,22.0,109.44572409875747
48109,5.0,25.0,67.58430255115385
45852,5.0,25.0,70.55893857288592
43761,5.0,25.0,66.20698419383754
2205,5.0,25.0,55.681810130714055
43741,5.0,25.0,45.71784778412005
15954,5.0,25.0,40.49975861332885
691,5.0,22.0,37.764543150176465
2231,5.0,25.0,36.18417382595716
26798,5.0,25.0,33.774709501974144
9116,5.0,18.0,8.640409349214288
8869,5.0,22.0,36.06655452573879
28722,5.0,5.0,1.971055152277259
10980,5.0,15.0,13.136820617787578
40385,5.0,5.0,0.8520059632807246
48878,5.0,22.0,9.612721309600879
6015,5.0,15.0,5.846880929070586
30413,5.0,25.0,11.643855437582133
20978,5.0,25.0,20.587723246045776
28573,5.0,14.0,6.558135437251266
44494,5.0,25.0,17.731928685578417
39040,5.0,5.0,0.061756070016222964
44920,5.0,25.0,15.871570430512271
22309,5.0,5.0,0.4656140797994226
17313,5.0,25.0,14.756129493384314
47377,5.0,25.0,8.574850348062174
15602,5.0,25.0,1.9929635749625945
43681,5.0,25.0,12.820948663575237
12201,5.0,15.0,3.2865282280154986
15434,5.0,15.0,5.239693690010441
6363,5.0,25.0,9.42647033595366
12037,5.0,15.0,2.300460262507123
27794,5.0,14.0,0.4918628800780134
18630,5.0,14.0,0.7631105000941574
20192,5.0,22.0,10.586988942308697
35192,5.0,15.0,1.7852568200310266
20498,5.0,12.0,1.1230472999703665
2823,5.0,5.0,0.033481219997376854
5281,5.0,22.0,6.392871552053926
37369,5.0,15.0,1.3299660000469125
22664,5.0,14.0,0.2131499159129202
2124,5.0,18.0,0.11194903994316263
35146,5.0,15.0,0.7676091764048163
37527,5.0,15.0,0.7801442259925473
36448,5.0,22.0,2.3955210199956065
29666,5.0,25.0,0.9345943641757737
39800,5.0,22.0,1.009187441999735
29117,5.0,15.0,0.17493102999795118
17894,5.0,15.0,0.11054302000364036
18839,5.0,15.0,0.01359678000244302
32926,5.0,5.0,0.2582531249204294
14353,5.0,22.0,106.91873169481946
19782,5.0,18.0,19.660601638993967
4664,5.0,22.0,97.54252195217063
26975,5.0,22.0,86.75757568872973
27755,5.0,25.0,62.717047979643326
2330,5.0,25.0,48.66227923186638
5092,5.0,25.0,46.82959402095186
18772,5.0,5.0,0.3401046064831377
45158,5.0,25.0,42.43624937262244
20623,5.0,14.0,0.6600072957067482
42433,5.0,12.0,13.736113679491439
166,5.0,25.0,29.39338286854843
36683,5.0,5.0,0.4599477075693841
28509,5.0,5.0,0.03926299302780478
26801,5.0,18.0,0.6624444293963734
48986,5.0,12.0,5.592190079441025
13686,5.0,25.0,11.302108014012735
12379,5.0,25.0,17.099249069223994
39167,5.0,15.0,2.378725844725146
14227,5.0,12.0,2.304739469766943
27762,5.0,22.0,11.733335871060266
42074,5.0,14.0,0.7319451601240168
2027,5.0,12.0,1.9919286297247112
34356,5.0,22.0,4.387769195994327
36289,5.0,22.0,5.401660057608941
38301,5.0,12.0,0.6842492848935606
22117,5.0,18.0,1.4211897578281674
34310,5.0,22.0,0.9304849965074373
48341,5.0,22.0,2.2047904893206045
18288,5.0,12.0,0.45319192497899863
3756,5.0,22.0,1.4380534486666638
49862,5.0,25.0,0.9311120774982964
21640,5.0,15.0,0.04351677597969816
28672,5.0,12.0,0.0008985899997713265
16315,5.0,5.0,2.5958147411994332
23236,5.0,22.0,66.5375564297572
24644,5.0,5.0,3.007005336853581
23751,5.0,18.0,2.8284523733572513
3082,5.0,18.0,2.269922789114844
24703,5.0,14.0,9.609375783380159
30530,5.0,25.0,42.30927083164238
5921,5.0,5.0,0.022346339272360183
2290,5.0,25.0,28.12768727961165
2206,5.0,25.0,23.662498560181582
37830,5.0,25.0,16.54780646398084
9957,5.0,15.0,3.7301507610810276
3161,5.0,12.0,3.8991159124432926
35256,5.0,18.0,2.949723349379507
10089,5.0,12.0,2.1383577750077833
3109,5.0,14.0,1.257682560033615
5015,5.0,22.0,3.514783623002021
21807,5.0,25.0,5.852793730434453
29451,5.0,18.0,1.3869893280290349
12411,5.0,12.0,1.399186537486539
840,5.0,12.0,1.2157456350478384
7163,5.0,12.0,0.8456227498716
25857,5.0,12.0,1.0242501599455203
21818,5.0,14.0,0.1151362480005016
28474,5.0,18.0,0.3942995050022877
23545,5.0,25.0,1.1637463500362046
42595,5.0,25.0,1.0684730120094703
45306,5.0,15.0,0.19306319998046906
42575,5.0,22.0,0.380905945331
27911,5.0,15.0,0.012472187520022215
33931,5.0,18.0,40.096816667583425
7750,5.0,5.0,10.390218333194355
23174,5.0,18.0,24.385905304680392
47392,5.0,12.0,49.99948723229511
38955,5.0,18.0,9.784897248469804
5701,5.0,22.0,68.93173326085918
12699,5.0,14.0,23.068621393898297
36636,5.0,25.0,55.301531174543896
14966,5.0,5.0,5.693275799908307
24547,5.0,22.0,66.42119472884765
9756,5.0,25.0,40.99536432154913
4402,5.0,22.0,40.6539435838891
17339,5.0,22.0,33.099441455199724
11323,5.0,22.0,37.510223680179124
14066,5.0,25.0,20.641100101255077
37205,5.0,15.0,7.480404495938259
14681,5.0,22.0,21.636316030442828
40801,5.0,22.0,24.302534479894682
10162,5.0,25.0,11.657395110164373
40363,5.0,25.0,9.971930299737835
33256,5.0,15.0,6.019605196875446
46404,5.0,25.0,10.1838451250876
39547,5.0,15.0,3.2379116219784905
13762,5.0,15.0,2.8013741294101493
19928,5.0,12.0,1.9662378374203158
44487,5.0,25.0,9.549790836086743
36983,5.0,12.0,1.5277331999479884
7007,5.0,25.0,4.94842507924751
40332,5.0,22.0,2.7346919053438903
26153,5.0,12.0,1.3689812099140788
21572,5.0,18.0,2.1855679531206462
42538,5.0,12.0,1.17515268752679
28962,5.0,25.0,6.707960364767208
46535,5.0,14.0,0.4220466840505992
39772,5.0,25.0,5.094787190431193
27386,5.0,12.0,0.7679991000023367
5995,5.0,12.0,0.6326102999972516
32561,5.0,15.0,0.796513183009651
48304,5.0,15.0,0.7565268809908758
40555,5.0,22.0,2.201121052008748
41660,5.0,12.0,0.3348232500555195
49635,5.0,18.0,0.24044415933377827
25343,5.0,25.0,0.7553180645060773
14219,5.0,5.0,16.00292267278391
38700,5.0,5.0,2.154275556269681
39477,5.0,25.0,84.38461314570338
39705,5.0,25.0,67.7919234933407
12064,5.0,25.0,69.6947642304648
30979,5.0,5.0,9.571705708420126
42176,5.0,5.0,2.3873868720959592
44931,5.0,5.0,10.475763060693993
45907,5.0,5.0,0.974000333277445
32692,5.0,15.0,31.866503735397544
26992,5.0,14.0,5.320099064899409
49878,5.0,12.0,25.6854875524742
21885,5.0,22.0,41.251505002742185
25432,5.0,22.0,44.36775047023506
35190,5.0,5.0,2.1663477409446728
10178,5.0,5.0,0.9163901696564878
3114,5.0,18.0,11.592228101173198
48173,5.0,5.0,0.6775842959241203
28127,5.0,14.0,5.317944641646022
9175,5.0,18.0,6.277845360225463
870,5.0,18.0,4.632619733334007
24893,5.0,14.0,1.9038206445603407
3892,5.0,25.0,16.02779733606777
17849,5.0,5.0,0.3686741549619583
18354,5.0,15.0,3.9477782221073667
32526,5.0,5.0,0.4648967998914273
40210,5.0,15.0,3.6429703564489415
46256,5.0,18.0,3.331073420919221
27823,5.0,5.0,0.436330133350161
41372,5.0,14.0,0.6189294750343208
21786,5.0,22.0,12.603924448262728
19851,5.0,22.0,6.517127622503306
13365,5.0,25.0,1.79556614212078
23188,5.0,15.0,1.9380371763141717
37401,5.0,18.0,1.0058661163238583
3283,5.0,22.0,0.8575271120176371
7091,5.0,15.0,1.2985104720649332
24119,5.0,15.0,0.9712114824421576
15421,5.0,12.0,0.6187506599358237
17953,5.0,15.0,0.796785430550349
43969,5.0,15.0,0.7428986325479379
13656,5.0,18.0,0.3935597853546584
32618,5.0,25.0,1.6345147166628013
16160,5.0,22.0,2.2050392399809584
26645,5.0,15.0,0.6324939255433364
41400,5.0,22.0,1.992728956708775
43996,5.0,22.0,2.866223890402958
14048,5.0,22.0,1.584667165331839
35641,5.0,22.0,1.4997158999696096
45619,5.0,22.0,0.9328957483132467
18780,5.0,15.0,0.1707651374804655
30695,5.0,22.0,0.6612977285007027
16299,5.0,18.0,0.13253312640394554
6356,5.0,15.0,0.11245987198566265
4608,5.0,22.0,0.47920552851430065
10489,5.0,22.0,99.98377357180112
18118,5.0,25.0,67.83369900679622
44170,5.0,18.0,10.285661452394038
9835,5.0,22.0,57.4187217404546
24200,5.0,25.0,45.35356142828307
27348,5.0,5.0,0.054323542173904116
10882,5.0,5.0,0.5574171242845978
39084,5.0,25.0,28.642476639794722
12936,5.0,22.0,22.959906399968013
30357,5.0,15.0,2.8253185137675985
18725,5.0,25.0,4.5812138399680755
26300,5.0,25.0,2.340725719996094
46891,5.0,25.0,1.0453408306522576
887,5.0,25.0,9.842320077355375
22421,5.0,25.0,8.514010191965248
6535,5.0,14.0,0.35363761601963617
33494,5.0,25.0,2.7872719018875536
19426,5.0,5.0,0.0006232000640693514
43610,5.0,22.0,99.54916064211733
26872,5.0,5.0,1.1412834246223156
40046,5.0,5.0,1.5166367990804588
13731,5.0,25.0,66.0077486626088
42041,5.0,22.0,54.30130905101936
48136,5.0,22.0,40.95420871191979
12405,5.0,25.0,35.04398972807361
15335,5.0,18.0,0.17277626829363157
26564,5.0,5.0,0.0024360583846458894
38264,5.0,25.0,28.710925063681913
48729,5.0,18.0,2.118254735576329
7367,5.0,22.0,29.83163289203015
11429,5.0,25.0,13.816021693417241
5433,5.0,25.0,13.36645749364098
12713,5.0,22.0,18.199885804507872
43404,5.0,14.0,1.4212211142361681
18924,5.0,12.0,0.6464574749263718
26985,5.0,18.0,3.273523664167911
43991,5.0,22.0,5.6485899670998325
2629,5.0,18.0,0.8175322603561632
29582,5.0,18.0,1.4466204279198038
40848,5.0,25.0,6.360208072622967
24556,5.0,25.0,4.533879525382728
40318,5.0,25.0,3.64275891245828
3288,5.0,25.0,4.746998086253853
10378,5.0,25.0,5.7824569230365075
34127,5.0,18.0,0.2468461057229181
38933,5.0,25.0,2.8026426086035396
30148,5.0,12.0,0.5540629799842591
45599,5.0,25.0,1.6957143125744434
9652,5.0,25.0,1.0521391390471142
19981,5.0,22.0,0.9817241514420854
155,5.0,18.0,36.80053657330828
28815,5.0,5.0,4.853595980803988
29202,5.0,5.0,3.018884892798127
405,5.0,18.0,10.986216170880866
14210,5.0,22.0,51.82813423203365
9571,5.0,22.0,36.65041555202282
5507,5.0,5.0,1.4218724999387575
37715,5.0,18.0,6.934949333553632
7628,5.0,15.0,16.239334503275046
37744,5.0,22.0,36.86813415663058
291,5.0,25.0,27.379508922434987
3129,5.0,5.0,5.678773594416327
1189,5.0,22.0,25.116327859212014
43070,5.0,5.0,3.752149091481783
8974,5.0,25.0,19.88209305611379
35908,5.0,25.0,17.94388346665987
620,5.0,25.0,10.428490143210606
31811,5.0,22.0,12.465793772614113
33187,5.0,25.0,14.928756160085321
11486,5.0,15.0,4.054996038173115
28031,5.0,25.0,15.059018752064325
14336,5.0,25.0,9.12613564199966
49774,5.0,15.0,3.7421015760665455
20267,5.0,18.0,3.4097172054322904
40861,5.0,22.0,17.142730655886332
19167,5.0,15.0,2.9886581416240503
15604,5.0,18.0,1.2796661587265685
31440,5.0,25.0,9.140677830343797
24153,5.0,14.0,0.5037759420569472
3447,5.0,25.0,4.79219518524266
18086,5.0,14.0,0.39606734407552935
27611,5.0,22.0,8.055644889459009
41143,5.0,25.0,5.903422848032491
28227,5.0,14.0,0.33451995204912777
13617,5.0,15.0,2.2895563199613704
38038,5.0,15.0,1.4796403515333765
19816,5.0,15.0,1.1018154361230135
10433,5.0,25.0,2.629921247984644
29196,5.0,15.0,0.9476521500215291
23805,5.0,25.0,3.771140160037076
34815,5.0,25.0,2.020307956683105
4152,5.0,14.0,0.3106122721017428
25879,5.0,14.0,0.13289025205233962
7280,5.0,18.0,0.44608385002283857
4322,5.0,15.0,1.1003594768270908
42206,5.0,22.0,3.36870975994162
37789,5.0,15.0,0.5273942699974796
7571,5.0,14.0,0.05107588003781949
14270,5.0,25.0,1.150497600008351
6878,5.0,22.0,1.3037331073411687
7825,5.0,15.0,0.36225367995661095
22699,5.0,25.0,0.20333866665904776
24373,5.0,5.0,1.313673398334231
20434,5.0,25.0,77.30898421443163
37747,5.0,5.0,3.482408133214477
8086,5.0,5.0,5.9380450046379
33028,5.0,25.0,51.73920697877901
18668,5.0,5.0,17.292639168164044
17066,5.0,18.0,13.573068256034801
43385,5.0,25.0,45.30881807341683
10112,5.0,5.0,2.2480759999000526
45752,5.0,5.0,0.6762764158133621
5089,5.0,18.0,11.635650412732161
34318,5.0,18.0,9.678818991140417
4784,5.0,22.0,29.517793999838702
49395,5.0,25.0,13.283209402648147
5538,5.0,5.0,0.48760125449135927
33912,5.0,15.0,7.290731869848656
32610,5.0,5.0,0.32907354005881473
42417,5.0,25.0,3.6301994620016167
2879,5.0,15.0,2.5401536129543842
10088,5.0,15.0,5.09216793627597
49383,5.0,25.0,5.922304369997924
1296,5.0,22.0,6.304763416131527
8849,5.0,15.0,1.9819971974829578
7553,5.0,22.0,1.4108542026713984
31008,5.0,14.0,0.4138955218169187
1161,5.0,12.0,1.120604519932872
22991,5.0,5.0,1.190150208146715
4796,5.0,14.0,0.2396547539451621
33070,5.0,25.0,2.6698400992996483
15687,5.0,25.0,2.2223597279826954
1641,5.0,14.0,0.16743812387637824
48914,5.0,15.0,0.8305240319372871
35258,5.0,14.0,0.011801039944677072
29498,5.0,15.0,0.24704032002301446
3372,5.0,15.0,0.12799609497349085
9588,5.0,18.0,18.380880647542824
47373,5.0,5.0,0.9260212110294788
24676,5.0,18.0,22.119159821913172
9958,5.0,25.0,91.66730834306549
330,5.0,22.0,106.33871928010646
4591,5.0,15.0,29.238523087235535
39110,5.0,25.0,72.06905193564828
2376,5.0,25.0,66.13409132110323
25635,5.0,25.0,63.494373189571746
49913,5.0,5.0,0.24885591029888587
12324,5.0,18.0,7.6669541825827565
5544,5.0,22.0,26.821669708922016
36032,5.0,25.0,24.153840630507077
9296,5.0,25.0,15.581101871051317
47333,5.0,12.0,5.197829267831864
3631,5.0,25.0,9.191103468042403
23510,5.0,25.0,14.433001320090714
15127,5.0,14.0,0.9076478038134894
5820,5.0,22.0,12.736987012226066
10646,5.0,15.0,3.268000789831042
22509,5.0,25.0,7.715993301357326
43432,5.0,22.0,7.558284582370959
4215,5.0,22.0,1.0814036630024102
23891,5.0,14.0,0.48696775996670993
1912,5.0,25.0,2.554572583343777
22493,5.0,25.0,6.658544543845331
9996,5.0,15.0,1.5287987999887456
33762,5.0,15.0,0.5062807199149617
23467,5.0,22.0,0.6160443199877932
19069,5.0,12.0,0.8691633300109043
12182,5.0,25.0,4.200111258614642
36590,5.0,14.0,0.1529289599560446
39210,5.0,25.0,1.9407058266868784
35546,5.0,12.0,0.49102050002163367
3336,5.0,22.0,1.3133970370135497
40731,5.0,22.0,2.2237299140221145
24454,5.0,15.0,0.14898910400243537
13850,5.0,22.0,0.30984027334249187
17577,5.0,25.0,0.0913094161632304
43433,5.0,5.0,2.9041383088542716
37428,5.0,12.0,24.971035870382707
44516,5.0,5.0,0.0032687999706979554
37843,5.0,25.0,66.59226678736425
44855,5.0,25.0,61.72241064785024
24092,5.0,18.0,5.460660216778507
25072,5.0,25.0,61.64959354219549
9309,5.0,5.0,0.3198792196963609
12691,5.0,18.0,5.565938207529143
22517,5.0,18.0,8.537690075911257
17980,5.0,25.0,56.391990196622004
8901,5.0,14.0,7.406482117412537
14299,5.0,12.0,16.347792575890196
12334,5.0,5.0,1.0769296387644545
44259,5.0,22.0,43.02763798601539
37050,5.0,22.0,37.02803634554553
42880,5.0,25.0,31.518240713598587
21019,5.0,25.0,30.125131193763202
27460,5.0,25.0,28.206699778870394
22933,5.0,25.0,13.660734879482135
36754,5.0,22.0,20.39926871364335
6923,14.0,5.0,0.7869052659933544
3509,5.0,12.0,3.253788210052292
16648,5.0,12.0,3.0768649499097194
17646,5.0,25.0,14.657218530416223
46123,5.0,25.0,8.664625055320904
21685,5.0,15.0,2.404237043259158
16756,5.0,22.0,3.159208200033124
46083,5.0,22.0,5.281657881790611
37635,5.0,22.0,5.965323395996116
9511,5.0,12.0,1.2368228925168125
14493,5.0,25.0,3.7276956453626706
7392,5.0,12.0,1.8028502400065705
7513,5.0,22.0,5.101868768800852
34119,5.0,22.0,1.5679677200109694
40513,5.0,14.0,0.12290573390583326
27826,5.0,12.0,0.36721056002417996
47429,5.0,22.0,0.5481598761701965
12454,5.0,22.0,1.435155713351079
46507,5.0,15.0,0.15431145498956056
27841,5.0,5.0,3.813253322924993
9601,5.0,5.0,21.895489498997534
19396,5.0,15.0,76.00488953295263
18517,5.0,12.0,18.737039998450825
36262,5.0,22.0,83.52368533219874
40616,5.0,12.0,18.622912798762968
35690,5.0,14.0,21.327820990678475
40946,5.0,22.0,42.25130099344862
35324,5.0,22.0,39.5389855198729
2941,5.0,25.0,16.38864566334783
14484,5.0,22.0,34.446333239909706
15757,5.0,22.0,22.639605279771544
49865,5.0,12.0,9.82572103135999
3202,5.0,25.0,10.913329444476332
21771,5.0,5.0,1.8478218235859458
39085,5.0,22.0,14.147972653441908
9526,5.0,22.0,16.603290585418804
31597,5.0,14.0,1.7518763025930895
10830,5.0,15.0,4.399877315786014
48818,5.0,22.0,11.287899877586646
7757,5.0,25.0,4.435365936239897
47770,5.0,22.0,9.021400643286508
16380,5.0,14.0,0.8788589621273672
16932,5.0,22.0,6.970497733407381
8150,5.0,25.0,4.775075119971685
1600,5.0,15.0,3.2619412738170652
13927,5.0,14.0,0.7303204439998296
39276,5.0,22.0,5.971134349966604
45248,5.0,15.0,2.5749509769779877
18813,5.0,22.0,6.780429579526128
16787,5.0,14.0,0.624557681950872
8213,5.0,12.0,1.491659039923384
25962,5.0,15.0,3.363491567786596
1529,5.0,14.0,0.45214318809455634
33475,5.0,22.0,8.093753194639646
48515,5.0,14.0,0.3991269360312373
37192,5.0,15.0,1.7115717749645647
12417,5.0,12.0,0.9433030799161557
37225,5.0,15.0,1.2521434179891617
32135,5.0,12.0,0.8558277598751545
31844,5.0,25.0,0.39849164602799725
11231,5.0,14.0,0.1775030849908763
14235,5.0,25.0,2.3823801984815276
10003,5.0,12.0,0.5336158799240955
42166,5.0,25.0,2.5780069119171305
39137,5.0,22.0,1.6043485966538453
42975,5.0,22.0,1.3079362759874522
35241,5.0,22.0,0.9265996239824748
21830,5.0,12.0,0.17217984002616582
28670,5.0,18.0,0.11289810719915083
12686,5.0,15.0,0.020003245510734846
13277,5.0,5.0,11.301260030725302
40274,5.0,5.0,9.051393921224644
3207,5.0,12.0,62.50994479009523
17503,5.0,25.0,77.57938906547403
14803,5.0,5.0,6.160243943731672
36170,5.0,5.0,3.0616934401606386
21266,5.0,14.0,13.445637639980816
10839,5.0,5.0,0.5891184000480507
16339,5.0,5.0,2.4815223354655984
39075,5.0,14.0,1.8382935372088127
17011,5.0,5.0,5.525141760038707
4993,5.0,25.0,43.588504350577594
10687,5.0,5.0,3.7711460351865753
44375,5.0,14.0,15.675028990910334
15672,5.0,25.0,30.819602524816716
25562,5.0,14.0,3.374416793520055
25142,5.0,5.0,1.2112346156397393
32796,5.0,5.0,0.1780487615355284
7929,5.0,5.0,2.6938330238001242
5458,5.0,5.0,1.7448094718788028
32634,5.0,5.0,1.2931140095350528
7615,5.0,15.0,3.7647366146329517
2710,5.0,5.0,0.30977769491488516
24228,5.0,22.0,9.475529209462898
13029,5.0,5.0,1.3433700691538348
26455,5.0,12.0,2.238605309763294
47359,5.0,15.0,2.155661825890178
15572,5.0,12.0,1.3513799998113498
46630,5.0,18.0,2.2386347632935806
39544,5.0,25.0,4.3618121116433315
34668,5.0,22.0,6.832158530333572
40426,5.0,15.0,1.644178319928919
16441,5.0,25.0,3.952735559933105
31765,5.0,25.0,3.3415562667056946
13624,5.0,15.0,1.0805201398595639
18247,5.0,18.0,1.1529606000671375
45094,5.0,25.0,2.5196209460870547
34434,5.0,25.0,2.322611249954054
17299,5.0,14.0,0.16176648799242166
38150,5.0,15.0,0.10487026496894458
20715,5.0,15.0,0.6200685119672737
8009,5.0,15.0,0.5361241619155575
33693,5.0,22.0,1.4811894199899385
21632,5.0,18.0,0.12922769496608488
16077,5.0,12.0,0.0025895999824911975
44694,5.0,25.0,0.010985394996134934
32766,5.0,22.0,137.84014521619628
43143,5.0,22.0,85.54012581707913
2849,5.0,22.0,77.0979604025818
651,5.0,25.0,58.05866949704796
29169,5.0,5.0,0.13771900547922655
1996,5.0,22.0,59.95861540798629
2625,5.0,25.0,33.952184090297195
15443,5.0,25.0,32.98737935591345
39269,18.0,5.0,8.301407719686836
38591,5.0,25.0,29.18069163798109
18683,5.0,25.0,18.102744325200696
27989,5.0,15.0,2.7138428346466696
44195,5.0,22.0,5.754006455016722
4713,5.0,22.0,3.780772214982065
10591,5.0,25.0,6.411899580077138
10414,5.0,25.0,2.5127912400469548
16256,5.0,25.0,5.95853279486632
40581,5.0,22.0,0.9459638958472603
4101,5.0,25.0,1.3992089226476647
10050,5.0,22.0,134.43150231675773
46935,5.0,22.0,126.82878780098508
44535,5.0,22.0,104.79346337952961
49100,5.0,22.0,91.94269942144973
8809,5.0,14.0,6.9650661593950645
9367,5.0,5.0,1.4541117604322835
21587,5.0,5.0,0.9490343756316975
20183,5.0,12.0,15.14554053574932
18310,5.0,25.0,50.5232328960975
40175,5.0,18.0,3.458932447625614
37823,5.0,22.0,45.99117912068009
26496,5.0,25.0,33.51597232328734
48070,5.0,25.0,23.94390331194176
45609,5.0,22.0,25.16343572486616
18703,5.0,25.0,19.952178796739886
11901,5.0,25.0,17.96822977500492
16283,5.0,25.0,12.49150119268078
26868,5.0,25.0,14.54117734088257
9024,5.0,18.0,0.40188403186999366
32856,5.0,12.0,2.455274325267297
38814,5.0,22.0,7.111671764980933
6947,5.0,25.0,5.860569834750471
49945,5.0,14.0,0.7767312199190997
36392,12.0,14.0,4.733394239792922
14999,5.0,25.0,5.767910408108644
33674,5.0,25.0,5.683805000110416
33881,5.0,14.0,0.2610124319151108
10961,5.0,12.0,0.7189744800646185
36527,5.0,25.0,0.9720017200474018
1440,5.0,22.0,1.39896848670746
23478,5.0,14.0,0.09903959993508771
6631,5.0,15.0,0.2543500199923825
31968,5.0,22.0,0.8070660266668332
41370,5.0,18.0,0.0404944409880017
1175,5.0,25.0,131.9580690900856
4967,5.0,25.0,101.68605290026787
33823,5.0,5.0,17.95000355834864
46036,5.0,5.0,11.163168767698437
44344,5.0,5.0,13.760209920231688
44390,5.0,5.0,1.8503344642630566
10843,5.0,5.0,0.19522213174946046
2370,5.0,22.0,43.518974262054485
15085,5.0,18.0,14.934674757801105
8660,5.0,25.0,23.472215272048686
46495,5.0,22.0,22.753774424929297
41017,5.0,22.0,38.25264529597187
46328,5.0,18.0,5.298002553806711
10056,5.0,25.0,8.492391603151482
14964,5.0,25.0,16.14398976014995
45958,5.0,22.0,14.847006666757949
540,5.0,22.0,22.407943799111422
12021,5.0,25.0,10.570218373449034
19902,5.0,15.0,4.242701906834419
13349,5.0,15.0,4.104007355880697
47212,5.0,22.0,3.602391263959575
4084,5.0,22.0,4.960656159987941
36485,5.0,14.0,0.859851039863635
34523,5.0,15.0,3.2272530960254073
1018,5.0,22.0,4.371472009489587
43418,5.0,15.0,2.8528121175701315
26180,5.0,14.0,0.6480313200372159
12103,5.0,22.0,3.501118353589206
44654,5.0,25.0,5.220739165505391
39345,5.0,22.0,10.406921599972904
31018,5.0,18.0,0.7270505515044903
31473,5.0,15.0,1.9704506638706967
38298,5.0,25.0,3.4107213079678456
3155,5.0,12.0,0.8139480149325706
18246,5.0,25.0,2.5054880839729314
31551,5.0,15.0,0.8187400319933484
19541,5.0,12.0,0.5448127799787326
41696,5.0,25.0,1.3963143249888743
33638,5.0,25.0,0.906908150399448
20011,5.0,5.0,9.885381280653633
41252,5.0,5.0,9.893028583020026
37986,5.0,14.0,17.334337344367327
48686,5.0,22.0,84.30903074340674
5771,5.0,18.0,13.633263779303945
35454,5.0,14.0,23.455536738379777
33937,5.0,5.0,2.744536678476834
42569,5.0,18.0,11.277748967480179
9597,5.0,25.0,33.39676766376809
26525,5.0,18.0,4.656250879810415
33456,5.0,5.0,0.2872934741824906
23299,5.0,14.0,14.09499946461888
11675,5.0,18.0,2.843246911832729
2569,5.0,18.0,8.402097238088537
37319,5.0,22.0,36.10835125572628
27649,5.0,25.0,24.8798819774483
43483,5.0,5.0,7.915150420194564
46887,5.0,12.0,3.628177140260334
24067,5.0,5.0,5.88775566658704
11472,5.0,15.0,7.86715996078685
14549,5.0,12.0,3.124943805264408
18861,5.0,5.0,0.24347296788848638
46979,5.0,14.0,2.8824601767373537
6050,5.0,25.0,13.098879935796585
39200,5.0,22.0,13.242761719978148
45829,5.0,18.0,2.0078133716501334
1899,5.0,25.0,6.944511566619482
9708,5.0,15.0,2.849871688550998
12621,5.0,15.0,2.838224058022348
2637,5.0,5.0,0.9175880834266792
8772,5.0,22.0,11.920666850060929
23168,5.0,5.0,1.5567768000968627
21550,5.0,5.0,0.06435975983003317
18757,5.0,25.0,4.672260505654892
27902,5.0,18.0,2.0570649536617402
23143,5.0,22.0,8.795448122578286
32127,5.0,18.0,0.9063294746698229
49623,5.0,15.0,0.8716820800436071
45916,5.0,12.0,0.49108574999339183
5448,5.0,22.0,2.3305546499988177
23240,5.0,12.0,0.39863369997562437
47110,5.0,12.0,0.26984937000321985
14884,5.0,15.0,0.2062481730212502
40791,5.0,22.0,0.09398189332955409
13235,5.0,18.0,19.108538418079803
19860,5.0,18.0,16.94706314698712
25877,5.0,5.0,3.3148969917426143
46844,5.0,22.0,72.7905788636908
12287,5.0,25.0,57.58321528533523
14878,5.0,25.0,52.90524650365714
21582,5.0,22.0,54.65546775666418
28343,5.0,12.0,14.08603296083254
23668,5.0,22.0,26.900404463954153
26168,5.0,25.0,16.97479122204836
24697,5.0,12.0,2.8016029201339094
14222,5.0,25.0,10.646375509240272
35422,5.0,25.0,11.385852321460312
47757,5.0,25.0,4.901706749933673
43605,5.0,25.0,2.8551306298715797
27291,5.0,25.0,2.828833274904488
27324,5.0,25.0,2.712142214105244
7107,5.0,25.0,0.8917348890716177
9369,5.0,25.0,5.281183032204851
6022,5.0,12.0,1.30476085511755
34857,5.0,15.0,1.7149971360081473
1064,12.0,5.0,1.260702870090114
44657,5.0,12.0,0.055778160029525736
31890,5.0,18.0,0.5844310174565344
30523,5.0,22.0,0.34573930071424464
9977,5.0,12.0,0.15045806996472866
2401,5.0,22.0,90.75865972782665
9612,5.0,22.0,79.38264090910519
4956,5.0,5.0,0.35537599994273705
43416,5.0,18.0,9.264144818409207
43319,5.0,5.0,0.5024584700862533
15988,5.0,22.0,45.01897565874508
36372,5.0,15.0,15.113468198879275
9263,5.0,25.0,35.521567840112255
6127,5.0,25.0,34.8317414591411
2493,5.0,22.0,29.171619259779874
44203,5.0,18.0,3.009093510323474
18690,5.0,22.0,25.379270016121424
30614,5.0,25.0,25.54499527968136
23220,5.0,15.0,10.120560857986632
48790,5.0,25.0,17.144707197828133
31034,5.0,14.0,1.0439159221240857
42070,5.0,25.0,7.784728151956191
49512,5.0,25.0,13.625488884223746
24989,5.0,25.0,8.178283800028144
15232,5.0,25.0,12.591081807892369
6966,5.0,15.0,2.8642735201661367
1673,5.0,12.0,1.8380579024171553
6542,5.0,22.0,11.192027840110917
15765,5.0,25.0,8.94697152304241
6468,5.0,25.0,7.143763382282376
10051,5.0,14.0,0.46199502016945715
14438,5.0,25.0,7.753428398348056
39571,5.0,25.0,4.163633022014443
9242,5.0,12.0,1.0515134999816134
21152,5.0,25.0,3.358164569978265
11643,5.0,12.0,0.8077697624875952
3572,5.0,22.0,2.678013690002085
9397,5.0,25.0,2.129310726993057
31070,5.0,25.0,2.016280208340728
11893,5.0,14.0,0.06587056497767652
42870,5.0,25.0,0.2183575706581209
45271,5.0,25.0,1.0811048199866167
23532,5.0,22.0,1.1052160586682653
3222,5.0,25.0,0.018159724803049393
47304,5.0,5.0,26.390579399348383
19015,5.0,18.0,22.53050897762327
49979,5.0,22.0,94.55375788293284
48165,5.0,18.0,34.908586266249756
48339,5.0,25.0,61.873498746177916
5718,5.0,18.0,28.21349535181399
14367,5.0,22.0,68.92287957322559
11114,5.0,25.0,46.30243297954354
14686,5.0,12.0,12.722285711189272
23334,5.0,25.0,43.319370223464404
24079,5.0,18.0,13.78338079834009
31326,5.0,18.0,10.453399599901388
13751,5.0,25.0,28.653958553649055
47569,5.0,12.0,8.17771331965156
2315,5.0,15.0,19.739596971835226
14328,5.0,25.0,25.208177110019896
32233,5.0,12.0,7.025088503449865
32279,5.0,14.0,2.2764114691729844
42473,5.0,15.0,5.325996974988001
24154,5.0,25.0,18.38323712971232
27706,5.0,18.0,3.530944349975144
11490,5.0,18.0,4.424040767967664
14386,5.0,25.0,13.590088558965093
26592,5.0,14.0,1.2807549363277104
16868,5.0,22.0,9.16174564587877
47120,5.0,25.0,5.670218026343095
43027,5.0,22.0,6.1025915498879435
21748,5.0,25.0,4.744748610017622
1250,5.0,22.0,6.657707831967981
25131,5.0,14.0,0.3885388950567936
2847,5.0,12.0,1.116792974940516
30692,5.0,12.0,0.7554862198898515
19503,5.0,14.0,0.21849309603773115
3110,5.0,14.0,0.18157197002143555
40180,5.0,22.0,3.2946649996263817
27160,5.0,22.0,2.9101742576342264
48680,5.0,25.0,2.773574840033066
18679,5.0,25.0,1.551918956006534
25553,5.0,25.0,1.1715754106729146
20695,5.0,12.0,0.31283858997206604
8238,5.0,12.0,0.12941561997889695
2833,5.0,12.0,0.03844703997241039
18272,5.0,25.0,0.02968504000069272
14953,5.0,22.0,0.03854465250051964
37979,5.0,5.0,9.297731017628621
11812,5.0,5.0,1.5033717067097712
32503,5.0,22.0,92.54993515563223
48791,5.0,25.0,64.40408785142742
20459,5.0,5.0,21.13138151933279
15935,5.0,22.0,59.94620711983333
47077,5.0,15.0,38.13599807980253
41003,5.0,5.0,3.2957787609061313
11173,5.0,25.0,38.79714651327156
34563,5.0,25.0,37.79589568878649
10904,5.0,22.0,38.95941890674475
48211,5.0,5.0,0.3611958505576567
407,5.0,25.0,28.570848376202527
26047,5.0,18.0,6.755849455048775
14857,5.0,15.0,4.856352546259231
20072,5.0,14.0,2.0133815485487645
36099,5.0,22.0,22.162070847931886
44228,5.0,22.0,13.641620387963385
26535,5.0,25.0,15.673878005360045
16998,5.0,22.0,20.16733628158549
8883,5.0,14.0,1.0395464602214943
25306,5.0,15.0,4.021974128032291
25801,5.0,25.0,14.189366154718503
20782,5.0,22.0,18.440081088074578
3312,5.0,15.0,11.48417232453997
36978,5.0,22.0,18.05122305556853
47672,5.0,25.0,8.153416570069677
25410,5.0,18.0,3.750579182896729
13178,5.0,5.0,0.6187909633988653
24440,5.0,15.0,5.436443920007861
41188,5.0,25.0,10.495383589511864
30140,5.0,18.0,2.5966869209673185
44158,5.0,15.0,2.349038963477067
43325,5.0,15.0,2.3326337864579543
33722,5.0,15.0,2.25203737002451
32404,5.0,5.0,1.471944883159729
3279,5.0,15.0,1.9402261080523857
13846,5.0,18.0,1.145221979997027
26828,5.0,15.0,1.62787592396743
32305,5.0,12.0,1.104414037485558
17324,5.0,12.0,0.9605732249710215
3381,5.0,25.0,3.287566750825084
11290,5.0,14.0,0.28424127002512556
9834,5.0,22.0,6.998455206481404
39718,5.0,12.0,0.8416622550512045
10705,5.0,15.0,1.1563160759761804
7229,5.0,15.0,1.1104229820266713
36061,5.0,25.0,2.743292249995397
9819,5.0,15.0,3.3978642240066
48796,5.0,15.0,0.9672226080881448
8679,5.0,14.0,0.11216494795755061
10413,5.0,25.0,2.0453827366622406
20584,5.0,15.0,0.7584000899786929
1864,5.0,22.0,2.5380344064321845
1377,5.0,15.0,0.23004506804445324
21164,5.0,25.0,0.6513545740153801
26012,5.0,22.0,0.05624576600251907
10522,5.0,22.0,146.10272863343877
38459,5.0,25.0,104.67742235778357
26646,5.0,25.0,69.41152261761508
3976,5.0,25.0,68.85710083211731
43492,5.0,25.0,64.54503574422503
43666,12.0,15.0,10.214318786409422
47551,5.0,25.0,52.08011150010768
18352,5.0,18.0,10.530297836832972
47191,5.0,25.0,50.69131630929115
35679,5.0,25.0,44.57036621742584
24305,5.0,25.0,41.41272159993183
1398,5.0,22.0,52.8883197469722
24266,5.0,22.0,45.83221824145933
48560,5.0,14.0,0.2378660402764865
39187,5.0,25.0,31.07574220770603
1049,5.0,12.0,8.32410894073827
31730,5.0,25.0,24.566483120078374
2101,5.0,25.0,22.85125497462139
3885,5.0,22.0,14.92358824539425
35113,5.0,15.0,3.068553430173033
22564,5.0,12.0,2.816307120021385
32470,5.0,12.0,2.726548995155106
526,12.0,5.0,2.9350311899900703
24405,5.0,22.0,5.814663168990968
40170,5.0,12.0,1.7271635475697487
39324,5.0,12.0,1.3681348498205672
48927,5.0,12.0,0.9271201800257014
19593,5.0,12.0,0.9076684799910648
43092,5.0,22.0,4.184427553327097
34051,5.0,12.0,0.8044032000129899
40771,5.0,22.0,2.1049480439490713
21045,5.0,25.0,2.664005178436825
6628,5.0,25.0,0.7118495999986312
38544,5.0,15.0,0.5224432495041578
10247,5.0,22.0,77.07570207367199
42239,5.0,25.0,46.13003380077134
37753,5.0,5.0,0.07787299994561181
37860,5.0,18.0,2.3887090804278728
46949,5.0,22.0,40.23127563608534
40300,5.0,5.0,0.033199793153599444
33029,5.0,25.0,30.53938498554001
38230,5.0,25.0,24.3786762048656
24310,5.0,25.0,22.178783602872116
4978,5.0,15.0,11.28660816012804
11925,5.0,5.0,0.26292002420478866
38572,5.0,22.0,12.001162986641084
1108,5.0,15.0,3.3154457220126474
15073,5.0,15.0,1.5876254400253487
9000,5.0,12.0,0.43206059998512103
10872,5.0,25.0,7.672396499984885
9599,5.0,22.0,10.08631699196382
47272,5.0,25.0,2.312386913629414
47698,5.0,22.0,1.7010412979692866
42551,5.0,12.0,1.7383953898636442
3754,5.0,22.0,7.678686726515213
19986,5.0,18.0,0.1295550899972806
9370,5.0,25.0,2.766702934965606
44608,5.0,25.0,3.418290520006795
6638,5.0,15.0,1.021240999414129
31482,5.0,25.0,1.8640916110433459
45140,5.0,22.0,1.7788836799867385
16949,5.0,18.0,0.27808797000410035
16688,5.0,14.0,0.056489649955740795
25740,5.0,12.0,0.2592301799442689
17784,5.0,22.0,0.8401820880059663
12371,5.0,14.0,3.176175857618375
11403,5.0,5.0,2.7549000001401964
45105,5.0,25.0,49.780669603341195
16194,5.0,18.0,9.778184253782179
25978,5.0,25.0,33.28627297702137
9570,5.0,14.0,9.999226425178279
28240,5.0,22.0,39.26224600325118
7989,5.0,12.0,7.351112639253188
828,5.0,25.0,17.583645380061753
18657,5.0,25.0,13.29114419179458
1995,5.0,14.0,1.1251449801788311
40955,5.0,22.0,11.77039468002798
42047,5.0,15.0,3.8290701271203034
25032,5.0,25.0,9.546723359849015
39708,5.0,25.0,7.539782453956384
21200,5.0,14.0,1.337703523215005
6405,5.0,25.0,5.376813251657001
6779,5.0,25.0,4.497723791976419
9829,5.0,25.0,4.195442673281018
29214,5.0,18.0,1.6185900639284156
15956,5.0,22.0,4.72786870685942
41628,5.0,14.0,0.27702223202545184
18731,5.0,25.0,2.993027639989089
14825,5.0,15.0,0.9545642160312067
33125,5.0,15.0,1.0134785000835755
39784,5.0,12.0,0.6588623999238372
49255,5.0,12.0,0.9872614560382793
40118,5.0,12.0,0.5229022800506993
39501,5.0,12.0,0.52556898003097
41568,5.0,12.0,0.49720512012458684
40423,5.0,25.0,1.5353892146564991
43024,5.0,15.0,0.569292168000679
49125,5.0,22.0,1.832917150692329
892,5.0,12.0,0.3535568400312954
41856,5.0,14.0,0.13731335034561276
32670,5.0,25.0,0.6622597599907016
10265,5.0,12.0,0.012244260017238329
21226,5.0,5.0,48.04836523089136
15886,5.0,5.0,11.007333825145054
146,5.0,25.0,95.16741121458747
19429,5.0,5.0,18.662856337364417
44048,5.0,5.0,4.821303108089239
43895,5.0,5.0,1.2494465518579005
25900,5.0,5.0,2.8156999999787473
47465,5.0,22.0,75.82983619242735
10540,5.0,5.0,0.843642537600104
47964,5.0,5.0,1.8912391677305607
30514,5.0,18.0,14.97444304630281
43640,5.0,15.0,32.29303526385658
33308,5.0,18.0,9.813629663981729
39169,5.0,25.0,33.38613526902594
44285,5.0,5.0,0.5015539200872183
49271,5.0,5.0,2.5179118934791234
18559,5.0,22.0,33.81327687351285
36203,5.0,22.0,36.62747023597994
9479,5.0,22.0,33.37782273299434
27099,5.0,5.0,0.39832866168127623
27147,5.0,5.0,0.07424099997483324
31017,5.0,5.0,3.119020879401333
46449,5.0,14.0,2.126952919988071
47676,5.0,22.0,22.95284448011978
40606,5.0,5.0,0.16412531405230624
34355,5.0,5.0,0.3868085540522799
20377,5.0,25.0,10.481889163570468
17797,5.0,14.0,1.2985163234813726
735,5.0,12.0,2.8089338248134936
13966,5.0,14.0,1.610368004886638
11296,5.0,15.0,3.504233729736157
18011,5.0,18.0,5.771542752243242
13755,5.0,12.0,2.6948548198479116
3418,5.0,12.0,2.5256563498412916
26770,5.0,14.0,0.8744410617817948
24147,5.0,25.0,12.579497785646222
11085,5.0,15.0,5.023294293794457
47714,5.0,12.0,1.7292996748705391
7844,5.0,18.0,1.4566745933060439
18124,5.0,15.0,1.9735928318413407
19948,5.0,15.0,1.960841699841751
42768,5.0,12.0,1.1669024999184678
4746,5.0,22.0,4.594686823518483
12693,5.0,12.0,0.9181876799252997
1863,5.0,12.0,0.8472522899204087
43122,5.0,12.0,0.7154165998245965
27885,5.0,15.0,0.9951968428881788
37201,5.0,25.0,3.952152900341659
34033,5.0,22.0,4.879642177657139
38759,5.0,18.0,0.48745005749295256
6691,5.0,12.0,0.4617070499245344
31590,5.0,12.0,0.39123947996284425
40279,5.0,22.0,1.8522028191830788
45169,5.0,12.0,0.276884579890325
36796,5.0,22.0,1.0169819100135054
28695,5.0,22.0,0.9671374266741588
34391,5.0,15.0,0.22929740796197517
24110,5.0,25.0,0.33314265000534315
47180,5.0,22.0,0.5160372266761404
31263,5.0,22.0,124.65215251215614
30078,5.0,5.0,0.16251309975548622
739,5.0,18.0,9.440434055661697
33925,5.0,18.0,12.257122432025923
32489,5.0,14.0,1.5812017866580277
36985,5.0,22.0,39.24435769610802
49637,5.0,25.0,32.136768933337244
40152,5.0,25.0,25.027793106819757
44729,5.0,5.0,0.6473312638275672
44646,5.0,22.0,26.53194164797948
47512,5.0,22.0,22.228591699198333
38472,5.0,25.0,19.824990527893675
24193,5.0,25.0,11.504574958184527
25544,5.0,25.0,14.05041764222371
42440,5.0,12.0,1.364723579930505
45975,5.0,12.0,1.340585534915249
20493,5.0,25.0,7.608658073687744
19845,5.0,25.0,7.914664565278235
2991,5.0,15.0,1.7697156239314786
47846,5.0,25.0,6.956828352104326
16182,5.0,12.0,0.6833356499508731
21456,5.0,12.0,0.6770590499557088
33349,5.0,12.0,0.5119000274590899
27108,5.0,25.0,1.6712084533435618
14008,5.0,25.0,1.5195796399755754
8186,5.0,12.0,0.3996043499579667
7353,5.0,12.0,0.33122741249268817
44287,5.0,22.0,0.9016405316596048
24654,5.0,22.0,0.3960920639912806
16082,5.0,18.0,12.445940032856925
38633,5.0,5.0,1.2208919999845307
43156,5.0,22.0,76.01598886379705
49845,5.0,5.0,2.0415419520991236
39712,5.0,25.0,44.91590888477924
27026,5.0,25.0,35.80507340759934
40388,5.0,25.0,32.8576630794977
10996,5.0,25.0,32.729881884587925
34319,5.0,14.0,0.2003259900465082
19523,5.0,25.0,28.957333733972796
29821,5.0,25.0,23.131063592377934
49322,5.0,25.0,17.981690319861734
10923,5.0,25.0,19.317286018885085
40957,5.0,15.0,6.652355762948474
41886,5.0,22.0,7.149024869970827
21078,5.0,22.0,21.024200723252093
46363,5.0,15.0,3.2236895588660417
14077,5.0,15.0,3.1472465003680057
3005,5.0,25.0,11.770827839840692
779,5.0,18.0,3.6763547255605253
23083,5.0,12.0,1.9094301750447862
15064,5.0,25.0,1.1367053906325992
9112,5.0,25.0,6.3948063198801215
15422,5.0,25.0,4.3646354399547285
12247,5.0,12.0,1.4336156999687937
2657,5.0,12.0,1.210980000030439
15061,5.0,12.0,1.1175924000228115
32516,5.0,25.0,5.052830281038158
19276,5.0,25.0,0.45237773264350345
12865,5.0,14.0,0.16067762403319819
20453,5.0,15.0,0.7620175299459362
21254,5.0,14.0,0.09174642001825895
13490,5.0,22.0,1.1277510293172117
7037,5.0,18.0,0.19978000800056828
32155,5.0,12.0,0.09211147497287442
38164,5.0,22.0,139.57704833209937
23897,5.0,25.0,93.16564405334185
43894,5.0,18.0,21.189349247888657
13576,5.0,18.0,29.591114528337556
33466,5.0,15.0,36.32034961442923
28247,5.0,25.0,56.36213843718991
43392,5.0,22.0,59.81452139884861
12543,5.0,25.0,40.498859587187
11577,5.0,15.0,16.67145167172461
26672,5.0,22.0,39.91436458860163
3461,5.0,18.0,2.7723655709463344
44937,5.0,18.0,15.935202469336659
38138,5.0,25.0,38.97607566410703
36774,5.0,25.0,33.29970165219002
36574,5.0,5.0,2.026478609381755
26050,5.0,25.0,36.62516574756722
39976,5.0,22.0,34.89266171981299
32169,5.0,22.0,35.25003442693198
44587,5.0,25.0,25.037592303846274
44172,5.0,5.0,3.1238385021336654
213,5.0,25.0,11.38156879262037
5958,5.0,22.0,23.27524880620411
29670,5.0,25.0,14.04132006496063
4344,5.0,22.0,18.115036982314344
1565,5.0,25.0,8.543930153637568
7945,5.0,14.0,0.9233278199867669
3132,5.0,25.0,6.956655752454395
40571,5.0,15.0,2.621894362960699
37750,5.0,5.0,0.759585536138367
18017,5.0,18.0,2.5150300047893843
34890,5.0,15.0,2.3744748539749168
19280,5.0,22.0,9.83581316671188
13474,5.0,14.0,0.47360476798750994
39288,5.0,25.0,4.504964561979557
22559,5.0,14.0,0.41564832496565174
47952,5.0,25.0,6.623668927843072
43288,5.0,14.0,0.389642975969025
38410,5.0,25.0,3.795256902013527
11594,5.0,25.0,3.2556241999849505
13929,5.0,22.0,3.127064709964686
7944,5.0,22.0,5.106612500027937
23432,5.0,14.0,0.24338344001248124
25249,5.0,14.0,0.20647676496827394
6960,5.0,15.0,0.9504640499961852
40795,5.0,14.0,0.08493435002306882
34347,5.0,14.0,0.08782245999835148
15469,5.0,14.0,0.0694773250026195
8844,5.0,14.0,0.03363858199064307
34425,5.0,14.0,0.01428677600635364
37238,5.0,15.0,0.3509179454458433
35726,5.0,25.0,0.9541266686330205
24025,5.0,25.0,0.8228348759958788
24263,5.0,12.0,0.10045272001382877
3907,5.0,25.0,0.37155563298168093
29167,5.0,25.0,0.09870504266820324
32581,5.0,15.0,0.012101790016842084
49870,5.0,5.0,9.329290111256057
9070,5.0,5.0,9.76042120524204
54,5.0,25.0,65.19788366406931
32017,5.0,14.0,7.675066281445879
638,5.0,25.0,47.09302329931806
20234,5.0,5.0,3.1412928989751663
22077,5.0,5.0,2.256710093240997
30388,5.0,5.0,1.699253457235983
33748,5.0,15.0,27.307672075251958
5337,5.0,5.0,1.0603440000444806
38905,5.0,22.0,33.213165092531646
14892,5.0,5.0,1.6129267198696766
40229,5.0,15.0,20.897951788055593
17620,5.0,22.0,26.63135022391991
30701,5.0,22.0,30.333648469645127
48363,5.0,14.0,5.714812685268939
11615,5.0,18.0,5.208630430135813
27525,5.0,22.0,16.90132861425981
17435,5.0,15.0,4.564401380101636
22925,5.0,15.0,4.1295386055422085
2373,5.0,18.0,1.8644508479572792
10967,5.0,15.0,3.6281680199854165
1006,5.0,5.0,0.3706368399637725
45793,5.0,22.0,11.643637023944034
9887,5.0,22.0,14.245904671919345
41746,5.0,5.0,0.5248935001112898
48641,5.0,22.0,11.42875451517617
2390,5.0,25.0,10.83342547670852
45208,5.0,12.0,1.5812570998900064
41469,5.0,12.0,1.5863261248773668
2433,5.0,15.0,2.2621186979939907
25026,5.0,5.0,0.07437636004538462
4103,5.0,25.0,4.695058880033461
38919,5.0,22.0,5.88139979041026
35974,5.0,25.0,4.245988403190502
32178,5.0,25.0,2.5895500058476797
5199,5.0,25.0,1.8213775000136323
7555,5.0,18.0,0.4428046739872791
20509,5.0,22.0,2.1930555213265115
32882,5.0,18.0,0.1427392124816267
7044,5.0,18.0,0.10581095333250579
11079,5.0,15.0,0.18040176599682578
41092,5.0,25.0,0.42989218333372126
19006,5.0,22.0,0.6292310399968526
11699,5.0,22.0,0.4416883980014932
25946,5.0,22.0,0.4317567600042287
15762,5.0,15.0,0.07075672499593288
39300,5.0,22.0,133.66038906030013
1431,5.0,22.0,121.46126044469781
38909,5.0,18.0,24.06985907076853
28244,5.0,18.0,19.611292900469522
49591,5.0,25.0,48.76672851957558
20355,5.0,22.0,54.28313900015995
3518,5.0,22.0,45.81482364165835
30733,5.0,25.0,38.123214077128694
38420,5.0,25.0,31.486111327819174
35311,5.0,25.0,30.09585912302837
26201,5.0,25.0,20.680996896028617
42092,5.0,12.0,1.0429760630602658
17772,5.0,25.0,9.103524182535814
25688,5.0,25.0,6.9432086609656025
45582,5.0,12.0,2.0509121999140234
40947,5.0,22.0,7.436033092328685
32740,5.0,25.0,3.34379136861865
24225,5.0,22.0,5.396840782883594
31278,5.0,25.0,2.1353655799237004
2713,5.0,25.0,0.29007272993981736
17726,5.0,22.0,3.254789679946473
20754,5.0,12.0,1.1132158799289407
22805,5.0,25.0,2.325301600023625
30919,5.0,22.0,1.8016211399968034
6495,5.0,14.0,0.05425317600511992
11435,5.0,22.0,0.3041842986521628
12088,5.0,18.0,15.06365126419135
38532,5.0,22.0,86.9961574913774
17270,5.0,18.0,5.996702294870175
20477,5.0,18.0,7.641360028584131
40079,5.0,22.0,68.24194837379397
34967,5.0,5.0,0.22150509795541495
42618,5.0,25.0,56.52495098462266
47208,5.0,5.0,0.3533160611732882
26390,5.0,25.0,55.37841131539844
30704,5.0,18.0,3.9693778957629178
38367,5.0,22.0,50.41423475711929
21898,5.0,25.0,39.53803734751419
813,5.0,14.0,5.385879072773321
17246,5.0,25.0,28.852935592012827
22080,5.0,25.0,28.043751660977
32720,5.0,22.0,19.22578750840018
35942,5.0,25.0,19.39293357521298
12351,5.0,15.0,5.8598989123570675
15258,5.0,25.0,16.882508346874133
22341,5.0,15.0,2.3664386296313182
21850,5.0,12.0,1.620246270061422
4776,5.0,22.0,3.5109394602835593
46075,5.0,25.0,3.6388915009836857
15999,5.0,22.0,6.93316226556923
13276,5.0,15.0,1.7217825349218288
25697,5.0,22.0,1.2771765279881588
9863,5.0,22.0,0.47006161599039586
14559,5.0,25.0,1.6541323999777688
36784,5.0,5.0,3.1940444927978433
6981,5.0,25.0,103.06271721712682
48047,5.0,18.0,16.226162975992963
46645,5.0,25.0,64.31972129991024
4867,5.0,14.0,8.193554161545876
29183,5.0,14.0,6.923842880638517
21307,5.0,25.0,53.768286906601105
30186,5.0,5.0,11.439090670244909
27519,5.0,25.0,49.39226195230175
42567,5.0,25.0,46.975839878576465
38478,5.0,14.0,4.982089264583323
10981,5.0,25.0,28.059973613096673
39888,5.0,15.0,25.512028146404475
10279,5.0,25.0,37.11111214928974
35568,5.0,22.0,29.04092322787774
34142,5.0,14.0,7.371130002999848
37711,5.0,22.0,21.950134176197224
30055,5.0,15.0,5.756286624014052
11479,5.0,15.0,3.8929540079897365
12150,5.0,25.0,9.566475501850995
48505,5.0,25.0,5.553819630053805
19466,5.0,25.0,4.796118305037021
8297,5.0,15.0,1.8313673250450044
42164,5.0,15.0,2.7187741198531405
20053,5.0,25.0,6.188228032101838
6408,5.0,15.0,1.32119260504086
6435,5.0,12.0,0.7408770600475307
47203,5.0,25.0,2.568737136093997
39135,5.0,22.0,2.1112365455945197
8522,5.0,14.0,0.03244348804439401
37452,5.0,25.0,0.2594451720145634
3923,5.0,5.0,5.17099422689239
9575,5.0,18.0,23.8270750505109
48516,5.0,22.0,82.93911737587541
8608,5.0,5.0,2.167686399831183
8889,5.0,22.0,65.76122236149213
12058,5.0,5.0,1.4677186564562703
6670,5.0,5.0,0.5617029439021195
17818,5.0,25.0,44.334320085417005
44815,5.0,5.0,0.9591994020800882
32177,5.0,5.0,0.15801999994928195
32353,5.0,5.0,0.7677603324795115
18959,5.0,5.0,0.3899665918482782
36732,5.0,18.0,7.788258547555657
40381,5.0,25.0,23.90771833150108
39143,5.0,25.0,21.309460015776402
19622,5.0,5.0,0.39353168185192544
39607,5.0,14.0,1.0509410288331935
19453,5.0,25.0,2.9220546142366075
1954,5.0,15.0,4.324930991910712
3176,5.0,22.0,16.030651805039515
5982,5.0,12.0,2.3668871249185415
32229,5.0,5.0,0.05748839983645837
8253,5.0,14.0,0.9754673678315768
32727,5.0,14.0,0.8035618719408006
7137,5.0,12.0,1.9334630099106462
49528,5.0,22.0,8.711541832031722
27012,5.0,15.0,2.8800944199895397
41968,5.0,12.0,1.7329210499160972
10973,5.0,18.0,3.0466936272786818
22201,5.0,25.0,2.6601658160518458
22400,5.0,15.0,2.1616795760038237
4998,5.0,12.0,1.318113299929827
33040,5.0,14.0,0.7391670330641773
32609,5.0,14.0,0.40816765796063237
49388,5.0,14.0,0.4176600959581087
12482,5.0,15.0,1.612443255938075
3428,5.0,22.0,4.529586444011079
18344,5.0,25.0,2.6664893399435785
9486,5.0,14.0,0.21514755997259982
37905,5.0,22.0,2.9973853599571294
31369,5.0,14.0,0.13267139000063288
17344,5.0,14.0,0.13058466596682905
37738,5.0,14.0,0.10622106996648739
27059,5.0,14.0,0.10106697198528103
36000,5.0,14.0,0.0503763658870362
38563,5.0,15.0,0.4961960540062007
47792,5.0,15.0,0.45748889701481055
30761,5.0,25.0,0.7110246840150958
4709,5.0,15.0,0.23169226000880982
15376,5.0,15.0,0.2013495020014595
48537,5.0,22.0,0.5272057013469071
25481,5.0,22.0,0.3316542760104655
21168,5.0,12.0,0.001526159987997211
18062,5.0,22.0,0.213528639992141
16655,5.0,22.0,117.61923068640374
16882,5.0,18.0,19.403413809680274
43228,5.0,22.0,100.67355271568425
4416,5.0,25.0,73.29284994318036
23791,5.0,5.0,0.2651093999808154
42710,5.0,22.0,67.85993736791613
41155,5.0,22.0,58.344304699805946
41936,5.0,25.0,43.35117067721778
31579,5.0,25.0,31.644312389109615
43004,5.0,5.0,0.14861977192903453
24277,5.0,22.0,28.703705690514866
32333,5.0,25.0,17.89198017305123
9861,5.0,25.0,16.26468854681452
2087,5.0,25.0,12.047556097668547
26019,5.0,22.0,7.71780071727397
43159,5.0,25.0,2.705242065031772
10330,5.0,18.0,1.9887710880948095
14166,5.0,25.0,0.3121323583097553
32440,5.0,25.0,2.0186719975605865
46523,5.0,25.0,2.491463292034009
21522,5.0,15.0,0.8886955949445863
22017,5.0,25.0,1.8642341373407865
36320,5.0,12.0,0.06627854999630634
35576,5.0,25.0,0.09882591000553109
12390,5.0,18.0,8.864667383460556
17378,5.0,22.0,52.53529593608137
32810,5.0,15.0,20.166761172222152
2034,5.0,22.0,54.7555816798677
47838,5.0,12.0,12.110142360554704
49755,5.0,25.0,36.57114776434017
12318,5.0,12.0,8.072763744300403
38899,5.0,25.0,27.556403528031275
27404,5.0,18.0,1.7072462169986977
39396,5.0,12.0,5.659312223758292
44965,5.0,12.0,2.0608103996544003
7956,5.0,12.0,7.343510158831762
46561,5.0,25.0,25.369326756265615
4014,5.0,5.0,0.32445287976450743
16898,5.0,22.0,19.14477030385472
11414,5.0,22.0,18.860980560198904
13528,5.0,25.0,16.85352145936327
32826,5.0,25.0,13.48438214415301
47042,5.0,25.0,7.668366315081567
46633,5.0,14.0,0.6627286661188414
15559,5.0,12.0,1.735483800015313
18282,5.0,25.0,8.939431360157752
32760,5.0,25.0,8.973058652838994
43513,5.0,25.0,5.256041172068057
39636,5.0,25.0,4.6004577130462305
6678,5.0,15.0,1.530311854033993
27875,5.0,25.0,1.571077727997821
34185,5.0,25.0,2.2785108080774084
49426,5.0,12.0,0.6485478600513002
39463,12.0,14.0,1.0382202300303494
34852,5.0,22.0,5.045561279917643
12712,5.0,15.0,0.8431070100172136
48580,5.0,12.0,0.48045011250370884
45608,5.0,15.0,0.5684643659073325
19510,5.0,25.0,2.019268855518286
384,5.0,22.0,1.6523908019864098
26369,5.0,15.0,0.27019034398062924
35687,5.0,25.0,0.4985885540249364
6005,5.0,22.0,0.6391616474882011
48795,5.0,18.0,29.044078555561555
18052,5.0,22.0,96.46141088336194
11235,5.0,18.0,46.00748217671625
9854,5.0,22.0,101.10442358773544
20316,5.0,22.0,76.84427177330569
23307,5.0,25.0,55.18538677833166
39189,5.0,25.0,49.01730316758149
29243,5.0,25.0,43.469163427042744
9690,5.0,25.0,31.302909385148922
13250,5.0,14.0,14.11604896262591
20235,5.0,5.0,6.590319414967752
45328,5.0,22.0,49.94083136382869
15076,5.0,25.0,33.43648037752973
24919,5.0,15.0,13.51815854941384
35539,5.0,12.0,3.5962550384281826
2146,5.0,25.0,30.018360725148582
2035,5.0,25.0,15.912807199608096
9164,5.0,25.0,23.536863821255636
33519,5.0,14.0,3.226337280519772
10116,5.0,22.0,34.07008334062327
8464,5.0,22.0,21.619163999874807
11678,5.0,22.0,12.759640255614727
23024,5.0,15.0,4.919485511963366
42388,5.0,25.0,15.869153997066853
47790,5.0,22.0,7.629882634340184
48029,5.0,15.0,3.5116532039217816
41223,5.0,22.0,2.206835631681649
830,5.0,22.0,3.448919346640306
42394,5.0,12.0,1.4176506899808885
44582,5.0,22.0,6.123260867960745
7626,5.0,22.0,4.732472007975845
19728,5.0,25.0,3.83793158000986
20040,5.0,22.0,5.075219573606439
15624,5.0,12.0,1.0492644000332483
47008,5.0,22.0,5.667249164758545
46780,5.0,25.0,3.0517062919505227
49703,5.0,14.0,0.19047387604800825
42607,5.0,22.0,0.6896814629959813
3201,5.0,15.0,0.5004824580190785
36439,5.0,14.0,0.030463200022879278
47685,5.0,5.0,1.4139495998949485
43649,5.0,25.0,84.99555925335679
10342,5.0,5.0,1.7667922229750843
8325,5.0,5.0,6.711204198668867
39877,5.0,5.0,3.345683200132754
23127,5.0,5.0,5.573118095910161
33424,18.0,18.0,0.47572252149734595
17813,5.0,5.0,0.6778839999905699
37961,5.0,5.0,3.181934643301389
39674,5.0,25.0,36.489298858277834
34159,5.0,5.0,0.7965471999778657
1953,5.0,18.0,11.01062673098619
21169,5.0,5.0,0.21439641606164628
6528,5.0,5.0,0.16094361601875562
11282,5.0,14.0,10.345204644518162
24505,5.0,5.0,5.91411326526481
16854,5.0,5.0,1.7933053333549154
24340,5.0,5.0,1.0642383880641901
3432,5.0,5.0,0.12857168230962657
46459,5.0,5.0,4.480019139119307
5420,5.0,22.0,29.524687584013847
9852,5.0,14.0,8.457383597090356
40620,5.0,5.0,0.46546999997928395
29793,5.0,5.0,9.151803359492547
35469,5.0,25.0,13.183559556024214
24018,5.0,25.0,9.388631477933881
49003,5.0,25.0,8.330410249933603
37012,5.0,5.0,0.652186666627415
5366,5.0,12.0,1.9555967998891148
14397,5.0,18.0,2.8943535921103134
28150,5.0,25.0,6.149718219948618
1235,5.0,22.0,12.82368740134228
26045,5.0,22.0,7.632707220005958
47478,5.0,5.0,1.1817132796774672
49734,5.0,15.0,2.359549167918125
21318,5.0,15.0,2.013489299978964
9899,5.0,14.0,0.5106860759155794
35632,5.0,14.0,0.2775471479669136
31767,5.0,15.0,1.1828236620720158
31637,5.0,22.0,5.7232067799257536
27576,5.0,12.0,0.7389980624739447
18621,5.0,18.0,0.3625972626744951
12010,5.0,15.0,0.5564470080169652
29141,5.0,25.0,1.016245487963824
32451,5.0,25.0,1.454232868294346
7330,5.0,25.0,0.7120574240152697
46038,5.0,25.0,0.3325358900099804
6565,5.0,18.0,13.608918837299782
17542,5.0,25.0,63.02089272338338
9480,5.0,5.0,0.33848277339475885
46560,5.0,22.0,51.35672520008475
9778,5.0,18.0,0.2719263887067527
32261,5.0,25.0,20.0367544801378
23772,5.0,15.0,3.21666010085508
6819,5.0,25.0,2.039660085438456
44818,5.0,25.0,2.8418745040164417
23470,5.0,15.0,2.8118740819541905
44396,5.0,14.0,0.6510054999366837
5396,5.0,22.0,1.583136250008863
22171,5.0,12.0,0.7582413000152606
21637,5.0,25.0,2.6244969226898087
32037,5.0,22.0,5.098210175968179
47663,5.0,25.0,0.991998701103217
12594,5.0,12.0,0.384977909987267
14234,5.0,12.0,0.342057000009806
37371,5.0,14.0,0.046733449479431144
23326,5.0,12.0,0.3067472100049029
1033,5.0,25.0,1.0036971092965854
38114,5.0,22.0,0.1324033679980855
10085,18.0,5.0,20.64328816985679
10654,5.0,22.0,112.44257108267163
1314,5.0,22.0,92.02299784573304
10113,5.0,5.0,0.7011123969050743
9635,5.0,5.0,0.2058753599781653
2287,5.0,18.0,14.171280729283197
43719,5.0,14.0,6.817106288948651
16373,5.0,25.0,42.50639570169288
27082,5.0,5.0,0.15558336014908036
42142,18.0,5.0,0.8271106264250392
39147,5.0,14.0,4.024358898585774
43856,5.0,5.0,0.018550021321303234
3674,5.0,22.0,33.82320472801566
15363,5.0,25.0,25.876067884529448
9716,5.0,25.0,20.393164975385872
42475,5.0,25.0,16.14528219677512
47340,5.0,12.0,2.3711642401395423
1777,5.0,15.0,2.750373569852229
21050,5.0,25.0,10.488703393164052
18498,5.0,15.0,2.4686986168392515
9395,5.0,14.0,0.46166534842069495
11672,18.0,5.0,0.8672827357992947
12427,5.0,25.0,3.793486226656537
2632,5.0,14.0,0.3701178997947068
45459,5.0,25.0,5.931321993531496
31395,5.0,14.0,0.3087082800645504
7194,5.0,18.0,1.593603648134657
19196,5.0,25.0,3.338489458174366
13958,5.0,12.0,0.6863645999919665
31816,5.0,22.0,3.520978036827275
4474,5.0,12.0,0.5624752350045892
45570,5.0,22.0,4.001416400054626
25011,5.0,15.0,0.5984575299692256
30177,5.0,25.0,1.271270833330909
37249,5.0,25.0,0.6434793525078555
37553,5.0,12.0,0.139858500019181
48695,5.0,25.0,0.4392430826962528
7702,5.0,25.0,69.97612959495555
43496,5.0,12.0,10.941995999324092
20794,5.0,5.0,0.471961497355494
14304,5.0,5.0,9.993663332893647
21512,5.0,5.0,4.743207500115261
45549,5.0,14.0,5.451189172115278
21067,5.0,18.0,14.47561594683225
17183,5.0,5.0,0.10705106670343412
35587,5.0,22.0,46.09434492755031
16405,5.0,14.0,5.635928545085051
18295,5.0,22.0,36.82215463091323
10910,5.0,22.0,31.127956569039526
47876,5.0,18.0,4.468687708688812
33249,5.0,18.0,2.5547077118745634
7794,5.0,25.0,26.461041427759042
43544,5.0,25.0,21.49425761304829
5229,5.0,22.0,24.92438174611634
7779,5.0,12.0,5.769569819240957
41576,5.0,22.0,24.15928192789928
18644,5.0,25.0,16.585429887994188
40154,5.0,25.0,10.496140413277285
23513,5.0,25.0,9.57980332795443
39834,5.0,18.0,0.8674418493815672
41401,5.0,25.0,7.545968203291956
30877,5.0,22.0,13.740434709529133
38104,5.0,14.0,1.198470511997897
43185,5.0,25.0,6.7188527859303235
42014,5.0,25.0,10.472340851868967
49895,5.0,22.0,6.655887277939209
29746,5.0,18.0,1.8046850186854542
36536,5.0,15.0,4.389567743665232
48929,5.0,25.0,8.430201535911742
1315,5.0,25.0,3.701495798016717
48925,5.0,25.0,3.6397784383094205
15297,5.0,15.0,1.4388982199611533
15303,5.0,15.0,1.2776165089153757
48278,5.0,12.0,0.7597302824127112
37920,5.0,12.0,0.6470065649243661
42046,5.0,15.0,0.7286789700166416
14887,5.0,25.0,1.0850063559909797
43815,5.0,25.0,0.6421908499937032
8461,5.0,15.0,0.1750747499804084
20402,5.0,25.0,98.40092313276494
11826,5.0,5.0,6.330290915585152
27744,5.0,5.0,0.4153530000565411
25368,5.0,5.0,5.7817978535095165
41084,5.0,5.0,6.609897983716849
26856,5.0,5.0,7.504910079953049
35185,5.0,14.0,4.976431679370961
27851,5.0,15.0,31.98367250501113
46541,5.0,25.0,37.73459891537897
6106,5.0,5.0,1.1838810240167064
16340,5.0,25.0,32.024808932738026
3727,5.0,25.0,27.65231376605832
47274,5.0,12.0,7.902013439032515
40536,5.0,18.0,6.238232426837811
37566,5.0,14.0,2.0692889278242887
35404,5.0,22.0,26.163077452564984
18108,5.0,25.0,11.399890331867525
41989,5.0,5.0,1.1464281599521726
47666,5.0,18.0,4.296578111983219
49345,5.0,18.0,4.292376617384715
29188,5.0,5.0,0.10808302316958063
13661,5.0,5.0,0.6754720436625306
28324,5.0,12.0,1.9946711997651931
43137,5.0,5.0,0.31844240994697515
42765,5.0,22.0,8.028966039437767
38190,5.0,12.0,2.1732018597694207
37934,5.0,12.0,1.9606744199066313
23331,5.0,18.0,1.7778881349945834
2537,5.0,18.0,1.8755189226361324
25277,5.0,25.0,5.853051864880378
12522,5.0,5.0,0.6845919747303384
8931,5.0,25.0,0.7301672399915216
29940,5.0,22.0,9.295044463027292
35506,5.0,12.0,1.3682249398770523
22133,5.0,14.0,0.47367474789144026
3844,5.0,15.0,1.774032579886189
25398,5.0,15.0,2.593536959664533
15433,5.0,18.0,0.8152593400361967
16206,5.0,25.0,2.996464387605095
30444,5.0,25.0,4.420777844118076
31067,5.0,14.0,0.19219417494523228
46829,5.0,14.0,0.20928223994242856
10886,5.0,22.0,2.9841457124733397
29406,5.0,14.0,0.2259907199970339
44232,5.0,14.0,0.072383615954136
37264,5.0,15.0,0.9278111080680418
21228,5.0,14.0,0.0027586399918861915
29275,5.0,15.0,0.2971028799500255
22683,5.0,15.0,0.2513824199624306
10640,5.0,12.0,0.07718290497791669
22020,5.0,12.0,0.022285199982442272
33909,5.0,22.0,0.045659074997007276
27509,5.0,18.0,21.255819012978264
14419,5.0,25.0,96.47295674499063
33418,5.0,5.0,0.24226159996514696
1540,5.0,5.0,0.20916096851564703
42499,5.0,14.0,7.621715912746367
31480,5.0,5.0,0.367461938722073
20964,5.0,14.0,2.2101982074301816
29425,5.0,5.0,0.1700340634867672
40898,5.0,12.0,14.267187552057493
42169,5.0,5.0,0.03196994325357139
23479,5.0,22.0,42.15531023414295
20139,5.0,25.0,30.66209818986475
17864,5.0,25.0,23.410467071937482
47509,25.0,18.0,27.82986435356974
9415,5.0,25.0,25.020169702982017
14780,5.0,22.0,21.699829772634047
31710,5.0,25.0,18.03757695969844
11216,5.0,12.0,2.547482700086931
9591,5.0,22.0,11.986471291067712
22926,5.0,12.0,1.632888389826288
37078,5.0,25.0,5.568082593336415
43380,5.0,25.0,4.302729960160029
30207,5.0,25.0,2.982662397715888
18905,5.0,15.0,1.6784486280411244
14405,5.0,12.0,1.106921999918434
39262,18.0,5.0,2.0774483254016225
34989,5.0,15.0,1.4460476740434949
26783,5.0,12.0,0.8693176798856435
35507,5.0,15.0,1.024630356102028
39010,5.0,22.0,1.2063926292655989
27016,5.0,22.0,3.023057818963527
39791,5.0,14.0,0.07694288202339639
28161,5.0,14.0,0.044716167962394415
14647,5.0,12.0,0.25427743497537403
36680,5.0,18.0,20.88704389292522
27109,5.0,18.0,9.535427914684163
28388,5.0,18.0,4.343838303380977
44983,5.0,18.0,4.038860759878659
46192,5.0,14.0,5.501667950492504
22852,5.0,18.0,2.6082380877625155
45771,5.0,5.0,0.28814507442410786
2055,5.0,25.0,41.327825579807296
10306,5.0,25.0,41.82581990064912
31191,5.0,25.0,21.584092673783168
34201,5.0,5.0,0.606691871525797
17181,5.0,25.0,18.348579466032305
11304,5.0,25.0,18.00126536553924
11834,5.0,14.0,0.9836098380758997
31709,5.0,25.0,14.191167633384008
39597,5.0,25.0,7.64356417429822
28123,5.0,25.0,11.738968248292512
3113,5.0,25.0,7.543655010044855
34369,5.0,25.0,3.2188908239976968
23667,5.0,12.0,1.8347495249625325
4599,5.0,25.0,6.584514810666821
14772,5.0,12.0,1.4662631101827976
31955,5.0,25.0,3.4896866774152127
5845,5.0,25.0,3.871614163311298
16116,5.0,12.0,0.8492421001076256
33785,5.0,25.0,2.8525166134323534
34377,5.0,18.0,1.204410331693163
18869,5.0,22.0,3.0996564263597435
37688,5.0,25.0,1.6393826920432764
4060,5.0,15.0,0.6659991359820019
34149,5.0,12.0,0.4609699500527462
36934,5.0,22.0,1.7154480520056783
24641,5.0,25.0,1.1950970880174285
24949,5.0,25.0,1.0811402987137235
37918,5.0,22.0,1.0924303499997325
40446,5.0,12.0,0.014225520002489223
2374,5.0,12.0,0.008015857502340573
17673,5.0,22.0,179.65841288786908
46424,5.0,5.0,4.319383296922126
28664,5.0,18.0,26.10217401619289
25763,18.0,18.0,10.218560496315888
47090,25.0,18.0,91.98275685663194
23936,5.0,25.0,64.93454601857982
17233,5.0,25.0,62.71939436117384
19387,18.0,18.0,7.889182144254761
6876,5.0,25.0,52.865416383815
4930,5.0,5.0,1.7414466667640056
13747,5.0,18.0,4.7053358497577165
15675,5.0,18.0,0.9554135787268763
13836,5.0,25.0,38.04075916785895
21837,5.0,25.0,31.50464450344144
2167,5.0,25.0,31.984564977410457
16699,5.0,18.0,9.060660838770175
5727,5.0,25.0,21.51890791684699
38937,5.0,14.0,4.020061459482164
41410,5.0,14.0,4.635693638533979
34647,5.0,14.0,0.7054894274817087
16274,5.0,12.0,3.102225577464189
18367,5.0,15.0,3.969010398869443
32420,5.0,25.0,7.380870699642372
43266,5.0,12.0,3.8943709323562246
1371,5.0,5.0,1.113835392315579
25631,5.0,25.0,7.291662941939823
8915,5.0,22.0,9.772490483403786
18826,5.0,15.0,2.7836296839841737
47967,5.0,25.0,5.067657719949862
4113,5.0,15.0,2.1715246198572657
12397,5.0,12.0,2.370657863492525
39318,5.0,12.0,1.321727924831368
19682,5.0,25.0,2.1013212816395015
42007,5.0,12.0,1.3105098299388054
583,5.0,12.0,1.0561106999217102
24572,5.0,15.0,1.502116405464541
45156,5.0,12.0,1.0191674099611454
37668,5.0,25.0,2.45233722146636
39397,5.0,12.0,1.0946151300526452
42663,5.0,12.0,0.9997179149880502
18847,5.0,14.0,0.24503291191239285
4611,5.0,15.0,1.0291789425029343
4851,5.0,25.0,2.3063133599823162
33573,5.0,14.0,0.16553435991794174
16345,5.0,18.0,0.59423983201851
27637,5.0,22.0,3.2667966000451623
47787,5.0,14.0,0.13800001592321465
315,5.0,15.0,0.7419215069492875
24477,5.0,25.0,1.3049169493412358
27301,5.0,15.0,0.4493117399831794
43463,5.0,15.0,0.31168469999327897
6323,5.0,12.0,0.18677819998005685
47013,5.0,22.0,1.6608122933449931
41990,5.0,22.0,1.430631933375115
28488,5.0,15.0,0.17179110596373892
14619,5.0,5.0,26.09936455679633
9572,5.0,5.0,3.0438426114421304
19289,5.0,5.0,2.0522547999839276
43423,5.0,5.0,5.051694703913654
46184,5.0,5.0,12.814880832175476
38786,5.0,15.0,63.27395671330851
15921,5.0,25.0,96.45899079449524
7372,5.0,5.0,2.4670256255999448
5435,5.0,5.0,2.63840600002942
46823,5.0,25.0,50.588588891481336
49550,5.0,12.0,27.23809439975426
21730,5.0,5.0,3.044876123398069
42018,5.0,5.0,0.9432498519085186
14844,5.0,14.0,16.366205607421193
33770,5.0,5.0,3.0523509758130984
47435,5.0,5.0,0.8610357333626055
24073,5.0,5.0,10.94462784102221
27964,5.0,5.0,1.6045738667061897
42578,5.0,5.0,0.9910173123554102
21451,5.0,22.0,27.61606041382928
14868,5.0,5.0,1.0243406048938155
28753,5.0,5.0,1.0390589999705284
13376,5.0,25.0,18.130774224462108
14327,5.0,14.0,1.1693353680874665
6508,5.0,14.0,1.3128213750876014
42958,5.0,5.0,1.3205301977422366
41146,5.0,18.0,2.811828685581389
2473,5.0,5.0,0.009782784102121411
48837,5.0,22.0,15.25393442877079
49575,5.0,5.0,0.6406899335622356
38408,5.0,25.0,12.472420512835676
45986,5.0,25.0,7.524742189962204
37857,5.0,22.0,15.493263215866257
37081,5.0,5.0,0.3958143750225247
11351,5.0,25.0,6.143042951961737
36157,5.0,25.0,10.513186032623839
4848,5.0,14.0,0.5463132840036735
23381,5.0,25.0,5.247179999953939
16494,5.0,25.0,5.1963638875960445
12431,5.0,14.0,0.49682186414246843
48528,5.0,25.0,7.9372619232595945
45887,5.0,25.0,4.749054469981159
38165,5.0,14.0,0.3890390999953617
4418,5.0,25.0,1.718622626657904
46818,5.0,5.0,0.19639343992684388
49609,5.0,15.0,4.598438256007263
8745,5.0,14.0,0.36182997000309314
40505,5.0,12.0,0.9319376999895859
29787,5.0,12.0,0.6922618499768944
32241,5.0,25.0,3.531601177580418
46028,5.0,15.0,0.9557882790071055
6392,5.0,25.0,1.9097350958241686
6767,5.0,18.0,0.6980947648014864
39468,5.0,15.0,0.5415132079696328
27547,5.0,25.0,1.259574769652493
34117,5.0,14.0,0.009895520091357746
30449,5.0,14.0,0.07556471045372959
24995,5.0,22.0,1.0200262299907759
