TaskID,OldLatency_ms,NewLatency_ms,ObjectiveGain
5450,5.0,5.0,0.18227950506681623
2690,5.0,5.0,0.00554449919968647
6384,5.0,5.0,1.099194675200863
48009,5.0,5.0,0.7172403839994388
45189,5.0,15.0,5.04627438000022
9170,5.0,14.0,2.0447080799999213
28855,5.0,15.0,4.160719140000211
29531,5.0,12.0,2.291277674999968
15080,5.0,14.0,0.3450435263994933
34306,5.0,12.0,1.251139260000123
1930,5.0,14.0,0.23829011999988126
13847,5.0,14.0,0.45670439999999957
11033,5.0,12.0,0.40673336250002645
46612,5.0,12.0,0.17085900000003917
9537,5.0,15.0,0.048305850000000206
12072,5.0,5.0,1.7066194943998596
44126,5.0,5.0,5.374745755202582
34622,5.0,5.0,3.0054115840051736
4742,5.0,15.0,21.899077247997695
12084,5.0,5.0,1.8743770965376143
28291,5.0,12.0,2.5047691949989073
23279,5.0,12.0,2.5334014079991434
28627,5.0,14.0,0.5647550850000549
13959,5.0,15.0,1.7096768640001763
25727,5.0,14.0,0.32355198200000856
49610,5.0,12.0,1.0490528999997295
30358,5.0,14.0,0.11157247750008814
29032,5.0,14.0,0.1883833679996414
25044,5.0,14.0,9.417860374403176
4020,5.0,5.0,15.521793840000043
14921,5.0,5.0,14.449727234666511
16661,5.0,14.0,11.35261090239186
47915,5.0,5.0,5.683604646399942
22330,5.0,5.0,0.9387207167976612
47097,5.0,14.0,4.41986988320059
23631,5.0,5.0,0.633578899998966
49665,5.0,5.0,2.038691999998548
20728,5.0,15.0,4.9166630300019705
11283,5.0,14.0,1.2256404339998213
40629,5.0,15.0,5.146050400003055
45713,5.0,14.0,1.1980450320019642
34240,5.0,15.0,2.5281119100009697
25812,5.0,15.0,2.4107309400011836
31977,5.0,12.0,1.3146973500005785
40001,5.0,14.0,0.42816537500076635
41484,5.0,14.0,0.33972205200045025
40014,5.0,14.0,0.24017532800049324
18519,5.0,14.0,0.1624391750002534
25752,5.0,12.0,1.0020950400002917
46736,5.0,15.0,0.9133059750003891
18202,5.0,15.0,0.8910536714998631
24913,5.0,15.0,0.6199484190007425
12937,5.0,14.0,0.05788275750017391
8678,5.0,14.0,0.10565146560048788
21075,5.0,12.0,0.06009312000001943
21574,5.0,15.0,0.06836543999995293
2703,5.0,5.0,18.90427520000037
5096,5.0,12.0,59.095444259999624
4588,5.0,5.0,8.207206800002837
10496,5.0,5.0,3.593178777599462
27644,5.0,5.0,20.782838442666787
22079,5.0,14.0,42.69337406720274
2671,5.0,5.0,7.7781952000043475
29760,5.0,15.0,30.36741096960162
32236,5.0,5.0,7.146816666664137
15810,5.0,5.0,11.528350976004049
27871,5.0,12.0,7.291651439992478
40372,5.0,5.0,3.5409047071995445
15119,5.0,15.0,30.238098803192884
37041,5.0,12.0,24.567577499999402
43181,5.0,5.0,11.082283560006204
30934,5.0,12.0,14.628803951995991
9676,5.0,5.0,4.485027539199962
42168,5.0,5.0,4.530204799996952
3765,5.0,5.0,7.813755215997844
13203,5.0,5.0,3.788830246398085
3253,5.0,5.0,0.9236897279989051
16833,5.0,5.0,4.497386495999336
43586,5.0,5.0,0.1268427519999662
34562,5.0,5.0,3.375846335994879
4368,5.0,15.0,7.9967467728006625
6382,5.0,12.0,3.473491709999216
19278,5.0,15.0,4.146687132000039
35467,5.0,15.0,1.1103312120006734
12742,5.0,5.0,0.6880525999991498
37355,5.0,5.0,1.0883274719983156
46482,5.0,5.0,0.32669281280048423
25700,5.0,14.0,4.580581919999354
43781,5.0,5.0,1.3509874999995688
24815,5.0,15.0,2.054598305666179
15802,5.0,5.0,0.03381213933140259
33698,5.0,14.0,0.3693724619989922
912,5.0,12.0,1.1107289099994482
49112,5.0,14.0,0.3057383880008899
28789,5.0,15.0,1.3246178850006238
33159,5.0,14.0,0.1533526634997795
44474,5.0,15.0,0.8326716060010337
21588,5.0,14.0,0.09236751999989679
28403,5.0,15.0,0.18228802800013488
5542,5.0,12.0,18.754623299974924
32517,5.0,5.0,0.6383389183999384
42788,5.0,5.0,0.08409403733017484
10175,5.0,14.0,0.03954399199863445
32621,5.0,12.0,1.25522377499896
3313,5.0,12.0,0.83912398500037
27799,5.0,12.0,0.30523773000037835
17966,5.0,15.0,0.284789585999774
40655,5.0,5.0,0.20213404159616744
28960,5.0,5.0,4.029813792000255
47129,5.0,5.0,0.3371845546667487
47045,15.0,5.0,3.968838360812981
2761,5.0,15.0,9.955343711999689
6859,5.0,5.0,0.18154994933028945
34995,5.0,5.0,0.7115927040054544
13348,5.0,12.0,7.722496559989267
3489,5.0,12.0,5.521429091989546
31205,5.0,5.0,0.03353164799953845
22269,5.0,5.0,1.2252298679932494
44737,5.0,14.0,1.00560066999914
49321,5.0,15.0,2.6833919610015897
25530,5.0,12.0,1.8856725600015878
12024,5.0,12.0,1.3048169250006154
27294,5.0,12.0,1.0544409750011532
30942,5.0,14.0,0.009714373999136328
15172,5.0,15.0,0.23791768249909406
33676,5.0,12.0,0.11870579999968589
4559,5.0,15.0,0.05764746799966014
6608,5.0,5.0,29.184812500010537
33480,5.0,5.0,54.20954822878946
392,5.0,5.0,23.43724428797907
21113,5.0,5.0,12.319246227718168
34632,5.0,5.0,13.87102245865313
20222,5.0,5.0,5.271561254387251
24664,5.0,5.0,9.386777856004727
42774,5.0,12.0,8.606557920000995
11328,5.0,14.0,5.411822948002822
12187,5.0,15.0,3.927689946001294
36707,5.0,5.0,0.31030524800056014
17835,5.0,15.0,3.183217500000758
25151,5.0,14.0,0.4670941950013905
22873,5.0,15.0,1.732899124001836
20197,5.0,12.0,0.9932216249996451
8135,5.0,14.0,0.3158099370003491
13022,5.0,14.0,0.1423148640004399
41397,5.0,15.0,0.6671570040002504
15113,5.0,12.0,0.40820587499971595
18852,5.0,15.0,0.5381259180006923
28718,5.0,12.0,0.09182009999971452
8324,5.0,14.0,34.22622679998079
8494,5.0,12.0,60.91480559996131
4004,5.0,5.0,23.617790000004845
37216,5.0,5.0,6.786689800004325
30871,5.0,5.0,11.51943633919305
48807,5.0,5.0,11.839055391704164
28938,5.0,5.0,5.627334000012965
13191,5.0,5.0,13.01555145600193
25582,5.0,14.0,5.680999859218929
5084,5.0,5.0,4.943147519996728
5892,5.0,5.0,7.25347925332801
34865,5.0,5.0,7.9519789567975465
69,5.0,5.0,1.1968049333381856
38616,5.0,5.0,7.938571468806231
24603,5.0,5.0,0.445828443736616
24755,5.0,5.0,3.1830389279940334
31464,5.0,5.0,4.266995695997451
45781,5.0,5.0,3.842989055999041
47184,5.0,5.0,5.819875396270646
12423,5.0,15.0,11.31539197119757
17392,5.0,5.0,1.869656400001439
47917,5.0,15.0,6.1101939974990955
6175,5.0,5.0,3.0986920000016696
36741,5.0,5.0,1.0399550976098766
5722,5.0,5.0,0.1784582826682879
48875,5.0,15.0,3.9725412860004354
18172,5.0,5.0,0.4131901849998627
43450,5.0,15.0,3.1208389809994586
47459,5.0,14.0,1.1044690935029635
29629,5.0,15.0,2.9483739799996442
43579,5.0,5.0,0.5416951999966741
42112,5.0,12.0,1.4045396924972735
45249,5.0,14.0,0.2946749080017259
35290,5.0,15.0,1.3151706600010655
39213,5.0,15.0,0.5103746895003063
2860,5.0,15.0,0.4422047399999167
10588,5.0,14.0,0.02239859200115557
9518,5.0,15.0,0.21690007199983619
35010,5.0,5.0,2.8819807744085324
11330,5.0,5.0,2.0208379391970084
21003,5.0,5.0,0.756083519967774
23012,5.0,5.0,1.7857560063985716
12561,5.0,15.0,17.137641695984115
12438,5.0,5.0,0.3953085439959807
46303,12.0,15.0,0.8396472599980491
24835,12.0,14.0,0.24586610000117304
14555,12.0,15.0,0.43438503250140315
27558,12.0,14.0,1.1825101450026878
46080,5.0,12.0,1.2458868959940936
41987,5.0,12.0,0.28617662999832216
29147,5.0,5.0,0.7549433333277875
29292,5.0,5.0,0.7961957999941944
49542,5.0,5.0,0.18660834240517943
34373,5.0,5.0,0.18901102933511993
38714,5.0,14.0,4.426873680000028
38983,5.0,12.0,1.559582040001274
35841,5.0,12.0,1.5392675999997572
3102,5.0,12.0,1.1422744500006168
30141,5.0,12.0,0.8366736000019763
16236,5.0,14.0,0.11261409600043493
18412,5.0,12.0,0.31433092500003834
38224,5.0,14.0,0.03264940800077376
7497,5.0,12.0,0.2255145599999837
18518,5.0,15.0,0.17108535000119351
39331,5.0,12.0,0.04989549000041782
32615,5.0,5.0,25.942733107223262
37811,5.0,5.0,17.125569792000192
21280,5.0,5.0,0.7206103040137748
8121,5.0,5.0,6.790967210669635
17131,5.0,5.0,3.8766411999902743
32728,5.0,5.0,7.77392816666746
13504,5.0,5.0,2.678635839999586
23312,5.0,15.0,5.187241200016857
38322,5.0,14.0,0.6037122099983137
46185,5.0,12.0,2.577337896015379
37022,5.0,12.0,1.4532722625049495
12798,5.0,15.0,1.4368074690025807
26855,5.0,15.0,1.3576050480034567
33197,5.0,12.0,0.6861399600011353
15133,5.0,15.0,0.42414910400003336
26749,5.0,12.0,0.29933255999869957
24591,5.0,12.0,0.16666702499991093
1351,5.0,15.0,0.08869643200003008
19411,5.0,5.0,25.604223744012188
18891,5.0,5.0,20.79343238400702
15713,5.0,5.0,11.770854366662746
31623,5.0,5.0,40.96587988806709
48439,5.0,5.0,1.144855633326614
27725,5.0,5.0,6.628282079998002
9505,5.0,5.0,15.11356441601771
45406,5.0,5.0,20.564095539225463
9389,5.0,5.0,10.993072640010297
27482,5.0,5.0,12.016580293348397
37321,5.0,5.0,0.30808359999610957
44659,5.0,5.0,8.412492288015983
14599,5.0,5.0,5.494349999996942
39555,5.0,5.0,7.476348160001791
940,5.0,5.0,7.480185139196635
39388,5.0,5.0,0.734792497072803
12664,5.0,5.0,5.601153081745906
6204,5.0,5.0,6.393859176559559
42771,5.0,5.0,5.606631899999847
8919,5.0,5.0,1.4491438581423992
11886,5.0,5.0,9.951008486392197
42808,5.0,5.0,2.9246507519994367
28225,5.0,15.0,18.120221590386066
46512,5.0,5.0,2.281771765324443
22669,5.0,15.0,4.626952040999839
24707,5.0,5.0,1.478906400000838
15041,5.0,5.0,0.07102796798152156
22085,5.0,5.0,1.8437944228128345
32800,5.0,5.0,0.9244917260016194
27484,5.0,15.0,3.7316658225016823
9264,5.0,5.0,0.3018901999978567
49655,5.0,12.0,3.0534349800040133
35076,5.0,5.0,0.8858717184008569
22532,5.0,15.0,2.3812001280009802
6028,5.0,15.0,2.1783942000028134
19098,5.0,5.0,1.4582988000039574
6710,5.0,15.0,2.048566476002147
44801,5.0,15.0,1.890133985500622
23063,5.0,12.0,1.1382021750016875
43279,5.0,15.0,2.574106972812615
46712,5.0,14.0,0.2576567099968834
13716,5.0,15.0,0.6085016400014833
25084,5.0,15.0,0.5870557425034182
44376,5.0,14.0,0.061452278999102106
41076,5.0,15.0,0.3300280500017152
43194,5.0,15.0,0.15081020400058565
36550,5.0,5.0,5.919329331182496
22167,5.0,5.0,4.435806412811189
4086,5.0,5.0,6.679324800049983
14326,5.0,5.0,1.6394049311962249
41011,5.0,5.0,0.5857039360061833
4473,5.0,15.0,12.87354937602018
33383,5.0,5.0,0.31077541546466136
28726,5.0,5.0,0.630518613326629
41541,5.0,15.0,8.266421852011803
47284,18.0,5.0,3.8679572515281
25295,5.0,14.0,1.0845673259966588
6651,5.0,12.0,1.5575933100033943
16904,5.0,12.0,1.2267826500041892
39685,5.0,12.0,1.175483370003672
23863,5.0,12.0,1.1039349450028055
34490,5.0,12.0,0.8735788200023862
44723,5.0,12.0,0.5946195000035672
16963,5.0,15.0,0.8496992975001643
39311,5.0,12.0,0.5246575500032105
26487,5.0,12.0,0.3526320000022336
47222,5.0,12.0,0.14084877000057938
19934,5.0,12.0,0.09225498000046173
42873,5.0,5.0,8.976225999970211
42269,5.0,15.0,15.768851788789163
28486,5.0,5.0,0.1722728533317479
2112,5.0,5.0,0.3096302399860349
5431,5.0,5.0,1.1253603600048905
38530,5.0,12.0,4.429678799990953
316,5.0,5.0,0.07900544001214627
1981,5.0,12.0,3.2490927524983775
2801,5.0,12.0,2.6135489999971355
3660,5.0,15.0,2.4682655999982543
19292,5.0,15.0,3.309966299996745
86,5.0,14.0,0.6772414350012994
33552,5.0,12.0,1.890578550001802
42427,5.0,15.0,1.6680901619961972
35186,5.0,14.0,0.3035752399996845
16359,5.0,12.0,0.8297278499989105
44802,5.0,15.0,0.31119169999945573
29728,5.0,15.0,0.2370999160002203
8042,5.0,15.0,0.11000100899967702
49216,5.0,14.0,26.889183936077416
35652,5.0,5.0,16.849218389337892
13897,5.0,5.0,2.0420877000138944
21056,5.0,14.0,6.479453008070266
28390,5.0,5.0,8.241823795260188
35667,5.0,5.0,8.789495000005218
10671,5.0,5.0,9.942857836815719
20538,5.0,5.0,9.252398015990025
33791,5.0,5.0,0.9302833333357086
32859,5.0,5.0,2.9938267306529553
15314,5.0,5.0,4.047463500001982
41184,5.0,5.0,1.161096000006701
34510,5.0,12.0,2.6502404474967634
42619,5.0,14.0,0.8968800344965331
7629,5.0,15.0,2.942655344995977
14511,5.0,14.0,0.7080993119986658
3839,5.0,14.0,0.5223096254971829
38906,5.0,14.0,0.41485829999975365
43273,5.0,12.0,1.1695884599990407
8960,5.0,15.0,1.7204703049981056
26285,5.0,14.0,0.2917017500000014
6115,5.0,14.0,0.3177878389973863
45983,5.0,14.0,0.20655886499929998
40465,5.0,15.0,0.9586689949989537
27217,5.0,14.0,0.056388439495889564
27630,5.0,14.0,0.03240369899641138
23529,5.0,15.0,0.4096502624993805
4454,5.0,15.0,0.1004673239998839
45710,5.0,5.0,20.754279333340236
27993,5.0,5.0,12.228336733341251
28812,5.0,5.0,8.164134366662921
16879,5.0,5.0,16.766916317862922
4132,5.0,5.0,40.923172799955694
25864,5.0,5.0,3.5927161919779564
41494,5.0,5.0,18.21343700640483
34134,5.0,5.0,17.27278092480975
14387,5.0,5.0,2.3900609707033595
49599,5.0,5.0,3.548951722690873
39612,5.0,5.0,1.4090835199893519
4995,5.0,5.0,0.35880020000284674
10430,5.0,5.0,6.4551504213655875
3834,5.0,5.0,7.703348999997061
37175,5.0,5.0,6.264665122138169
47052,5.0,5.0,0.519980697612425
33524,5.0,5.0,0.9514548696039711
6952,5.0,5.0,0.2514063839974483
29431,5.0,5.0,0.13514956800052147
17029,5.0,5.0,4.419737548815718
3105,5.0,5.0,0.5626319620015678
48527,5.0,15.0,4.389156011999802
25132,5.0,5.0,2.7296350890806096
12158,5.0,5.0,1.4662085333341466
18951,5.0,14.0,0.8217905849923923
44664,5.0,5.0,1.3430585002876398
45890,5.0,15.0,2.8165787579998813
17291,5.0,15.0,2.8173934224956554
31159,5.0,14.0,0.6854042699993066
40251,5.0,14.0,0.6389078080010151
8614,5.0,14.0,0.518200678492402
12668,5.0,14.0,0.36030279999558346
45825,5.0,15.0,1.2303981169980904
34293,5.0,15.0,1.1093614879989406
15364,5.0,14.0,0.09798383999920901
35954,5.0,14.0,0.07683344999876418
6559,5.0,15.0,0.583198283998021
19049,5.0,15.0,0.5200251959992492
42927,5.0,14.0,0.018245156998166756
32843,5.0,15.0,0.37131092999974413
25201,5.0,15.0,0.30920404799901036
44441,5.0,15.0,0.21621449999953501
37829,5.0,15.0,0.08207510999954826
23595,5.0,5.0,0.22914636801041866
20738,5.0,5.0,0.2872033000001011
35836,5.0,5.0,0.06255999999999062
45097,5.0,12.0,3.390079597498506
34352,5.0,15.0,1.94385765050162
37875,5.0,12.0,0.6100139999998575
34754,5.0,14.0,0.1590019200026056
4808,5.0,12.0,0.5159237924996081
38065,5.0,15.0,0.1686901600013564
39294,5.0,5.0,1.8855863295975723
20993,5.0,5.0,0.3820126666697945
34437,5.0,5.0,5.878269647956813
11503,5.0,5.0,0.9277814549235188
8516,5.0,5.0,0.7664498346550204
49080,5.0,5.0,3.6309719039777804
37251,5.0,5.0,1.544999615963036
22276,5.0,14.0,0.46129220802248483
5484,5.0,12.0,1.8850312200032882
12857,5.0,12.0,1.8394004774977653
43877,5.0,12.0,1.7697017999988844
29144,5.0,12.0,0.691027612499667
7694,5.0,12.0,1.2467857799975377
42565,5.0,12.0,0.6605489999991185
6835,5.0,12.0,0.5627343000002334
20721,5.0,12.0,0.3795534749997129
4834,5.0,12.0,0.14481407999933182
37006,5.0,5.0,11.755381333318809
45687,5.0,5.0,11.47704618245973
14722,5.0,5.0,9.411761510370155
28139,5.0,5.0,15.884350855981793
333,5.0,5.0,2.856820758384302
29354,5.0,5.0,16.871377075189685
41988,5.0,5.0,2.7471380138588017
18206,5.0,5.0,1.0344033333482372
47341,5.0,5.0,0.2584455679877635
29191,5.0,14.0,1.1084434109999464
33427,5.0,12.0,2.3060743500139154
20321,5.0,12.0,1.5094497000140734
10778,5.0,14.0,0.2736619425001052
8050,5.0,14.0,0.22471651799972925
4250,5.0,15.0,1.0466743074986375
13611,5.0,12.0,0.6266813250067855
12982,5.0,14.0,0.10848550199830775
31899,5.0,15.0,0.7339952219998871
36984,5.0,14.0,0.08412107699784954
30075,5.0,14.0,0.19129017120073044
36674,5.0,12.0,0.2881529400048546
25484,5.0,15.0,0.40682411400203566
41207,5.0,15.0,0.28201700099752003
28363,5.0,15.0,0.22165024799939115
2105,5.0,15.0,0.19159483799806054
46264,5.0,15.0,0.055149000002101545
15130,5.0,5.0,8.436720500028883
24232,5.0,5.0,15.331904051210643
25636,5.0,5.0,4.336734259225551
39759,5.0,5.0,10.042297548827662
40197,5.0,5.0,3.802298965355817
3317,5.0,5.0,1.4850518720134431
11176,5.0,5.0,10.07889835388194
12185,5.0,5.0,9.544439466636632
5324,5.0,5.0,0.7027969976034001
30001,5.0,5.0,4.091908222924843
22666,5.0,5.0,9.094199533324058
10752,5.0,5.0,0.6915687936074733
30567,5.0,14.0,17.05892879997873
8738,5.0,5.0,6.628426803199787
35821,5.0,12.0,12.553698288042028
29163,5.0,5.0,3.7148570280981232
49275,5.0,14.0,3.9293021375924013
11670,5.0,5.0,4.808946431986911
28361,5.0,5.0,3.081039215980084
11829,5.0,5.0,5.23161999358301
30915,5.0,5.0,7.770394521610257
15645,5.0,5.0,3.6254289407911813
47690,5.0,5.0,6.077900339168934
7206,5.0,5.0,0.6783960000021452
30333,5.0,5.0,2.8731320831908818
37323,5.0,5.0,1.2370003199913953
48149,5.0,5.0,2.1202775551795057
44566,5.0,14.0,1.097947695998343
8107,5.0,15.0,9.302667013709382
16490,5.0,12.0,2.479904805015444
38425,5.0,12.0,2.534750962511538
38683,5.0,5.0,1.2147593215882608
30018,5.0,5.0,0.8116498773227221
4632,5.0,14.0,0.40743962849788673
19154,5.0,15.0,1.4282917885060336
6272,5.0,14.0,0.23088092499863322
36649,5.0,14.0,0.21456480319926285
39580,5.0,14.0,0.42639777599601913
31625,5.0,14.0,0.13847538799887893
10680,5.0,14.0,0.13114823749939042
41162,5.0,14.0,0.09556085499899858
35554,5.0,14.0,0.12665626750268544
10016,5.0,12.0,0.04809360000102414
4703,5.0,15.0,0.033095741500820175
46472,5.0,5.0,0.548735155227547
32931,5.0,5.0,1.3285390847948975
21482,5.0,5.0,1.6936631998509029
29597,5.0,5.0,1.02556264108199
42061,5.0,5.0,0.2865338880073125
27248,5.0,14.0,1.067416128036541
42837,18.0,5.0,7.1906315519798625
25892,5.0,5.0,0.07549286402118582
43413,5.0,5.0,0.16493351253751598
21016,5.0,12.0,1.136174430006058
8062,5.0,12.0,3.0145754999844314
23457,5.0,12.0,2.2357042499877835
6572,5.0,12.0,0.24940424999705613
13657,5.0,12.0,0.9505964999914731
43540,18.0,5.0,0.6416708799985731
19718,5.0,12.0,0.07245119999848271
9616,5.0,15.0,0.07200221999687706
27051,5.0,12.0,0.3456629399923665
1882,5.0,15.0,0.45965125000287
1449,5.0,12.0,0.046810200001141666
3341,5.0,5.0,0.46079800319483866
2536,5.0,5.0,0.7896970000244039
47154,5.0,5.0,1.6989860711773588
15849,5.0,5.0,0.8091696640136092
40421,5.0,5.0,1.9256696490761556
33141,5.0,5.0,1.1274701824175537
31973,5.0,5.0,0.5665207125488223
17724,5.0,5.0,0.18526092481580747
18872,5.0,12.0,2.312360399985913
47230,5.0,14.0,0.6386101274983353
46126,5.0,12.0,2.76503735999151
15788,5.0,12.0,0.7022773199925432
26594,5.0,14.0,0.13430697599862818
3463,5.0,15.0,0.6861943699979047
7176,5.0,12.0,0.4002396599982916
46928,5.0,14.0,0.07230761600306668
45746,5.0,12.0,0.3862882874978544
24729,5.0,12.0,0.12539516249823102
47648,5.0,15.0,0.11422077999789604
29981,5.0,5.0,12.394397099969922
3791,5.0,14.0,10.61762501303258
18462,5.0,5.0,4.450705599969183
16990,5.0,5.0,5.7447465813680765
35900,5.0,14.0,27.026779264756613
22691,5.0,5.0,10.163488733894212
19665,5.0,14.0,5.188405132901579
16474,5.0,5.0,6.31308533332934
40872,5.0,5.0,13.262719104013058
25083,5.0,15.0,13.60273211527155
29524,5.0,15.0,4.843413891986472
24639,5.0,14.0,0.825263088013827
43111,5.0,14.0,0.4782354240142723
26028,5.0,15.0,2.2104225600081406
13264,5.0,14.0,0.43063527350783204
38406,5.0,15.0,1.5441021300075306
12948,5.0,12.0,0.7538823749880645
44986,5.0,14.0,0.11449157400701004
40913,5.0,14.0,0.08828257000698692
43988,5.0,14.0,39.455160422415474
19721,5.0,5.0,2.6936410000049307
15957,5.0,5.0,11.572996019219488
7788,5.0,5.0,16.03512145919862
12236,5.0,5.0,1.4049526666647978
29549,5.0,5.0,16.30233933344053
42265,5.0,5.0,8.919577856017526
39641,5.0,5.0,9.329435136013245
26583,5.0,5.0,3.1497859999917495
29112,5.0,5.0,5.022386807453046
17657,5.0,5.0,10.38133856008632
14143,5.0,5.0,7.106879385635949
1387,5.0,5.0,6.300949499988562
18990,5.0,14.0,1.7226939750186432
37045,5.0,5.0,1.6762633333264674
44874,5.0,5.0,3.83209550508127
45203,5.0,5.0,1.5232380074668015
4224,5.0,14.0,6.071939576984235
45950,5.0,5.0,0.4012613034846453
29616,5.0,5.0,0.10084752000059893
43041,5.0,5.0,1.824946833329136
7783,5.0,5.0,1.703109866663599
19390,5.0,15.0,3.6018480900009564
17332,5.0,5.0,0.089593200000472
7182,5.0,15.0,3.3781115940087574
25129,5.0,15.0,6.703947227965742
17264,5.0,15.0,2.462144538009582
35460,5.0,12.0,2.697800879992009
19186,5.0,15.0,2.0825270380066705
6645,5.0,15.0,1.8725000070033175
22954,5.0,5.0,0.041517677990146495
41482,5.0,5.0,1.1614923359917242
48344,5.0,15.0,1.5140420400062098
11709,5.0,15.0,1.452038196006061
7746,5.0,12.0,1.0215312599986852
28555,5.0,14.0,0.3072792299949576
48798,5.0,14.0,0.2602228560059494
23602,5.0,14.0,0.2554552049955223
24311,5.0,14.0,0.19320416999846124
43955,5.0,14.0,0.43682694402213684
6482,5.0,14.0,0.21220251299849835
21099,5.0,5.0,0.293529499995973
42243,5.0,15.0,1.0217191299983348
40072,5.0,15.0,0.8026467199977407
33755,5.0,12.0,0.5676726000007335
31610,5.0,12.0,0.4559034000000146
29603,5.0,12.0,0.3539141400000405
20852,5.0,15.0,1.0539527807987703
14150,5.0,14.0,0.00738538699897795
2033,5.0,14.0,0.006970399998026622
24435,5.0,5.0,1.0268014165196462
49421,5.0,5.0,0.1307210239507981
25995,5.0,14.0,2.738702886412824
30808,5.0,5.0,0.087869703189142
39009,5.0,12.0,7.2538472639159295
41228,5.0,5.0,0.6745308160072057
27228,5.0,12.0,3.645734159994092
24939,5.0,12.0,0.6074247000000774
28691,5.0,12.0,0.5426413500002472
23058,5.0,14.0,0.12447725499713869
48167,5.0,12.0,0.30647858250115867
35573,5.0,14.0,0.026516544002210374
41305,5.0,12.0,0.22827000000015918
7301,5.0,12.0,0.08425730999945946
16162,5.0,5.0,4.63599809994372
24411,5.0,5.0,0.17470073334914105
22457,5.0,5.0,0.30373866668305993
28645,5.0,5.0,4.201545600020609
16302,5.0,5.0,0.3061215402638595
21154,5.0,5.0,1.3997125439091747
1528,5.0,5.0,0.7163135999955443
28477,5.0,5.0,0.11366903463488143
13428,5.0,5.0,0.7248826026440156
498,5.0,15.0,12.917941017602743
12369,5.0,5.0,0.1258755200054793
36446,5.0,5.0,0.15593599997274055
28016,5.0,12.0,1.93365264000753
4468,5.0,14.0,0.36241713000267595
39122,12.0,5.0,0.9031902000069181
22480,12.0,15.0,0.14513905200049582
12332,5.0,15.0,0.3275968560015583
4127,5.0,14.0,0.00045999600045654176
27084,5.0,15.0,0.23734800000055145
37416,5.0,12.0,0.11418453749771507
612,5.0,5.0,24.16901529604519
25189,5.0,5.0,22.881205333395656
25647,5.0,15.0,24.21817183038496
46578,5.0,5.0,15.315259534605445
31655,5.0,5.0,0.38074043918999223
34649,5.0,5.0,1.8272784043013814
38730,5.0,5.0,8.428062666623546
33346,5.0,5.0,4.090005999982154
7683,5.0,5.0,4.709357721581156
43308,5.0,5.0,3.5357847221322487
9663,5.0,5.0,0.13973597862771214
46190,5.0,5.0,1.8938294272014105
8523,5.0,5.0,0.7961501184134363
9229,5.0,15.0,4.956957133501724
24427,5.0,12.0,2.9101113300027563
37953,5.0,12.0,2.6031726750083735
15703,5.0,15.0,2.549160840008213
15887,5.0,14.0,0.8028487800217263
1346,5.0,14.0,0.3877037760022084
48489,5.0,14.0,0.2829066900007149
6679,5.0,14.0,0.22860832949160148
3208,5.0,12.0,0.690096900001409
236,5.0,15.0,0.86086344000522
23779,5.0,14.0,0.1829826000015231
17842,5.0,12.0,0.5232999450012343
40892,5.0,15.0,0.6209093250056164
49760,5.0,12.0,0.10663297499984825
8836,5.0,5.0,21.257900180351783
38940,5.0,5.0,8.754458666645775
9914,5.0,5.0,3.063470400005656
31467,5.0,5.0,15.440554905503006
3684,5.0,5.0,1.8617541000003541
485,5.0,5.0,24.92244000003052
14897,5.0,5.0,11.036964761598568
38639,5.0,5.0,0.7035624000014309
49950,5.0,15.0,20.424096816027202
11909,5.0,5.0,4.441527199977969
41197,5.0,5.0,0.2792520000072116
48660,5.0,5.0,0.296680260257304
13892,5.0,5.0,1.4054681855952538
7447,5.0,5.0,5.83674672963933
45244,5.0,5.0,3.172751999969165
28019,5.0,5.0,1.7911787999898579
24231,5.0,5.0,4.966491651234378
9643,5.0,12.0,4.19346086251619
7871,5.0,12.0,3.4773394125137216
478,5.0,5.0,0.14614675199648985
25212,5.0,5.0,0.5333009333296701
31813,5.0,15.0,5.626534400027204
32141,5.0,15.0,3.260845800002592
5155,5.0,15.0,3.3946960080076423
14097,5.0,14.0,0.8504825039997641
37655,5.0,5.0,0.07276559999328214
39673,5.0,14.0,0.5474677125813976
36603,5.0,14.0,0.6134086679988187
26920,5.0,14.0,1.7583241709136814
21057,5.0,14.0,0.5123557999917665
23542,5.0,15.0,1.9953604200097779
347,5.0,15.0,3.935748576026171
31269,5.0,15.0,1.5276725460024352
9827,5.0,14.0,0.24988632000601996
30377,5.0,12.0,0.892814700003715
36268,5.0,15.0,1.1359051600043983
49839,5.0,15.0,0.8710150800040282
23465,5.0,14.0,0.06061331999858233
7904,5.0,15.0,0.46381040699763787
49106,5.0,14.0,0.03168623999870501
41425,5.0,14.0,0.015210588002545045
40971,5.0,15.0,0.2631024480009856
13841,5.0,15.0,0.08914618000102736
30043,5.0,5.0,0.19223807985909502
30062,5.0,14.0,0.9611693519691471
1626,12.0,15.0,2.162712316729511
49642,5.0,12.0,15.836495519978172
29852,12.0,5.0,15.520898975944817
6587,5.0,5.0,1.8848223115537621
20301,5.0,5.0,0.10471161606963619
17358,5.0,5.0,0.17329765869909863
39698,5.0,14.0,1.2805213559957167
9662,5.0,12.0,2.069711467501378
8548,5.0,14.0,0.7308697950003022
8167,5.0,12.0,0.9718290750032388
37199,5.0,12.0,0.9662705625002452
22215,5.0,5.0,1.0396090527957824
28757,5.0,5.0,1.734668639918425
47254,5.0,5.0,1.251834587201074
14988,5.0,12.0,24.818900016054727
30665,5.0,12.0,2.5951661760527713
23957,5.0,5.0,0.03331456000140065
44231,5.0,15.0,2.657289390000237
28816,5.0,12.0,1.612485480002487
38347,5.0,12.0,1.2365977575029845
4887,5.0,12.0,1.09180335000271
3240,5.0,12.0,1.0363858500040628
4369,5.0,15.0,0.5272146170011176
3653,5.0,15.0,2.328141955200099
47498,5.0,15.0,0.2918948500015457
20972,5.0,14.0,0.11961114000002304
48593,5.0,15.0,0.5021162100012653
6226,5.0,14.0,0.046130494999598426
38163,5.0,14.0,0.11644830959505725
33993,5.0,14.0,0.027412310001218465
45222,5.0,5.0,17.309599488062076
8115,5.0,5.0,4.893838848051075
6793,5.0,5.0,9.291707999983416
35963,5.0,5.0,4.3814303999918
18639,5.0,5.0,2.5458878666477176
25630,5.0,5.0,4.374086331757695
9546,5.0,5.0,5.4074389333241015
40677,5.0,5.0,2.6586777599937648
41745,5.0,5.0,5.928849504056345
19573,5.0,15.0,10.757325952039167
26944,5.0,5.0,0.22866266665990764
196,5.0,15.0,2.3335666200048166
39750,5.0,12.0,5.317823280017436
20157,5.0,15.0,4.508224199997294
242,5.0,12.0,2.5946409000104467
11098,5.0,15.0,3.1314302699937073
16956,5.0,12.0,1.8494639850097983
44211,5.0,14.0,1.0717500480004674
6653,5.0,14.0,0.43365191399707115
14627,5.0,15.0,2.4100419600108225
3096,5.0,12.0,0.8830331400010714
32234,5.0,15.0,0.8088108700012491
39521,5.0,12.0,0.5067573600027231
39489,5.0,14.0,0.12194911800036756
34905,5.0,5.0,12.582822656081817
28964,5.0,5.0,1.7794416000339481
12852,5.0,5.0,11.08732936533778
25364,5.0,5.0,12.63682333864
4653,5.0,5.0,15.543899596802731
48493,5.0,5.0,14.49458979839558
24887,5.0,5.0,21.302064272001644
9419,5.0,12.0,16.16845029602996
34681,5.0,5.0,1.7749844480243553
18629,5.0,5.0,1.12849987194042
15796,5.0,5.0,14.18915240963966
37586,5.0,5.0,1.768783103998004
1802,5.0,5.0,5.426878771191227
11243,5.0,5.0,2.0673135359956234
16203,5.0,5.0,7.166843903950891
24283,5.0,14.0,8.009215507217334
44062,5.0,5.0,3.0473786879959732
7335,5.0,5.0,0.7810535935999354
9802,5.0,5.0,1.5941568000115396
19221,5.0,5.0,2.3740454400095956
36318,5.0,5.0,0.9851201599967823
2283,5.0,15.0,4.857074963994805
3661,5.0,14.0,1.121165144984225
32437,5.0,5.0,5.302447545622968
19764,5.0,12.0,3.138213112497475
25478,5.0,5.0,1.0327590400084006
31853,5.0,14.0,0.5272211232171742
6611,5.0,5.0,0.6924898368050592
20406,5.0,12.0,2.032017374999775
2564,5.0,12.0,1.9291390499948484
23353,5.0,14.0,0.5761439579915262
39883,5.0,14.0,0.4876888199959595
12956,5.0,14.0,0.4645187699950881
7748,5.0,14.0,0.25349392000065407
37534,5.0,12.0,0.7597586999987893
13107,5.0,14.0,0.20843693999207424
11262,5.0,15.0,0.9967788480011794
4310,5.0,15.0,0.6432016800005442
14877,5.0,15.0,0.1888316500025029
37724,5.0,15.0,0.12494099999980524
32949,5.0,5.0,0.7845990571220227
32706,5.0,5.0,0.15737502721779606
23732,5.0,14.0,0.017321397461472543
33355,5.0,15.0,1.1526037619917062
22619,5.0,14.0,0.752490562003139
11813,5.0,15.0,2.894492129990894
37245,5.0,15.0,0.2740808999991913
43594,5.0,12.0,0.34664699999532544
31297,5.0,5.0,0.5320283648500492
21851,5.0,5.0,1.786215167929896
26324,5.0,5.0,1.9817616554659594
1859,5.0,5.0,0.11483079997219647
38897,5.0,5.0,0.17410504000073956
17113,5.0,15.0,14.791530585555108
45739,5.0,15.0,11.30650571513732
31964,5.0,12.0,7.942871568006169
2106,5.0,12.0,1.7914874250077837
20374,5.0,12.0,1.707829342507285
1097,5.0,14.0,0.5235698330069312
9984,5.0,12.0,1.3931346900014496
43936,5.0,12.0,1.1042670900040683
23004,12.0,5.0,1.370738399985001
42736,12.0,5.0,0.7143423449967408
33598,5.0,12.0,0.4453366799973075
49170,5.0,12.0,0.3439083900005615
21931,5.0,5.0,16.566821333298748
36064,5.0,14.0,19.55848627208462
47938,5.0,5.0,14.056501998914484
18992,5.0,5.0,6.064242431991602
40242,5.0,15.0,34.416607007975955
7533,5.0,5.0,1.0921793333494492
43977,5.0,5.0,1.5122493269111459
28023,5.0,14.0,1.0220312200156343
10561,5.0,15.0,2.202203400012621
11899,5.0,12.0,1.4374438500066091
10745,5.0,12.0,1.4009509875078088
23235,5.0,14.0,0.47423845501323214
34963,5.0,14.0,0.5052372200056361
25702,5.0,14.0,0.449647987510982
25715,5.0,14.0,0.3539797799951536
13099,5.0,12.0,0.8703056100042996
49768,5.0,14.0,0.2832445600065583
31007,5.0,15.0,1.2092420800024417
32673,5.0,15.0,0.6307920000065952
45366,5.0,12.0,0.08438430000245534
26396,5.0,12.0,0.07324535999873927
41724,5.0,5.0,2.9078487791620944
45163,5.0,5.0,21.73105269762857
3721,5.0,5.0,3.7901288960335933
6657,5.0,5.0,1.0056248399938568
30510,5.0,5.0,14.422234982404234
17031,5.0,5.0,8.954022912005996
728,5.0,14.0,19.522623116797774
13633,5.0,5.0,9.007945168011048
12230,5.0,5.0,3.288763799950914
41625,5.0,5.0,2.8448563152088298
23929,5.0,5.0,18.029594160014994
15599,5.0,5.0,0.3930957311847294
1141,5.0,12.0,5.0789668799511105
12604,5.0,5.0,5.583246799994477
45316,5.0,5.0,1.9568358000043418
46027,5.0,5.0,4.020856430414398
42474,5.0,5.0,1.1441895936018085
47617,5.0,5.0,2.1561662026617086
682,5.0,12.0,3.2785876874854907
23007,5.0,5.0,2.2445032000056457
2669,5.0,15.0,8.591258217624684
47487,5.0,5.0,1.722972000002585
3522,5.0,14.0,4.10311699840701
15504,5.0,5.0,0.04645440000332712
43897,5.0,14.0,0.5225276100126521
21536,5.0,14.0,0.5204373939990923
22757,5.0,5.0,0.14900217000308302
24742,5.0,15.0,1.6923909270020872
46300,5.0,5.0,0.9626916000018007
37933,5.0,15.0,1.3459389200035154
22566,5.0,14.0,0.25107731000079525
4788,5.0,15.0,1.0137116460017648
47524,5.0,15.0,0.8914915500025806
48711,5.0,12.0,0.5134771874964343
28109,5.0,14.0,0.11184548623604051
45615,5.0,15.0,0.695068072001721
33454,5.0,15.0,0.6262297800058878
29446,5.0,15.0,0.4460363200036088
44414,5.0,15.0,0.7779726864057821
31754,5.0,15.0,0.20337529500000828
13913,5.0,5.0,0.8381527381985734
45540,5.0,5.0,0.34021560000999784
48168,5.0,5.0,1.8114094079858205
18499,5.0,5.0,1.9096141717542992
31337,5.0,5.0,1.2499097599742868
37548,5.0,5.0,0.293498214435715
42883,18.0,5.0,3.2499311360199172
42879,5.0,12.0,6.552364800094409
439,5.0,15.0,1.8520497983966777
30646,5.0,12.0,1.940582819999129
36399,5.0,12.0,1.8162746399996053
29360,5.0,12.0,0.7411867499997555
38006,5.0,12.0,0.21204277499770807
11789,5.0,5.0,3.850073343909685
18571,5.0,5.0,2.2225013759385774
48107,5.0,12.0,10.04652883207018
17994,5.0,5.0,2.4908368213109213
40205,5.0,5.0,2.272906598392467
31308,5.0,15.0,13.102369730488647
40262,5.0,14.0,5.4120993119257435
3216,5.0,5.0,1.8173526357436742
35121,5.0,5.0,0.019428573838837337
2296,5.0,5.0,0.5291938815865933
35856,5.0,5.0,0.6055593983995635
26310,5.0,14.0,3.3581574255758824
48225,5.0,15.0,6.418308540015403
46107,14.0,14.0,0.2385705600202357
28180,5.0,12.0,2.083080090014633
30745,5.0,12.0,1.508260935023479
37540,5.0,15.0,0.24668279400573923
769,5.0,14.0,0.2588454299978018
48671,5.0,12.0,0.49828800001554185
24860,5.0,12.0,0.09348194999848314
4214,5.0,5.0,1.9637579999877346
41423,5.0,14.0,6.6751420288536565
42491,5.0,5.0,0.14489135040045653
34969,5.0,15.0,5.625644015932664
46720,5.0,5.0,7.487000000003604
5956,5.0,15.0,8.527587849578708
19533,5.0,5.0,10.842984913056483
11872,5.0,15.0,39.73529456876193
47976,5.0,14.0,6.0418188719463615
15591,5.0,5.0,10.51258234799701
47181,25.0,5.0,41.21304622083137
32738,5.0,15.0,14.33273673595204
27965,5.0,5.0,2.4371741183850446
25099,5.0,5.0,3.3318124031983274
42102,5.0,5.0,1.8851944000016019
13945,5.0,15.0,8.46788859833606
6665,5.0,14.0,0.9849470239887665
9138,5.0,14.0,0.6663180279925314
23089,5.0,15.0,2.263590757492242
16385,5.0,12.0,0.8063787900150317
43103,5.0,15.0,0.8631475079991482
36807,5.0,14.0,0.10051616749954917
41961,5.0,15.0,0.6888953999943368
45931,5.0,14.0,0.03880126499921399
46968,5.0,14.0,0.037922144001572455
13677,5.0,12.0,0.22021904999297792
23951,5.0,5.0,19.217503334425658
18635,5.0,15.0,36.66976876942624
48056,5.0,5.0,13.856965939282333
27753,5.0,5.0,10.16096943603722
5531,5.0,5.0,8.117289216039381
4554,5.0,5.0,10.135399901925098
13358,5.0,5.0,4.149886800004786
34018,5.0,5.0,7.8893841920186105
30709,5.0,5.0,8.417298800010343
29921,5.0,5.0,6.3432569999878865
24606,5.0,5.0,1.6356863999769757
42955,5.0,5.0,5.3686608333360155
11620,5.0,5.0,3.142846000003182
20611,5.0,5.0,4.065984460787405
42795,5.0,5.0,3.81583109119164
40367,5.0,14.0,11.5378573440465
26312,5.0,14.0,2.5099196330072857
4689,5.0,5.0,1.1706990674776492
3286,5.0,14.0,3.7421184072305067
1270,5.0,5.0,2.5402632000116796
17718,5.0,5.0,2.038641290647952
36845,5.0,15.0,3.2255686399846155
14418,5.0,5.0,3.0738515327909326
29550,5.0,15.0,1.5909892524982254
47629,5.0,15.0,1.7605473299871193
5721,5.0,14.0,0.3047657459934854
11421,5.0,14.0,0.25630059600076294
984,5.0,15.0,1.1431458299957242
35619,5.0,14.0,0.17640440399752855
25477,5.0,15.0,0.6683490399962402
45622,5.0,15.0,0.6248367949967673
19481,5.0,12.0,0.40579049999529637
33101,5.0,14.0,0.008017121002170668
35159,5.0,12.0,0.2012327399953726
38071,5.0,15.0,0.23703695250099965
8436,5.0,5.0,5.592831999901421
1386,5.0,5.0,0.4684992000409238
39639,5.0,5.0,2.0276405279535368
2938,5.0,12.0,12.503466912038022
1200,5.0,12.0,2.886310560001654
32246,5.0,15.0,2.1781248960019113
24624,5.0,12.0,0.8947476300008965
31649,5.0,15.0,0.22231051500358667
8081,5.0,12.0,0.6390939449857793
28449,5.0,12.0,0.3724574699932077
19324,5.0,15.0,0.41431466399351624
29477,5.0,5.0,0.031873506654477524
37679,5.0,5.0,2.4852485973098624
2990,5.0,5.0,0.16228625066617042
41839,5.0,5.0,0.280406169609563
7644,5.0,5.0,0.1947695615295686
37102,5.0,5.0,0.05665520639428223
31429,5.0,5.0,0.06332117333025167
44683,5.0,15.0,1.4025143424204387
7124,5.0,12.0,1.2328840199907525
40137,5.0,12.0,0.6846046049975936
45228,5.0,12.0,0.48525375000101967
21437,5.0,12.0,0.20765973000127147
8536,5.0,5.0,9.786215423962801
29727,5.0,15.0,69.20692111682797
43301,5.0,5.0,13.218998186680835
6579,5.0,5.0,9.429202439685525
27918,5.0,5.0,10.844102399982148
28588,5.0,5.0,7.883123029308848
9247,5.0,5.0,10.596010708705833
24545,5.0,12.0,11.704333800058436
41831,5.0,5.0,0.6805009237228887
41388,5.0,5.0,0.25392079998991335
1154,5.0,14.0,1.5577829238900591
39973,5.0,12.0,3.7391266920709825
41679,5.0,15.0,2.5645211890094544
20073,5.0,14.0,0.6380282049768091
48988,5.0,14.0,0.5377281390134527
27143,5.0,12.0,1.5687886125352222
22256,5.0,15.0,2.1441428999864094
38235,5.0,12.0,1.1005655250080473
31407,5.0,12.0,0.8641740000262867
24837,5.0,5.0,7.790223999953469
45878,5.0,5.0,22.984038911992627
34726,5.0,5.0,5.212285190411706
8179,5.0,5.0,39.457147500087046
39417,5.0,5.0,16.30976501764721
28871,5.0,5.0,1.3735709999681092
48346,5.0,5.0,19.87886858238241
38902,5.0,5.0,15.332848499962026
16790,5.0,5.0,1.510629120044257
65,5.0,15.0,51.63264494396685
30956,5.0,5.0,3.5922592426294386
8636,5.0,5.0,10.365382133285479
28276,5.0,5.0,0.6964034399808412
44244,5.0,15.0,5.354604544169092
43901,5.0,5.0,1.1546459287948494
46542,5.0,5.0,3.805733887978036
21719,5.0,5.0,5.1904966656191505
38400,5.0,5.0,4.500392567479764
2472,5.0,5.0,2.9225887039666745
1776,5.0,5.0,2.624853967939039
5104,5.0,5.0,1.2387285332890912
48015,5.0,15.0,9.418929851973289
49011,5.0,5.0,2.368986327971797
9683,5.0,5.0,0.5722632383848136
47448,5.0,5.0,0.8095565000114249
7526,5.0,5.0,1.2085953978925161
46054,5.0,14.0,1.4492051999319315
29781,5.0,14.0,0.922038871988935
2967,5.0,5.0,0.17288354000273642
41735,5.0,5.0,1.6045173999999172
41437,5.0,12.0,1.5087724500124509
42689,5.0,14.0,1.631437382436438
46691,5.0,12.0,1.3374356700173635
8627,5.0,14.0,0.4235131399893639
15283,5.0,15.0,1.8123469969903923
45753,5.0,15.0,1.634054899982747
3667,5.0,5.0,1.1367179776157883
19298,5.0,15.0,1.5061004639882718
47032,5.0,15.0,1.501104839988443
41529,5.0,14.0,0.33189653598810054
12052,5.0,5.0,0.016295919002033088
40159,5.0,14.0,0.2629602179886952
11447,5.0,14.0,0.1783460999945845
12117,5.0,14.0,0.16863143999770713
44107,5.0,14.0,0.04981610999664454
41366,5.0,14.0,0.018455519997480963
15343,5.0,15.0,0.12835402500292226
10535,5.0,5.0,1.9995044352232867
12360,5.0,5.0,0.0019432959947778272
41083,5.0,5.0,0.7275853653209907
23924,5.0,5.0,0.06838578774360826
26888,5.0,5.0,0.06997632003063359
21915,5.0,12.0,3.433826977512105
22833,5.0,12.0,3.272991600013235
26422,5.0,12.0,2.591310990015536
6376,5.0,12.0,2.0838069075158003
7425,5.0,12.0,1.9244469000218238
23621,5.0,15.0,0.6649684699856557
44541,5.0,14.0,0.09334673399878746
19062,5.0,12.0,0.38313029999582504
31624,5.0,14.0,0.05053209299529904
40282,5.0,15.0,0.3564620400025653
29137,5.0,15.0,0.0875418149970133
4919,5.0,15.0,0.016197076499814722
48469,5.0,5.0,2.0478792703947875
33373,5.0,5.0,1.4571537600043882
14762,5.0,5.0,0.9236272000117083
19206,5.0,5.0,1.434258719979482
42364,5.0,5.0,0.21051800001889376
18046,5.0,5.0,0.4721273855832635
22635,5.0,5.0,0.024009192521447176
9137,5.0,5.0,1.618776000009717
41861,5.0,5.0,0.33039198007064385
42181,5.0,5.0,0.026523600036327366
8988,5.0,5.0,0.18835143676771793
10344,5.0,15.0,3.310934664000868
23607,5.0,12.0,3.2271178440268287
21180,5.0,12.0,1.647026512505846
3804,5.0,12.0,2.4827011680314257
1556,5.0,14.0,0.35590133999236073
18583,5.0,12.0,0.20091405002155227
20512,5.0,15.0,0.3602073699974149
27197,5.0,14.0,0.21787911749659727
14306,5.0,12.0,0.30767339999840715
9210,5.0,12.0,0.2977234499971555
15087,5.0,15.0,0.3292384800099102
16537,5.0,15.0,0.19129818800098386
37455,5.0,15.0,0.10705252799486642
32318,5.0,12.0,0.06363430500568867
46717,5.0,12.0,0.04325448000250187
46871,5.0,5.0,18.457321200000536
31946,5.0,5.0,19.763921971165956
47324,5.0,5.0,5.640859999973017
17041,5.0,15.0,30.969267419603625
26595,5.0,5.0,6.08823629998777
33479,5.0,5.0,4.183716948010002
45597,5.0,5.0,7.5085859327712114
49458,5.0,5.0,7.103098009574566
19905,5.0,5.0,1.2787593333373835
29296,5.0,5.0,1.1002252799943477
5024,5.0,15.0,15.92100954717462
43444,5.0,15.0,4.026651695965008
31072,5.0,15.0,2.364412120470398
42381,5.0,15.0,1.964654849981116
37159,5.0,15.0,2.630693155149295
22014,5.0,12.0,0.8569126649782337
20649,5.0,15.0,1.0936609899868035
40466,5.0,15.0,0.2775367199879879
19595,5.0,5.0,3.9691269119988988
25090,5.0,5.0,45.275015987961524
10857,5.0,5.0,17.56787967996803
34799,5.0,5.0,10.204358280531409
29053,5.0,5.0,17.239043532717545
25457,5.0,12.0,45.022960200086686
39994,5.0,5.0,1.2513304575797406
25781,5.0,5.0,8.061642188791026
20691,5.0,5.0,6.893979733352651
49826,5.0,14.0,3.881942107150479
30885,5.0,5.0,0.10050466666832136
37940,5.0,5.0,1.9708898400168664
36825,5.0,14.0,8.379628710048522
40039,5.0,14.0,5.285861265516317
6313,5.0,5.0,1.962266400017512
42625,5.0,14.0,1.8703932391636755
18709,5.0,14.0,1.972194650008106
14302,5.0,5.0,0.49048022934109525
18846,5.0,5.0,1.4575807999824804
17901,5.0,5.0,4.9093879439245995
49790,5.0,5.0,0.2019960000033727
23438,5.0,5.0,2.534472704014
14129,5.0,5.0,2.6586773279960454
46640,5.0,14.0,0.8565870347904863
2513,5.0,5.0,2.228189440008883
29,5.0,5.0,1.0540314000150595
47420,5.0,14.0,0.9788092799875301
229,5.0,12.0,1.4908997999982212
29019,5.0,12.0,1.2732514499819025
41365,5.0,5.0,1.2236490239984938
3601,5.0,15.0,1.5243810510102236
31736,5.0,14.0,0.21073979100381024
8534,5.0,12.0,0.7933612799987326
22591,5.0,15.0,1.0696745099901328
3438,5.0,14.0,0.06871927799453914
41318,5.0,15.0,0.5098303019995178
47471,5.0,15.0,0.08467906999745756
38820,5.0,5.0,2.862283639501129
33133,5.0,5.0,1.421200828838721
36684,5.0,5.0,0.2193499000164678
14273,5.0,15.0,4.279015780474246
41718,5.0,12.0,1.663239832520084
44427,5.0,15.0,0.6408360299994573
22316,5.0,12.0,0.4066867200052995
48035,5.0,15.0,0.5092059599963719
31367,5.0,12.0,0.03221849999839854
37016,5.0,5.0,2.6467670016100726
9420,5.0,5.0,1.1513789439649713
38638,5.0,5.0,0.21986954240058765
8881,5.0,15.0,2.3896975439205193
27453,12.0,5.0,1.8678247125441416
18471,5.0,15.0,4.030010116716717
14896,5.0,15.0,3.1090542719706846
32255,5.0,14.0,0.39642076801282755
46021,5.0,12.0,0.9543293399951516
41915,5.0,15.0,0.08604009000042012
26699,5.0,5.0,18.530024959992744
28185,5.0,5.0,11.818694906335224
26245,5.0,5.0,8.143743829396357
37678,5.0,5.0,10.240911647965646
47930,5.0,5.0,13.221903131935903
21252,5.0,5.0,8.026483919942521
14200,5.0,5.0,2.026285714612797
10144,5.0,5.0,3.149739166661071
14496,5.0,15.0,18.77162864007653
30616,5.0,5.0,1.9682687999837043
13037,5.0,5.0,1.5366288000069943
45188,5.0,15.0,7.991416007872303
26375,5.0,5.0,0.7623195743806264
27112,5.0,14.0,0.904443290986606
1523,5.0,14.0,0.7094527999766456
26082,5.0,14.0,0.5616708319924903
1109,5.0,15.0,2.105896859974937
23135,5.0,15.0,2.245101585006399
44264,5.0,15.0,1.5309110999744817
49544,5.0,15.0,1.4520171699764326
22409,5.0,14.0,0.34802044499478413
10949,5.0,14.0,0.3379969200029862
9349,5.0,14.0,0.20963484000044197
17193,5.0,12.0,0.3989247600117931
27865,5.0,15.0,0.24414851999501153
13413,5.0,5.0,16.949995750296353
33579,5.0,5.0,2.50990788267913
48470,5.0,5.0,1.441453568013742
22209,5.0,5.0,0.5842089696129875
5928,5.0,5.0,10.368133753493083
809,5.0,5.0,5.042554675210113
22429,5.0,5.0,7.194009599990721
4143,5.0,5.0,8.338478399996355
5691,5.0,5.0,5.482398020831013
23758,5.0,15.0,16.958502796795813
30101,5.0,15.0,20.79893510409518
35745,5.0,5.0,3.0201845759874146
26536,5.0,5.0,4.521798399981627
44598,5.0,14.0,8.28430112009542
38826,5.0,15.0,4.793158565003033
37712,5.0,5.0,2.3778726912188404
12585,5.0,5.0,0.20019866667435693
32799,5.0,5.0,0.341412608049275
13623,5.0,5.0,1.7141265759975326
10418,5.0,14.0,0.8632582199949965
1986,5.0,5.0,0.34994733333696004
29329,5.0,5.0,0.651975936000845
46356,5.0,12.0,2.02505609998601
21624,5.0,5.0,0.4779152000043396
24093,5.0,15.0,0.9941453399946756
39527,5.0,15.0,1.1443521370027465
26948,5.0,14.0,0.21121570799034295
36394,5.0,14.0,0.09725246834273804
15937,5.0,5.0,0.10515839999880061
35218,5.0,15.0,0.6068367399963215
4953,5.0,14.0,0.04470640601560305
14929,5.0,15.0,0.38839575600080334
12640,5.0,15.0,0.2844188099990559
6999,5.0,5.0,1.4671079935786224
38057,5.0,5.0,1.1643133556122507
28575,5.0,5.0,0.021763123149980856
20558,5.0,5.0,0.4261711018576477
5877,5.0,14.0,5.416919232050361
32102,12.0,14.0,18.46463308796524
21208,5.0,5.0,0.31765503998627764
45749,18.0,5.0,11.081626156836691
44545,5.0,15.0,16.212888767951995
33514,5.0,5.0,0.10612889599138953
48540,5.0,15.0,1.6602276159945646
48343,5.0,15.0,1.3142414399841869
17625,5.0,12.0,1.4192364000035695
20416,5.0,5.0,0.08501759998202374
36313,5.0,12.0,17.78094750017729
7072,5.0,5.0,0.7526583295380931
1443,5.0,5.0,0.4479058368034714
32166,5.0,5.0,0.056692219221474716
34065,5.0,5.0,2.227535308801663
3502,5.0,15.0,6.885933968804238
36577,5.0,14.0,1.3131783020021004
33390,5.0,5.0,0.009881241618622028
46841,5.0,12.0,4.939535964049568
36950,5.0,12.0,2.8785303750284967
17960,5.0,15.0,3.730490586027365
1797,5.0,12.0,2.0206618950214406
17357,5.0,12.0,1.722677880019166
2997,5.0,15.0,1.9777330125123171
41974,5.0,15.0,1.9146370710062612
17829,5.0,15.0,0.7825165350028147
31133,5.0,14.0,0.034983154003747075
3051,5.0,14.0,0.03336528000231187
38543,5.0,12.0,0.14961463500374084
14849,5.0,5.0,17.215930741394885
2829,5.0,5.0,6.028801535689581
45455,5.0,5.0,12.679678900047008
47431,5.0,5.0,21.31710978129624
17999,5.0,14.0,8.811346344242338
31220,5.0,5.0,14.030080000035497
561,5.0,5.0,6.768743200010675
25470,5.0,12.0,13.81934906407102
22307,5.0,5.0,4.640071823984897
48179,5.0,15.0,15.264010147373938
38799,5.0,15.0,15.441968780867342
32781,5.0,5.0,5.062611866661271
12912,5.0,5.0,1.4981272000225516
157,5.0,14.0,9.127758320030196
39069,5.0,12.0,1.963036740006693
49782,5.0,14.0,0.6948519250207568
7281,5.0,15.0,2.063294400009255
28389,5.0,12.0,1.0766938124988314
47884,5.0,15.0,1.520229080005695
1286,5.0,12.0,1.070209244994441
2676,5.0,12.0,0.8815536749951569
26363,5.0,12.0,0.6638216249990734
26771,5.0,14.0,0.1539961199947335
38337,5.0,5.0,18.40156153335417
35892,5.0,5.0,7.2464340906084885
40842,5.0,5.0,12.342531788651627
29130,5.0,5.0,1.3585436159431197
39975,5.0,5.0,14.394412800020802
45038,5.0,5.0,0.8885484372817132
46009,5.0,5.0,5.4700454399261105
19263,5.0,5.0,1.146775919913182
34522,5.0,15.0,25.860506599267808
305,5.0,5.0,3.558106866675061
21069,5.0,14.0,11.54229824148527
41496,5.0,5.0,3.170716245307247
34968,5.0,5.0,5.250556209615539
24287,5.0,5.0,0.09236399997740818
38660,5.0,5.0,2.2481857280010757
43628,5.0,5.0,1.7558008319738576
32792,5.0,5.0,1.6880841562240931
49498,5.0,15.0,4.65067838958921
6997,5.0,5.0,2.858382628059232
31666,5.0,5.0,0.7127837000053177
12273,5.0,15.0,3.3723887160021633
3688,5.0,14.0,0.9095071780194601
5306,5.0,12.0,2.523175320001947
11066,5.0,15.0,2.627308150000374
35973,5.0,14.0,0.7689350880129915
27956,5.0,15.0,1.9855105499951158
852,5.0,15.0,1.9846422750019883
34673,5.0,12.0,1.3820033100032738
43831,5.0,12.0,1.3392876000049903
27661,5.0,15.0,1.8686666849982174
452,5.0,15.0,1.8624384440061021
342,5.0,14.0,0.1733019615303526
23830,5.0,15.0,1.021074899993284
39686,5.0,14.0,0.16601206200578922
21333,5.0,14.0,0.09186967200449914
48619,5.0,12.0,0.42832992000172965
15947,5.0,14.0,0.0719545725106947
33807,5.0,15.0,0.4666432350020733
19586,5.0,15.0,0.2938373400009784
40196,5.0,15.0,20.98457018893822
34229,5.0,14.0,1.1455018460156765
17789,5.0,12.0,2.230948335008925
8094,5.0,12.0,0.956005050004439
38904,5.0,12.0,1.5660211800065795
3070,5.0,12.0,0.7264035750015889
45116,5.0,12.0,0.6478581450043492
35867,5.0,12.0,0.39773730000223484
8306,5.0,14.0,0.04282612750497261
36276,5.0,14.0,0.019598212005460525
27635,5.0,12.0,0.042239100000873275
25996,5.0,5.0,1.9496395266102695
6276,5.0,5.0,0.4569525312269036
29310,5.0,5.0,0.8010524160546879
13136,5.0,5.0,0.7929040000240946
20694,5.0,5.0,1.1639581733362547
43248,5.0,5.0,0.16195353603163198
39208,5.0,5.0,1.1626967040967031
39627,5.0,5.0,1.5361436161441304
11413,5.0,15.0,16.820214056225808
31643,5.0,14.0,4.800295814427017
11984,5.0,5.0,0.11271888007240705
10063,5.0,5.0,0.19716480010450255
1830,5.0,15.0,2.345419892018061
27754,5.0,14.0,0.5498606400023149
44618,5.0,12.0,1.2738888525187697
3640,5.0,12.0,1.2408852000158284
22486,5.0,12.0,0.839210925000831
42715,5.0,15.0,0.979495657499875
32502,5.0,15.0,0.884706864003423
22461,5.0,14.0,0.073567450005954
1029,5.0,5.0,25.26210122067613
16000,5.0,5.0,17.11123116370925
46275,5.0,5.0,12.229066333474947
11064,5.0,5.0,10.925491157269903
40462,5.0,5.0,5.023799500095009
9305,5.0,5.0,7.30165143340983
48455,5.0,14.0,16.72855937992142
7138,5.0,5.0,0.8709026816109855
45982,5.0,14.0,3.2314439424447983
10934,5.0,12.0,6.900833855987173
1548,5.0,15.0,3.943042536039293
17815,5.0,12.0,2.2507048200071864
36943,5.0,14.0,3.025672980796905
31682,5.0,12.0,3.345088799992304
4980,5.0,14.0,0.7696802560161871
38143,5.0,15.0,2.670326784007102
45669,5.0,14.0,0.6549009300091946
45398,5.0,12.0,0.9125395049863165
28980,5.0,15.0,0.9496622000071024
18524,5.0,15.0,0.9894831560145345
17836,5.0,14.0,0.057269844508637036
37704,5.0,14.0,0.13748503040253546
4493,5.0,15.0,0.19904775000367803
11535,5.0,5.0,19.709708333458167
5827,5.0,5.0,7.61143091190948
35000,5.0,5.0,1.3292063112012045
13978,5.0,5.0,3.543486300012944
21953,5.0,5.0,0.5387708756890817
13526,5.0,5.0,13.829505638381079
44467,5.0,14.0,12.592315343811862
26935,5.0,5.0,9.639506995156466
39542,5.0,5.0,5.102362265569639
10252,5.0,15.0,28.91340937925429
7656,5.0,5.0,0.3482631680131476
24829,5.0,5.0,0.22206335997852023
29774,5.0,5.0,2.9267947007847823
48403,5.0,5.0,1.0260655104081877
30628,5.0,5.0,0.9187228330592347
5933,5.0,5.0,1.769654400022425
37152,5.0,5.0,0.014536550412472593
40763,5.0,5.0,1.0554031616297834
36664,5.0,5.0,0.6714400000050169
28103,5.0,5.0,0.4325728319843236
45708,5.0,14.0,0.7973716300194056
43857,5.0,5.0,1.0878262271625232
10168,5.0,5.0,0.3999843000027212
5525,5.0,5.0,0.04281335998829405
13396,5.0,5.0,0.5243644799953913
1633,5.0,12.0,1.600843800010022
22125,5.0,15.0,1.739755632024611
33744,5.0,14.0,0.39222817501369533
33821,5.0,15.0,1.6654686600213324
20544,5.0,14.0,0.4698604239948807
3896,5.0,12.0,0.8105381400078517
31289,5.0,12.0,0.6975199200070197
1226,5.0,15.0,0.6658478440102957
5315,5.0,14.0,0.08075480000839619
22624,5.0,15.0,0.4824902400076496
11091,5.0,5.0,0.02804284796704337
37402,5.0,14.0,5.617223078376611
10370,5.0,15.0,18.280080720113574
48842,5.0,5.0,1.406241216034772
45424,5.0,15.0,11.929129824110788
37239,5.0,5.0,0.6325388800134135
5490,5.0,15.0,4.149038739011537
27944,5.0,15.0,1.674233264014191
6421,5.0,12.0,1.4674870425262263
2309,5.0,12.0,1.4575791000253133
499,5.0,12.0,1.2393573825204598
20465,5.0,12.0,1.0023226500108677
14437,5.0,12.0,1.5757510800074073
46986,5.0,12.0,0.9376694850100744
47937,5.0,12.0,0.9152274000092078
48094,5.0,15.0,0.3481792319999766
32594,5.0,15.0,0.6704108520039096
10154,5.0,12.0,0.3383032800071293
14083,5.0,12.0,0.32852901000948975
30016,5.0,12.0,0.2552194200063598
24309,5.0,15.0,26.708143925482943
42003,5.0,5.0,0.4038423040817918
12745,5.0,5.0,3.916727999944726
37463,5.0,5.0,2.4919173122545146
24009,5.0,5.0,0.5991704063604004
30112,5.0,5.0,0.049767000001054384
8540,5.0,12.0,20.727756480135668
5322,5.0,5.0,0.010757171286343237
14379,5.0,5.0,0.08066411521329542
13696,5.0,5.0,1.9939026239961777
11836,5.0,5.0,0.027643599947012376
47911,5.0,15.0,2.9770464450025003
43384,5.0,12.0,1.152637500013988
4729,5.0,12.0,0.5905866000010498
36740,5.0,12.0,0.5789505224953153
40511,5.0,12.0,0.5649671999972785
12476,5.0,12.0,0.5135807999979125
16592,5.0,5.0,21.8598400000011
46354,5.0,5.0,9.016629476800688
19016,5.0,5.0,32.5494381152339
8361,5.0,5.0,0.3407490485407294
37861,5.0,15.0,18.144683827092877
7653,5.0,5.0,7.353370943933143
23995,5.0,5.0,2.2480433152757655
41013,5.0,5.0,2.6997348666708305
14924,5.0,14.0,1.2790780650038656
14378,5.0,15.0,4.940377170000588
27742,5.0,14.0,0.9576335699992953
9950,5.0,15.0,6.378957192003469
15021,5.0,15.0,2.480228159998852
2427,5.0,15.0,1.0640567999988502
5871,5.0,15.0,0.6089615459937683
898,5.0,12.0,0.31759751999481445
42807,5.0,15.0,0.14586749999771698
34721,5.0,5.0,10.386127871989913
45204,5.0,5.0,8.130143231991383
43177,5.0,5.0,20.429540949456793
40269,5.0,14.0,8.764107552088376
19671,5.0,5.0,1.0841480256046339
48572,5.0,5.0,1.5440809200513286
37358,5.0,5.0,16.474468608149124
44192,5.0,5.0,13.177162240137335
38115,5.0,5.0,9.820384387707435
11342,5.0,5.0,1.6351136767605396
46186,5.0,5.0,10.442668953713707
25749,5.0,5.0,12.365138766593745
42554,5.0,5.0,11.405374993147689
12749,5.0,5.0,12.075827916619758
33449,5.0,5.0,1.3568486400452002
16642,5.0,5.0,2.016246135467327
19617,5.0,5.0,5.405853666628033
30533,5.0,5.0,0.6900708863733058
24653,5.0,5.0,5.306258653952369
5965,5.0,5.0,2.108067327965216
13920,5.0,5.0,3.0054836053822527
9356,5.0,5.0,3.4805576533626095
48051,5.0,5.0,2.520494848029614
18410,5.0,5.0,1.4858715999857495
10240,5.0,5.0,2.8870000810602505
31245,5.0,5.0,0.11015715841639917
20458,5.0,5.0,3.101663203139964
40587,5.0,5.0,1.0588211812427737
17830,5.0,14.0,1.5048879000079793
16280,5.0,15.0,3.69781980000716
33954,5.0,5.0,0.7541957800056593
21969,5.0,14.0,2.0951295749968963
34171,5.0,5.0,3.1677597183817383
2266,5.0,5.0,0.40397889269652154
17817,5.0,14.0,0.7127342159929384
46601,5.0,5.0,1.0207441919958313
36073,5.0,5.0,0.08572032000808605
14649,5.0,14.0,0.5057346539907535
13448,5.0,14.0,0.5807649375001418
45175,5.0,15.0,1.7930192400023799
26796,5.0,5.0,0.1235302400219851
39967,5.0,15.0,1.6720529450075112
1987,5.0,15.0,5.228994799989703
49885,5.0,15.0,1.558798200005267
39260,5.0,14.0,0.34683923999517674
10594,5.0,15.0,1.1607725400021476
41824,5.0,15.0,1.0048714399961653
13296,5.0,14.0,0.2660400640018956
22034,5.0,14.0,0.11139565500072912
40662,5.0,15.0,0.3547791465004435
518,5.0,15.0,0.3344775599958272
9374,5.0,12.0,0.0025687200024477885
7900,5.0,5.0,3.6068024833143113
39307,5.0,5.0,1.0106221056153117
48674,5.0,5.0,0.5851358720146607
26193,5.0,5.0,0.10576853333974157
36818,5.0,12.0,5.949857423973668
11145,5.0,12.0,1.5265127999905808
38131,5.0,12.0,1.4093695874987873
14661,5.0,12.0,1.3955881799910692
15507,5.0,15.0,1.924546470005069
23201,5.0,12.0,0.25638383999529424
33363,5.0,14.0,0.3967623675128493
24487,5.0,15.0,1.14762495000309
31302,5.0,12.0,0.6509945999961246
15843,5.0,14.0,0.0034102350016977923
1647,5.0,5.0,4.279389866697386
42825,5.0,5.0,0.8330175093178411
28310,5.0,5.0,0.8307458688106237
39352,5.0,5.0,0.9434024958167697
1831,5.0,5.0,2.767323801567926
8469,5.0,5.0,1.2045029546482624
31723,5.0,5.0,0.5935134377797198
30402,5.0,5.0,0.15236904077248425
27872,5.0,5.0,0.2783405567750208
44731,5.0,5.0,0.5873845249317071
41121,5.0,15.0,6.332058679959104
38722,5.0,14.0,0.6916413480044667
18215,5.0,15.0,2.353236540005394
4388,5.0,15.0,2.235793653029461
36379,5.0,15.0,1.819634982025022
4828,5.0,15.0,1.6790814555070739
17633,5.0,14.0,0.2732736720204585
28206,5.0,15.0,1.2975206519912028
31446,5.0,15.0,0.8200636800102608
35475,5.0,14.0,0.11323184800544439
25642,5.0,14.0,0.0619121920066954
1227,5.0,15.0,0.35239578749571177
16562,5.0,12.0,0.17535314999676022
42616,5.0,5.0,29.09524516915309
10467,5.0,5.0,13.991611420893008
26967,5.0,5.0,15.853155839977887
49834,5.0,5.0,18.042260428777524
14917,5.0,5.0,4.9141109248335795
17065,5.0,5.0,3.9394138000143357
18089,5.0,5.0,8.684048621421567
135,5.0,5.0,6.331577000003691
11409,5.0,5.0,4.412772608041422
30484,5.0,5.0,0.8274664960013922
7459,5.0,14.0,0.9585849164848455
45818,5.0,15.0,3.2735464410215656
12005,5.0,14.0,0.6293951629919228
46782,5.0,15.0,2.3986047229945733
37541,5.0,14.0,0.5848779899837737
24769,5.0,15.0,1.9293274529847686
47898,5.0,15.0,1.8301430639852256
28717,5.0,15.0,1.4733707560057603
1554,5.0,15.0,1.084603459993609
5385,5.0,15.0,0.9577082365050646
20032,5.0,15.0,1.008702938998292
49269,5.0,15.0,0.7266683640011546
49657,5.0,14.0,0.08467521599969352
3771,5.0,15.0,0.6705568999948781
21922,5.0,15.0,0.34862984400245267
21934,5.0,5.0,22.509623713467647
7899,5.0,5.0,26.445680076667486
43675,5.0,5.0,13.036890162968632
25912,5.0,5.0,17.54502391452587
4527,5.0,5.0,3.952857241562924
42040,5.0,5.0,40.74803992810075
13451,5.0,5.0,1.5814223999730928
13067,5.0,5.0,14.910338918307247
36068,5.0,5.0,1.3687703999658112
33567,5.0,5.0,3.5477260800039403
14442,5.0,5.0,7.807987750487726
28564,5.0,5.0,4.539162666675509
450,5.0,5.0,0.008077333310858137
33401,5.0,5.0,6.726325632052124
10321,5.0,5.0,3.9646159999936117
47131,5.0,5.0,5.588801791937328
16632,5.0,5.0,4.471169000020879
40144,5.0,5.0,4.304454120001324
6045,5.0,5.0,1.0129920000238641
2073,5.0,5.0,1.5867164671832512
36360,5.0,5.0,0.4112624640261089
23435,5.0,5.0,5.239457725356608
5460,5.0,5.0,4.242320000024179
27863,5.0,5.0,0.80919756373941
42679,5.0,5.0,1.5990020820137758
125,5.0,5.0,0.9441251839811002
15649,5.0,5.0,1.3762851520361465
19164,5.0,5.0,3.8582944000307577
33585,5.0,15.0,4.476424439976185
35926,5.0,15.0,8.931455423934466
36230,5.0,5.0,0.003669504042740357
8082,5.0,14.0,1.4375529179949211
20944,5.0,12.0,2.3713982399804863
7510,5.0,15.0,3.0668953769806606
43201,5.0,15.0,2.916174276460964
32115,5.0,15.0,2.312529063986002
12962,5.0,15.0,2.1210548379744196
17638,5.0,15.0,2.289023832002975
48705,5.0,14.0,0.27391288799824665
7532,5.0,14.0,0.2369676599907944
21692,5.0,15.0,1.121022758993325
4021,5.0,5.0,0.2479841791965498
5503,5.0,15.0,0.9441329159945777
2507,5.0,14.0,0.15335784598787328
29283,5.0,14.0,0.1425296225132726
17988,5.0,14.0,0.13820977198274775
24998,5.0,14.0,0.28506103043062403
27262,5.0,14.0,0.12081065699712745
28114,5.0,12.0,0.3058851899947017
37488,5.0,12.0,0.19633349999327088
34379,5.0,5.0,0.38173055988977467
45361,5.0,5.0,1.6164472320023435
16012,5.0,5.0,2.572910079890562
20531,5.0,14.0,8.720152880118235
5754,5.0,5.0,0.7105221460600717
43758,5.0,12.0,10.77945931192869
570,5.0,12.0,10.128433728015239
49454,5.0,14.0,1.2864032085074157
20859,5.0,5.0,0.03476915993718421
25260,5.0,12.0,3.8710256159072856
5274,5.0,12.0,1.065805499998831
14909,5.0,15.0,0.20960223599432481
5308,5.0,14.0,0.3102448139867544
34817,5.0,5.0,0.3975173440001356
38020,5.0,5.0,0.7916661759886381
14469,5.0,5.0,0.3242487359885615
47674,5.0,12.0,5.314051200023442
4519,5.0,12.0,2.6973742799724505
17769,5.0,15.0,3.5655488000015367
17560,5.0,15.0,2.255865071985234
31952,5.0,14.0,0.5287050549910361
13081,5.0,14.0,0.43110494999017845
26723,5.0,12.0,1.1358410249988005
19,5.0,15.0,1.0290527490038723
18058,5.0,12.0,0.7067626275006234
11938,5.0,12.0,0.5833120124960853
39449,5.0,12.0,0.3219953250006222
4053,5.0,12.0,0.049474560001106394
10388,5.0,5.0,29.843366908596067
943,5.0,5.0,22.052010699064198
16638,5.0,5.0,6.502147666779166
29800,5.0,5.0,31.97402720659494
3576,5.0,5.0,17.24316876792699
28424,5.0,5.0,6.69079705580009
23289,5.0,5.0,10.079155200024985
48280,5.0,5.0,10.533775359944656
42692,5.0,5.0,2.8660678001199216
36569,5.0,14.0,22.003150348662075
34509,5.0,15.0,14.54935084792504
5798,5.0,15.0,3.5715236159700865
47006,5.0,15.0,2.8865681600104978
30168,5.0,14.0,0.5780426269776306
37658,5.0,12.0,1.482478500027156
43806,5.0,14.0,0.4748970239890049
25608,5.0,12.0,1.1143753499830247
43555,5.0,12.0,1.121702700016666
18570,5.0,15.0,1.5750454400004799
39108,5.0,12.0,1.040092500012591
185,5.0,14.0,0.3059111399759864
25013,5.0,14.0,0.20657297998982216
24343,5.0,14.0,0.18550294498550102
1784,5.0,12.0,0.4534258800048594
34076,5.0,12.0,0.24077833500358015
29911,5.0,15.0,0.07461399999771734
25023,5.0,5.0,6.479254871414582
21444,5.0,5.0,25.824348569630786
42049,5.0,5.0,13.67875319489508
47362,5.0,5.0,4.739308800147711
13332,5.0,5.0,2.8264499999649786
43983,5.0,5.0,12.451705958574394
39083,5.0,5.0,14.493966592030063
25591,5.0,5.0,11.171169382532241
44365,5.0,5.0,0.7965070000060877
47800,5.0,5.0,11.979344810614748
22174,5.0,5.0,0.8951231999796931
45441,5.0,5.0,1.2092833333337722
27621,5.0,5.0,6.7854585689496645
34911,5.0,5.0,7.012386662507211
29467,5.0,5.0,4.533427199994321
4521,5.0,5.0,0.49312660482199533
28685,5.0,5.0,0.5739130880353969
14201,5.0,14.0,15.081409292850935
36380,5.0,5.0,2.7163176959958832
26260,5.0,5.0,0.5598094847927797
19692,5.0,5.0,0.9162493440198318
18316,5.0,5.0,1.2704970239913322
31918,5.0,15.0,4.764412799979539
35303,5.0,5.0,0.4822176240219278
8096,5.0,14.0,1.138700699987453
28825,5.0,5.0,0.7350059519708338
49484,5.0,5.0,0.1304325119947336
46625,5.0,15.0,3.6293205039856673
28706,5.0,5.0,1.9429288959052755
42980,5.0,5.0,0.4193747599956552
49505,5.0,15.0,3.7860391199850696
33671,5.0,14.0,0.8047214171439592
7773,5.0,12.0,1.901016210017218
40145,5.0,14.0,0.6780465761182981
7183,5.0,15.0,2.547481272642365
29794,5.0,14.0,0.4598618909945493
18453,5.0,14.0,0.4293828599975349
29485,5.0,15.0,1.7610989789817424
12957,5.0,5.0,0.0770352639904992
25957,5.0,14.0,0.318895217994811
24495,5.0,14.0,0.30127268099850113
45490,5.0,15.0,0.7622323139875569
48141,5.0,14.0,0.10596336000073592
47138,5.0,5.0,0.055123575456962115
11610,5.0,15.0,0.6879649949895086
22107,5.0,14.0,0.055688399996405735
34358,5.0,15.0,0.542998824003706
27800,5.0,14.0,0.018320310003550944
24880,5.0,15.0,0.2912417099927307
47123,5.0,15.0,47.71200773157534
5844,5.0,5.0,7.759935359504539
26741,5.0,5.0,0.4966046773939752
6513,5.0,15.0,20.408322568636038
46349,5.0,12.0,3.2842938000062105
9760,5.0,15.0,4.391108886340952
12981,5.0,12.0,1.800896655019315
44356,5.0,15.0,2.21455931997707
78,5.0,12.0,2.4860403120069137
11230,5.0,12.0,1.5436772400271153
38622,5.0,12.0,0.9617594699833951
25038,5.0,12.0,0.8854949999961637
30777,5.0,14.0,0.007959398387134442
597,5.0,15.0,0.3789201899974515
48212,5.0,12.0,18.341553216352054
15852,5.0,5.0,0.42896864006657154
1210,5.0,5.0,0.35814719997392785
44485,5.0,5.0,0.6750273080817237
40225,5.0,5.0,1.0579027114609971
39102,5.0,5.0,0.8382323712530706
45217,5.0,5.0,0.6337512960286489
23392,5.0,5.0,2.2320700586000584
29126,5.0,5.0,0.08351342926567895
16211,5.0,5.0,0.00338542935245556
43771,5.0,15.0,0.08289855997948337
47309,5.0,14.0,0.6187102319963671
27229,5.0,15.0,2.4522984960231007
34450,5.0,12.0,1.5149363700211573
15126,5.0,12.0,1.3971864000192546
47464,5.0,15.0,0.47762070998914297
8928,5.0,15.0,0.9502515119948782
48645,5.0,15.0,0.9206995319935647
5570,5.0,14.0,0.09828149249723772
10469,5.0,15.0,0.6377867759932112
21109,5.0,12.0,0.0012898199982935843
26923,5.0,5.0,22.1995329998785
14842,5.0,5.0,6.8923359691223425
26164,5.0,5.0,4.565087723781659
37469,5.0,5.0,8.713328793348524
41777,5.0,15.0,37.496569599963436
11937,5.0,5.0,9.67409226989912
48937,5.0,5.0,5.262043999991079
26251,5.0,14.0,28.863715513331584
5266,5.0,5.0,3.213789007621344
11324,5.0,5.0,4.46453375996802
42319,5.0,5.0,5.625401599956405
46421,5.0,12.0,20.213840999851158
40032,5.0,15.0,14.261410454378805
688,5.0,12.0,5.357839296018383
25537,5.0,14.0,2.3055910094751653
1135,5.0,15.0,3.6396442319824445
29604,5.0,14.0,0.862954523966529
25542,5.0,15.0,2.8007245200113076
17100,5.0,12.0,1.4425502700174349
44322,5.0,12.0,1.2121275000177363
43935,5.0,15.0,2.8629101183806824
14850,5.0,15.0,2.7165032447821886
40716,5.0,14.0,0.23624429549859727
30344,5.0,14.0,0.1934318720085706
29257,5.0,14.0,0.04034998799638423
36904,5.0,15.0,0.014005016002806236
12393,5.0,5.0,4.313799935860686
6914,5.0,5.0,16.48068674530907
22652,5.0,5.0,4.812013516468852
20646,5.0,5.0,9.824888122888183
44001,5.0,14.0,34.48644861400055
36103,5.0,15.0,25.37975107163834
9426,5.0,5.0,7.86327667198978
1147,5.0,5.0,10.203448152125972
12685,5.0,5.0,2.9749231147184787
43389,5.0,5.0,3.8851423000390355
36820,5.0,5.0,7.503811652219198
24142,5.0,5.0,0.9433426979362736
42431,5.0,5.0,6.845231200004598
12741,5.0,5.0,0.32180812803683523
9016,5.0,5.0,4.7294215000002495
28570,5.0,5.0,2.9107481000183597
14860,5.0,5.0,0.21048506666443956
35744,5.0,5.0,0.19628945067091763
13532,5.0,5.0,7.558146899962821
12133,5.0,5.0,3.778990489566084
46463,5.0,5.0,0.5824159915657248
23502,5.0,12.0,3.600882367496588
4581,5.0,5.0,2.613091328046309
37482,5.0,14.0,1.5123123299951047
5641,5.0,15.0,3.949244057954509
46533,5.0,15.0,3.728589556454992
40271,5.0,5.0,0.3892521200087913
33899,5.0,15.0,2.9926250309574414
40958,5.0,15.0,2.907126659999335
22227,5.0,5.0,2.1712157000274317
49082,5.0,5.0,1.8205416000245265
23654,5.0,15.0,2.2861928799669258
46462,5.0,14.0,0.4895118499730948
20959,5.0,14.0,0.4239883844771093
13060,5.0,15.0,1.6641215040142754
36504,5.0,15.0,0.8383232699891909
40459,5.0,15.0,0.7646160239863171
3103,5.0,12.0,0.43063356000052977
7812,5.0,15.0,0.16821024599860257
26750,5.0,5.0,0.7051430401697303
1,5.0,5.0,1.6886615038505965
29700,5.0,5.0,0.46312406185752764
49482,5.0,5.0,0.052447999982717874
3994,5.0,12.0,5.178885600009934
36582,5.0,12.0,0.3318826798729759
33867,5.0,12.0,0.5945077199847191
12175,5.0,14.0,0.18344786099591737
49413,5.0,12.0,0.4035090000004651
17488,5.0,5.0,0.05297126395765872
26640,5.0,5.0,1.3036304895768467
20992,5.0,5.0,0.1777834837339185
20775,5.0,5.0,1.2953137664042913
42210,5.0,15.0,13.807820942036642
20958,5.0,5.0,0.6593344000358456
47840,5.0,5.0,1.153014647423774
45516,5.0,12.0,4.0568767681243685
43994,5.0,12.0,4.960377119821857
5556,5.0,12.0,2.7213532499813553
31525,5.0,15.0,0.4578762300008483
44426,5.0,5.0,26.00756860786032
41291,5.0,5.0,26.164888079856496
48793,5.0,5.0,4.62483680010331
33733,5.0,5.0,5.1107333333576435
6755,5.0,5.0,5.400944383956485
20313,5.0,5.0,1.5726470655625064
33897,5.0,5.0,0.8479872000076938
47991,5.0,14.0,1.172457263950733
24395,5.0,15.0,3.7289141759649453
16032,5.0,14.0,0.7691370494494123
30160,5.0,12.0,1.8661928250064186
12484,5.0,14.0,0.5104568200137933
44814,5.0,15.0,1.1767790099876745
30496,5.0,14.0,0.10571243699772559
17350,5.0,12.0,0.3534222000044043
21567,5.0,15.0,0.1623756749959342
15024,5.0,5.0,24.35215020003787
38348,5.0,5.0,16.56884382747984
9334,5.0,14.0,28.575179903886806
20953,5.0,5.0,20.097031629109324
33939,5.0,14.0,18.207352367705482
39558,5.0,5.0,19.304206200047076
46576,5.0,5.0,5.422867600049628
47766,5.0,12.0,8.682233160517228
15489,5.0,5.0,10.225659648132364
46930,5.0,5.0,1.1307520000117108
20943,5.0,5.0,1.454454015993008
34199,5.0,5.0,2.226566829551345
24963,5.0,5.0,3.9230225333111264
9270,5.0,14.0,2.6630936250106743
31819,5.0,5.0,1.2943755519770122
19623,5.0,5.0,0.5436000000030745
18041,5.0,5.0,1.0401068380029344
11475,5.0,5.0,0.7991732130024545
35023,5.0,5.0,0.6409178112181522
40474,5.0,5.0,0.710781491216018
8763,5.0,15.0,12.332531020752171
44953,5.0,5.0,2.1548657662745256
34107,5.0,5.0,2.250154800027257
27196,5.0,15.0,2.6377244849756316
41057,5.0,5.0,0.29214018559911636
24206,5.0,14.0,0.4667995829955771
28516,5.0,14.0,0.4448688160252807
7274,5.0,15.0,1.8144499349985033
34596,5.0,14.0,0.3888516660165138
39325,5.0,14.0,0.38510682901581816
4324,5.0,14.0,0.32273472598394903
41705,5.0,14.0,2.505331468901119
38368,5.0,14.0,0.227028720010102
4435,5.0,14.0,0.21075987000676832
40623,5.0,15.0,0.962158368005694
43176,5.0,14.0,0.1831850870101679
15330,5.0,15.0,0.8869906199747302
38453,5.0,14.0,0.06966009300723641
45130,5.0,15.0,0.49922372100439105
26652,5.0,14.0,0.04994600050661013
28515,5.0,14.0,0.025363341004694284
33302,5.0,15.0,0.2816268060102898
25380,5.0,5.0,1.2190188711010705
28987,5.0,5.0,1.0954177024336502
29224,5.0,5.0,0.16707230717460675
19214,5.0,5.0,0.24928614400840843
4619,5.0,5.0,0.611088076790054
5558,5.0,5.0,0.09953663999890239
33381,5.0,5.0,0.1435300559886059
12233,5.0,15.0,7.289423183975387
35893,5.0,15.0,7.384578307088972
41622,5.0,14.0,0.9073182374469368
31927,5.0,14.0,0.8825342399512266
48252,5.0,12.0,1.9336152899828747
10410,5.0,12.0,1.593254099995793
15035,5.0,14.0,0.5004398949630442
38091,5.0,15.0,1.919794241993987
33840,5.0,12.0,0.8372779275056992
38361,5.0,14.0,0.1772033220044822
28081,5.0,12.0,0.4423445400162809
3654,5.0,12.0,0.37591770000348035
2165,5.0,15.0,0.3525496319825825
13782,5.0,12.0,0.00021252000467786303
40912,5.0,5.0,2.698627072071588
5705,5.0,5.0,1.480617433338665
29977,5.0,5.0,1.8487563311805957
16576,5.0,5.0,5.492084947220462
27353,5.0,5.0,0.34802467194774067
3944,5.0,5.0,0.03807752537225895
8705,5.0,14.0,0.7028438399784278
35829,5.0,14.0,0.5544430559863684
47427,5.0,14.0,0.5173871859734476
45380,5.0,14.0,0.4816140299896823
9524,5.0,14.0,0.7889453759833742
6233,5.0,14.0,0.40493475002173085
30305,5.0,12.0,1.0443305999812793
8575,5.0,14.0,0.3174525359878686
30568,5.0,14.0,0.32811386399077236
19259,5.0,12.0,0.9254291249931619
33409,5.0,14.0,0.10125283199549884
41043,5.0,12.0,0.32653523998770684
413,5.0,15.0,0.20107082398651155
4001,5.0,15.0,0.20606065600063417
22427,5.0,15.0,0.11432441999135756
6451,5.0,5.0,19.101933366731657
37194,5.0,5.0,18.04344362660521
11748,5.0,14.0,8.88173510365607
39248,5.0,5.0,2.458655231796115
40275,5.0,15.0,19.064809583813854
46520,5.0,14.0,4.084928351890909
26624,5.0,5.0,5.6590459320056965
7002,5.0,5.0,4.71357420001754
15995,5.0,5.0,3.6949309999806275
16728,5.0,14.0,1.1179391634777218
3673,5.0,12.0,2.5626069299661296
42165,5.0,15.0,3.851576139998869
24520,5.0,12.0,2.016376837495706
12450,5.0,15.0,2.43896052998355
9295,5.0,15.0,2.37602015098404
26205,5.0,15.0,2.0591736099726035
45989,5.0,15.0,2.0850677999948175
2802,5.0,14.0,0.4090136579799726
27288,5.0,12.0,1.161631424997001
17601,5.0,14.0,0.17456570249462366
12988,5.0,12.0,0.5889512999812005
38189,5.0,15.0,0.5579194799957676
22907,5.0,14.0,0.016091336002439505
30534,5.0,5.0,19.649227427654694
10457,5.0,5.0,3.588490291296978
19704,5.0,5.0,7.255507879993047
31124,5.0,5.0,5.231129109345687
49214,5.0,5.0,1.2773774080041278
48548,5.0,5.0,1.6522900480247245
42793,5.0,5.0,16.648797021527784
6237,5.0,5.0,7.223451904751059
9734,5.0,5.0,19.672867520955094
48974,5.0,5.0,7.62315072843279
26871,5.0,5.0,6.906762500077036
8448,5.0,15.0,18.27998627993938
6365,5.0,5.0,1.3843903998948406
3584,5.0,5.0,3.9441139000175838
26889,5.0,5.0,1.1399050751180653
17810,5.0,5.0,2.074937855901723
3819,5.0,5.0,0.2864349274618263
38338,5.0,5.0,0.7113106560835263
20934,5.0,5.0,1.1236092399678412
30493,5.0,5.0,1.781956390427716
12456,5.0,12.0,2.4852648000368305
37154,5.0,5.0,1.2759731199545996
6621,5.0,5.0,0.23286131997821613
1877,5.0,14.0,0.5928860160125993
11485,5.0,15.0,4.0790126639531366
6108,5.0,14.0,0.6164662400054759
2920,5.0,5.0,0.3075204095410662
919,5.0,14.0,0.45324899648553085
39274,5.0,5.0,0.18696796156300977
4730,5.0,14.0,0.24216110700797877
1174,5.0,15.0,0.7020792539834879
44939,5.0,12.0,0.28637687999569206
49879,5.0,15.0,0.30537604800198004
6173,5.0,15.0,0.1072768439932994
40249,5.0,14.0,3.2096672258753642
32491,5.0,5.0,0.03951633869999682
8999,5.0,15.0,15.201182304015191
20303,5.0,5.0,0.2848627541834503
23846,5.0,5.0,0.15437306891563196
19501,5.0,5.0,0.17484148797176147
31912,5.0,12.0,2.283767759954287
46638,5.0,12.0,1.8777342675111832
7451,5.0,12.0,1.713894419989881
38465,5.0,12.0,0.7322379599994093
35769,5.0,15.0,0.5884351900007321
4585,5.0,12.0,0.4005526350093769
16971,5.0,14.0,0.05308164901284318
41194,5.0,12.0,0.26126903999421014
49459,5.0,12.0,0.18287791499981143
9407,5.0,5.0,1.9638556162154828
10643,5.0,5.0,0.24817800005703816
25942,5.0,5.0,0.1535262986892576
46679,5.0,5.0,1.2259073025117573
4817,5.0,5.0,0.882417561698162
31210,5.0,14.0,5.4463273202467235
15639,5.0,5.0,0.327726438429238
21331,5.0,12.0,9.014572559692652
41567,5.0,12.0,6.909338495959261
15482,5.0,14.0,0.12058344501096485
45589,5.0,15.0,0.6974097359932934
13375,5.0,12.0,0.23051043749169953
1050,5.0,15.0,0.23008515399858265
17855,5.0,15.0,0.07225934400157108
4616,5.0,5.0,25.13866108177959
255,5.0,5.0,20.25803530992812
39068,5.0,12.0,22.358442143197237
13339,5.0,5.0,4.924431000012078
21380,5.0,5.0,17.407137466664636
1650,5.0,5.0,5.526545000017492
47003,5.0,5.0,2.476974297904988
21856,5.0,14.0,15.119771219955311
8826,5.0,5.0,3.2008245083215314
32899,5.0,5.0,0.6241033281187569
38506,5.0,14.0,1.4413807649999484
6139,5.0,12.0,4.33634771981977
46594,5.0,14.0,0.9173539530417898
27682,5.0,14.0,0.9436538790105047
5353,5.0,15.0,3.3552406589210904
3745,5.0,15.0,3.4197274199726166
5602,5.0,15.0,3.3112687599814805
47229,5.0,12.0,1.937169569899197
35277,5.0,12.0,1.8773353874157017
47675,5.0,15.0,2.2372764599823185
21916,5.0,14.0,0.5010661800141527
7000,5.0,14.0,0.4418079200191194
33946,5.0,12.0,1.3000859399575795
42120,5.0,14.0,0.38195503999273583
17993,5.0,12.0,1.0252918199517538
38262,5.0,15.0,1.507068671991803
29492,5.0,15.0,0.8710296214842739
8902,5.0,14.0,0.03909465901764264
27891,5.0,12.0,0.2866503899805588
29734,5.0,15.0,0.40031031298877195
35848,5.0,12.0,0.22260692998377962
33604,5.0,15.0,0.10229771998961423
22744,5.0,5.0,15.845751295935742
8737,5.0,5.0,16.14321028758991
49785,5.0,5.0,16.78609116240051
48557,5.0,5.0,1.6890277178083863
47231,5.0,5.0,14.931276902402146
28001,5.0,5.0,1.0994408576354289
31235,5.0,5.0,6.461654624195987
44793,5.0,5.0,6.002842611247175
19916,5.0,5.0,9.790259200009302
11315,5.0,5.0,21.281985755714146
40019,5.0,15.0,16.60240891191569
19859,5.0,5.0,0.24844900001809833
8452,5.0,5.0,4.065302199990512
15053,5.0,5.0,0.759824976031112
37088,5.0,5.0,3.5838053375556598
46337,5.0,5.0,5.788388198409891
28557,5.0,5.0,2.8256343198093603
12715,5.0,5.0,3.0298009281050398
4778,5.0,5.0,0.5619600000078862
10792,5.0,5.0,2.555579238419867
6894,5.0,5.0,8.669407775894285
12566,5.0,5.0,2.741885425706492
20265,5.0,5.0,0.7674145599783131
27838,5.0,15.0,11.065109451922751
13743,5.0,5.0,0.30835276797483857
36242,5.0,5.0,0.3779835750083649
21928,5.0,15.0,6.841147519877325
40236,5.0,15.0,4.141481155963838
42105,5.0,15.0,5.445709320025514
30437,5.0,5.0,1.40684829016665
5811,5.0,15.0,3.2607202764748493
39725,5.0,5.0,0.1347042405363581
329,5.0,14.0,0.6421598280173768
11526,5.0,5.0,0.3421807957438432
39654,5.0,14.0,0.2102694399692986
1038,5.0,14.0,0.15095415599589757
12279,5.0,15.0,0.761359817996448
3457,5.0,15.0,0.658730789984908
35705,5.0,5.0,0.8577065475527093
19864,5.0,5.0,0.5249408581067883
12044,5.0,5.0,1.8018094081208744
5949,5.0,5.0,2.8398887279861924
20219,5.0,5.0,0.45871347192169765
30862,5.0,15.0,14.94060681197277
10416,5.0,12.0,2.78306586748009
2624,5.0,15.0,1.6613996699914146
4605,5.0,12.0,0.6532419899891728
48081,5.0,15.0,0.6103781680041109
31919,5.0,12.0,0.36494219999992605
18742,5.0,5.0,1.5307525974876626
1836,5.0,12.0,13.97514287978845
36256,5.0,5.0,2.2487731200172902
46467,5.0,15.0,2.503597979966621
38032,5.0,5.0,0.34848423353349745
3076,5.0,12.0,1.583882175009137
1076,5.0,12.0,1.595380890003483
9053,5.0,14.0,0.5277402599913401
10757,5.0,15.0,1.1029756500017065
170,5.0,12.0,0.6732252750057572
35552,5.0,12.0,0.5093271750042607
24369,5.0,15.0,0.5030770559927067
22598,5.0,15.0,0.34342319099796104
7780,5.0,15.0,0.23845755000099267
41390,5.0,15.0,0.06254849999843515
20808,5.0,5.0,12.457131263939004
29849,5.0,5.0,20.063928000028994
49696,5.0,5.0,11.695754495942765
1651,5.0,5.0,8.531277559243705
16645,5.0,5.0,3.6561622667185247
43954,5.0,5.0,15.3016648701402
28269,5.0,5.0,18.678224999940625
2368,5.0,5.0,18.128397120203203
38611,5.0,5.0,4.563544115135926
10111,5.0,5.0,10.87287636666872
36547,5.0,5.0,3.8953797823633494
15809,5.0,5.0,6.097319884781001
5133,5.0,5.0,2.2491674021486716
33443,18.0,5.0,12.693376657601164
10887,5.0,5.0,2.4307724900320977
29357,5.0,5.0,3.153989022915553
38129,5.0,5.0,3.6178986665412793
38547,22.0,5.0,11.62048779521215
42506,5.0,15.0,2.2151865509802597
17987,5.0,14.0,0.4166968319989195
24539,5.0,15.0,1.6910161439795282
4645,5.0,14.0,0.24207410400076235
15900,5.0,15.0,0.9455507399913348
9216,5.0,15.0,0.9558183719964362
23430,5.0,15.0,0.7597188599926508
49224,5.0,14.0,0.13029177599382535
3358,5.0,14.0,0.22165899361002595
47367,5.0,14.0,0.04960149601017605
30706,5.0,14.0,0.028980120010224653
44513,5.0,15.0,0.2677082399971118
6527,5.0,15.0,0.0731388249956586
21773,5.0,5.0,6.217814186544729
41740,5.0,5.0,4.036145407930405
35720,5.0,5.0,1.2248658666114807
46909,5.0,5.0,17.20096711686847
42754,5.0,5.0,1.0038050000705425
38357,18.0,5.0,16.80557889610202
16308,5.0,5.0,14.0219221334535
36859,5.0,5.0,9.437771317389803
45433,5.0,5.0,3.2106129407901847
26443,5.0,5.0,10.506158080033941
1832,5.0,5.0,6.536283493350751
37218,5.0,15.0,17.291000857702926
2208,5.0,5.0,3.6919523333146387
23166,5.0,5.0,3.6010463038949894
1338,5.0,5.0,8.252926848116786
41190,5.0,5.0,4.142754000014087
14443,5.0,5.0,2.2696435412925453
45481,18.0,5.0,6.41052581897268
44762,5.0,15.0,3.216370275053464
41167,5.0,15.0,2.950651743058472
45335,5.0,5.0,0.8129749333298228
1591,18.0,5.0,3.1309595679746884
20329,5.0,5.0,0.2860300800116029
38603,5.0,15.0,2.067287520015217
1102,5.0,15.0,2.051980140021243
21017,5.0,15.0,1.789773667529456
36412,5.0,15.0,1.6531333005067381
27931,5.0,14.0,0.35248122901589696
23653,5.0,15.0,1.3802193479885965
42986,5.0,14.0,0.2420117600363234
32668,5.0,14.0,0.20738955202450704
37360,18.0,5.0,1.306309503990482
17081,5.0,15.0,0.7691150100133992
28043,5.0,14.0,0.13438451400701723
31013,5.0,15.0,0.7154617999931343
26607,5.0,14.0,0.09481671001142544
44873,5.0,15.0,0.6098623229902511
21025,5.0,14.0,0.02456170200787522
49728,5.0,15.0,0.23166003000036817
41843,5.0,15.0,0.13122318000005606
48906,18.0,5.0,0.3501642600003365
11157,5.0,12.0,21.904682879830887
40668,5.0,5.0,0.22332780162902566
37634,5.0,5.0,0.054327449522133975
29506,5.0,5.0,0.6148365834505825
38865,5.0,5.0,0.33119063991858866
22230,5.0,12.0,1.748932904993815
38412,5.0,15.0,2.2119169200008457
45431,5.0,14.0,0.4527811200463958
10259,5.0,12.0,1.4134303199890716
2086,5.0,12.0,1.2322762499576534
24605,5.0,12.0,0.9514901550378205
2848,5.0,14.0,0.18597506000668496
22335,5.0,12.0,0.548862780004546
44087,5.0,12.0,0.4393556400153127
16221,5.0,12.0,0.041306250005072265
22539,5.0,5.0,1.3324874241205293
529,5.0,5.0,0.7635418376507062
610,5.0,5.0,0.8531464896487364
3148,5.0,15.0,11.360648959921562
28704,5.0,15.0,8.296363407987116
32154,5.0,12.0,1.9523783999532682
35316,5.0,12.0,1.7113520999580345
17370,5.0,12.0,1.5844735199609339
30036,5.0,12.0,1.4624407200181508
49511,5.0,12.0,1.228559699980547
38045,5.0,12.0,0.9973470899853005
48161,5.0,14.0,0.24251312797691504
17973,5.0,15.0,1.0857681179921617
5070,5.0,15.0,0.728719248016656
11401,5.0,14.0,0.11256286800701076
1608,5.0,14.0,0.04526063997259211
1942,5.0,12.0,0.31608984000590823
46960,5.0,15.0,0.2375769495018485
48468,5.0,12.0,0.15210695999663582
10581,5.0,5.0,1.23536302098546
48777,5.0,5.0,6.978912000203877
12797,5.0,15.0,23.63603536804095
15154,5.0,5.0,2.5003123201408926
39363,5.0,15.0,17.271525479956694
3157,5.0,5.0,1.4908515840553207
5293,5.0,15.0,11.94797184022957
33997,5.0,5.0,3.0116740800142523
14117,5.0,14.0,1.2593648685569647
32235,5.0,14.0,1.5715445899923495
22670,5.0,15.0,3.2780873970098128
25938,5.0,14.0,0.42824116800477086
28056,5.0,14.0,0.3818387070338929
49747,5.0,15.0,1.081145400018059
15567,5.0,14.0,0.11212356000486601
40688,5.0,15.0,0.48563836500298585
3471,5.0,14.0,0.00661188300142701
30849,5.0,15.0,0.18702961500109083
38852,5.0,12.0,0.021541799996502853
49688,5.0,14.0,23.3290583870384
40524,5.0,12.0,86.93959166488582
21764,5.0,12.0,62.90944363250054
12820,5.0,5.0,18.574361999965106
6497,5.0,5.0,8.411071199987134
22959,5.0,5.0,18.35702377803051
39076,5.0,5.0,7.506263039957929
32106,5.0,5.0,11.519714999943346
2140,5.0,5.0,12.050028902342945
4595,5.0,5.0,8.705721599951431
34339,5.0,5.0,24.7289759617353
25732,5.0,5.0,4.218084512770204
8672,5.0,5.0,12.093327359922512
5944,5.0,5.0,1.5650647893060068
1442,5.0,5.0,3.8190573199503746
16054,5.0,5.0,7.435553566636997
14827,5.0,5.0,5.227347916785078
35980,5.0,5.0,12.198986291058773
21238,5.0,5.0,0.26501766824003425
8863,5.0,5.0,6.74236842662161
10559,5.0,5.0,5.509704920004353
10368,5.0,5.0,6.96907360003636
28621,5.0,5.0,1.1598468608201529
27660,5.0,5.0,5.509497888002386
33162,5.0,5.0,2.2591887999864966
43587,5.0,5.0,0.4143020703567615
2551,5.0,15.0,9.522104808238112
35682,5.0,5.0,0.3104677170233643
41800,5.0,5.0,0.36860812497201323
39387,5.0,5.0,1.2169956999968434
42684,5.0,5.0,1.3181148160127236
21653,5.0,5.0,4.6824361870345825
32453,5.0,5.0,0.969222400006764
18012,5.0,5.0,1.4191040880018022
49104,5.0,12.0,2.9610796800431274
28418,5.0,5.0,0.019972437326053694
15350,5.0,5.0,0.7748680533724084
32644,5.0,5.0,0.4890083000032135
22030,5.0,5.0,0.31753226666792855
14337,5.0,5.0,0.41002332187212076
6402,5.0,5.0,0.17215194724283123
14721,5.0,14.0,0.4753726200041051
7008,5.0,5.0,0.18278551802161047
29085,5.0,15.0,1.6068968175102611
17790,5.0,14.0,0.37266057598770175
11001,5.0,14.0,0.29389633198113074
26036,5.0,14.0,0.30099373400029883
43699,5.0,15.0,4.0505543087819476
4198,5.0,12.0,0.5530387125143417
27425,5.0,15.0,0.7517138900202749
39922,5.0,14.0,0.01708752000736613
42597,5.0,15.0,0.2601888520056841
40570,5.0,12.0,20.480364192377294
29011,5.0,5.0,0.30106445772285895
31414,5.0,5.0,2.1146042878701223
26567,5.0,5.0,0.8904499540991537
22479,5.0,15.0,1.5329009199930113
45792,5.0,12.0,2.094238199996198
17389,5.0,15.0,3.401265753517677
4323,5.0,15.0,2.6319120825073092
41909,5.0,12.0,1.8271243874847407
6640,12.0,5.0,0.7714832999892032
40610,5.0,12.0,1.138348560020635
12312,5.0,12.0,0.8829907950130753
36562,5.0,12.0,0.3807927750078992
29892,5.0,12.0,0.28134340500820976
18180,5.0,5.0,1.4678591000483152
3989,5.0,5.0,3.6927872000846094
39606,5.0,5.0,2.685550464368191
13691,5.0,5.0,0.04888263684637195
26887,5.0,12.0,8.317560791906715
8166,5.0,12.0,2.6621419350499025
36045,5.0,15.0,2.4326382750061697
18445,5.0,12.0,1.3564343999930415
27497,5.0,12.0,0.7385964374928626
46271,5.0,12.0,0.5492272800171332
40715,5.0,12.0,0.3529739999970021
12642,5.0,14.0,0.03428672249914033
2177,5.0,12.0,0.2848854900102511
35119,5.0,12.0,0.23316815999308815
38052,5.0,15.0,0.2731148580011098
47910,5.0,15.0,0.03466328000070229
7306,5.0,5.0,16.18605580000343
39101,5.0,14.0,40.09767629153703
1435,5.0,5.0,2.458884840968153
38662,5.0,5.0,18.465219033354913
15896,5.0,5.0,6.280843929561257
26478,5.0,5.0,5.5534308001459465
10852,5.0,5.0,11.326930533504665
41297,5.0,5.0,10.401487822851834
9468,5.0,5.0,5.5674120000967235
13133,5.0,5.0,3.6239526399959203
19416,5.0,14.0,2.4572851198110754
38793,5.0,12.0,0.8794276950694098
17271,5.0,12.0,2.0776159200340345
47556,5.0,15.0,2.1572799000423863
10674,5.0,14.0,0.47406380050935226
20472,5.0,12.0,1.126653600018777
5392,5.0,15.0,1.2830056110287487
6974,5.0,14.0,0.159050269993827
26513,5.0,12.0,0.4956379500157837
36149,5.0,15.0,0.43052629951340204
41994,5.0,15.0,0.09330836400240639
36483,5.0,5.0,6.680970969542727
9437,5.0,5.0,10.24716830937723
23171,5.0,5.0,15.51416666674399
23124,5.0,5.0,5.589404928239674
25392,5.0,5.0,40.39459971783623
24633,5.0,5.0,3.6259492353806593
39444,5.0,5.0,15.500109312123556
2554,5.0,5.0,3.1812033025317703
31192,5.0,5.0,13.117628262404054
20485,5.0,5.0,8.724283200083391
8669,5.0,5.0,12.815879666799162
8835,5.0,12.0,15.85388640014827
9905,5.0,14.0,19.34999063952813
28341,5.0,5.0,9.010608000061566
16099,5.0,5.0,10.071371059183264
22093,5.0,5.0,1.1757012480476874
49191,5.0,5.0,1.5061276160330976
8653,5.0,5.0,8.371667200064692
38536,5.0,5.0,0.8328573927905438
8483,5.0,5.0,1.1625376768479185
4852,5.0,5.0,7.197088838362546
27399,5.0,14.0,4.473514835035189
48240,5.0,5.0,8.913960345476497
26067,5.0,15.0,11.560264650671627
18132,5.0,5.0,0.10147386031175643
1369,5.0,5.0,2.1126441719587774
25761,5.0,5.0,4.806600652672202
42148,5.0,5.0,1.6820109333430082
4293,5.0,5.0,0.06287298133416641
31705,5.0,5.0,2.4201875000620845
25423,5.0,5.0,4.3386915359517815
44110,5.0,5.0,0.8571615333739118
8812,5.0,5.0,2.3577261000422
13924,5.0,5.0,0.7491137130377794
15972,5.0,14.0,2.7049502522069986
38748,5.0,14.0,1.4436551680769227
30830,5.0,12.0,2.5980595499982684
15066,5.0,5.0,0.5367074474479985
40690,5.0,14.0,0.6001866360336727
36031,5.0,15.0,4.897846043306394
39292,5.0,15.0,2.1522817440564452
6172,5.0,15.0,1.7789220720387249
49788,5.0,14.0,0.21833017301255708
39299,5.0,14.0,0.18824459501182744
39353,14.0,5.0,0.40966815000359347
48153,5.0,15.0,0.6936958400234587
16656,5.0,14.0,0.08804677602622668
10825,5.0,14.0,0.03331298899678714
24291,5.0,5.0,2.7485711360878327
6370,5.0,5.0,1.3767911936253654
35725,5.0,5.0,2.658202367998342
30739,5.0,5.0,1.4428902571849846
11914,5.0,5.0,1.0643072000874838
14333,5.0,15.0,1.8956206399746947
23785,5.0,12.0,1.6857999749970425
35670,5.0,12.0,2.1746877599402623
30667,12.0,5.0,1.4384175000035455
9609,5.0,12.0,0.33918931200385405
17054,5.0,12.0,0.3461379600070753
15259,5.0,5.0,2.319180800111951
11905,5.0,5.0,5.108181839499139
44333,5.0,5.0,0.19665039996971245
43957,5.0,5.0,1.5686476801568574
33086,5.0,5.0,0.6347036160374557
19838,5.0,5.0,0.08151901875442036
37699,5.0,5.0,0.2544631296325406
12731,5.0,5.0,0.034555746658924136
24951,5.0,5.0,0.12241807189010956
8061,5.0,12.0,5.221672356030467
12863,5.0,12.0,2.5356202500084564
45031,5.0,12.0,0.2418218849913849
9223,5.0,12.0,1.136618174996844
39935,5.0,14.0,0.21770368001138785
9656,5.0,12.0,0.399070199992444
18119,5.0,14.0,0.010162300004338931
14137,5.0,5.0,14.428399359681805
36121,5.0,5.0,9.762608250618058
12140,5.0,5.0,17.87375058567551
16427,5.0,5.0,11.126957141039725
23158,5.0,5.0,10.38584159987606
833,5.0,5.0,4.736277964821696
6371,5.0,14.0,0.9036427899769564
19824,5.0,14.0,0.8335511439697854
2053,5.0,15.0,1.12889784603734
7255,5.0,15.0,2.552342928997021
3832,5.0,14.0,0.39728639997629855
32082,5.0,15.0,0.8863645799947921
13651,5.0,14.0,0.13534273799670693
38394,5.0,14.0,0.0661534679876441
14602,5.0,15.0,0.04107984000572884
30013,5.0,5.0,5.775884000056607
43408,5.0,5.0,1.3453536000108102
7858,5.0,14.0,7.156854893023535
24974,5.0,5.0,13.841806625897078
7736,5.0,5.0,7.319778047830653
26286,5.0,5.0,1.2197169150321372
24573,5.0,5.0,9.76367411179092
1714,5.0,5.0,5.18783201270918
40830,5.0,5.0,3.444647199940192
4553,5.0,5.0,6.2120130901156045
32095,5.0,15.0,23.73102811484378
33602,5.0,5.0,2.524719999945077
48487,5.0,5.0,1.1635988868955636
44363,5.0,5.0,1.2603684523656256
5791,5.0,5.0,3.0651921120995027
6494,5.0,5.0,7.328198399898923
3533,5.0,5.0,3.4816561999005984
6948,5.0,5.0,2.4653836800580677
41587,5.0,5.0,6.301744488012176
29102,5.0,5.0,0.8852133333199035
44517,5.0,5.0,0.010438378658669478
35748,5.0,5.0,0.8196052933168545
34255,5.0,5.0,0.15850738672165932
10652,5.0,15.0,4.200715149988731
35898,5.0,5.0,0.02067078083233298
15541,5.0,14.0,1.147976950004626
22848,5.0,5.0,0.7125894997142552
43430,5.0,12.0,7.885142399965154
9098,5.0,15.0,3.6552724500151825
13309,5.0,12.0,2.1301517999894273
38891,5.0,5.0,2.0001967200546957
22899,5.0,12.0,2.370290249980961
18579,5.0,5.0,0.2498022000213176
10634,5.0,5.0,0.06788520000937481
33979,5.0,5.0,0.4211675306584368
3616,5.0,14.0,0.49348981801602676
37232,5.0,15.0,1.8677857574963603
21627,5.0,15.0,1.738821640014173
17247,5.0,5.0,0.03944466003231817
13794,5.0,15.0,1.0771474740020324
24008,5.0,15.0,0.7626151649945729
12751,5.0,15.0,1.1653776360426864
7661,5.0,12.0,0.3670002300052708
45308,5.0,14.0,0.05652713400077669
46062,5.0,14.0,0.008729100003668222
20330,5.0,5.0,1.2044751669121183
12899,5.0,5.0,0.17199653334762388
37713,5.0,5.0,1.5093368319028855
350,5.0,5.0,0.1846939304748787
7110,5.0,15.0,10.36316720649171
44440,5.0,12.0,5.193803999934218
33335,5.0,12.0,4.649703239880353
24532,5.0,12.0,4.511753760032477
31807,5.0,12.0,0.7739588999791884
44132,5.0,12.0,1.4672981999689192
8212,5.0,15.0,1.9049985960251092e-05
48908,5.0,15.0,0.48401276401112625
36865,5.0,12.0,0.12550305000243522
39370,5.0,12.0,0.038743500002788256
1521,5.0,5.0,1.6184368514065
2971,5.0,5.0,7.203365999979269
45483,5.0,15.0,23.27331721339084
1461,5.0,5.0,1.1407136513525984
6258,5.0,5.0,3.0014453760125264
16177,5.0,5.0,3.448064870370871
2940,5.0,5.0,0.6715314005755602
48999,5.0,15.0,11.716411008128716
42505,5.0,12.0,7.59972518394585
557,5.0,12.0,2.4271284450546133
49288,5.0,5.0,0.0006854399175750814
14293,5.0,12.0,1.8601338000126972
48658,5.0,15.0,3.156554400049238
11303,5.0,14.0,0.4167892679941154
47156,5.0,12.0,1.2105080400098522
30482,5.0,15.0,1.668975416521409
37797,5.0,14.0,0.18400924999016333
4383,5.0,14.0,0.06613240798958753
29505,5.0,15.0,0.40767130199583423
1299,5.0,15.0,0.1281253439968868
35027,5.0,5.0,13.585187240168665
10419,5.0,5.0,0.5711694848017999
36799,5.0,5.0,0.7361982720462947
48833,5.0,5.0,1.4062113334877537
24105,5.0,5.0,0.7887924942132472
16995,5.0,15.0,4.398558343955379
29500,5.0,14.0,0.8941331024581558
23445,5.0,14.0,0.6665445899714513
7576,5.0,15.0,2.3939774849716144
24258,5.0,14.0,0.5613413729816337
6849,5.0,14.0,0.4259070809747776
46475,5.0,14.0,0.39862077998019174
20027,5.0,14.0,0.07824959999216397
11493,5.0,14.0,0.0681128999932028
23660,5.0,15.0,0.48741243199436646
14903,5.0,15.0,0.423158440009999
18472,5.0,5.0,11.444673945719956
44245,5.0,5.0,9.940217275705493
48426,5.0,5.0,1.6683110001007861
12012,5.0,5.0,7.147825919987497
20820,5.0,5.0,12.343492095992616
44844,5.0,5.0,7.075213333497416
33425,5.0,5.0,2.4292324863034054
34155,5.0,5.0,1.6761463198686215
47707,5.0,14.0,13.9597790592521
32661,5.0,5.0,5.205102506707306
32469,5.0,12.0,18.06718764011893
43036,5.0,5.0,4.931882612851872
39186,5.0,12.0,18.711742656098977
5847,5.0,5.0,0.5364370943960495
49203,5.0,14.0,7.011513960242482
27220,5.0,5.0,4.266941644776772
31670,5.0,5.0,1.969894604749328
4937,5.0,5.0,3.996003124782547
19420,5.0,5.0,0.9863506666756123
43373,5.0,5.0,3.52433901231295
13214,5.0,5.0,0.015108600038931996
3752,5.0,15.0,3.922073970945476
25497,5.0,14.0,0.16798463999215585
23634,5.0,15.0,2.568163199940784
25234,5.0,15.0,2.5277060619351417
5870,5.0,15.0,2.0232490049695286
35153,5.0,5.0,0.9728337408145968
24218,5.0,15.0,1.6887726479943268
48075,5.0,12.0,1.1968887000539539
47501,5.0,5.0,0.9971656666483266
36648,5.0,15.0,1.3827072674851735
38466,5.0,14.0,0.20023445998013223
17743,5.0,15.0,0.9068507759723232
15153,5.0,15.0,0.6463216559855418
3137,5.0,14.0,0.048017150003795805
17343,5.0,15.0,0.16486895099004117
6082,5.0,5.0,1.0881549312930474
49179,5.0,5.0,1.0461241347567238
21731,5.0,12.0,21.180919871864432
47575,5.0,5.0,0.12282223683197913
27077,5.0,15.0,1.3941673390963416
18242,5.0,15.0,1.4372204319885924
8671,5.0,12.0,0.7507430399222486
25418,5.0,12.0,0.6991156200140836
11649,5.0,12.0,0.6136424625145107
10436,5.0,12.0,0.47663508001174293
35514,5.0,14.0,0.07435574400745448
39522,5.0,14.0,0.06773752799464727
29978,5.0,14.0,0.002178631994297575
39714,5.0,5.0,0.9309910665620862
38834,5.0,5.0,3.498681600009604
35828,14.0,5.0,5.451871714100577
30324,5.0,12.0,18.477733583797686
31888,5.0,5.0,0.3970300074552142
35415,5.0,5.0,2.6673589629817798
27720,5.0,12.0,12.592320959537602
48011,5.0,5.0,0.6126525441643622
27880,5.0,5.0,1.3843671554355694
42118,5.0,12.0,4.271832479936705
15867,5.0,12.0,1.137424800005011
37802,5.0,15.0,1.4139952560225275
32227,5.0,12.0,0.7903818299819552
42439,5.0,5.0,25.512964800079004
33662,5.0,5.0,19.906687744132086
49558,5.0,5.0,8.872724788175958
21494,5.0,5.0,2.9346250902400755
5214,5.0,5.0,3.6699404799323645
30928,5.0,14.0,3.588536678445763
3870,5.0,5.0,5.883493171305972
5077,5.0,12.0,3.534220424908824
6927,5.0,12.0,2.2815751799330783
14890,5.0,12.0,1.0559588249779388
10423,5.0,12.0,1.0166041199948452
3595,5.0,12.0,0.7563125999979494
44139,5.0,12.0,0.5567489400000927
11367,5.0,15.0,0.5234616000002585
9944,5.0,15.0,0.3704744199974588
36924,5.0,15.0,0.30174465000227446
27642,5.0,15.0,0.06932179499823654
5481,5.0,5.0,2.1101620000863193
6374,5.0,5.0,15.429486551908212
38379,5.0,5.0,2.9399040005133656
27316,5.0,5.0,14.475201024347484
16166,5.0,5.0,7.012728000066545
49582,5.0,5.0,1.1125605333438386
18226,5.0,5.0,11.807661600037534
18677,5.0,5.0,1.0423577600126066
27381,5.0,5.0,12.023162880384746
14532,5.0,5.0,2.2596153333889504
28359,5.0,5.0,6.576224307305836
26911,5.0,5.0,3.089798400042234
6040,5.0,5.0,3.2958260346057813
30232,5.0,5.0,4.669360531916418
11502,5.0,5.0,0.257302800027837
48923,5.0,5.0,0.2193619969731131
34406,5.0,5.0,0.3287334400151565
45419,5.0,14.0,1.2461436270164796
40906,5.0,14.0,0.9665515094723318
8529,5.0,5.0,2.500029218044091
11888,5.0,5.0,0.31039936858557127
10345,5.0,14.0,1.3176051524728365
28096,5.0,14.0,0.8014470240202556
19639,5.0,14.0,3.0359615999523797
2793,5.0,5.0,1.3021265245229294
10660,5.0,14.0,0.49120790400511183
16314,5.0,15.0,1.969613166001647
10180,5.0,15.0,1.9290075869844188
33243,5.0,15.0,1.8485811105043801
20898,5.0,15.0,1.663200030003484
14208,5.0,15.0,1.6920982109916416
5766,5.0,15.0,1.588804554971265
8508,5.0,15.0,1.3363630349938909
36164,5.0,14.0,0.2371507120195666
43576,5.0,14.0,0.20794459499429152
43096,5.0,12.0,0.5670691499851053
5471,5.0,15.0,0.7366324080007995
25728,5.0,14.0,0.11268421999371192
9184,5.0,14.0,0.0005867150037781599
37002,5.0,15.0,0.13155568499517978
43687,5.0,5.0,0.3508433064396854
48247,5.0,5.0,0.2476544851171525
4094,5.0,5.0,0.3665625599988118
47084,5.0,14.0,0.07829767684637545
1561,5.0,14.0,5.001557443269746
36662,5.0,5.0,0.5773736958965259
39317,5.0,15.0,11.086527360275596
4331,5.0,14.0,1.4484283415435684
26298,5.0,14.0,0.2162573275327091
22538,5.0,12.0,2.601273179988574
28941,5.0,12.0,1.3849400100289344
25444,5.0,15.0,1.2871128680156207
16890,5.0,12.0,0.9050677500154407
19560,5.0,12.0,1.2993150000003233
19947,5.0,12.0,1.055006400025949
26448,5.0,15.0,0.7723386740121629
14103,5.0,12.0,0.4855736999915603
5177,5.0,14.0,0.049628268030440736
32962,5.0,12.0,0.27562710000858637
45202,5.0,15.0,0.15430834200244892
7016,5.0,5.0,0.7357709999426447
28780,5.0,5.0,0.5094042666646033
17775,5.0,5.0,1.0166519232760152
32515,5.0,15.0,16.164888224005495
47259,5.0,5.0,0.3697829146975664
27136,5.0,12.0,10.749918503770488
44506,5.0,14.0,3.877465104213684
42289,5.0,5.0,0.019634471997491687
6822,5.0,15.0,3.0257571840348874
22368,5.0,15.0,0.8504918760217031
5235,5.0,12.0,1.0560568349821935
571,5.0,12.0,0.8961721499807016
3214,5.0,12.0,0.022477079994770666
20737,5.0,5.0,3.1531255470090116
40337,5.0,5.0,1.9977933314661698
39737,5.0,12.0,11.099423243602985
47595,5.0,5.0,5.024083305637234
43002,5.0,5.0,2.07184427733236
29631,5.0,14.0,1.6599590689856427
10188,5.0,14.0,1.315274540024106
32384,5.0,12.0,2.9057062123881465
17284,5.0,14.0,1.4215932800107893
14955,5.0,12.0,2.181424664912903
355,5.0,14.0,0.7117302760153237
2611,5.0,15.0,2.3806701924634197
33637,5.0,15.0,2.1400148039483327
22690,5.0,14.0,0.4873266700029504
48291,5.0,12.0,1.2035740799495436
46324,5.0,14.0,0.35998504000275133
41202,5.0,14.0,0.37137490801551465
38716,5.0,14.0,0.3688428000152939
8147,5.0,15.0,0.8013643859795447
6161,5.0,14.0,0.13368391501169619
37908,5.0,15.0,0.8168638979934411
48409,5.0,15.0,0.7268272479754962
9386,5.0,15.0,0.8165891759934443
1963,5.0,14.0,0.0854324099975372
46927,5.0,15.0,0.39712113598702015
29375,5.0,14.0,0.012492710002179663
1614,5.0,15.0,0.1986466814952843
33886,5.0,15.0,0.0806481450029124
2687,5.0,5.0,3.3955580400401004
268,5.0,5.0,1.8858329855792988
13828,5.0,5.0,2.6477533188454174
4054,5.0,5.0,15.016308326777676
4274,5.0,5.0,12.792004500057175
45580,5.0,5.0,1.1173754927606865
43899,5.0,5.0,0.7378068000327147
4686,5.0,5.0,8.560366666808818
39509,5.0,5.0,12.98183889983639
32433,5.0,5.0,0.7774166000298948
38766,5.0,15.0,39.21777750038669
27785,5.0,5.0,4.627353363183147
46209,5.0,5.0,2.6673760000649764
39416,5.0,14.0,15.762461068769483
12613,5.0,5.0,0.41024162641643613
9985,5.0,5.0,6.46096865305941
47514,5.0,5.0,0.3786742666852021
8193,5.0,5.0,0.947903904047223
34585,5.0,5.0,5.737404772927206
38577,5.0,5.0,1.0115381248375712
47505,5.0,5.0,0.5783220909043223
7120,5.0,5.0,1.3986069333331308
14942,5.0,12.0,3.299264264997568
1054,5.0,5.0,0.9590602240175627
43222,5.0,5.0,0.25195679999814047
6831,5.0,5.0,0.9098719999815543
20676,5.0,12.0,2.295475500012145
42268,5.0,5.0,1.1285639167909203
21049,5.0,15.0,9.774166911906036
22118,5.0,15.0,1.7720032909698702
48186,5.0,15.0,1.4619251999839946
13565,5.0,15.0,1.386985505988612
29605,5.0,5.0,0.375114564229456
42971,5.0,15.0,1.090696709989981
13382,5.0,14.0,0.15441630399894457
22689,5.0,15.0,0.6694724099928369
36517,5.0,15.0,0.43432674998962995
25531,5.0,14.0,0.03182489601272831
15670,5.0,15.0,0.08296080599830313
3753,5.0,5.0,1.3135218176333296
28305,5.0,5.0,2.1579681275929374
46988,5.0,5.0,1.2931088555924646
28153,5.0,15.0,26.61134437130096
7360,5.0,5.0,0.9004478977731196
45957,5.0,5.0,0.4852454401402042
13401,5.0,12.0,2.8902459899705804
27373,5.0,12.0,2.7505059599798685
3666,5.0,12.0,1.1549519399839703
48765,5.0,14.0,0.30665132004880746
7006,5.0,12.0,0.8447758049848275
9964,5.0,15.0,1.1427966659970004
6231,5.0,15.0,0.34215422400193507
44027,5.0,15.0,0.28903675200804635
8422,5.0,14.0,5.898781222760704
8254,5.0,5.0,0.6925505022799996
16227,5.0,5.0,0.28716538445027595
24935,5.0,5.0,1.2875811838268305
13243,5.0,15.0,29.905894130981267
28166,5.0,12.0,12.061764479813263
30922,5.0,5.0,0.04434355188175232
42764,5.0,5.0,0.11295431677420709
5129,5.0,15.0,5.355582600068843
10528,5.0,15.0,4.364152754958283
20813,12.0,15.0,0.8215023840093352
40192,5.0,14.0,0.4545608399952705
3850,5.0,12.0,0.3110605499876229
48331,5.0,12.0,0.23313359999667238
10449,5.0,12.0,0.13487879999467278
17448,5.0,12.0,0.09003125999498396
9577,5.0,15.0,0.10827296399343878
39796,5.0,15.0,27.9040009437162
22840,5.0,5.0,49.45416883160442
31079,5.0,5.0,37.77376778394398
27985,5.0,5.0,16.333466726499466
27438,5.0,12.0,18.445843559480466
2570,5.0,5.0,11.22877864306065
6080,5.0,12.0,14.552086079828996
14730,5.0,5.0,4.288556399999138
34456,5.0,5.0,5.900253374286777
13737,5.0,5.0,1.8397125117780888
11193,5.0,5.0,3.2084685995071567
34994,5.0,5.0,0.14488746231457839
10042,5.0,12.0,13.106055899924968
5117,5.0,14.0,0.9125063999977243
41358,5.0,12.0,1.2520379999527798
43798,5.0,15.0,1.2399816799862506
4263,5.0,15.0,0.933216807991883
35054,5.0,15.0,0.734094791994023
33725,5.0,5.0,5.3203595777191595
8276,5.0,5.0,10.55722353052812
15897,5.0,5.0,1.7829924000427582
23194,5.0,12.0,25.320329472072103
32798,5.0,5.0,16.21811131772924
33450,5.0,5.0,1.0202009999808723
25373,5.0,5.0,1.3826903041546075
24686,5.0,5.0,8.204802400039469
32929,5.0,5.0,18.11669560139694
35793,5.0,5.0,5.424914301337026
18596,5.0,5.0,2.6241407998233512
43712,5.0,15.0,13.213983457334535
1322,5.0,5.0,1.675877999974638
13678,5.0,5.0,3.6239654401194485
22570,5.0,5.0,1.3500766784019618
2757,5.0,5.0,3.67606594562794
15789,5.0,5.0,5.62225919983716
16270,5.0,5.0,0.7776783360644401
5195,5.0,14.0,0.02989989002854543
30193,5.0,5.0,1.1448575999786215
27415,5.0,5.0,3.2314693332800957
41450,5.0,5.0,0.18091009718214934
29047,5.0,5.0,1.8852858879300527
37697,5.0,15.0,8.135429840155695
36932,5.0,5.0,0.002168217610012846
23039,5.0,5.0,0.67296721917225
37362,5.0,5.0,0.3312730111316995
34750,5.0,5.0,0.1913817373101594
13171,5.0,12.0,2.490792420079792
42191,5.0,5.0,1.3876247137298066
44901,5.0,5.0,2.260935628780068
37671,5.0,15.0,3.083807928043207
37104,5.0,5.0,0.47687500001301686
41429,5.0,5.0,0.08068935518852527
13398,5.0,5.0,0.4432176000649086
947,5.0,5.0,0.29283170400475456
34838,5.0,15.0,1.6573858319125634
676,5.0,15.0,1.462665719989328
3347,5.0,14.0,0.30819184802839317
8620,5.0,14.0,0.2830812900122801
22867,5.0,15.0,0.6896328880141755
1764,5.0,12.0,0.47904388501967077
38550,5.0,15.0,0.3942141599975626
37317,5.0,15.0,0.3560784959977603
14956,5.0,15.0,0.31377959137513134
19141,5.0,15.0,0.14681190000605993
3535,5.0,15.0,0.1429572000062005
36076,5.0,5.0,0.18825886832973993
25354,5.0,5.0,1.3457797633470534
35369,5.0,12.0,1.5013482149969235
18976,5.0,12.0,3.85347475213171
9452,5.0,15.0,0.6457224539869699
4755,5.0,15.0,0.989511959986924
13748,5.0,15.0,0.9030738899996535
18511,5.0,15.0,0.008116829998134012
16587,5.0,5.0,0.6550751050522763
3273,5.0,5.0,6.481765655426216
31415,5.0,5.0,3.4232640003615984
13418,5.0,5.0,0.8341220000712326
40199,5.0,5.0,2.4475139074962726
2369,5.0,5.0,0.5812108801354441
20951,5.0,5.0,0.0005036544935137499
11525,5.0,5.0,1.7761157715152365
7946,5.0,5.0,0.2618500609099499
48662,5.0,5.0,0.07196399999855885
18858,5.0,15.0,0.503369366249018
21042,5.0,5.0,0.019036820791285436
44717,5.0,5.0,0.16057919154231115
25949,5.0,15.0,2.3925383040206327
20525,5.0,12.0,1.759032479980707
22748,5.0,12.0,1.5942557999951035
46900,5.0,12.0,0.9824317499873558
47322,5.0,14.0,0.25449777697968123
22415,5.0,14.0,0.18077560798596082
45083,5.0,12.0,0.4095714000024042
29564,5.0,15.0,0.4822157939858087
14759,5.0,12.0,0.14320708500341084
579,5.0,5.0,34.0175488510323
34326,5.0,5.0,57.65522738395538
3699,5.0,15.0,100.85220535699085
39268,5.0,5.0,4.551004800030341
6879,5.0,5.0,26.416578566437977
32582,5.0,5.0,22.45911915525329
23181,5.0,5.0,29.152860804116756
34893,5.0,5.0,7.700995000070179
37607,5.0,5.0,11.878575052998428
9547,5.0,5.0,2.376563500085169
3483,5.0,14.0,5.203346365179129
43960,5.0,5.0,10.458657770416124
25226,5.0,5.0,7.739159932806714
26501,5.0,5.0,1.9715153920193984
7254,5.0,5.0,0.087139647996203
48120,5.0,15.0,5.212022323107163
7027,5.0,14.0,1.0613085960340314
6697,5.0,15.0,3.9495360720234203
2656,5.0,15.0,1.387461008504978
3936,5.0,15.0,2.4424553844929235
37168,5.0,14.0,0.43565928003522814
1903,5.0,14.0,0.32296438600776156
24972,5.0,15.0,1.0211794650066022
32306,5.0,15.0,0.7420282020009932
10715,5.0,5.0,22.17806293337358
37531,5.0,5.0,12.801172799897984
15708,5.0,5.0,8.85661486820652
9228,5.0,5.0,14.161589483913417
38887,5.0,5.0,16.31638184978192
38690,5.0,5.0,3.5278274565155527
45870,5.0,12.0,59.21418792055192
46035,5.0,5.0,8.249695795658425
5625,5.0,5.0,0.6772664999395914
34125,5.0,5.0,0.7921847468861074
36116,5.0,5.0,32.612631551852076
18699,5.0,5.0,5.305319432450631
18264,5.0,5.0,8.435193326722754
21941,5.0,5.0,10.812033792151112
20570,5.0,15.0,14.463155990423815
49625,5.0,5.0,5.152180838187576
41293,5.0,5.0,3.5106281811878546
43208,5.0,5.0,1.450155110389943
23336,5.0,5.0,2.464535599852397
973,5.0,5.0,3.2642246825177352
38026,5.0,15.0,6.4944807740075206
12046,5.0,5.0,0.7854150668045037
21058,5.0,5.0,0.7759771839688909
13098,5.0,5.0,3.8612222783360153
4356,5.0,5.0,1.7033439402271853
45814,5.0,5.0,1.4945085610740136
16364,5.0,5.0,1.5505570784055678
48606,5.0,14.0,2.0289450528170505
24460,5.0,14.0,3.6358871136155813
21954,5.0,12.0,2.8149510000254097
24213,5.0,5.0,0.2431509750002263
12667,5.0,14.0,0.7357358204918611
5739,5.0,12.0,1.8544907100104489
36520,5.0,5.0,0.9074129999966392
4350,5.0,14.0,0.45578729700611476
39173,5.0,15.0,1.7784066540074086
12661,5.0,14.0,0.5087846100007773
34870,5.0,15.0,1.2912261045084623
3537,5.0,14.0,0.2565020354995333
16485,5.0,14.0,0.24215122799204636
15141,5.0,14.0,0.23869649098752532
40348,5.0,15.0,1.1498139050034482
5423,5.0,5.0,0.08336201598515558
3247,5.0,15.0,0.6649032720004211
44455,5.0,5.0,0.0037538645779591207
28914,5.0,15.0,0.4949317379965237
27216,5.0,14.0,0.020236016008176705
23877,5.0,15.0,0.3922548720131136
2178,5.0,15.0,0.28034137849233787
11133,5.0,5.0,2.8583339000025774
30129,5.0,5.0,0.5907620858644975
46403,5.0,5.0,0.6267309223568702
10268,5.0,5.0,1.885349120601461
9848,5.0,5.0,1.0381040644248003
42182,5.0,5.0,0.31777732909735334
41734,5.0,5.0,0.4052005034358359
43713,5.0,5.0,0.37798411985475866
36813,5.0,5.0,0.1571566083686946
11971,5.0,5.0,0.4182917184733128
24764,5.0,14.0,0.44771857995629816
18812,5.0,12.0,0.8395186575056126
6800,5.0,5.0,1.3355423532154305
5047,5.0,5.0,1.2410369999230966
29386,5.0,12.0,6.4922131204604625
34791,5.0,15.0,18.013772292190822
43896,5.0,5.0,0.7061022001616095
37901,5.0,5.0,0.22491417602788033
47587,5.0,5.0,0.11207620799734741
40625,5.0,5.0,1.0890309117773853
48940,5.0,15.0,6.612123230484286
31991,5.0,12.0,1.462589399990236
40288,5.0,12.0,0.7730543774999905
44559,5.0,15.0,0.9924457919852596
30685,5.0,12.0,0.6963779999998945
44218,5.0,15.0,0.8255566380144668
49387,5.0,12.0,0.1518240000038391
33410,5.0,5.0,13.12389795919404
23102,5.0,12.0,71.08286649634823
14951,5.0,5.0,5.056430251249395
35688,5.0,5.0,14.231762798972355
44774,5.0,5.0,3.1443941887207814
32396,5.0,5.0,7.894611735967629
16528,5.0,5.0,6.528479759987221
32696,5.0,5.0,2.476295999908217
7333,5.0,15.0,21.892028793650013
38215,5.0,12.0,3.038774304178375
39476,5.0,14.0,1.2364601250142755
43982,5.0,15.0,3.058379664026262
30089,5.0,12.0,1.9570221300437822
44841,5.0,15.0,2.395261582534772
5740,5.0,12.0,1.1827984800283815
37069,5.0,14.0,0.4062533320083155
27746,5.0,12.0,1.0933144950267994
32758,5.0,15.0,0.9632493900124572
26572,5.0,12.0,0.9220159560312204
27709,5.0,14.0,0.09929129999496311
35389,5.0,12.0,0.37069578751645693
28461,5.0,12.0,72.95187432055326
43499,5.0,5.0,3.438755999988757
33103,5.0,5.0,18.612396799979535
26052,5.0,5.0,1.962575766743953
28051,5.0,5.0,4.200009386800588
31737,5.0,5.0,12.059575108617878
40041,5.0,5.0,15.075168239190248
10091,5.0,5.0,15.116290048487457
44153,5.0,5.0,11.618884915581901
43654,5.0,5.0,4.907550105869035
10073,5.0,5.0,8.480893839885596
39136,5.0,5.0,0.8875027968225879
29599,5.0,5.0,1.314494515376012
8370,5.0,15.0,0.30006746776135174
5572,5.0,5.0,5.077935999981364
35280,5.0,5.0,6.738451199983146
28014,5.0,5.0,0.12234779363178916
37122,5.0,5.0,3.309151488136223
11234,5.0,5.0,2.3642789999212184
29932,5.0,5.0,3.7386028033779155
1578,5.0,5.0,1.436770399992625
39790,5.0,14.0,5.344966639869526
27517,5.0,14.0,7.15424106976225
32351,5.0,15.0,16.312904208187874
46390,5.0,14.0,2.8403820135249447
28650,5.0,5.0,0.4594352287879744
11718,5.0,5.0,0.2893590719973105
35066,5.0,5.0,1.4245007103619898
11543,5.0,5.0,0.5607914175993898
48838,5.0,5.0,1.069001875994367
45439,5.0,14.0,0.7721052060497158
21956,5.0,14.0,0.6189152610414013
49722,5.0,14.0,0.6092445350582807
12116,5.0,14.0,0.6700957425362972
42106,5.0,15.0,1.731899569048828
32136,5.0,14.0,0.31748499000201846
35986,5.0,12.0,1.0028904600033925
9709,5.0,5.0,0.48180034558075846
4395,5.0,15.0,1.310150047537789
45372,5.0,15.0,0.8768865720209842
11420,5.0,15.0,0.46479917601536336
26691,5.0,12.0,0.16903056000282568
6271,5.0,12.0,0.07480447499715881
48416,5.0,15.0,0.08867170600485119
27492,5.0,5.0,3.566758655849412
42020,5.0,5.0,2.270447532163132
11389,5.0,5.0,2.1306571092979993
16187,5.0,5.0,0.7259347331969082
38963,5.0,15.0,22.57465897594085
35434,5.0,15.0,3.929412928045039
10324,5.0,12.0,1.660875312013971
45833,5.0,14.0,0.3879862479734406
7793,5.0,12.0,1.0359379200012349
47130,5.0,12.0,0.6681241874990764
11512,5.0,12.0,0.49432980000144333
5234,5.0,15.0,1.0896616320055266
8109,5.0,14.0,0.04092639598661307
9439,5.0,12.0,0.21568871999685868
9682,5.0,12.0,0.2154787950007515
30069,5.0,15.0,0.28757805298746675
38629,5.0,5.0,1.0310695488736314
26502,5.0,5.0,3.4071631871486545
20800,5.0,5.0,0.18292492809709415
46095,5.0,5.0,0.4047091200349229
13768,5.0,14.0,4.4135197439723015
19870,5.0,5.0,0.41077463027181693
5111,5.0,5.0,0.6727224320620451
3642,5.0,5.0,0.19266431996562972
44578,5.0,12.0,2.8724613959963463
48507,5.0,12.0,1.02954809997183
15441,5.0,12.0,0.8988248999756525
39855,5.0,15.0,0.9345249799919113
35329,5.0,12.0,0.6450809249738576
22336,5.0,14.0,0.1555760219972928
10928,5.0,15.0,0.8401279979905301
119,5.0,14.0,0.10452408799318036
38950,5.0,12.0,0.21701099999829498
46455,5.0,12.0,0.14467656000067208
45969,5.0,12.0,0.10859699999609651
31388,5.0,5.0,12.000580865032589
28579,5.0,5.0,24.385592128014082
38134,5.0,5.0,16.020304000183813
28099,5.0,5.0,5.056284138717757
32710,5.0,5.0,4.734025726347625
21323,5.0,5.0,11.16124921601417
36359,5.0,14.0,34.656872064000936
14340,5.0,14.0,0.9063875599662694
49780,5.0,15.0,3.472125500025413
393,5.0,12.0,0.7564949759986916
1344,5.0,15.0,3.0138320687343096
33217,5.0,15.0,2.3621516640239832
43083,5.0,15.0,1.7078133139946097
3090,5.0,15.0,1.4468689759976954
11171,5.0,12.0,1.0456934250248509
48823,5.0,12.0,0.7668230699952243
15402,5.0,12.0,0.6328827300247148
16675,5.0,14.0,0.17039759999280157
19737,5.0,12.0,0.5465590500085575
13586,5.0,14.0,0.0133763339826789
41462,5.0,15.0,0.24510612000737542
9209,5.0,15.0,0.020179504000708892
10382,5.0,5.0,10.19836018231922
29281,5.0,12.0,61.311432719920276
25664,5.0,5.0,7.469394800056193
43887,5.0,5.0,17.28263909993693
32085,5.0,5.0,14.82137079523875
28535,5.0,5.0,7.808888371641814
35379,5.0,5.0,15.676600020623155
49971,5.0,5.0,16.491410517929552
45785,5.0,12.0,30.109503071746474
27878,5.0,5.0,20.268377842971347
39432,5.0,5.0,0.7975224000508945
24346,5.0,5.0,7.32654026666485
12813,5.0,5.0,5.636209408351732
29236,5.0,5.0,9.458832230843512
15836,5.0,5.0,4.951595093600204
19096,5.0,5.0,7.612434432176997
28,5.0,5.0,6.751732480250922
7971,5.0,5.0,3.1879721473198686
42172,5.0,5.0,1.0030040746682545
24513,5.0,14.0,2.52267584472753
48691,5.0,14.0,8.04939851519822
19073,5.0,5.0,3.6942913109849727
15018,5.0,5.0,0.2794896000264515
28492,5.0,5.0,2.191008499991952
41919,5.0,5.0,1.195688800005982
48891,5.0,5.0,0.417712833435921
16106,5.0,5.0,2.0737920000514976
6075,5.0,14.0,1.6033845900041115
18013,5.0,5.0,0.42530636799128985
17664,5.0,15.0,5.13168111494555
5103,5.0,15.0,3.515233683007615
26947,5.0,15.0,2.9081513116736346
5478,5.0,5.0,0.04043723095374929
21234,5.0,14.0,0.49169052601127916
16255,5.0,15.0,1.2057199740121654
35068,5.0,5.0,0.5817491626858668
8337,5.0,14.0,0.36302617604490806
47112,5.0,14.0,0.15714899001249272
20873,5.0,14.0,0.13010982401669402
26231,5.0,15.0,0.7627899099942059
4836,5.0,14.0,0.09518672999979039
35370,5.0,14.0,0.1037921749912396
2446,5.0,15.0,0.7181876700263707
44493,5.0,15.0,0.5157057600031383
35336,5.0,15.0,0.1929465100039267
43210,5.0,5.0,3.2943311363456473
10005,5.0,5.0,1.33829649081747
24122,5.0,5.0,0.035712533158687165
32753,5.0,5.0,0.3923924477760181
36407,5.0,5.0,0.3383946239471243
37783,5.0,5.0,0.7767170111515327
36753,5.0,12.0,3.3869419949385673
8462,5.0,12.0,3.189104850005556
13679,14.0,5.0,0.10861868997633906
28140,5.0,12.0,1.9643042999915004
6100,5.0,12.0,1.0138275299754191
28108,5.0,12.0,0.7706653499877945
28973,5.0,12.0,0.2790009750016056
8490,5.0,5.0,3.776795068219144
29896,5.0,5.0,0.38175105606273974
7820,5.0,5.0,1.0013643266470638
31246,5.0,5.0,0.16406730006261228
24087,5.0,5.0,0.7244617731050766
1493,5.0,5.0,0.05696333327739467
27001,5.0,5.0,1.6828899842462874
36250,5.0,5.0,0.10611164162932596
40473,5.0,5.0,0.17700251317111793
16569,5.0,15.0,2.3491618825110443
32804,5.0,12.0,1.1300339999889957
9498,5.0,12.0,0.9935246999849809
15211,5.0,12.0,0.9529697999913118
4861,5.0,12.0,0.8423911200202809
35678,5.0,14.0,0.21398181998601196
37114,5.0,12.0,0.6919260599881323
29124,5.0,12.0,0.5943036450000783
31380,5.0,12.0,0.6485067119613106
32653,5.0,12.0,0.19515846000864379
46448,5.0,15.0,0.10798326399660585
8573,5.0,12.0,0.0039004500064390157
29036,5.0,5.0,12.178622500254718
23935,5.0,12.0,17.765787647714887
49054,5.0,5.0,4.459473749134304
40215,5.0,5.0,3.148715120006287
31386,5.0,5.0,4.9178546229426985
5178,5.0,5.0,5.325681200148736
19511,5.0,5.0,3.676443000232446
21253,5.0,15.0,3.8837744324387273
13827,5.0,15.0,3.3334939110001685
27405,5.0,15.0,4.36129535756622
45648,5.0,15.0,2.3648276759700835
37277,5.0,12.0,1.527079079985544
31892,5.0,15.0,1.998476714967552
11387,5.0,15.0,1.7240540530139263
13481,5.0,14.0,0.35309439000907616
28383,5.0,15.0,0.39088521000583665
12620,5.0,12.0,0.046720424993478726
6007,5.0,5.0,10.883572934510283
31684,5.0,5.0,2.994961100669343
28684,5.0,5.0,1.7109188606961538
5598,5.0,5.0,1.0974933333228023
44568,5.0,5.0,14.48390506691706
9744,5.0,5.0,14.074680000188053
33023,5.0,5.0,9.368023602953059
8257,5.0,5.0,15.676244360012646
22796,5.0,5.0,10.907524693065909
28809,5.0,14.0,6.5792843828591
34285,5.0,5.0,4.6353625200314355
5592,5.0,5.0,1.2174860000060477
35734,5.0,5.0,5.663778378643954
33272,5.0,5.0,4.635054574790658
12989,5.0,5.0,5.407136870358784
9742,5.0,5.0,4.875686348975378
40234,5.0,5.0,1.5956345599076514
3078,5.0,5.0,3.4890077012065035
13838,5.0,5.0,6.086981013741216
42555,5.0,5.0,1.3911235667111868
13193,5.0,5.0,4.82009211792743
18238,5.0,5.0,4.276782000067932
27523,5.0,15.0,13.860983443989085
43323,5.0,5.0,0.7233575250475113
13353,5.0,5.0,1.1037977160063583
2093,5.0,5.0,1.1135198720165107
7637,5.0,14.0,0.8498206844727676
39871,5.0,5.0,1.842049194682005
31315,5.0,15.0,2.7832018979375306
29624,5.0,14.0,0.5958332499807497
4265,5.0,14.0,0.518015879976776
18666,5.0,5.0,1.0180728720209338
11715,5.0,12.0,0.974799120027324
17002,5.0,15.0,1.4227503479650174
38216,5.0,15.0,0.4971631979833697
361,5.0,15.0,0.5001729119844285
22630,5.0,14.0,0.12055591359911233
10497,5.0,14.0,0.013496171981322469
7130,5.0,15.0,0.036420095993484836
6403,5.0,5.0,1.669785488767559
34368,5.0,5.0,0.044962266639984705
7623,5.0,5.0,0.5333248002022941
7602,5.0,12.0,3.7546111200309937
16781,5.0,14.0,0.753525990019412
29290,5.0,14.0,0.6992303199763157
4158,5.0,15.0,2.3702593394766645
2735,5.0,15.0,1.6950179049818388
35382,5.0,12.0,1.5678534000029032
48286,5.0,14.0,0.4396570200000731
26717,5.0,12.0,1.0005706199928106
37612,5.0,12.0,0.942409200006253
45536,5.0,12.0,0.8900850000079821
37552,5.0,5.0,0.27136726187220006
36626,5.0,5.0,0.14201657655189592
39094,5.0,15.0,22.823178899628374
27777,5.0,5.0,0.11280266663860061
43929,5.0,14.0,5.4893211889718145
34471,5.0,5.0,0.33164223157160677
5183,5.0,5.0,0.09349340169603693
46362,5.0,12.0,7.091255243946307
46251,5.0,14.0,0.4404850849519448
5149,5.0,12.0,2.787067199892789
31000,5.0,14.0,0.19232582385978958
6448,5.0,15.0,2.6266736775048436
3117,5.0,14.0,0.5831707830003232
22985,5.0,15.0,2.0430340799884306
40093,5.0,14.0,0.503940900032994
3227,5.0,14.0,0.026782790397035683
38531,5.0,12.0,0.7958009999700728
39587,5.0,15.0,0.8095478999981225
40879,5.0,15.0,0.7704426224988818
26999,5.0,15.0,0.4153168200001538
15910,5.0,5.0,15.562278000183113
45553,5.0,5.0,6.274979800140784
12222,5.0,5.0,11.041018624777337
37327,5.0,5.0,8.428213266791175
4285,5.0,5.0,5.470406554396618
13297,5.0,5.0,6.226903313578532
14567,5.0,5.0,5.692499357662868
4176,5.0,5.0,3.0958934257150474
35771,5.0,5.0,2.5701613057960344
38812,5.0,12.0,6.5661743998563935
23155,5.0,12.0,3.4365727199224025
6836,5.0,14.0,1.1102568209867414
26704,5.0,12.0,2.8387955549349755
24304,5.0,14.0,0.9134717999867092
43161,5.0,12.0,3.5921130238166725
48717,5.0,12.0,2.0361029699063664
38872,5.0,12.0,1.4683556099588948
22138,5.0,14.0,0.8093632871632153
39508,5.0,12.0,1.004035799957368
25766,5.0,12.0,0.4981732499666496
7018,5.0,15.0,52.8053573619747
23075,5.0,5.0,7.566619214539912
30308,5.0,5.0,1.3125518667388576
49291,5.0,5.0,6.2201394001851895
21176,5.0,5.0,2.1115814400023964
48017,5.0,5.0,1.6874675200332945
43333,5.0,5.0,8.536867584323147
12098,5.0,5.0,10.758693120509662
22655,5.0,5.0,2.3295610965363096
3805,5.0,5.0,2.001563750689286
29143,5.0,5.0,3.656719824021067
23616,5.0,5.0,4.02003095063759
20207,5.0,5.0,0.33211013338340223
42228,5.0,5.0,3.7313783200242767
37269,5.0,5.0,3.343796351922137
27758,5.0,5.0,0.9983656505306868
18985,5.0,5.0,3.1102745495231545
35608,5.0,5.0,6.506771324955068
5476,5.0,5.0,1.8080601292774503
39134,5.0,5.0,2.4840075266272663
31342,5.0,5.0,5.364661682838502
33874,5.0,5.0,0.4190430720857776
49825,5.0,5.0,0.43082764906243654
15423,5.0,5.0,3.616249336107707
12148,5.0,15.0,5.3389443329487065
36445,5.0,5.0,0.448452505647154
45930,5.0,5.0,0.1908910081021702
29973,5.0,5.0,1.8755279999823316
34768,5.0,5.0,1.4060945999352583
5733,5.0,15.0,3.117478754967493
6441,5.0,14.0,1.2595215201036112
26297,5.0,15.0,2.413878022471078
40186,5.0,5.0,0.30902630401988773
9052,5.0,15.0,1.4041795119956362
18183,5.0,15.0,1.3272914729636458
22814,5.0,15.0,1.314352058980731
7740,5.0,15.0,1.2951029639894323
40499,5.0,15.0,1.0845955304787065
24198,5.0,15.0,1.0122652380111852
42953,5.0,14.0,0.07281996300422477
6089,5.0,14.0,0.03537569700198784
12595,5.0,14.0,0.03758576000782288
12504,5.0,14.0,0.03292704599116991
30746,5.0,14.0,0.018864710981703503
31060,5.0,5.0,0.49682303976857156
2644,5.0,5.0,1.5390709668778868
19022,5.0,12.0,11.37303307178729
6913,5.0,12.0,2.424467279858277
44696,5.0,5.0,0.6194296801270411
16891,5.0,15.0,5.05876769600291
44460,5.0,15.0,2.8073149350216795
45634,5.0,12.0,3.6605553600882814
19469,5.0,12.0,1.8890933700062789
8941,5.0,12.0,1.4825565750077772
6303,5.0,12.0,1.3766033100043877
13230,5.0,12.0,0.9928524900058946
44053,5.0,15.0,1.277722793996487
23477,5.0,12.0,0.9074351999960175
22827,5.0,15.0,0.9933233020080277
25096,5.0,12.0,0.3317092500032661
8947,5.0,12.0,0.2761329000006736
33841,5.0,15.0,0.3293993265138955
22657,5.0,15.0,0.30464008001675413
5025,5.0,12.0,0.14001453749774662
34634,5.0,12.0,0.04472309999882906
24683,12.0,12.0,1.3618764000880788
4492,5.0,5.0,0.5103138672681098
15554,5.0,5.0,1.1267494910743778
16366,5.0,5.0,0.6536681425250208
28504,5.0,5.0,0.19508500014178765
5112,5.0,5.0,0.22469265074158784
40860,5.0,5.0,1.0080508415947236
15369,5.0,5.0,0.7724206847182273
13112,5.0,15.0,7.506278784048575
27510,5.0,15.0,2.778294708025733
29827,12.0,5.0,2.809175189959781
14542,5.0,12.0,0.4578599999784778
6113,5.0,15.0,1.6499121700014001
11822,5.0,14.0,0.2827442300373235
25786,5.0,15.0,1.2674581450183418
31485,12.0,15.0,0.23883199682498812
25036,5.0,5.0,23.35703704875175
19369,5.0,5.0,11.523142669025077
46546,5.0,5.0,26.727419159554074
35452,5.0,5.0,13.965583040019453
42197,5.0,14.0,35.912676375901526
34047,5.0,5.0,6.463565999999574
49445,5.0,15.0,23.406513182133523
4768,5.0,15.0,15.53098379994151
26606,5.0,14.0,1.3047528600087617
40911,5.0,15.0,4.6307768999257135
35160,5.0,14.0,1.1604495800673789
27241,5.0,15.0,5.837734911221659
11448,5.0,14.0,0.8958320820003891
15587,5.0,14.0,0.8285941700523409
48730,5.0,15.0,2.3269443379994534
14779,5.0,12.0,1.4330762399229933
10384,5.0,15.0,0.5308409399906449
17979,5.0,12.0,0.07806935999209319
14818,5.0,12.0,0.07421969999598854
6922,5.0,5.0,4.554518016406405
25275,5.0,5.0,3.651578912254081
31537,5.0,5.0,6.928485802736617
9206,5.0,5.0,14.48156040011284
49381,5.0,5.0,7.480605542747725
30499,5.0,5.0,2.0171925001137083
35615,5.0,5.0,16.676145100027085
16907,5.0,5.0,4.194808800119034
10868,5.0,5.0,5.905520000098775
29177,5.0,5.0,6.510868531513125
19397,5.0,5.0,0.3391448577009726
40448,5.0,5.0,1.536606720297982
42962,5.0,5.0,2.064888400037617
23233,5.0,5.0,2.9204294093730425
32543,5.0,5.0,3.2316908033894265
20173,5.0,5.0,5.547482777890167
46966,5.0,5.0,2.3016463199179213
36711,5.0,5.0,7.3109940000441895
18664,5.0,5.0,5.963116000104364
15163,5.0,5.0,7.438351800021195
44028,5.0,5.0,2.0752691042880116
1515,5.0,14.0,4.203225599939884
35206,5.0,5.0,6.8346317687655755
5459,5.0,5.0,6.3685816924062095
45650,5.0,5.0,7.0812708867164105
7574,5.0,5.0,1.1734045738809158
10332,5.0,5.0,0.06408468494699093
44527,5.0,5.0,0.4588137148322744
10907,5.0,5.0,3.6813161053121704
20325,5.0,5.0,4.195345833327913
23145,5.0,5.0,1.4034524999468232
29152,5.0,14.0,1.3317434759875368
4976,5.0,5.0,1.6845666999942779
36300,5.0,15.0,4.023626915941911
49264,5.0,5.0,0.05936460793332543
47782,5.0,5.0,0.12257950398801754
210,5.0,15.0,2.2495537126658043
14413,5.0,14.0,0.44628144000774483
17665,5.0,15.0,1.5878264499920611
36451,5.0,15.0,1.5635611199833193
7458,5.0,15.0,1.5774416499711386
35677,5.0,14.0,0.4052097920205746
190,5.0,15.0,0.9155740799911047
33461,5.0,14.0,0.11667172800609649
27997,5.0,14.0,0.05267428200492308
49360,5.0,15.0,0.47512280999102785
3307,5.0,5.0,3.0692400975131022
37489,5.0,5.0,1.5330336421532138
45662,5.0,5.0,0.6249324882105043
25104,5.0,5.0,1.3148300304715406
29563,5.0,15.0,4.678821727204948
6054,5.0,12.0,2.2187436599768944
22998,5.0,12.0,1.4547116999817824
49643,5.0,12.0,1.377146909983047
32797,5.0,15.0,0.8720115750280151
13027,5.0,15.0,0.20302907103367573
16333,5.0,15.0,0.8029439850044238
49931,5.0,12.0,0.46293662999219265
37941,5.0,14.0,0.09159924001662745
44303,5.0,12.0,0.29874328498734926
37481,5.0,15.0,0.38411725999485213
9315,5.0,15.0,0.1549927499970014
1713,5.0,5.0,1.7293339644463117
12347,5.0,5.0,2.739694233207132
41592,5.0,5.0,1.5331044621439105
4620,5.0,5.0,1.8754598908289495
11086,5.0,5.0,0.1991023785990933
32522,5.0,5.0,0.22601894878994244
15401,5.0,15.0,7.852775015923768
45091,5.0,5.0,0.01930146131819299
8566,5.0,12.0,2.3941063650017753
46861,5.0,12.0,2.091785879999385
29583,5.0,12.0,1.876098472488188
2538,5.0,12.0,1.279096949991409
4572,5.0,12.0,1.0485194024993518
18714,5.0,14.0,0.6106645632619525
4165,5.0,15.0,1.1991456725034446
23589,5.0,14.0,0.18372054500414237
36025,5.0,15.0,0.8564467139828462
35513,5.0,12.0,0.5320293600048327
22178,5.0,15.0,0.6300546300046399
35152,5.0,12.0,0.3852854399965988
7539,5.0,5.0,26.302575103888273
42526,5.0,5.0,14.950546687814892
20384,5.0,5.0,14.422694399917248
19127,5.0,15.0,25.872360038157694
31818,5.0,5.0,15.019561119862047
16821,5.0,5.0,8.945285973491707
38561,5.0,5.0,6.725997833310146
19296,5.0,5.0,2.996037655456206
39490,5.0,14.0,1.187291573967272
42397,5.0,5.0,0.005389866682442346
37769,5.0,15.0,5.800922217433808
17941,5.0,14.0,0.8259357099868723
16944,5.0,14.0,0.6959874825264905
27157,5.0,14.0,0.6091015500262564
4606,5.0,14.0,0.3189085999846739
41739,5.0,14.0,0.31425031999388864
41535,5.0,15.0,1.5256002599877974
44947,5.0,14.0,0.24111929250362607
1574,5.0,14.0,0.3857252400111726
37666,5.0,14.0,0.18790677998883076
10272,5.0,15.0,0.9426789749822841
22420,5.0,15.0,0.8631384899774481
45098,5.0,14.0,0.12091346999733865
708,5.0,14.0,0.13461660001316567
37921,5.0,15.0,0.33648077999182124
5464,5.0,15.0,0.26248051199389
12601,5.0,15.0,0.2148605849938665
10160,5.0,15.0,0.12620256999686097
32868,5.0,5.0,4.158504720161716
15316,5.0,5.0,52.88629377574034
21510,5.0,5.0,18.948973619195215
28985,5.0,5.0,19.681301555359056
25641,5.0,14.0,27.149075563471
39775,5.0,5.0,6.436147161829325
35485,5.0,5.0,9.490084636903603
11301,5.0,5.0,12.304779772833015
38427,5.0,5.0,11.631463680165979
11180,5.0,5.0,6.059108799831932
38896,5.0,5.0,6.408796993450338
27953,5.0,5.0,9.896672000133634
31074,5.0,5.0,9.550776320017789
45412,5.0,5.0,8.322823730873608
4290,5.0,5.0,15.608432254153911
15653,5.0,5.0,0.4356941312504432
47187,5.0,5.0,5.709540175139679
32990,5.0,5.0,0.5884867414983717
30552,5.0,5.0,4.168150449540789
36202,5.0,5.0,1.9008469056333865
16976,5.0,14.0,0.5038092436029444
22002,5.0,5.0,0.07272866137981993
26470,5.0,5.0,1.3569733119074243
26336,5.0,12.0,2.9855396100336478
43614,5.0,15.0,3.7153905599914907
45236,5.0,5.0,0.47763184645070567
33883,5.0,5.0,0.28957566667347834
24349,5.0,5.0,3.3006760801051414
17947,5.0,12.0,2.1367069949607256
17627,5.0,5.0,0.3035531092561712
14872,5.0,14.0,0.6791193149925476
30790,5.0,14.0,1.0884781726718273
30508,5.0,15.0,1.6633021919974915
7965,5.0,14.0,0.38566878002309934
26212,5.0,15.0,1.4908435499943629
27243,5.0,14.0,0.20940974999515483
11400,5.0,15.0,0.938961371993118
43644,5.0,5.0,0.18336000000611552
11663,5.0,15.0,0.8714124899913749
9532,5.0,14.0,0.11831049002929461
48902,5.0,14.0,0.10748429700592332
20236,5.0,15.0,0.3386604899977259
37980,5.0,5.0,1.245026304060218
16864,5.0,12.0,15.890514600195388
16176,5.0,5.0,0.10188740267352614
33473,5.0,15.0,2.4895534140108566
18366,5.0,12.0,3.5493415680756897
31262,5.0,12.0,2.0563983300001354
18355,5.0,14.0,0.623153912966643
47990,5.0,12.0,0.49218870000820303
46435,5.0,12.0,0.46418013750494147
36138,5.0,14.0,0.0042219710038251534
44638,5.0,12.0,0.19831476000428871
16046,5.0,5.0,1.9283684354610386
25963,5.0,5.0,2.1365184001958255
21729,5.0,5.0,0.33024960012075155
11803,5.0,5.0,0.7016153598817709
13211,5.0,5.0,0.5038390400497406
1928,5.0,15.0,6.254895763178027
30488,5.0,15.0,4.86533176321322
9466,5.0,14.0,0.485881206007317
18827,5.0,14.0,0.36245176647204147
43169,5.0,14.0,0.33492161696928946
36162,5.0,12.0,0.9782788800075899
19915,5.0,12.0,0.7853033999570993
1957,5.0,5.0,11.665356902407837
19645,5.0,12.0,7.350255551998956
43560,5.0,5.0,1.1346599253189567
20360,5.0,15.0,8.91071902401562
23301,5.0,14.0,0.834019229998006
16746,5.0,14.0,2.0892955839078624
13,5.0,15.0,2.0609099485329594
28448,5.0,15.0,1.1457168840072178
11480,5.0,14.0,0.19674922501862468
1246,5.0,15.0,0.9145648650300906
35939,5.0,15.0,1.324588454490712
36208,5.0,15.0,0.6314496000022114
14859,5.0,14.0,0.0023465759994447666
35224,5.0,12.0,0.08775052500857505
17549,5.0,5.0,10.183686604872946
11556,5.0,5.0,5.1264170047965365
21438,5.0,5.0,5.987294259437675
27732,25.0,5.0,74.32816323228394
48846,5.0,5.0,8.319003600123906
12554,5.0,5.0,1.662701504022806
25624,5.0,5.0,6.645292800032024
1368,5.0,5.0,16.19413440007952
35058,5.0,5.0,11.607387200102508
14479,5.0,5.0,2.652016572302415
15470,5.0,5.0,5.70134087493777
29591,5.0,5.0,1.4206050820284588
40895,5.0,5.0,1.0160231999950753
13422,5.0,5.0,1.53732010698171
45478,5.0,5.0,0.6329477122143601
30762,5.0,5.0,1.6954888399908015
10222,5.0,5.0,2.513627733405869
19600,5.0,5.0,9.52544464957063
13204,5.0,14.0,3.8385593664293935
23734,5.0,5.0,3.4517072213466378
19629,5.0,5.0,0.468511600045602
43537,5.0,5.0,1.3625900203039691
34288,5.0,5.0,0.03666986671892403
33827,5.0,15.0,14.03530410428668
639,5.0,5.0,1.6374278879876485
48602,5.0,5.0,0.766203118744329
32359,5.0,5.0,1.8900839764818969
49668,5.0,12.0,9.709564079689613
47610,5.0,14.0,1.847955239932574
7891,5.0,15.0,4.631338080000887
19809,5.0,12.0,5.067770016212123
19679,5.0,5.0,1.8902772906821284
2428,5.0,14.0,0.9025433999571817
40849,5.0,5.0,0.09618363333352775
15165,5.0,15.0,3.0456696899932183
19561,5.0,12.0,1.9517985075927413
17670,5.0,5.0,0.17671209599095405
3030,5.0,15.0,2.849399807010826
223,5.0,12.0,1.2797846400676889
10645,5.0,5.0,0.7501546879922714
13512,5.0,15.0,1.4078321730035377
13630,5.0,15.0,1.6529466000762554
5354,5.0,5.0,0.17999682565376673
34575,5.0,15.0,0.17281087500516845
33226,5.0,5.0,4.480505189960411
41439,5.0,5.0,1.8945437691644997
38309,5.0,5.0,1.9065364649541152
12115,5.0,14.0,9.334067220445718
28606,5.0,5.0,1.2473043844486824
20677,5.0,5.0,0.994824959678084
18840,5.0,5.0,1.4149552645403958
9251,5.0,5.0,0.144189474326069
24991,5.0,12.0,6.734076600001885
29393,5.0,5.0,0.33604588793409107
33992,5.0,14.0,1.2683302800864524
10534,5.0,15.0,4.011101640094964
17272,5.0,14.0,0.31592855093441585
1292,5.0,14.0,0.7029918717449277
18137,5.0,12.0,2.103253904986495
49176,5.0,12.0,1.691684422512612
28868,5.0,12.0,1.4517695999788423
43227,5.0,14.0,0.009816166188059583
16799,5.0,12.0,1.235152559989256
23838,5.0,14.0,0.41342970000636825
28730,5.0,15.0,1.5277040310213437
31531,5.0,12.0,1.4903533200454078
7753,5.0,12.0,0.6564432000427765
43242,5.0,14.0,0.07129943199493383
15835,5.0,15.0,0.44436766399682437
4269,5.0,5.0,1.9086336802399728
7407,5.0,5.0,4.304474725842567
10959,5.0,5.0,0.7306424370520403
17024,5.0,5.0,0.6732033022831843
31216,5.0,12.0,16.553539200932306
40057,5.0,5.0,0.10458964264515203
465,5.0,15.0,12.956717726927423
35516,5.0,5.0,0.03882239991953895
8825,5.0,5.0,1.417599948782268
5372,5.0,14.0,2.641909142809226
30698,5.0,12.0,10.179772860663036
12011,5.0,5.0,0.48699117218507126
11931,5.0,15.0,7.763649570282013
1167,5.0,12.0,2.171512560028816
24336,5.0,12.0,2.05741110005507
45365,5.0,12.0,0.5686291200468538
13821,5.0,15.0,0.7019839559874796
14011,5.0,15.0,0.5016722400056306
10898,5.0,5.0,15.760118799795663
35052,5.0,5.0,1.5791065597960312
47533,5.0,5.0,12.759209866573812
34345,5.0,15.0,36.33069812110264
28376,5.0,15.0,40.46891427837028
23522,5.0,5.0,17.872582319663167
38144,5.0,5.0,6.762697352852285
12979,5.0,5.0,1.7942443092662614
32323,5.0,5.0,4.744376415932848
17022,5.0,5.0,2.550559665719078
39678,5.0,12.0,6.618323999998395
43286,5.0,15.0,1.5722970820101878
38222,5.0,15.0,1.285184832011634
37153,5.0,15.0,1.0108840709746882
15815,5.0,15.0,0.5170721394914013
31353,5.0,5.0,2.5991817866684244
6708,5.0,5.0,7.815919086581346
23347,5.0,5.0,12.058036173182956
35961,5.0,5.0,5.21036397249344
46006,5.0,5.0,9.797531866663917
38881,5.0,5.0,11.482196233290054
45426,5.0,5.0,12.075917227038417
29704,5.0,5.0,7.040519833562172
18053,5.0,5.0,1.6436413441491595
15063,5.0,5.0,11.259340748809265
1140,5.0,5.0,4.510746191396279
49064,5.0,5.0,0.5990452789018548
7930,5.0,5.0,15.184240344183536
37135,5.0,5.0,5.4518051328645925
3150,5.0,5.0,6.292814438419029
9882,5.0,5.0,1.6030700248829461
41225,5.0,5.0,9.61259272630609
2025,5.0,5.0,6.178628308193467
22262,5.0,5.0,0.8719417173251074
23052,5.0,5.0,0.7760640693331453
38283,5.0,5.0,2.1571494400651403
20866,5.0,15.0,4.678437660156916
4781,5.0,5.0,2.4851415152157585
19790,5.0,5.0,5.342021640029145
7481,5.0,5.0,0.9298560000064491
19216,5.0,5.0,2.3469354666746334
4540,5.0,14.0,0.6650753250379715
26207,5.0,14.0,0.6620663090417729
38845,5.0,15.0,2.5662148160911222
7635,5.0,15.0,2.48590527006613
2464,5.0,5.0,0.52755074240957
44146,5.0,12.0,1.4512770750332287
27479,5.0,14.0,0.7389571100337591
38500,5.0,5.0,0.08164326400065747
15882,5.0,14.0,0.3808977120289754
49559,5.0,14.0,0.2916630900386643
36642,5.0,12.0,0.8766584400348041
42998,5.0,12.0,0.8463460800315534
40284,5.0,5.0,0.03554201998185391
10431,5.0,14.0,0.2072415150430018
39903,5.0,14.0,0.1733744000162396
21312,5.0,15.0,0.6735376380302434
30561,5.0,15.0,0.6602604675019172
421,5.0,14.0,0.061549711998598156
6592,5.0,15.0,0.3499556249923925
42848,5.0,5.0,1.230264524775123
15763,5.0,5.0,0.3686009219819084
17869,5.0,5.0,1.1489401969647588
11316,5.0,5.0,0.3291481600398356
13303,5.0,5.0,0.6780311039413363
9257,5.0,5.0,0.10788695041655672
2630,5.0,15.0,1.7920991100361299
38373,5.0,15.0,1.0922486880335125
44152,5.0,15.0,0.8453303990181649
41738,5.0,15.0,0.667098075037746
36556,5.0,15.0,0.384882072022962
49596,5.0,15.0,0.6342263936161778
6637,5.0,5.0,0.74562610001189
4874,5.0,5.0,3.8393599146837687
6762,5.0,5.0,1.9291723518874164
19678,5.0,15.0,30.73554976863892
49295,5.0,5.0,1.9800054718252795
13278,5.0,5.0,2.8544454481132675
23859,5.0,5.0,2.162707968004497
7828,5.0,5.0,0.45830973338262027
13326,5.0,5.0,0.7211525999674109
23358,5.0,14.0,3.8356501439652106
21390,5.0,12.0,15.857836752948828
20629,5.0,12.0,8.272074000246135
2586,5.0,5.0,0.1707233451077741
40729,5.0,5.0,0.20123417595499404
15611,5.0,15.0,4.951807684273362
20137,5.0,15.0,5.967783734561152
19850,5.0,14.0,0.2976830250357061
11348,5.0,12.0,0.727072500040153
36125,5.0,14.0,0.15182406503281598
28312,5.0,14.0,0.12843686704469626
17481,5.0,15.0,0.7027523040145063
21489,5.0,12.0,0.45340140002485185
36241,5.0,15.0,0.5587476600305408
24237,5.0,15.0,0.18868187400546965
45712,5.0,5.0,19.538747697466476
16525,5.0,5.0,22.489466625094366
43145,5.0,5.0,1.1357162667572993
41892,5.0,5.0,11.498971933416897
25069,5.0,5.0,1.0253440910560414
15818,5.0,5.0,9.420121066816805
22267,5.0,5.0,2.7984560000026732
3298,5.0,5.0,9.702617834712484
5140,5.0,5.0,0.223396800140506
32400,5.0,5.0,0.6788794032572554
42902,18.0,5.0,16.864517299159147
25798,5.0,15.0,27.277215168465347
22361,5.0,14.0,3.298631519783328
13960,5.0,14.0,1.1469034820084403
26441,5.0,12.0,2.9193600000747253
10206,5.0,12.0,3.6222320641182364
47586,18.0,5.0,3.647097986003633
15642,18.0,5.0,3.6242614506724813
44677,5.0,15.0,1.1583687520272044
30037,5.0,14.0,0.1862528849823022
34956,5.0,12.0,0.48518436002749077
37625,5.0,12.0,0.45766020004128727
33348,5.0,12.0,0.4187433000230687
42396,5.0,14.0,0.07078152000559967
32942,5.0,15.0,0.43930388501418527
33991,5.0,14.0,27.185528333087575
8197,5.0,5.0,2.891190617635715
22210,5.0,15.0,24.766049615958252
36228,5.0,14.0,5.696614319961014
46194,5.0,5.0,3.591922176088545
4592,5.0,5.0,3.4462286337500956
40344,5.0,5.0,4.330820199981325
8363,5.0,14.0,13.952339866084174
45491,5.0,5.0,3.975805952152456
21044,5.0,5.0,1.2014602239415808
25960,5.0,5.0,1.774138512531792
28385,5.0,5.0,0.6700930559600664
14778,5.0,15.0,11.602175122596421
13126,5.0,5.0,1.500006963266138
14286,5.0,12.0,8.18870160012436
28311,5.0,5.0,3.589509638394304
20669,5.0,12.0,1.9784301600221355
40216,5.0,12.0,1.3310648399659364
18970,5.0,12.0,1.3697202000204989
17212,5.0,14.0,0.5374531201616222
41274,5.0,14.0,0.2347372500323086
21718,5.0,15.0,1.0224432080576662
39081,5.0,15.0,0.8285224800170603
47295,5.0,14.0,0.09855180003257757
18950,5.0,15.0,0.594920160015393
39923,5.0,14.0,0.052700549986172796
22237,5.0,15.0,0.515614235004275
4952,5.0,15.0,0.06443325000251487
42207,5.0,5.0,0.3077199969367683
2827,5.0,14.0,3.9098138693081523
37418,5.0,5.0,0.5628247556679753
39148,5.0,5.0,0.38400279907992285
27834,5.0,5.0,0.5001722367348123
40945,5.0,12.0,2.093501999948927
19974,5.0,12.0,1.6950913499487115
9144,5.0,12.0,1.0972455375153416
47858,5.0,12.0,0.796672199995422
22433,5.0,12.0,1.188995519899965
31631,5.0,14.0,0.11178916799493699
3491,5.0,5.0,0.42548198400800175
10150,5.0,5.0,2.6453321730637924
24038,5.0,5.0,0.024863999959990224
27779,5.0,12.0,20.534792304145924
6516,5.0,5.0,0.7417943040469765
34037,5.0,5.0,0.3702450958313648
13343,5.0,5.0,1.369529600242899
42250,5.0,5.0,0.1577104577686157
41082,5.0,14.0,4.197501533199329
3430,5.0,15.0,14.465292845067353
10521,5.0,12.0,8.867120304549502
29820,5.0,5.0,0.11763850250071073
14806,5.0,5.0,0.11797273615721338
4814,5.0,12.0,4.972326239970798
3536,5.0,12.0,1.9399138500018012
12259,5.0,12.0,1.0655234400219307
28928,5.0,12.0,0.9328178999967669
44073,5.0,15.0,0.5747653099907453
20688,5.0,15.0,0.9024885249588372
5144,5.0,14.0,0.1643073159939057
33079,5.0,12.0,0.2234793000091626
29879,5.0,15.0,0.09142887300382929
20780,5.0,5.0,34.054116192525214
6311,5.0,5.0,13.992731187181107
20095,5.0,5.0,11.858154666934041
38252,5.0,5.0,7.574939866922321
3645,5.0,5.0,1.9984405413816688
1759,5.0,5.0,2.1288021504586254
18043,5.0,5.0,0.6228075921087566
36243,5.0,14.0,1.90617183299495
44637,5.0,15.0,4.374436004199772
17436,5.0,14.0,1.1267217900059237
33533,5.0,14.0,0.8548402500429759
41928,5.0,12.0,2.199199260081407
46698,5.0,14.0,0.8230905300147029
16713,5.0,12.0,2.6233806721416073
33245,5.0,14.0,0.6196932704655609
31059,5.0,15.0,1.8333266311111096
43207,5.0,12.0,2.100226943949579
45288,5.0,14.0,0.33283524000239595
24763,5.0,14.0,0.25179241198716795
3542,5.0,15.0,1.01875953358957
2067,5.0,14.0,0.12893118001380444
4180,5.0,14.0,0.11798108852166322
24296,5.0,15.0,0.49401117603481115
918,5.0,15.0,0.40479670203257
1823,5.0,15.0,0.6661763400661265
22407,5.0,12.0,0.236914500011145
48652,5.0,12.0,0.22413936003605084
40636,5.0,15.0,0.2693824950062407
33926,5.0,15.0,0.07269247351570529
28628,5.0,5.0,17.00952376289399
21799,5.0,5.0,21.359343325511134
38702,5.0,5.0,17.761091442917234
27107,5.0,5.0,1.162241999986179
16449,5.0,5.0,12.21862866244662
514,5.0,5.0,13.234491647987312
26362,5.0,15.0,21.275677785935528
28954,5.0,5.0,0.675297582748172
35791,5.0,5.0,0.3136398846730941
12489,5.0,14.0,3.9825626096033204
15177,5.0,5.0,2.895286780832123
36769,5.0,5.0,2.8214373333737726
43212,5.0,5.0,0.3036595349406781
43805,5.0,5.0,1.8333640703511946
4226,5.0,5.0,4.464924928286052
300,5.0,5.0,2.3613522005373824
9201,5.0,5.0,4.453784073600282
7421,5.0,5.0,4.027638374511966
31527,5.0,5.0,4.57814801077933
30385,5.0,5.0,2.446812416057739
1187,5.0,5.0,4.621743360007656
48454,5.0,5.0,1.0768372960049888
37483,5.0,5.0,3.319401472088323
23208,5.0,5.0,0.9547940350898472
30566,5.0,5.0,1.5499591899277334
33350,5.0,5.0,1.143458802664398
35724,5.0,5.0,1.0168014880613043
27300,5.0,12.0,6.800766240008983
15069,5.0,5.0,0.32738456245697023
9729,5.0,14.0,0.9647760059776544
43184,5.0,5.0,1.8646560000142927
88,5.0,5.0,0.25294733999489694
25810,5.0,5.0,0.6451577546393743
12740,5.0,14.0,0.6457215840040824
21693,5.0,14.0,0.8098107720142842
5287,5.0,15.0,1.8832946700142763
40281,5.0,5.0,0.025642542922035716
42592,5.0,14.0,0.27754547401293017
2689,5.0,15.0,0.8880505500127107
18912,5.0,14.0,0.12496148800671314
38551,5.0,14.0,0.06787371301396927
49683,5.0,14.0,0.06174235698422237
23261,5.0,14.0,0.06229498347044071
37533,5.0,15.0,0.32920043200554616
13860,5.0,15.0,0.2684865740021536
28238,5.0,15.0,0.23475092999229386
8855,5.0,15.0,0.13409576499796305
38623,5.0,15.0,0.06789709199577665
41294,5.0,5.0,1.2782337538586148
21824,5.0,5.0,0.5817675095619279
16386,5.0,5.0,1.7631835361457604
11426,5.0,15.0,2.614572012754138
8389,5.0,12.0,4.416918527975525
37343,5.0,12.0,2.057284874961425
25687,5.0,15.0,2.3410294719766824
47662,5.0,15.0,1.7492719999585944
39278,5.0,12.0,0.8888432700484579
25202,5.0,12.0,0.406326675029848
17504,5.0,5.0,0.1152747999691428
925,5.0,5.0,3.791367437428221
36487,5.0,5.0,0.8326099999290193
32897,5.0,5.0,2.8649129814383514
40101,5.0,5.0,0.2005940000096018
44538,5.0,5.0,0.1096133562784729
16603,5.0,5.0,1.1159003478152272
3568,5.0,5.0,1.55288109620804
18944,5.0,5.0,0.13118234282148933
32249,5.0,5.0,1.9014588930342455
14753,5.0,5.0,0.35664515413954234
44056,5.0,5.0,0.0651515392973323
18320,5.0,15.0,9.081389977020677
32574,5.0,15.0,4.407902615936848
45052,5.0,14.0,0.6327401039727718
49399,5.0,15.0,3.4043398991846345
11603,5.0,12.0,1.4118266549394711
45668,5.0,14.0,0.2588251249904179
15893,5.0,15.0,1.014348383967297
42940,5.0,14.0,0.13031734248457916
25156,5.0,12.0,0.45406841249521257
32023,5.0,15.0,1.1111358656133419
1810,5.0,12.0,0.4131668999572824
24414,5.0,15.0,1.0178230079801036
29598,5.0,14.0,0.062294591012200584
18727,5.0,15.0,0.4520978625003709
28391,5.0,14.0,0.031491226988537235
39603,5.0,5.0,2.7848640001268166
12771,5.0,5.0,22.414759201319498
45901,5.0,5.0,4.964605833445432
18443,5.0,5.0,7.644002654812752
24709,5.0,15.0,22.351355962189643
16424,5.0,5.0,6.234323453962077
6618,5.0,12.0,16.448437920043034
23903,5.0,5.0,5.052188410709391
16395,5.0,5.0,3.914200399987294
46432,5.0,5.0,2.306954000095132
11656,5.0,14.0,2.841560640101676
11750,5.0,5.0,1.0608038742899595
17177,5.0,5.0,0.8095570043079121
36131,5.0,14.0,1.369796677975316
16896,5.0,5.0,0.667571884809611
36773,5.0,15.0,4.962614786983444
7197,5.0,14.0,1.2018180210469325
15178,5.0,12.0,3.2506148643167876
24592,5.0,12.0,1.7411196000932527
12082,5.0,15.0,2.64139291499945
37212,5.0,12.0,1.6611078000872581
13952,5.0,15.0,1.6338354600768632
4119,5.0,14.0,0.6744092158651611
30797,5.0,15.0,1.4634720280283844
26697,5.0,15.0,1.4715121080232407
14667,5.0,12.0,0.8601426750243633
22551,5.0,15.0,1.0986393000465124
9478,5.0,15.0,0.6072054575152013
11244,5.0,14.0,0.06268276501759473
6751,5.0,14.0,0.053327534980135205
23443,5.0,15.0,0.45807306300866113
43870,5.0,15.0,0.4296063600304114
9046,5.0,15.0,0.2996884200270573
525,5.0,12.0,0.06166965001346014
28216,5.0,5.0,2.547341166811748
48138,5.0,5.0,14.665307174493222
24132,5.0,12.0,22.46281572018546
20882,5.0,5.0,5.641892800072711
13621,5.0,5.0,8.584680691601719
5957,5.0,5.0,11.762930074147476
16731,5.0,5.0,1.2867732744807654
16865,5.0,5.0,1.8600092331527378
42478,5.0,5.0,0.6830710867045866
3384,5.0,5.0,23.422424832159834
44456,5.0,5.0,6.989531648150489
46959,5.0,15.0,20.25590218301258
20225,5.0,5.0,8.913351031943535
23374,5.0,5.0,2.0889211905329432
7520,5.0,5.0,3.6085347916382204
40806,5.0,5.0,4.664864682655946
7224,5.0,5.0,3.422089113941695
18025,5.0,15.0,18.755601019191246
37618,5.0,5.0,3.4817941608293665
23799,5.0,5.0,0.7335021397324084
40,5.0,5.0,0.28854139865154593
24014,5.0,14.0,7.531563437733951
31120,5.0,5.0,0.8155058383893348
12470,5.0,5.0,3.0622100481489483
16970,5.0,5.0,2.3569786367200294
9118,5.0,5.0,2.7630914560218542
6101,5.0,5.0,1.1666334720169118
7428,5.0,5.0,0.3235397041725889
34250,5.0,5.0,0.5203919999386173
21326,5.0,14.0,0.7221774089319339
43602,5.0,14.0,0.7550236274709832
35227,5.0,5.0,0.21179244604510927
43257,5.0,5.0,0.36990719995796795
40328,5.0,15.0,2.260552721351665
36195,5.0,15.0,1.2474858359696057
28331,5.0,12.0,0.8292434700435365
8875,5.0,12.0,0.7592922750280167
9277,5.0,5.0,0.20940723196620858
34109,5.0,15.0,0.6601602460051179
4737,5.0,14.0,0.04205547202204407
16484,5.0,12.0,0.29471295001629816
381,5.0,14.0,0.005257639504784528
17311,5.0,15.0,0.05509072799400627
19547,5.0,12.0,0.0007240799907433093
12136,5.0,5.0,1.8778309628389707
19143,5.0,5.0,0.006035865025069143
5485,5.0,5.0,1.3094097236124185
21895,5.0,15.0,18.31662911498836
12288,5.0,5.0,1.3825076116913522
29714,5.0,15.0,17.977771257867914
41419,5.0,5.0,0.5110811135728568
14866,5.0,5.0,0.1238682623513796
45254,5.0,15.0,2.6466824839662166
29656,5.0,12.0,1.3361475000615997
23673,5.0,12.0,0.3079491600142532
19455,5.0,15.0,0.39553530154107897
46709,5.0,5.0,0.2407517952281637
36066,5.0,5.0,2.8390667775224188
38917,5.0,15.0,26.787125862040853
45904,5.0,5.0,1.0111918079440443
9017,5.0,5.0,0.063119232037252
29610,5.0,5.0,0.6221606399990378
2197,5.0,14.0,0.12932788733481004
41673,5.0,12.0,0.14733358499314164
17737,5.0,12.0,1.0849865249674266
26002,5.0,12.0,1.0474348799649853
42932,5.0,12.0,0.6628507724957018
29865,5.0,12.0,0.6213318600086062
10548,5.0,12.0,0.5709493200012847
12738,5.0,15.0,0.6915396739924162
29242,5.0,12.0,0.2934580800160962
23700,5.0,15.0,0.3304112560066894
5615,5.0,12.0,0.15963222000319544
8210,5.0,5.0,15.571669200100246
27830,5.0,5.0,0.5425686719700309
2711,5.0,5.0,9.32167966770524
5581,5.0,5.0,10.574741725780655
49340,5.0,12.0,17.742559872447714
480,5.0,5.0,12.22493576560683
27480,5.0,5.0,8.841786009848107
29602,5.0,5.0,7.290066190336162
23860,5.0,5.0,6.062267666668788
288,5.0,15.0,11.699029148509737
12790,5.0,5.0,3.991216569286479
7412,5.0,14.0,6.050549620013385
25604,5.0,5.0,0.6315502080934294
43535,5.0,12.0,7.925052540980971
49726,5.0,5.0,1.164483925233064
33716,5.0,5.0,5.055615935598539
20033,5.0,12.0,3.1449191250157256
17527,5.0,12.0,2.3333442601182384
18655,5.0,14.0,1.2427075201411881
42374,5.0,12.0,3.007565940366433
12496,5.0,12.0,1.3899486901125861
22807,5.0,15.0,1.9359151280098992
9406,5.0,12.0,1.0897299525339363
21831,5.0,14.0,0.3287386950222704
5044,5.0,12.0,0.7308810075291454
23719,5.0,12.0,0.6057019875199501
26941,5.0,14.0,0.06951804101854009
33394,5.0,12.0,0.16029165000957413
35314,5.0,5.0,9.723100200264668
21002,5.0,5.0,21.462472558897872
18515,5.0,5.0,21.583462500130906
10783,5.0,5.0,11.110970593245867
49944,5.0,14.0,43.892328872621476
11934,5.0,5.0,2.425843353937495
29237,5.0,5.0,11.221423769849736
3611,5.0,5.0,14.515466666738519
30332,5.0,5.0,1.74031779855531
23713,5.0,5.0,5.352958720344873
68,5.0,5.0,4.948483311147498
7078,5.0,5.0,9.931059558425432
22258,5.0,5.0,9.118752972557502
39897,5.0,5.0,8.765122304454593
2384,5.0,5.0,4.978841333332113
19183,5.0,5.0,0.9913825334300768
18952,5.0,5.0,1.8467011753415932
33500,5.0,5.0,0.1853703680087193
14325,5.0,5.0,3.238754167976694
41716,5.0,5.0,0.9782705333195381
31922,5.0,5.0,2.1209039999649733
7020,5.0,5.0,0.7010582015807572
8173,5.0,15.0,2.5699956730073232
35133,5.0,15.0,2.590608049985981
37219,5.0,15.0,2.5081796560236427
34883,5.0,15.0,2.2073461500035343
31401,5.0,14.0,0.4507969799765661
22119,5.0,15.0,1.818972935977751
7886,5.0,5.0,1.0116765183478797
22105,5.0,15.0,1.5042358200144754
43793,5.0,5.0,0.7051553279557297
45918,5.0,14.0,0.24248642395065723
48114,5.0,15.0,0.8807143440050975
46513,5.0,15.0,0.8892860520115953
48731,5.0,15.0,0.8820179269925728
10057,5.0,14.0,0.05310144598059008
39017,5.0,14.0,0.028750163490735225
41614,5.0,15.0,0.3037771350035232
20026,5.0,15.0,0.24333063499388352
49058,5.0,15.0,0.14107517999317176
14332,5.0,15.0,0.2365621632165551
12200,5.0,5.0,3.5700563506284198
27603,5.0,5.0,0.36717009925945376
41773,5.0,5.0,1.1936564737301865
41456,5.0,5.0,1.556018279576051
45977,5.0,5.0,0.3816663037868864
10895,5.0,14.0,1.8246827515857262
42770,5.0,5.0,0.8770867200007331
40183,5.0,12.0,15.692083967750222
41134,5.0,12.0,12.498605327395609
25969,5.0,5.0,0.6830173435949405
40682,5.0,14.0,3.3526064162199276
19980,5.0,12.0,2.476832812471635
49465,5.0,12.0,1.6446033300318632
18006,5.0,12.0,1.0007017500238753
20931,5.0,12.0,0.6998670299762129
49486,5.0,14.0,0.09751239001592005
5989,5.0,12.0,0.35362919999868847
25221,5.0,14.0,2.6152819293832295
10493,5.0,5.0,0.5214096318503891
34792,5.0,5.0,0.5138286078539238
33643,5.0,5.0,0.5115232746644978
41495,5.0,15.0,12.815189679884355
39746,5.0,5.0,0.31095763620034234
14735,5.0,5.0,0.015240550376319106
41346,5.0,5.0,0.6658357076544661
23371,5.0,12.0,5.9845946157392405
13145,5.0,12.0,2.7368307299491192
45149,5.0,14.0,1.4026371935599116
10864,5.0,14.0,0.769246368077674
939,5.0,14.0,0.27030826354296167
28540,5.0,15.0,0.9833150639640582
34549,5.0,12.0,0.20737704000420631
16937,5.0,15.0,0.16795389003448324
17676,5.0,5.0,0.7893347521909959
14566,5.0,5.0,2.092323600066834
32096,5.0,5.0,12.328852735886812
42648,5.0,5.0,15.195864812976083
4305,5.0,5.0,18.761319936183128
26734,5.0,5.0,6.185861999956757
16749,5.0,5.0,7.623380800001556
23398,5.0,5.0,31.947178432311205
31557,5.0,5.0,0.19406162029136453
24534,5.0,5.0,0.5302915414780216
28776,5.0,12.0,9.95646086390812
2984,5.0,15.0,15.278547513142883
45064,5.0,5.0,2.563211764936952
28763,5.0,12.0,2.8904359349615802
44329,5.0,12.0,2.5907915774634276
8967,5.0,12.0,2.3900312999741757
30541,5.0,12.0,1.852453199999566
715,5.0,12.0,1.6782312000064294
30442,5.0,15.0,2.377421247969945
44808,5.0,15.0,1.925666783955542
43451,5.0,14.0,0.41757874401336537
354,5.0,15.0,1.1899469910000082
27557,5.0,12.0,0.6214308150032029
12692,5.0,15.0,0.49262638548685445
19101,5.0,12.0,0.2990882999994575
11105,5.0,15.0,0.3909099199846162
18682,5.0,15.0,0.11727034000029546
32646,5.0,15.0,0.014750057984966869
14195,5.0,5.0,17.427999999922577
33203,5.0,5.0,6.693178848053208
33835,5.0,5.0,15.005895936289988
45898,5.0,5.0,3.3005038936553888
46120,5.0,5.0,1.4273955073565503
31965,5.0,5.0,11.037132373605232
1181,5.0,5.0,10.110587050825018
15626,5.0,5.0,12.992737024181963
46246,5.0,5.0,4.248489386767972
20857,5.0,5.0,11.64817694368125
3143,5.0,5.0,1.0153126402458952
21309,5.0,5.0,5.4633570000048906
5729,5.0,5.0,0.7020575999815719
20132,5.0,5.0,0.6341676033323154
30450,5.0,5.0,3.7417531733786404
39803,5.0,14.0,10.835621183854343
29657,5.0,5.0,4.272772829748121
43264,5.0,5.0,2.0331206666745913
27618,5.0,5.0,4.957014613197401
2800,5.0,5.0,0.6153109923951448
8148,5.0,5.0,0.7032804351943369
39929,5.0,14.0,1.926447144436409
21616,5.0,5.0,0.8964971479627408
6336,5.0,15.0,6.101764252723655
9282,5.0,5.0,1.9375697066255526
3530,5.0,14.0,0.8122887059719517
33873,5.0,14.0,1.5888230386621913
1219,5.0,5.0,0.8228391925503971
7761,5.0,14.0,1.5873657479910648
13520,5.0,14.0,0.7562043800448279
13138,5.0,12.0,1.7187372074971314
20006,5.0,15.0,2.3019352605006773
30462,5.0,14.0,4.086009907144096
21286,5.0,12.0,1.3990147500067067
1969,5.0,14.0,0.4270367999867659
27983,5.0,15.0,1.5118736639877781
17121,5.0,14.0,0.30835439399594833
28934,5.0,15.0,1.1232366960089895
38033,5.0,14.0,0.20784277800196094
30996,5.0,5.0,0.3319211519870482
34543,5.0,14.0,0.1380992220094317
35166,5.0,15.0,0.7678444319848658
15861,5.0,15.0,0.6403345349883764
2440,5.0,15.0,0.2183910840051304
20466,5.0,15.0,0.09630969999977745
7466,5.0,5.0,0.7394742274576913
33737,5.0,5.0,1.4263744680234538
3608,5.0,12.0,2.1344086874736377
32705,5.0,12.0,3.411914915962683
47957,5.0,12.0,1.820371350002329
24054,5.0,12.0,1.4829994199880687
9111,5.0,12.0,1.1592925500081428
34286,5.0,12.0,1.0808032800138037
18609,5.0,12.0,0.8533399800299382
38479,5.0,14.0,0.22283758796060127
49137,5.0,12.0,0.34956815249535733
33677,5.0,15.0,0.48257849995007085
4578,5.0,12.0,0.46193574005591387
19803,5.0,12.0,0.20182057499476613
23116,5.0,15.0,0.025191520004321788
19180,5.0,5.0,7.3933553282714115
47413,5.0,5.0,3.5589103105037907
10730,5.0,5.0,0.7790692639300971
4277,5.0,5.0,0.5143610880549261
31174,5.0,5.0,0.5946624000093408
16702,5.0,5.0,1.0975456257100689
32040,5.0,5.0,0.21234526667602438
45721,5.0,5.0,0.3258991272524412
6769,5.0,14.0,2.303752516761577
6087,5.0,15.0,3.7610253399074836
46172,5.0,12.0,1.8385554449730819
13009,5.0,14.0,0.4249330019905315
19581,5.0,14.0,0.366324120006297
49537,5.0,12.0,0.9123808799907955
36091,5.0,12.0,0.5693416049734967
12528,5.0,12.0,0.5092593599825719
11166,5.0,14.0,0.05253981601475921
5470,5.0,12.0,0.1511298974794446
47554,5.0,5.0,16.902231600098446
28932,5.0,5.0,14.622707760895707
21162,5.0,5.0,7.3387676164797995
42413,5.0,5.0,8.196200652981716
36302,5.0,5.0,6.132248337367457
11581,5.0,5.0,7.739643566667581
24859,5.0,5.0,0.0677686786678322
18868,5.0,5.0,0.9950623999219772
11050,5.0,5.0,0.7115475999700607
37546,5.0,15.0,5.763420849086117
10711,5.0,12.0,4.655814240257357
6574,5.0,14.0,0.76349467791389
27655,5.0,12.0,1.8440379074915931
38858,5.0,15.0,2.6087627599931302
8495,5.0,12.0,1.4683566000472013
24978,5.0,12.0,1.3254173400915903
26605,5.0,12.0,1.196422005040585
43759,5.0,12.0,1.128942862573389
30699,5.0,12.0,0.8568285600640664
18937,5.0,14.0,0.073049087930805
48068,5.0,12.0,0.0060718800012897756
38339,5.0,5.0,4.816292583939145
10135,5.0,5.0,23.572971553918308
16552,5.0,5.0,26.883231999760824
44972,5.0,15.0,9.990928928214714
13991,5.0,14.0,8.758845097850212
48742,5.0,5.0,8.673957440211424
29964,5.0,5.0,3.4866775803375276
47749,5.0,5.0,2.466057216619589
25535,5.0,5.0,0.8652253239132932
44475,5.0,5.0,11.688340940994465
29334,5.0,14.0,22.111893039735094
39541,5.0,14.0,16.674872076001776
24799,5.0,5.0,4.211244000009131
35780,5.0,5.0,5.372243923213176
16480,5.0,5.0,3.0524916740448873
39080,5.0,5.0,2.4541858240531553
26561,5.0,5.0,3.4584320002016966
25138,5.0,5.0,7.3297676802447995
30052,5.0,5.0,2.0347608000279536
2725,5.0,5.0,1.499896161397544
34917,5.0,5.0,8.603125759757646
32998,5.0,5.0,6.353410504158376
7807,5.0,5.0,5.837276159796502
7797,5.0,5.0,5.431324008100212
37786,5.0,5.0,1.1537489332858826
26041,5.0,14.0,3.453361920022033
30096,5.0,5.0,0.38404433913058256
44042,5.0,5.0,0.8850654720207132
16931,5.0,5.0,0.117796147120238
55,5.0,5.0,2.567294500014576
12406,5.0,5.0,1.0613668470344564
37969,5.0,5.0,0.4048848384106307
8401,5.0,5.0,0.7003046665698598
20218,5.0,14.0,0.9538012050289737
23756,5.0,5.0,0.385233333323896
6843,5.0,14.0,0.7408110270271884
29775,5.0,5.0,0.5392885247935197
11585,5.0,14.0,0.6568294500085443
3555,5.0,15.0,2.546845788067447
21462,5.0,15.0,5.056089984174022
19877,5.0,14.0,0.2029867155113756
26134,5.0,14.0,0.14276100001717928
13086,5.0,12.0,0.4252384200122403
14424,5.0,14.0,0.2156737918896674
31729,5.0,14.0,0.06338387397335143
6874,5.0,14.0,0.4610755200843215
13599,5.0,14.0,0.037583330007745275
30700,5.0,14.0,0.0013550400001252072
20092,5.0,5.0,1.2779700416467108
48941,5.0,5.0,2.1070481918383166
10557,5.0,5.0,0.6632539999714169
46710,5.0,14.0,3.934802879978406
43622,5.0,5.0,0.4301035007971734
38393,15.0,15.0,1.1457612003611928
38655,5.0,12.0,2.594450257605203
31577,5.0,12.0,2.227481400084578
16445,5.0,12.0,1.6858732800383613
15573,5.0,14.0,0.05631317204060782
4329,5.0,15.0,0.21560797801213738
12568,5.0,12.0,0.06590109000604194
14879,5.0,5.0,3.3551717369515472
23365,5.0,5.0,0.2559233277133899
2994,5.0,5.0,0.2645594999704173
40472,5.0,5.0,2.331576287865886
22035,5.0,5.0,1.5787971069610336
37017,5.0,5.0,0.34583280650656434
28077,5.0,5.0,1.3883844436101782
44233,5.0,5.0,0.5957446654303311
47374,5.0,5.0,0.47055943682279633
20769,5.0,5.0,0.20059410764707764
33945,5.0,15.0,6.40076995230298
4145,5.0,12.0,2.673673590149072
45903,5.0,12.0,2.539873128020119
7523,5.0,12.0,2.167514760114166
43148,5.0,15.0,65.8375619509535
35966,5.0,14.0,14.632820803740515
22340,5.0,5.0,9.048597327653596
17579,5.0,12.0,16.131607571146787
49806,5.0,15.0,6.9415094779155595
48365,5.0,14.0,0.9096269820648644
28062,5.0,15.0,2.6042796719561245
2820,5.0,12.0,2.7816315596992496
13500,5.0,15.0,2.650429660053785
47733,5.0,15.0,1.7835462379341145
14352,5.0,15.0,1.3954101119592401
23837,5.0,12.0,0.9270482699319835
19496,5.0,14.0,0.2314530600336706
32259,5.0,12.0,0.5033626499667889
47,5.0,14.0,0.10934665201741645
16268,5.0,12.0,0.42772700994749435
36308,5.0,14.0,0.08983612202366409
39582,5.0,14.0,0.007224216012692963
46778,5.0,5.0,8.892928068160245
29797,5.0,5.0,9.83464999991557
38976,5.0,5.0,48.8857362483576
10094,5.0,5.0,2.2652937065153367
19122,5.0,5.0,5.8420282880212255
1656,5.0,5.0,11.284735399802699
43173,5.0,5.0,1.85561098021833
17858,5.0,5.0,11.092416133142379
45507,5.0,5.0,1.9650226665881831
11436,5.0,5.0,8.089020933210662
5586,5.0,5.0,1.360357399921213
10048,5.0,5.0,5.429942360077803
14240,5.0,15.0,26.436580009993264
39258,5.0,12.0,39.69938848835329
13295,5.0,5.0,6.495127829458127
19326,5.0,5.0,4.128125269486162
22921,5.0,5.0,6.025262660480422
17483,5.0,5.0,8.12016460830317
26976,5.0,5.0,1.333913333324631
29959,5.0,5.0,1.6905100801799335
28565,5.0,5.0,5.590465889705655
11439,5.0,5.0,6.151632810767353
26122,5.0,5.0,0.8976483840772715
12718,5.0,5.0,4.202881466470643
26005,5.0,5.0,3.3325391999684797
38557,5.0,5.0,13.71415547536661
33244,5.0,5.0,3.452852736176382
5704,5.0,5.0,3.6692589166407146
49006,5.0,15.0,5.17518520058379
34082,5.0,5.0,1.4341125063840963
36837,5.0,5.0,0.5054223200983756
6749,5.0,15.0,3.729511850040147
34230,5.0,5.0,0.5832798720282213
39881,5.0,5.0,0.7361129483525843
34558,5.0,5.0,0.5626945219360096
14312,5.0,5.0,0.7731957680434078
30353,5.0,5.0,1.5299345407424951
31860,5.0,15.0,2.788441935063254
10954,5.0,15.0,3.46082780000728
32199,5.0,5.0,0.8952393813917858
7172,5.0,5.0,0.03971851946714722
27925,5.0,14.0,0.46302049998053363
39733,5.0,5.0,0.0358843799597075
25977,5.0,14.0,0.36186336008333697
20210,5.0,5.0,0.34149127677048696
34227,5.0,15.0,1.1080320600266678
28739,5.0,14.0,0.20354680756286925
4928,5.0,14.0,0.16396902002791158
41896,5.0,15.0,0.8666124600470138
43439,5.0,14.0,0.11642626798618849
47018,5.0,15.0,0.6644404440268179
24696,5.0,15.0,0.5894042040139862
45542,5.0,5.0,6.3112829768912775
11767,5.0,5.0,3.3110272798255096
8877,5.0,5.0,1.9121085439969079
35347,5.0,5.0,0.6466722613053832
6390,5.0,5.0,1.6011292160530672
15342,5.0,5.0,1.1768264998812583
18555,5.0,5.0,0.44337240421771185
3695,5.0,5.0,0.7318784001755603
48789,5.0,15.0,16.814693784312198
14315,5.0,5.0,0.7940236799526446
20957,5.0,12.0,4.146552192116033
35178,5.0,15.0,2.3776972846659064
40734,5.0,12.0,1.771694400079756
24873,5.0,15.0,0.28446372612881987
35592,5.0,15.0,0.8771808120430951
37501,5.0,12.0,0.5507535000349968
8625,5.0,15.0,0.11470619499417856
1185,5.0,5.0,0.6742351041257564
19317,5.0,12.0,19.72434176467226
49813,5.0,5.0,3.0548055553285565
9913,5.0,5.0,0.644023807786283
19527,5.0,5.0,1.202378400417814
3118,5.0,5.0,0.5143112534960324
33003,5.0,5.0,0.21673454943093873
38996,5.0,14.0,2.730035231880578
15001,5.0,12.0,4.64593728021093
2270,5.0,12.0,2.197724587557701
9492,5.0,15.0,1.6535472499822532
38025,5.0,15.0,2.812470840111409
48973,5.0,15.0,1.226739129042432
20335,5.0,15.0,0.4761262199855212
38760,5.0,15.0,0.34771935752120964
13873,5.0,12.0,0.036175440002306214
17058,5.0,5.0,3.0957127999667478
523,5.0,5.0,9.798856992023843
31595,5.0,5.0,22.698338402803273
2567,5.0,5.0,11.532214989542723
40480,5.0,5.0,0.3220052484955147
7961,5.0,5.0,13.71287132771701
40893,5.0,5.0,0.8281047556981207
40135,5.0,5.0,0.23535799991120143
7097,5.0,14.0,2.2708980377054786
1173,5.0,5.0,4.222425313520986
36877,5.0,12.0,15.431448000204142
19246,5.0,15.0,6.063299139997284
14480,5.0,5.0,0.3733706666612022
22571,5.0,14.0,4.562854080101943
762,5.0,14.0,0.7417024799656602
43548,5.0,15.0,2.9758161215766705
40736,5.0,14.0,0.5473603544803929
38930,5.0,12.0,1.214912550015839
29538,5.0,12.0,0.9469791750016654
41666,5.0,12.0,0.9886574550152005
21738,5.0,12.0,0.8856745500229035
6140,5.0,15.0,1.0418799000080003
20080,5.0,14.0,0.16782093900049766
14005,5.0,15.0,0.1039618599929768
28908,5.0,15.0,0.060564288014818946
32585,5.0,5.0,15.136375466694858
2119,5.0,5.0,5.628489779837082
25208,5.0,5.0,27.949221072205546
4782,5.0,14.0,24.126106552900524
47336,5.0,5.0,19.464237927375052
17845,5.0,5.0,7.274565333275277
9435,5.0,5.0,4.089956437681224
5684,5.0,5.0,12.145212799861056
34706,5.0,5.0,4.595871960086299
21863,5.0,14.0,14.796282576415024
31310,5.0,5.0,2.173853866819627
18405,5.0,5.0,11.235086640020214
7467,5.0,5.0,1.843097600145967
18667,5.0,5.0,0.8340049936243616
38653,5.0,5.0,8.018265873502045
1401,5.0,5.0,4.76303925286156
18181,5.0,5.0,3.9072166272233915
19083,5.0,5.0,2.660736460870268
31430,5.0,5.0,2.2316303999179397
48848,5.0,12.0,2.7162162299142665
44912,5.0,5.0,1.2927208656103666
4965,5.0,15.0,8.23380869985671
13362,5.0,15.0,2.6761430749206028
14990,5.0,5.0,0.13757184000721168
40932,5.0,5.0,2.0346263040598167
20256,5.0,12.0,1.6374922499171234
12725,5.0,15.0,2.0659748879796496
7308,5.0,14.0,0.5680161599715738
19705,5.0,15.0,1.7483631615336641
4790,5.0,14.0,0.22080037499070038
6953,5.0,15.0,0.9016392600007759
38242,5.0,12.0,0.3698001299787448
7604,5.0,14.0,0.0032517780084644343
8954,5.0,15.0,0.2569295400143954
35566,5.0,5.0,0.2040424963192322
46416,5.0,5.0,0.02844784643730236
33571,5.0,12.0,3.168397379908633
10462,5.0,15.0,1.914989385058277
2132,5.0,15.0,1.4613178350462803
19331,5.0,12.0,0.6329762175367808
15743,5.0,5.0,3.8213623438908826
26897,5.0,5.0,0.048169100005665655
7524,5.0,5.0,0.32232422414071493
8908,5.0,5.0,3.494568839759637
19966,5.0,5.0,0.1257373439478755
8888,5.0,14.0,2.507845230234352
36117,5.0,15.0,4.149179570078701
32680,5.0,15.0,3.7517251440698374
33,5.0,12.0,2.469803002532359
7117,5.0,5.0,0.016712030554700164
46074,5.0,12.0,1.9825562999654522
26454,5.0,15.0,3.2139170496087672
23405,5.0,14.0,0.5367722400058987
2302,5.0,12.0,1.515753862487788
46357,5.0,14.0,0.30727637749459547
36182,5.0,12.0,0.5100848400007187
8837,5.0,14.0,0.06101765002775217
18329,5.0,14.0,0.04053940000019107
34976,5.0,14.0,0.009371115014742415
49367,5.0,15.0,0.28150889250589994
26841,5.0,15.0,0.16089917249786323
33050,5.0,5.0,8.545207600342309
44492,5.0,5.0,7.595703200317502
39805,5.0,5.0,10.778227302236957
40689,5.0,5.0,0.8834300585551205
27634,5.0,5.0,2.994352687372782
21558,5.0,5.0,0.15039566684089323
10192,5.0,5.0,4.519556313416075
5724,5.0,5.0,3.2127526667494664
20111,5.0,15.0,4.700839260087562
10187,5.0,15.0,2.0594534640323054
18484,5.0,15.0,1.0463344500286524
43517,5.0,14.0,0.1614878280066847
32791,5.0,12.0,0.3458979299766831
44204,5.0,15.0,0.8196369152593075
9117,5.0,12.0,0.40927742402354994
3759,5.0,15.0,0.11415720001459118
16175,5.0,12.0,0.0265056599930098
43679,5.0,5.0,2.392251480165555
15105,5.0,5.0,15.659760921950976
25791,5.0,5.0,11.035034923098493
33782,5.0,5.0,9.487593915414436
1430,5.0,14.0,15.85590961459991
16820,5.0,5.0,1.9902237693718234
11492,5.0,5.0,0.3912749283766743
19051,5.0,5.0,2.5415885649958057
38528,5.0,5.0,8.349198000151972
28317,5.0,14.0,14.144865620500411
31507,5.0,5.0,0.793271807877602
42017,5.0,5.0,6.441175000130727
35433,5.0,5.0,5.118163368095523
48265,5.0,5.0,9.802276512109245
19398,5.0,5.0,1.3702527999406726
33281,5.0,5.0,0.5076607863408356
16776,5.0,5.0,3.8334622845313007
38093,5.0,5.0,1.3118830251617482
35318,5.0,5.0,1.7179699200860767
47853,5.0,5.0,2.928962816177666
14368,5.0,5.0,0.18046375999625752
49996,5.0,15.0,7.166798944041048
33035,5.0,5.0,0.2995868159610211
46992,5.0,14.0,4.467917000101664
3145,5.0,5.0,0.3388969812628382
5326,5.0,15.0,3.0074888100230694
11833,5.0,14.0,4.332467164851359
11847,5.0,5.0,0.04235721381581925
49572,5.0,14.0,0.2898383375445608
47025,5.0,14.0,0.34210374087488304
33591,5.0,15.0,0.4655598719975451
39423,5.0,5.0,0.36536217632226453
15114,5.0,5.0,0.6954138454881047
49532,5.0,5.0,0.1150323713439434
49065,5.0,5.0,0.36458513994597297
19232,5.0,15.0,6.565918046391786
21261,5.0,14.0,0.1226222899946805
5903,5.0,12.0,2.548235639961405
39751,5.0,12.0,1.9828269299787813
7287,5.0,12.0,1.943521589956454
30639,5.0,12.0,1.1487954000620704
1804,5.0,12.0,0.053132159991630346
16420,5.0,14.0,0.34111423352878845
11741,5.0,15.0,1.065522378016846
30383,5.0,12.0,0.31730250000045057
21575,5.0,5.0,2.310732492916941
43769,5.0,5.0,0.8177917332281623
26763,5.0,5.0,0.08601625631143861
419,5.0,15.0,27.47988449890846
5382,5.0,5.0,0.16064400000011858
460,5.0,5.0,0.28560998436043405
19226,5.0,5.0,0.15391549444521502
39694,5.0,5.0,0.5069562881619305
46081,5.0,15.0,3.33467971495768
13263,5.0,12.0,1.9602371098819802
27451,5.0,15.0,2.427551423835837
33678,5.0,14.0,0.11535491397937214
1672,5.0,12.0,0.33866993996551553
26179,5.0,12.0,0.12876086998566727
22007,5.0,14.0,9.445596059798504
8386,5.0,5.0,12.074121600178145
30448,5.0,5.0,4.632666199633576
23895,5.0,5.0,2.820533322733013
8576,5.0,5.0,0.18333733348140413
29423,5.0,5.0,0.14355790010915115
11754,5.0,15.0,4.889952587999765
6042,5.0,14.0,0.9736306880662369
20216,5.0,15.0,3.6469874461166256
9991,5.0,14.0,0.8989827960667114
35657,5.0,15.0,5.727502387295601
34851,5.0,15.0,3.194791296022892
28015,5.0,15.0,1.8500052720016669
46441,5.0,15.0,1.6875376400634856
16334,5.0,14.0,0.23254477201431278
33868,5.0,14.0,0.23963517452174266
15533,5.0,15.0,1.0891903150278086
879,5.0,15.0,1.0211858924985435
24672,5.0,14.0,0.14945889502173948
32161,5.0,15.0,0.6669710229997765
22185,5.0,14.0,0.07309441998765998
40131,5.0,15.0,0.1607106599972279
21613,5.0,12.0,38.41681234848954
10399,5.0,5.0,3.806966374575069
48382,5.0,5.0,7.249117792138179
45541,5.0,5.0,0.9628437215021393
31715,5.0,14.0,11.132027785860743
1746,5.0,5.0,4.773354240089446
11621,5.0,5.0,0.7503048000216808
1402,5.0,5.0,0.858460016887193
19477,5.0,5.0,8.230315025427643
38128,5.0,5.0,0.29502720003850413
45070,5.0,12.0,13.684528128250463
49341,5.0,5.0,0.7924616194068079
27836,5.0,5.0,2.215718399992994
15372,5.0,5.0,7.109320800081193
37762,5.0,5.0,2.4183512279982935
17470,5.0,5.0,0.25082294618131584
22004,5.0,5.0,0.30418603341198036
22541,5.0,5.0,3.185990656134422
39440,5.0,5.0,2.4319297430120983
10860,5.0,5.0,1.6662280000395526
24502,5.0,5.0,0.9117786796228913
35710,5.0,5.0,4.001680560211952
44415,5.0,15.0,4.263949821154739
19325,5.0,5.0,0.2275746750183032
18918,5.0,12.0,2.7771132000490013
36733,5.0,14.0,4.994165217838464
14796,5.0,5.0,1.7596575373421537
39160,5.0,15.0,2.3217744949951076
40897,5.0,5.0,1.7669615952088797
16052,5.0,14.0,0.5617731360063445
40649,5.0,15.0,2.2257668894594964
32083,5.0,15.0,2.048931501008493
34485,5.0,14.0,0.49968620101076766
20893,5.0,14.0,0.3841168799666548
17921,5.0,12.0,1.0939878750108178
42920,5.0,14.0,0.22224097501245588
9847,5.0,14.0,0.08753485153108542
262,5.0,15.0,0.29311731201051927
14346,5.0,15.0,0.17390072002244805
29596,5.0,15.0,0.18632613446979374
40568,5.0,5.0,0.1538380000132804
16394,5.0,5.0,1.2696690345730701
28293,5.0,5.0,0.3282844160092111
12918,5.0,5.0,1.2889489919165555
46236,5.0,5.0,0.0279331198933761
7348,5.0,5.0,1.0161029119378782
15207,5.0,5.0,0.3360278186859347
42027,5.0,12.0,3.056424060039511
34444,5.0,12.0,2.2718631000263514
32364,5.0,12.0,2.042130585063113
13453,5.0,12.0,1.1260380000126737
4034,5.0,15.0,0.23027132098622438
30756,5.0,5.0,0.9541214580207509
30974,5.0,5.0,3.1823296985702427
42730,5.0,5.0,2.8218473641130686
39030,5.0,5.0,2.5827276797948286
28731,5.0,5.0,3.865535334387772
40810,18.0,5.0,18.167519066377835
13361,5.0,15.0,18.55010097562254
26882,5.0,5.0,0.15259649706794676
39481,5.0,12.0,9.894963539439914
22402,5.0,5.0,0.025255270369939353
30908,5.0,15.0,5.94789589386329
25556,5.0,15.0,3.7157788774598757
25247,5.0,12.0,4.166076575931513
21810,5.0,14.0,1.342087628887171
14096,5.0,12.0,2.1170380799639332
47294,5.0,12.0,1.4985317999572487
7169,5.0,12.0,0.30573336001950224
33781,5.0,12.0,1.193731679848817
31879,5.0,14.0,0.8631957479177359
1168,5.0,15.0,0.710429565033273
21628,5.0,14.0,0.07238947204085022
47393,5.0,5.0,11.899535463096015
43804,5.0,12.0,21.240845760283094
15140,5.0,5.0,7.255194249074691
9174,5.0,5.0,11.365751999960494
2819,5.0,5.0,9.402308448095596
44590,5.0,5.0,1.1820276640822271
22254,5.0,5.0,1.7864448000763673
28364,5.0,5.0,5.623612672166473
39995,5.0,5.0,5.037408682867934
8871,5.0,5.0,4.973646000041427
15331,5.0,5.0,2.3828611584645785
44754,5.0,5.0,1.8285862320557769
9715,5.0,12.0,2.128918440069512
24565,5.0,15.0,2.4510989069974123
7473,5.0,14.0,0.5054226010092329
1516,5.0,14.0,0.4067398799688817
26777,5.0,14.0,0.2638073250187638
48022,5.0,12.0,0.5549122199789718
11592,5.0,5.0,12.168509696677205
16362,5.0,5.0,2.1156514334670646
44879,5.0,5.0,10.906623572944426
41483,5.0,5.0,13.072098867649572
24281,5.0,5.0,3.8128860187698734
14505,5.0,5.0,8.73006535689126
1644,5.0,5.0,1.318484999799523
41485,5.0,5.0,0.6455280000480599
427,5.0,5.0,11.726788439906471
10541,5.0,5.0,4.103987544169428
13032,5.0,5.0,1.1591574767355297
10058,5.0,5.0,6.573533930855973
49821,5.0,5.0,7.601065315013159
24569,5.0,5.0,0.2648365333697029
39286,5.0,5.0,1.8945205760565926
30033,5.0,5.0,0.14522320003325717
45080,5.0,5.0,0.13148080003041684
21496,5.0,5.0,3.0960189995095533
3523,5.0,5.0,5.346895923086237
35189,5.0,5.0,4.576975599981068
14853,5.0,5.0,1.6110504960852552
9780,5.0,14.0,6.95685265208887
44111,5.0,5.0,2.377052245402396
47636,5.0,5.0,1.0895574816279918
29461,5.0,5.0,0.07873049600132731
39771,5.0,14.0,2.634864600027946
47681,5.0,14.0,9.553497606932126
24381,5.0,15.0,8.231395632641721
13601,5.0,5.0,2.0063607999543507
27154,5.0,5.0,1.3576667201056623
15890,5.0,5.0,0.24038519999609775
34452,5.0,5.0,0.3350988800309622
37410,5.0,14.0,1.0619006161306643
9701,5.0,15.0,3.0819230179995287
19521,5.0,15.0,2.2532205900227744
8658,5.0,15.0,1.9309419180240894
2329,5.0,15.0,2.000529079996376
42954,5.0,5.0,0.14117195095059287
27530,5.0,15.0,1.6407018500174608
14543,5.0,14.0,0.39150541447016707
31140,5.0,5.0,1.0760127999833315
26119,5.0,5.0,0.4076194320168529
22900,5.0,14.0,0.13884869396368416
12477,5.0,14.0,0.12511612199428868
35775,5.0,15.0,0.7600427849721392
36058,5.0,12.0,0.5283583500302758
11820,5.0,12.0,0.43767016502382816
27203,5.0,14.0,0.019075239998646687
30993,5.0,15.0,0.3112771400009837
30088,5.0,15.0,0.21922177500977025
29511,5.0,15.0,0.21209135999452666
15946,5.0,15.0,0.18651151499322882
45701,5.0,5.0,2.0976968259277555
22265,5.0,5.0,1.3845339132977301
12228,5.0,5.0,1.1742106450613505
22545,5.0,5.0,0.8040191519500581
2164,5.0,15.0,6.86945769590119
40414,5.0,5.0,0.048729600086332425
4631,5.0,12.0,1.8471989999455118
21102,5.0,15.0,3.086473558967029
28494,5.0,15.0,4.648972447095062
11026,5.0,15.0,1.5340821720157756
41858,5.0,14.0,0.2524950225152107
41779,5.0,14.0,0.22698405991901183
31335,5.0,15.0,0.8384670599952262
13486,5.0,12.0,0.5734218000042919
40007,5.0,12.0,0.5258298900308418
23968,5.0,15.0,0.45664314900071545
31413,5.0,12.0,0.2789237999979113
20078,5.0,15.0,0.1329179249889707
34273,5.0,12.0,0.07563787500037122
9688,5.0,5.0,3.25740844776783
35019,5.0,5.0,0.48226292020427763
47956,5.0,15.0,22.719447666252677
18262,5.0,5.0,0.0482655743521434
49393,5.0,14.0,3.9051027839413166
35886,5.0,5.0,0.03797323196292268
8864,5.0,5.0,0.3051035136014377
37579,5.0,15.0,13.331256043129912
29832,5.0,12.0,6.224471040181442
39436,5.0,15.0,2.4326299375322833
19875,5.0,15.0,1.1570702880233839
2951,5.0,12.0,2.958916800073375
30967,5.0,12.0,1.6724228250306297
45387,5.0,14.0,0.14205042000423873
21403,5.0,15.0,0.08123475000572222
45997,5.0,5.0,30.800117913646773
5774,5.0,5.0,10.85812454395051
35716,5.0,15.0,54.43779372451081
17464,5.0,5.0,10.525191899952773
26804,5.0,5.0,16.86685661029219
20436,5.0,5.0,10.21212133323418
35917,5.0,5.0,5.0514417999687
18326,5.0,5.0,5.8150281447693
13525,5.0,15.0,4.6793046779588465
27366,5.0,15.0,4.367475698962835
20980,5.0,5.0,0.023826760003728964
47701,5.0,15.0,3.8672889060144513
38707,5.0,15.0,3.847294993015339
28245,5.0,15.0,2.7153078999762457
45831,5.0,14.0,1.0085997598963843
18676,5.0,14.0,0.46686168997223376
37442,5.0,15.0,1.917637500005803
15684,5.0,12.0,1.087608449986753
36701,5.0,15.0,1.6010597999592164
17449,5.0,14.0,0.36066765600932627
49597,5.0,15.0,0.7409618000049036
40066,5.0,15.0,0.6858985360041121
39403,5.0,12.0,0.4018807199938532
6244,5.0,12.0,0.3038794499956987
35376,5.0,15.0,0.354907967997085
30187,5.0,15.0,0.18513364997881565
11121,5.0,5.0,11.525892999885059
43737,5.0,5.0,20.84956132516311
48697,5.0,5.0,1.7569265631841517
26008,5.0,12.0,44.26836204070935
14833,5.0,5.0,17.498645333338146
2172,5.0,5.0,3.2039131140159895
16066,5.0,5.0,6.430546739446726
44546,5.0,5.0,3.301808990199021
32490,5.0,5.0,1.286931507414323
3267,5.0,5.0,1.5926266883373046
24030,5.0,5.0,7.336037376070806
6555,5.0,5.0,6.593784662074711
14157,5.0,5.0,7.735192319868901
11806,5.0,5.0,0.6552391840543805
8584,5.0,5.0,1.2875380176599833
21890,5.0,5.0,2.508182784031135
25115,5.0,5.0,1.6212361344575328
39361,5.0,5.0,5.151465299996985
48447,5.0,5.0,0.03484587735354694
2922,5.0,5.0,0.6482367999927163
26189,5.0,5.0,0.12917520001877847
17163,5.0,5.0,4.734055500082633
14292,5.0,5.0,2.0425217808480767
28407,5.0,5.0,1.2632462399771072
21079,5.0,5.0,0.022108800023318054
32602,5.0,5.0,3.6500452008936293
33276,5.0,15.0,12.372922194945033
12384,5.0,14.0,6.105066240004447
46141,5.0,5.0,1.308918015905732
16767,5.0,5.0,2.2242715305063925
22742,5.0,5.0,2.1647387328338823
32845,5.0,14.0,1.0722685680243274
49015,5.0,5.0,0.19070653441279006
47754,5.0,14.0,0.9957188460014734
33980,5.0,14.0,0.7284704400365882
5569,5.0,12.0,1.9227072900384705
38341,5.0,14.0,0.6045847110402249
12156,5.0,14.0,0.41700874401482935
28929,5.0,14.0,0.21083648003400057
37691,5.0,15.0,0.9667268440159802
15894,5.0,15.0,0.79840182000261
24042,5.0,14.0,0.1226666390023734
42749,5.0,14.0,0.008498810985827276
9832,5.0,15.0,0.22628383799902085
25406,5.0,5.0,3.4502218752456884
29153,5.0,5.0,2.7259354446829036
12856,5.0,15.0,29.553764159956927
38859,5.0,5.0,3.062940966425998
49796,18.0,5.0,11.186366148796338
35777,5.0,5.0,0.7001665536323003
33685,5.0,5.0,0.42169415245398056
37992,5.0,12.0,10.794426960045456
572,5.0,5.0,0.19238615027664707
592,5.0,5.0,0.01784814934693202
20703,5.0,5.0,0.024589260823631776
11190,5.0,15.0,4.98418892816931
11735,5.0,12.0,0.4217702250237778
46317,5.0,15.0,1.2166758999946197
1706,5.0,14.0,0.3535657244992976
37514,5.0,12.0,0.9773680349835452
21777,5.0,12.0,0.9927390000334775
41554,5.0,12.0,0.4952276399915849
33014,5.0,12.0,0.3535064400287231
2866,5.0,12.0,0.1411158000180306
26165,5.0,5.0,1.7362908479145176
32325,5.0,5.0,1.5218043120351012
14845,5.0,5.0,2.4356845229142436
17514,5.0,5.0,1.110384000211809
43772,5.0,5.0,2.2117350399186364
7719,5.0,5.0,1.1395659775004674
24779,5.0,5.0,0.12918253336253827
36410,5.0,5.0,0.44284519678060974
3702,5.0,5.0,0.5919946239302192
9122,5.0,5.0,0.22919299514477132
6207,5.0,5.0,0.799884663348152
46815,5.0,14.0,5.871389919838919
36274,5.0,5.0,0.8992584006507087
23122,5.0,15.0,4.521607279940035
45575,5.0,12.0,1.5845312100335498
45838,5.0,12.0,1.421389199958739
20839,5.0,15.0,1.4566703024997985
1484,5.0,14.0,0.2565574719585939
31256,5.0,12.0,0.8233441500422796
32915,5.0,12.0,0.8612530500287701
17522,5.0,14.0,0.017462244004019745
49149,5.0,5.0,25.508141233578385
4093,5.0,15.0,13.681135484475647
28743,5.0,5.0,5.561046040638388
45955,5.0,5.0,3.7359356000880553
35193,5.0,5.0,20.615244970657614
1051,5.0,5.0,12.270463129945824
24390,5.0,5.0,6.66053744679337
9045,5.0,12.0,14.28263976072273
18014,5.0,5.0,5.853635942619292
9205,5.0,5.0,1.9403044352902157
41375,5.0,5.0,3.173382533162709
4763,5.0,5.0,6.675872410128903
47615,5.0,15.0,15.355509875621124
40252,5.0,5.0,0.22140059987749794
1941,5.0,12.0,2.838165330132412
16549,5.0,15.0,3.5991949949283537
41122,5.0,12.0,1.7832547200832671
3345,5.0,15.0,1.1670159599723426
27359,5.0,15.0,1.125009935956406
7065,5.0,15.0,0.9197817479684112
39915,5.0,15.0,0.9635957474743435
10673,5.0,14.0,0.11501372996688453
34610,5.0,5.0,30.060301909385544
14603,5.0,5.0,11.43588556785437
47940,5.0,5.0,2.5754399332160176
39059,5.0,5.0,18.575895733175088
14531,5.0,5.0,6.7070896127661115
24298,5.0,5.0,3.25979991085606
44617,5.0,5.0,0.5126154121875288
34162,5.0,5.0,20.10536337870613
42398,5.0,5.0,9.445655333182465
26430,5.0,5.0,8.782378086220149
15751,5.0,5.0,8.03073740782493
43909,5.0,14.0,16.092470528007198
27172,5.0,5.0,2.2087905792461697
18165,5.0,5.0,4.151893418688076
2317,5.0,5.0,1.0669647360238628
14211,5.0,5.0,2.697595666683874
31389,5.0,5.0,2.6117767678383643
18232,5.0,5.0,0.5430000000151374
43917,5.0,5.0,0.9104034133173826
31474,5.0,5.0,1.153660671992391
14456,5.0,5.0,2.34912230859873
7584,5.0,14.0,2.24195997003401
43170,5.0,5.0,1.3445487785406485
5388,5.0,5.0,1.2835839999333416
3170,5.0,14.0,1.510340310086022
35437,5.0,5.0,2.871962163374235
473,5.0,5.0,3.220505856215368
33965,5.0,15.0,3.917125600082713
11118,5.0,14.0,3.76309797143891
7564,5.0,5.0,0.0978629877495436
441,5.0,5.0,1.0724690944549593
3517,5.0,5.0,0.5981561002498594
5702,5.0,14.0,0.5996882340156233
17691,5.0,15.0,1.946809583029367
3453,5.0,5.0,0.05537400001533932
46174,5.0,14.0,0.404090505014036
8586,5.0,14.0,0.48905616000510577
22866,5.0,15.0,1.1997119400271998
42985,5.0,15.0,1.1674449599906929
16629,5.0,14.0,0.17418519500537322
5006,5.0,14.0,0.17666399249621811
41097,5.0,14.0,0.14457193200519036
41752,5.0,14.0,0.1384587360109535
12162,5.0,14.0,0.08180200498355372
10580,5.0,15.0,0.5402402580045456
44342,5.0,15.0,0.19180467897961684
25897,5.0,15.0,0.13250236449290265
22073,5.0,15.0,0.1022529899804856
42816,5.0,5.0,0.5373478664126026
12294,5.0,5.0,0.4128556368428633
18235,5.0,12.0,17.824706112276573
25982,5.0,5.0,0.984908880177727
48389,5.0,5.0,1.2817211045053796
29369,5.0,5.0,0.5329921535480082
46769,5.0,15.0,4.747672405623092
28120,5.0,15.0,3.7439184002018493
37732,5.0,14.0,0.9514517895538788
31741,5.0,12.0,2.515375920079947
22059,5.0,12.0,3.1706387041629682
7931,5.0,14.0,0.31313852999607406
10239,5.0,14.0,0.34197085769985947
40334,5.0,12.0,0.6716050500107311
21240,5.0,15.0,0.7710793199920687
12030,5.0,12.0,0.5310511500173796
17055,5.0,12.0,0.504366375008571
25424,5.0,12.0,0.047260875001714275
46510,5.0,5.0,0.017747999860574737
22393,5.0,5.0,0.7482428756435695
25334,5.0,5.0,0.9600627368169228
8316,5.0,5.0,0.6055886184216348
14726,5.0,5.0,1.5583291390633747
37113,5.0,15.0,13.976936767895552
16005,5.0,5.0,1.164522528151366
42256,5.0,5.0,2.0598976802505433
26034,5.0,12.0,7.985627040271169
21463,5.0,12.0,2.0651034001017976
42827,5.0,12.0,0.3051801750444909
20885,5.0,15.0,3.4744846657374
44316,5.0,15.0,0.8442048639656043
29401,5.0,14.0,0.25337078701267224
17501,5.0,12.0,0.7939308900442636
44592,5.0,12.0,0.706079460001499
1240,5.0,15.0,0.04189272600196725
35819,5.0,5.0,23.01080640035545
31770,5.0,5.0,12.23721989168817
1272,5.0,15.0,45.85601205182917
45956,5.0,5.0,4.466659648378425
34980,5.0,5.0,20.160065032736725
22076,5.0,5.0,6.763841500028931
25930,5.0,5.0,8.830869504307856
8930,5.0,5.0,1.1090830001058691
23021,5.0,5.0,7.837540000011515
47775,5.0,5.0,5.7242427736540975
7556,5.0,15.0,14.128361219914837
4658,5.0,5.0,2.326712576160304
19783,5.0,15.0,14.584817687933565
767,5.0,14.0,2.5068097552312025
21998,5.0,5.0,1.2302960000420384
1850,5.0,15.0,3.235037567872169
42965,5.0,15.0,3.135563495881115
21108,5.0,15.0,2.6157705734815515
7589,5.0,15.0,2.0015698078954287
45603,5.0,14.0,0.49077676204334963
44309,5.0,15.0,1.8318350699342467
31735,5.0,15.0,1.677522575925238
5247,5.0,12.0,1.0133581439504837
38276,5.0,14.0,0.36377506198799026
37717,5.0,15.0,1.5595057654425055
742,5.0,14.0,0.20373068003067907
45352,5.0,15.0,0.9775528319048057
12305,5.0,15.0,0.5747409959577254
11683,5.0,15.0,0.5778967349741944
30134,5.0,12.0,0.09651449997313133
45385,5.0,12.0,0.04862707500157759
20349,5.0,5.0,7.1471024639414225
21752,5.0,5.0,5.1737243135778215
28796,5.0,14.0,14.368487980041834
36612,5.0,5.0,1.0455049999033577
15984,5.0,5.0,1.2637764479104305
4642,5.0,5.0,13.574815046795678
8133,5.0,5.0,11.666928064207227
39786,5.0,5.0,5.348947814593146
18606,5.0,5.0,10.112739666698985
7093,5.0,5.0,1.4694165505876242
25242,5.0,5.0,11.665081975622485
273,5.0,5.0,1.0909055998609603
11139,5.0,5.0,10.949324202741735
31678,5.0,5.0,9.097187157521773
27221,5.0,5.0,0.2304772919899989
13735,5.0,12.0,13.91290348868148
26068,5.0,5.0,8.418594304192922
21274,5.0,5.0,0.5809245014294362
43452,5.0,5.0,6.621900083229633
30135,5.0,5.0,5.203754240107884
33399,5.0,5.0,0.2529263487885487
44165,5.0,14.0,5.26561831193402
22081,5.0,5.0,4.070501188316626
48960,5.0,5.0,10.659085200480831
31861,5.0,5.0,1.50755166874346
7943,5.0,5.0,0.7753829399864571
12587,5.0,15.0,13.19862956777871
40624,5.0,5.0,1.7060634452857784
4386,5.0,5.0,0.06780424008825037
32639,5.0,5.0,1.678949027301492
29076,5.0,5.0,1.1133126241723161
48296,5.0,5.0,0.7918860651363104
37340,5.0,5.0,0.09552837393078661
29447,5.0,14.0,0.9017791360410072
32813,5.0,5.0,0.05019237600281912
18461,5.0,5.0,0.13908830100299951
27045,5.0,15.0,2.977385804984724
49761,5.0,15.0,2.0824179900347914
44416,5.0,14.0,0.44963553607905027
32608,5.0,14.0,0.36970867805600705
24126,5.0,5.0,0.22347633590238303
40592,5.0,14.0,0.20902194004153962
19508,5.0,15.0,0.8624650649713868
854,5.0,14.0,0.14944216499478813
24139,5.0,15.0,0.7022835600202395
39455,5.0,15.0,0.5566072100192683
30469,5.0,15.0,0.0762916059936507
49452,5.0,5.0,4.2411070086211
14958,5.0,5.0,2.6689246207051553
36334,5.0,5.0,2.2278313199944932
40735,5.0,5.0,0.45117209590947027
28212,5.0,12.0,15.564220608864133
28082,5.0,5.0,0.6764643840115241
22643,5.0,12.0,2.35474052255897
43443,5.0,12.0,1.8754250699816772
32633,5.0,12.0,1.836214410044267
45129,5.0,12.0,2.8784619839532724
42401,5.0,15.0,1.05319672204857
45726,5.0,12.0,0.5967277050019124
4121,5.0,5.0,3.6210788350011285
10708,5.0,5.0,0.5933555999719715
35723,5.0,5.0,3.293201952508525
28435,5.0,15.0,19.727886719607284
38307,5.0,12.0,18.451800444827967
3367,5.0,5.0,1.3861131262928836
43694,5.0,5.0,1.3644684287796451
42121,5.0,5.0,0.7370256554750227
34628,5.0,5.0,0.3678324222912295
36409,5.0,5.0,0.03178366666927701
46067,5.0,15.0,5.608579751754569
49604,5.0,14.0,0.7834848118883144
43043,5.0,15.0,2.8862768639249907
40794,5.0,12.0,1.453247760061899
13499,5.0,12.0,1.2860117400521638
2396,5.0,14.0,0.24689023196948412
38715,5.0,14.0,0.15486203700424817
729,5.0,14.0,0.09870254401529976
9629,5.0,12.0,0.3929526300192139
18327,5.0,12.0,0.34115772001460254
29039,5.0,15.0,0.4609229279951066
16235,5.0,15.0,0.32901911399624506
42158,5.0,15.0,0.2118813390092118
8895,5.0,12.0,0.050325060012374134
24874,5.0,5.0,11.005366511483345
25703,5.0,5.0,18.104916133326014
49192,5.0,5.0,8.529077009757202
43924,5.0,5.0,3.192503552346807
6820,5.0,5.0,1.2564943680633007
33860,5.0,14.0,9.99580747165328
20996,5.0,5.0,3.608438767391604
19150,5.0,5.0,4.176715200089021
6854,5.0,15.0,12.125560144149958
31846,5.0,12.0,1.1703527400801832
27274,5.0,12.0,0.734129940020031
40099,5.0,14.0,0.08159637000754216
35883,5.0,5.0,21.61271669783838
46587,5.0,5.0,2.98406425599768
2645,5.0,5.0,4.907406336160619
15961,5.0,5.0,1.7820172800447267
39870,5.0,5.0,3.7130104150608076
24308,5.0,5.0,3.9492752627859318
22656,5.0,12.0,27.476482080232614
32986,5.0,5.0,7.241552195371725
33495,5.0,5.0,0.5647808000407224
14188,5.0,5.0,11.580641640290452
24315,5.0,5.0,7.757115439903572
10941,5.0,5.0,2.6662569481357536
45464,5.0,14.0,3.747047122268299
8273,5.0,5.0,2.343627571317853
3329,5.0,5.0,1.8363215000253277
5119,5.0,5.0,0.8717699998138002
36798,5.0,5.0,3.3733601333371013
47163,5.0,5.0,3.8173310592722913
45900,5.0,5.0,2.0348174668750474
38753,5.0,15.0,7.338486564225391
14459,5.0,5.0,0.04131148801871376
17822,5.0,14.0,3.9749908392010838
27463,5.0,5.0,0.17559048955889978
39004,5.0,5.0,0.7334121642644078
20863,5.0,5.0,0.6623040000624982
2746,5.0,5.0,0.015737519986164017
44764,5.0,5.0,0.6795003392278289
39474,5.0,5.0,0.9875341760003131
2788,5.0,5.0,0.214162517343091
33953,5.0,14.0,0.6575701663762423
13823,5.0,5.0,0.26820698401790466
33007,5.0,15.0,1.6335309699663298
1838,5.0,14.0,0.11825044000032925
45943,5.0,15.0,0.6980446920291534
19607,5.0,14.0,0.013181219973635194
11612,5.0,14.0,0.010815519992381617
15128,5.0,14.0,0.0030681960044365297
43446,5.0,5.0,0.19935231974412204
45026,5.0,5.0,1.4306640889202242
4238,5.0,5.0,1.0874571259209915
21633,5.0,14.0,4.180058016353996
44514,5.0,5.0,0.16569154548051301
9340,5.0,15.0,15.05166706252578
18958,5.0,5.0,0.3241404584891825
7707,5.0,5.0,0.2418032158086021
27458,12.0,14.0,4.137600177752489
37874,5.0,12.0,3.5960943358819577
42211,5.0,12.0,1.7327007663757392
24749,5.0,12.0,1.419482819972277
24849,5.0,14.0,0.4341574799621917
24191,5.0,12.0,1.0143920639158956
21134,5.0,15.0,0.6154050999882177
28135,5.0,5.0,2.8472750077621356
1956,5.0,5.0,2.2687493113936057
35222,5.0,5.0,0.6373660001408439
23030,5.0,15.0,27.25037568061407
12439,5.0,5.0,0.652963208441264
14474,5.0,5.0,0.6085656001913264
24045,5.0,5.0,0.257813280056709
44640,5.0,5.0,0.026168678251067945
8402,5.0,12.0,9.691124016208306
35547,5.0,5.0,0.3136484352618396
34451,5.0,5.0,0.394944204712786
32292,5.0,12.0,6.170589983989373
41385,5.0,14.0,0.6043986720219792
42886,5.0,12.0,1.6415287499770237
40276,5.0,15.0,0.12761883756693138
16195,5.0,12.0,0.9585127200142907
6081,5.0,15.0,1.2146414040417781
11978,5.0,12.0,0.8102649675012437
17056,5.0,14.0,0.192175065028092
14254,5.0,12.0,0.6402054000069946
9361,5.0,14.0,0.06941592000758678
27163,5.0,12.0,0.34737869999902404
6815,12.0,15.0,0.1203686220198481
24867,12.0,15.0,0.00644068800612807
26719,5.0,5.0,9.571424000204956
23018,5.0,5.0,5.928131413751146
41774,18.0,5.0,38.12002436449518
8084,5.0,5.0,8.76693493377006
35252,5.0,5.0,14.15172946006291
27633,5.0,5.0,0.5322413080334627
14358,5.0,12.0,16.03691241653729
20716,5.0,5.0,3.6375137284933885
8305,5.0,5.0,8.831299839771418
16019,5.0,5.0,8.835236813297087
4672,5.0,5.0,3.0708080639399498
35445,5.0,5.0,0.972894000039858
17200,5.0,5.0,0.4343519365055215
19476,5.0,14.0,1.126975440051602
10593,5.0,15.0,3.8436037582019793
30102,5.0,15.0,3.6117842700472025
27897,5.0,15.0,3.2485265371808225
41471,5.0,14.0,0.5117289400328708
23300,5.0,14.0,0.4753299240097917
6187,5.0,14.0,0.39988093805306946
39390,5.0,15.0,1.6205995681000118
5352,5.0,15.0,1.527426133580292
19750,5.0,15.0,2.4766797985896574
42238,5.0,14.0,0.2963890440620105
22250,5.0,12.0,0.6774187800312976
33822,5.0,14.0,0.20305396002615694
33370,5.0,14.0,0.16512239997586242
8089,5.0,14.0,0.08205114602703212
42696,5.0,15.0,0.4542138480302649
30263,5.0,5.0,6.339776333330462
6685,5.0,5.0,17.860242090349885
4738,5.0,5.0,6.599497471860531
25070,5.0,12.0,23.479584672671137
8867,5.0,5.0,10.941377397911992
31029,5.0,5.0,3.6533155021485584
8471,5.0,5.0,2.631258000002049
22498,5.0,5.0,1.213139385794534
48944,5.0,5.0,0.6627839999189575
31136,5.0,5.0,7.311514880201045
31382,5.0,5.0,10.335185175610349
23558,5.0,5.0,3.3087357000594864
12475,5.0,5.0,5.143027007876853
27998,5.0,5.0,0.3352758612217457
6178,5.0,5.0,1.8801198721038617
1357,5.0,5.0,4.151517891106437
23757,5.0,5.0,3.637868132492386
32350,5.0,5.0,1.5264029108512887
35122,5.0,5.0,0.048899988811456296
24890,5.0,5.0,2.2168619998696144
34843,5.0,5.0,2.402509591571942
34472,5.0,5.0,0.14311842131429842
20400,5.0,14.0,6.890839142383044
13345,5.0,5.0,4.900550399965475
35441,5.0,5.0,8.254375315582351
48756,5.0,5.0,0.6473474091170672
44317,5.0,5.0,0.006562098714965714
8194,5.0,5.0,0.16389749759380123
1653,5.0,5.0,0.614115760119958
40918,5.0,14.0,2.819137094527072
9322,5.0,14.0,0.8341185240346718
26922,5.0,14.0,0.9481125960632326
14123,5.0,15.0,3.0080368349913655
18658,5.0,5.0,0.47793599998725256
39161,5.0,14.0,0.5673108400381537
13901,5.0,14.0,0.5222359950690993
14004,5.0,15.0,2.084413616062818
46783,5.0,12.0,1.3760072399834122
43490,5.0,5.0,1.3455229439569898
41502,5.0,12.0,1.1716145400127012
47720,5.0,12.0,0.9471108675099629
43964,5.0,5.0,0.38315596797699847
41312,5.0,15.0,0.8059116450050876
34602,5.0,15.0,0.7380300920093958
18268,5.0,15.0,0.6765942299745564
27958,5.0,14.0,0.029899724981481413
21806,5.0,5.0,2.7451994957576176
25472,5.0,5.0,1.8293257208504201
3962,5.0,5.0,1.1262446161609603
3594,5.0,15.0,14.087169178473061
34944,5.0,5.0,0.47878647945823616
30200,5.0,15.0,3.2108328399090738
5110,5.0,12.0,1.9591432499801265
42670,5.0,12.0,1.7491440000170115
36353,5.0,12.0,1.195663980008863
38504,5.0,14.0,0.742244159985578
37639,5.0,12.0,1.096478849973611
479,5.0,15.0,1.1217719200393361
41981,5.0,12.0,0.6001409999816794
26416,5.0,14.0,0.10056330001757985
23148,5.0,12.0,0.41292876000423817
47195,5.0,12.0,0.31874933999195676
14260,5.0,15.0,0.33738103502612304
23111,5.0,14.0,0.0009784610152596684
18503,5.0,5.0,0.5999695966103502
37386,5.0,5.0,0.023790000145240242
5131,5.0,5.0,0.2481974783929104
33806,5.0,5.0,0.020783189107980604
25411,5.0,5.0,0.47832361219585096
7346,5.0,15.0,5.683991505356559
27943,5.0,12.0,4.584444239987263
12810,5.0,15.0,1.361626619927904
44395,5.0,12.0,1.2738494999312984
2807,5.0,12.0,0.2688011174872571
33185,5.0,15.0,1.6190725618893893
16773,5.0,12.0,0.6977194500004327
387,5.0,15.0,0.8045757689808095
37384,5.0,14.0,0.09337200798456813
18426,5.0,12.0,0.3754633799870204
9432,5.0,15.0,0.010408511979588697
19534,5.0,14.0,0.9515137671128855
2048,5.0,5.0,1.4194323967835203
20263,5.0,5.0,0.8635565396681386
49563,5.0,12.0,5.561817024205936
47761,5.0,14.0,1.1516998935644622
22533,5.0,14.0,0.8830627050569078
6888,5.0,12.0,1.898247450088494
26364,5.0,14.0,0.5028718499943956
7674,5.0,15.0,1.890437030478239
30713,5.0,14.0,0.17407398501568316
24264,5.0,12.0,0.5237681700204195
9190,5.0,15.0,0.7344931200397617
33880,5.0,12.0,0.4603840500306795
18767,5.0,15.0,0.5841380554997215
3845,5.0,14.0,0.03940502796311307
44067,5.0,15.0,0.19453740000896858
21100,5.0,5.0,8.837537401868559
46394,5.0,5.0,7.846174690712985
22086,5.0,5.0,22.682426070464487
11080,5.0,5.0,10.828610287150497
7648,5.0,14.0,39.03436501400057
4076,5.0,5.0,10.50099120008997
43124,5.0,5.0,10.534000895833714
4264,5.0,5.0,5.8373478400625345
25323,5.0,5.0,8.037230999965004
49983,5.0,12.0,31.7076199687491
6194,5.0,5.0,7.930673151970609
9151,5.0,5.0,7.581100800041668
22952,5.0,5.0,7.128402432153422
33766,5.0,5.0,0.6878995198863578
49966,5.0,5.0,5.8663900160358935
24365,5.0,5.0,5.158076999968884
25517,5.0,5.0,0.326072473772669
10316,5.0,5.0,4.4318557845971895
22920,5.0,5.0,1.4105044557729087
37459,5.0,5.0,0.2287850000768259
42909,5.0,5.0,5.627238133419986
8596,5.0,5.0,5.250967133398596
8841,5.0,5.0,0.7841729707355398
13789,5.0,14.0,1.2424932674377516
11808,5.0,5.0,0.15524049606792545
12825,5.0,5.0,1.6779234307389927
23922,5.0,12.0,3.808648920140328
39665,5.0,15.0,3.7260238876017127
15305,5.0,14.0,0.6998789699759627
20284,5.0,5.0,1.8846660781273386
24917,5.0,5.0,0.5603893333416359
38250,5.0,14.0,0.5166783899933272
30836,5.0,15.0,1.8233251320080868
42263,5.0,15.0,1.2758800800196823
1805,5.0,14.0,0.27684424796570184
30889,5.0,15.0,0.8823015000470562
29052,5.0,15.0,0.6773838159868024
16321,5.0,14.0,0.05651516699910175
12346,5.0,14.0,0.009146475030897605
46239,5.0,14.0,0.01456543200220306
48553,5.0,15.0,0.46511408635913476
41823,5.0,15.0,0.1823987370170066
34595,5.0,15.0,0.1517292120269662
46181,5.0,5.0,1.4261500880785434
9272,5.0,5.0,0.07905866671653428
18261,5.0,12.0,1.3439100000186102
13559,5.0,12.0,0.4862185050217036
33231,5.0,12.0,0.23384527501524044
16309,5.0,5.0,2.0822381062114914
15458,5.0,5.0,0.11457200009479607
724,5.0,5.0,1.7708949500427593
24986,5.0,5.0,0.9033968643193475
19565,5.0,5.0,0.08488872523479074
7662,5.0,5.0,0.18679051913767353
16700,5.0,12.0,8.18241149992565
1233,5.0,12.0,1.144548030016935
23548,5.0,15.0,1.8176221310694416
28580,5.0,12.0,0.9071286599563422
49157,5.0,15.0,0.7700189699530338
41404,5.0,12.0,0.445677420023987
45471,5.0,15.0,0.3251768000022599
25549,5.0,15.0,0.06734088600119126
45694,5.0,15.0,0.021186283989431676
19720,5.0,5.0,24.242433432242706
33027,5.0,14.0,19.11065020725465
3332,5.0,14.0,9.452465954473155
552,5.0,5.0,0.255341823662377
23928,5.0,5.0,14.34222079993026
25527,5.0,5.0,10.875094133295576
17886,5.0,5.0,9.166890749330534
38701,5.0,14.0,3.7672281088234456
49570,5.0,14.0,2.7207725515118284
6928,5.0,14.0,0.9921387599210192
8750,5.0,12.0,2.1133951951399297
37528,5.0,14.0,0.759759640021997
39344,5.0,15.0,2.9020728480072506
944,5.0,15.0,4.655851971207547
539,5.0,14.0,0.4635921600373507
2322,5.0,12.0,0.9050109600352769
47532,5.0,14.0,0.224754833977725
23896,5.0,12.0,0.5492024400150655
49171,5.0,14.0,0.11576704801223592
1423,5.0,12.0,0.40451834999123015
30128,5.0,12.0,0.11747774999458116
9603,5.0,15.0,0.1371997424910898
6341,5.0,5.0,3.8503014582138633
26603,5.0,5.0,3.2874221113546866
22704,5.0,5.0,3.3580044794845776
30439,5.0,5.0,15.240447999824411
26532,5.0,5.0,12.38121388789088
21096,5.0,5.0,10.085047654222222
37373,5.0,5.0,9.23329799983523
5816,5.0,5.0,5.697829425711447
21393,5.0,5.0,3.449347122933034
18602,5.0,5.0,1.3076680254913668
39127,5.0,5.0,2.2590388802598227
13814,5.0,14.0,17.20866830401394
10301,5.0,5.0,4.915613333220605
14436,5.0,5.0,0.8776950984187408
26268,5.0,5.0,4.9436906665699
1121,5.0,15.0,19.10323967563508
39637,5.0,5.0,1.1089294848085913
38796,5.0,5.0,3.434694366520631
26580,5.0,5.0,2.1157569534889973
7212,5.0,5.0,2.777870166540197
35642,5.0,5.0,1.0749262500168015
39089,5.0,14.0,1.9747154819352062
9199,5.0,5.0,0.11168353506377571
49636,5.0,15.0,3.840987830052697
32057,5.0,5.0,0.9483889662997456
42545,5.0,12.0,1.8857291250632215
9375,5.0,5.0,0.6695749119148822
29970,5.0,12.0,2.252666676091387
35351,5.0,14.0,0.4271022239607838
24493,5.0,15.0,1.8945289530341363
16406,5.0,14.0,0.37414510193654493
13283,5.0,12.0,1.0065376200410192
24041,5.0,12.0,0.9141226500368447
20781,5.0,15.0,1.2015525400014848
11136,5.0,5.0,0.41923536002411943
40826,5.0,15.0,1.0661921979917377
42349,5.0,14.0,0.18102813000055207
33155,5.0,5.0,0.21081599995282652
29957,5.0,14.0,0.34257903199945616
271,5.0,5.0,3.058766591589574
37193,5.0,5.0,2.943870258569291
42584,5.0,14.0,5.209371157366604
6850,5.0,5.0,0.6178007206050609
44533,5.0,5.0,0.7483246078262766
48338,5.0,5.0,0.06716632721264659
846,5.0,5.0,0.49895197169854555
3325,5.0,12.0,2.5222879198440182
23989,5.0,14.0,0.23475375499337048
34983,12.0,14.0,2.1158238075086935
46796,5.0,12.0,1.2192546900158305
41272,5.0,12.0,1.2896310001329176
5654,5.0,12.0,0.4113851250390166
38491,5.0,12.0,0.2968080600065246
16897,5.0,5.0,0.009053711926526375
20747,5.0,12.0,21.46785225682777
34828,5.0,5.0,0.313596266761337
1965,5.0,5.0,0.1557975998454708
41836,5.0,5.0,1.3541940005272863
20380,5.0,5.0,0.2946009599506567
36163,5.0,5.0,1.0614381565742121
47414,5.0,5.0,0.19902878689090642
24566,5.0,14.0,0.7708145986053054
30640,5.0,15.0,2.7864095460241884
29918,5.0,12.0,1.8416554499865896
16936,5.0,12.0,2.8837522558037065
34923,5.0,15.0,1.443171860056495
25308,5.0,14.0,0.31062113549544534
24250,5.0,12.0,0.71052352499858
19849,5.0,12.0,0.6630247874936614
31460,5.0,14.0,0.15993152151441237
29336,5.0,14.0,0.08182742399766063
28147,5.0,12.0,0.34376700002300264
40525,5.0,12.0,0.006955409992259298
44393,5.0,5.0,22.61009961602693
15586,5.0,5.0,22.10427095003689
25917,5.0,5.0,22.676777523240958
30434,5.0,5.0,9.19701479045662
8730,5.0,15.0,21.25687125716638
10637,5.0,5.0,16.794370000532723
16202,5.0,14.0,10.413613786168867
17251,5.0,15.0,35.45391924470806
22317,5.0,5.0,9.685997602338176
44127,5.0,5.0,7.844621568752217
15139,5.0,14.0,5.558281037078785
49200,5.0,5.0,4.156096000235543
45280,5.0,14.0,2.9624379518237305
43747,5.0,14.0,0.5261286360397079
49012,5.0,12.0,1.170899399981888
43641,5.0,15.0,1.0010044160107192
3319,5.0,15.0,0.7513064609838072
39022,5.0,12.0,0.35493150000765006
33453,5.0,15.0,0.4984045095094931
35672,5.0,14.0,0.011972218494610054
43568,5.0,15.0,0.26893961200137007
38176,5.0,15.0,0.1252422659825605
24141,5.0,5.0,23.644745727726246
4139,5.0,5.0,6.821339918467004
47791,5.0,5.0,3.737194078431287
34951,5.0,5.0,5.297864448121288
30260,5.0,5.0,2.931610623611931
49228,5.0,5.0,13.191477777576281
127,5.0,5.0,8.069882112142807
32889,5.0,5.0,16.675901567668433
45234,5.0,12.0,28.81564406410456
46835,5.0,14.0,9.658916755548006
5404,5.0,5.0,6.56897456001343
42579,5.0,5.0,1.86290971315006
14783,5.0,5.0,7.22702584890709
41867,5.0,5.0,6.409032400425836
42196,5.0,5.0,2.8522450346382158
21589,5.0,5.0,2.641157546685335
41019,5.0,5.0,3.466126080055872
10193,5.0,15.0,8.486124759990886
4486,5.0,15.0,12.586069756573508
31039,5.0,12.0,9.778094832046662
624,5.0,5.0,2.2243024043632857
4652,5.0,5.0,0.40288749753143094
9329,5.0,5.0,0.2672311466131063
28770,5.0,12.0,1.998138675010793
16031,5.0,15.0,1.7292842550299845
45340,5.0,14.0,0.3501910980164915
21600,5.0,15.0,1.4375099799902067
48494,5.0,15.0,2.1053061264093884
46750,5.0,15.0,1.1785539079881175
3386,5.0,14.0,0.22442085399363698
39901,5.0,15.0,1.8270647464760614
559,5.0,14.0,0.11824837104881958
35435,5.0,15.0,0.7073613654827433
30988,5.0,14.0,0.0724450680121711
46244,5.0,15.0,0.5512881679954402
37968,5.0,5.0,2.604814182168326
29092,5.0,5.0,0.27740170241963824
39409,5.0,15.0,19.374700888239715
41844,5.0,5.0,0.46861644851642836
13466,5.0,12.0,1.1405301599749507
12969,5.0,14.0,0.15012033202093988
43667,5.0,15.0,0.054475824014785346
41347,5.0,5.0,2.6755295574662057
41213,5.0,12.0,19.25324911244877
39735,5.0,5.0,0.9335399998813756
11636,5.0,15.0,8.228997426727517
15186,5.0,5.0,1.5964503553670966
8670,5.0,5.0,0.8963138639787189
2728,5.0,12.0,4.078540200094551
11505,5.0,12.0,1.1701319699741148
40085,12.0,15.0,0.3915058005017791
6770,5.0,14.0,0.2528803040140488
21220,5.0,15.0,1.2139240090145726
31663,5.0,12.0,0.6422317499886905
4533,5.0,12.0,0.553847699996048
49256,5.0,14.0,0.0728546039831075
43056,5.0,12.0,0.2955336824934536
15271,5.0,12.0,0.1530406199829093
11910,5.0,5.0,1.019385222790163
41180,5.0,15.0,42.86939419239408
37882,5.0,5.0,9.578185966334871
6735,5.0,5.0,9.357408360230792
48317,5.0,14.0,1.298342175859716
23154,5.0,5.0,4.604884232110621
7917,5.0,5.0,6.121522367966378
47528,5.0,5.0,0.6259706132440641
22886,5.0,14.0,2.074303958106242
24959,5.0,5.0,3.491819136177142
36044,5.0,12.0,1.596188640031098
22382,5.0,14.0,0.3706723799614835
26653,5.0,14.0,0.33205202995331007
10377,5.0,14.0,0.5086861950062982
4854,5.0,15.0,1.221091292985344
33336,5.0,12.0,0.5386044000174639
15198,5.0,15.0,0.6080287919985068
28002,5.0,12.0,0.2918235000258669
37719,5.0,14.0,0.022285092986286337
25943,5.0,12.0,0.23734560000580984
12246,5.0,15.0,0.1272105160001087
30100,5.0,5.0,9.116556329953596
19742,5.0,5.0,3.1550007362229735
2367,5.0,5.0,3.0558590498030753
23773,5.0,5.0,5.388761088365669
15723,5.0,14.0,36.62243007374411
38932,5.0,5.0,16.200077721770725
34327,5.0,5.0,14.580079411267832
42218,5.0,5.0,3.178687744024046
41099,5.0,5.0,10.023246000016144
17172,5.0,5.0,2.215827347266668
1075,5.0,12.0,15.354050664707131
37240,5.0,5.0,9.365850999714354
2660,5.0,5.0,8.61981866665144
26860,5.0,5.0,3.299397151882374
46152,5.0,5.0,5.564127376404869
25130,5.0,5.0,0.08002657279969583
39329,5.0,5.0,4.07418168314814
42201,5.0,5.0,4.187721599918042
3546,5.0,5.0,2.7180043208447486
23883,5.0,5.0,4.183412832210976
33126,5.0,5.0,2.2860667904336083
9402,5.0,5.0,0.08501097202759667
5545,5.0,5.0,3.09404322149296
26055,5.0,5.0,0.2637527039606766
44225,5.0,14.0,1.1035178630634093
9978,5.0,5.0,1.1325551616701688
27624,5.0,5.0,1.8343234558531947
47088,5.0,5.0,1.4943725998181208
15074,5.0,15.0,3.2053067099993413
39383,5.0,14.0,1.3478049404806285
3091,5.0,14.0,0.695736450038261
49721,5.0,15.0,2.3255721749913576
4565,5.0,14.0,0.9233504489613509
29919,5.0,14.0,0.1867151959850073
10862,5.0,15.0,0.7339266160546867
21648,5.0,14.0,0.1133600159985626
11087,5.0,14.0,0.09762987000777379
23824,5.0,14.0,0.12210071042017567
36623,5.0,14.0,0.03044216628386298
46540,5.0,15.0,0.36941578003226105
43968,5.0,15.0,0.25819431602593035
10766,5.0,5.0,5.766127838608725
23867,5.0,5.0,0.6904924793577436
40887,5.0,5.0,2.4761050624501877
35388,5.0,12.0,23.435793840063468
24204,5.0,15.0,21.02701756651126
7084,5.0,5.0,0.9256824000608503
45844,5.0,12.0,6.654038160053261
22939,5.0,5.0,0.2197414741791306
9773,5.0,12.0,4.758386880132093
41797,5.0,12.0,0.9033060900191359
22723,5.0,14.0,0.2665884299436154
32902,5.0,12.0,0.5551246875146365
22820,5.0,12.0,0.8710391999906406
43477,5.0,12.0,0.38595906749191666
21817,5.0,15.0,0.3288423899908661
48672,5.0,15.0,0.32118214000597245
38336,5.0,5.0,4.8183793498326395
1016,5.0,12.0,25.52147846433968
35080,5.0,5.0,1.1955095995122633
39837,5.0,5.0,0.858416640165899
18082,5.0,5.0,0.1875769333348103
10447,5.0,5.0,0.1089679251156781
23518,5.0,5.0,1.0084338692657013
5715,5.0,5.0,1.6304764758751134
38808,5.0,5.0,0.3607691433480227
36346,5.0,12.0,3.2311193250133314
11184,5.0,15.0,1.0824661799505364
37888,5.0,15.0,2.6722870940987278
26337,5.0,15.0,1.365894485976039
45995,5.0,15.0,2.1505521000660153
28094,5.0,15.0,0.3400136159916194
11708,5.0,12.0,0.008586840027339449
39291,5.0,15.0,0.28157131503095556
41036,5.0,12.0,0.16722786001184886
29107,5.0,5.0,14.69354453297143
10033,5.0,5.0,4.374616600086
34745,5.0,5.0,24.40519209385627
19985,5.0,5.0,18.652507531089014
49120,5.0,5.0,18.435739136061613
32544,5.0,5.0,20.213065472121002
21584,5.0,5.0,2.152839600055529
31817,5.0,5.0,5.626787500018196
16678,5.0,5.0,1.8304782666950388
26480,5.0,5.0,3.6212034814953
32957,5.0,5.0,9.099570124867938
28410,5.0,5.0,6.682252799993606
34276,5.0,5.0,6.36392924172614
15837,5.0,5.0,6.180297984128231
45688,5.0,5.0,1.153287765442684
27471,5.0,14.0,0.02584324777055258
24362,5.0,15.0,2.3654905950080476
10331,5.0,12.0,1.5406250249030187
23970,5.0,14.0,0.48997381356645064
9538,5.0,12.0,1.2904198049015214
33971,5.0,15.0,1.705229714947798
3306,5.0,15.0,1.5168761459880322
31931,5.0,15.0,2.219446041441529
43627,5.0,12.0,0.79754011489959
25787,5.0,14.0,0.18218798002198966
19337,5.0,15.0,1.0009851615846337
28521,5.0,14.0,1.6106243549598958
41590,5.0,5.0,1.0905773999534887
33255,5.0,5.0,6.9793642667521
45399,5.0,5.0,6.179424768319649
38978,5.0,5.0,6.868534492782814
27465,5.0,5.0,0.36689024002716053
7135,5.0,5.0,7.588479291084809
46682,5.0,5.0,6.3742799753475765
45647,5.0,15.0,18.256292520112325
16400,5.0,5.0,5.359944115095061
26107,5.0,5.0,4.132664758469787
230,5.0,15.0,4.561419222038843
16412,5.0,15.0,5.459403367482622
6335,5.0,5.0,0.9201029333573487
41378,5.0,15.0,5.137530269998052
30744,5.0,15.0,4.793773490060097
34811,5.0,15.0,3.6616667280202506
19235,5.0,5.0,0.5630705999208772
45403,5.0,5.0,0.3191958189775015
5643,5.0,14.0,0.7279036439951874
8721,5.0,5.0,1.812060000098807
1712,5.0,15.0,2.2144223340114166
15698,5.0,14.0,0.7588867650047746
743,5.0,14.0,0.6894163169994876
26108,5.0,14.0,0.3522369705151931
39305,5.0,15.0,1.5249409545044479
19140,5.0,15.0,1.2232491480072838
12535,5.0,15.0,1.029449527507012
45321,5.0,14.0,0.10954946402040022
30181,5.0,14.0,0.04732588796011772
13519,5.0,15.0,0.4712716950022191
43267,5.0,15.0,0.019885865995662666
11547,5.0,5.0,5.515504435217679
32413,5.0,5.0,4.622530986540653
17415,5.0,15.0,31.996109962068715
5457,5.0,15.0,25.38156520053974
46109,5.0,5.0,1.2615480236349583
19961,5.0,5.0,0.8119863466837671
13008,5.0,5.0,0.41685119986206587
24814,5.0,12.0,8.075192160341174
44193,5.0,14.0,1.2767828121614357
38990,5.0,12.0,2.432631900034629
25196,5.0,14.0,0.4593255900898896
16136,5.0,12.0,0.7848438149983004
22914,5.0,14.0,0.1891709939755195
29472,5.0,15.0,0.9314975325022186
6034,5.0,12.0,0.4910109600292287
11676,5.0,12.0,0.09460654500657029
1587,5.0,15.0,0.07426651500018222
3293,5.0,5.0,0.8793660385591977
23766,5.0,5.0,0.4290117119019783
780,5.0,12.0,13.089044640728076
36880,5.0,5.0,0.4466439678011227
15764,5.0,5.0,0.3861777067637462
6711,5.0,5.0,0.7666930176538074
23338,5.0,15.0,9.963190012666473
38432,5.0,5.0,0.024402132176390978
46016,5.0,14.0,0.9771153748367283
8953,5.0,12.0,1.8203520000432647
45077,5.0,12.0,1.004909790056157
39961,5.0,15.0,1.0619511900531364
48882,5.0,12.0,0.5670484500146991
21804,5.0,15.0,0.6673726124952548
30390,5.0,12.0,0.2500468950015353
19568,5.0,5.0,24.366015999823787
1532,5.0,5.0,7.264407832815209
30020,5.0,5.0,22.317650333386695
45504,5.0,5.0,0.1325669372610605
40111,5.0,15.0,18.261430953536433
30082,5.0,5.0,35.491256160658224
10490,5.0,5.0,0.12296847330549099
11791,5.0,5.0,8.990903466787586
19193,5.0,14.0,5.378380300343707
19903,5.0,5.0,5.120386389217373
37746,5.0,5.0,0.09182333435049372
34569,5.0,5.0,2.004006020797334
35075,5.0,14.0,0.9537415739634909
42178,5.0,15.0,3.2281155450149512
43529,5.0,12.0,1.2067103550335858
9668,5.0,15.0,1.7391764970233723
19882,5.0,15.0,1.692064999539049
9327,5.0,15.0,2.585236556826299
6395,5.0,12.0,0.9299296200154927
37297,5.0,12.0,0.8462319600264667
3037,5.0,12.0,0.852274560020355
38320,5.0,12.0,0.5011851000193239
45812,5.0,12.0,0.4973500875196635
1915,5.0,12.0,0.43206791252294074
26784,5.0,14.0,0.055640797469463266
28744,5.0,12.0,0.10459857002009931
43923,5.0,12.0,0.08405076001489054
29637,5.0,5.0,5.771117588504012
12574,5.0,12.0,64.79333738475026
29314,5.0,5.0,8.680723919066338
30590,5.0,5.0,4.350761600049651
47086,5.0,5.0,2.3540959060179034
16167,5.0,5.0,0.7076953368244148
47897,5.0,15.0,35.66887569826687
3955,5.0,14.0,19.20964032052521
39034,5.0,5.0,8.500126631831591
42829,5.0,5.0,8.988328703892947
38170,5.0,14.0,3.575890305832928
31163,5.0,5.0,1.7331393227368181
18281,5.0,12.0,4.194926399537394
41649,5.0,5.0,3.366031886586491
11517,5.0,5.0,1.2017490384705027
15644,5.0,14.0,7.089585600035193
19414,5.0,5.0,2.9204450506975874
9496,5.0,5.0,0.707045537023923
14172,5.0,5.0,1.3740330000315026
21498,5.0,5.0,1.8607808512871955
45295,5.0,5.0,0.5127441524825329
3889,5.0,12.0,1.9214199749490177
8481,5.0,15.0,3.8791181730512108
30522,5.0,14.0,0.8718969248963475
36949,5.0,5.0,0.033079498633117765
1947,5.0,5.0,0.472704899999421
32069,5.0,12.0,1.8733167300206617
6548,5.0,14.0,0.6239090698733065
9163,5.0,15.0,2.5740226638001253
33978,5.0,15.0,1.3196646249880324
48599,5.0,15.0,1.0791657359871607
30219,5.0,15.0,1.7425046015970302
12903,5.0,12.0,0.6621948750080637
34542,5.0,15.0,0.8031566841005375
25307,5.0,15.0,0.60259052099914
6625,5.0,15.0,0.30446287499908564
19457,5.0,5.0,0.7597524478454716
4754,5.0,5.0,0.0177030838633101
28927,5.0,12.0,2.886484800029571
43661,5.0,14.0,1.0230028040047259
48521,5.0,12.0,1.3359215999718117
2527,5.0,14.0,0.5544369000027132
30351,5.0,15.0,2.2214318100248427
8403,5.0,12.0,1.3607571674713554
10994,5.0,15.0,1.2885556800048743
31956,5.0,5.0,0.7725575168517196
30580,5.0,12.0,15.727928880525553
28024,5.0,5.0,1.7089162239361144
33169,5.0,5.0,0.31334060017873355
49685,18.0,5.0,15.237184335887477
32462,5.0,5.0,1.177750266657128
12679,5.0,15.0,15.782876760332982
43136,5.0,5.0,0.5812207107522624
1360,5.0,5.0,0.7937608701966354
23221,5.0,12.0,1.7198229675654702
31321,5.0,15.0,2.269211415024767
19240,5.0,14.0,0.5622876240396018
8962,5.0,14.0,0.2804505660263441
38321,5.0,15.0,0.8496972000278209
44191,5.0,15.0,0.9517071799940826
26049,5.0,14.0,0.04064021101408688
19954,5.0,12.0,0.10707023999722587
19698,5.0,15.0,0.02137656900506668
25483,5.0,12.0,0.0008031000010157996
1255,5.0,5.0,26.0744972966055
19297,5.0,5.0,0.6446401248509801
4544,5.0,5.0,10.914990208161342
16495,5.0,5.0,8.111153973411945
28881,5.0,15.0,31.480375763445522
27,5.0,5.0,5.840493107341246
13407,5.0,15.0,15.124507191246124
42525,5.0,14.0,3.136463748247621
10869,5.0,5.0,3.5946168096855757
506,5.0,5.0,1.572090624144309
29749,5.0,14.0,0.49085847456431253
41273,5.0,15.0,1.8920450490693312
36110,5.0,12.0,1.0413292800911762
4440,5.0,12.0,0.8887017000595563
22880,5.0,15.0,1.152645776078586
21568,5.0,12.0,0.43429977753480564
49767,5.0,12.0,0.33415072502801735
15901,5.0,14.0,0.004431113995239322
1463,5.0,12.0,0.1774677900174897
38992,5.0,5.0,16.36298154662859
19890,5.0,5.0,12.866957004364963
861,5.0,5.0,15.433775940631563
20693,5.0,5.0,1.4518748662464702
24540,5.0,5.0,11.041671424007035
38822,5.0,5.0,0.8158191333516953
18943,5.0,5.0,6.286396347898261
39896,5.0,5.0,5.703720885315022
4229,5.0,5.0,1.041692868842972
42096,5.0,5.0,9.70542666662844
13458,5.0,5.0,10.50775824967262
18589,5.0,12.0,20.55647215195765
19514,5.0,12.0,7.1507236798873635
42036,5.0,5.0,0.15525000005536782
20962,5.0,5.0,0.9367431167930818
24205,5.0,5.0,0.6312460799966146
9131,5.0,5.0,0.8517047294105851
31845,5.0,5.0,0.07413252483392085
11068,5.0,5.0,2.157987071834995
21951,5.0,5.0,0.32040606668848426
26170,5.0,5.0,1.5002059999509143
20753,5.0,5.0,0.5474840426613312
22556,5.0,5.0,2.4569160480706955
31203,5.0,15.0,7.522560878622031
8293,5.0,5.0,0.4596511573620745
40657,5.0,14.0,0.9679221360256705
14348,5.0,5.0,0.23290152398330122
23879,5.0,5.0,0.321981270033568
11381,5.0,15.0,2.256746730031253
44206,5.0,5.0,0.24624460796081493
27839,5.0,15.0,1.8151730700021567
7636,5.0,14.0,0.3109151650040616
39495,5.0,15.0,1.364727456002651
49689,5.0,14.0,0.295575599978811
41825,5.0,14.0,0.2857905150024749
3982,5.0,15.0,1.2381643500409343
31052,5.0,15.0,1.062491114990726
49708,5.0,15.0,0.9175057140247223
43162,5.0,15.0,0.8450612080017983
42400,5.0,15.0,0.35420077999573074
27499,5.0,5.0,0.6711571619376855
23117,5.0,5.0,0.675305625848921
29906,5.0,5.0,1.6695356485468267
41377,5.0,15.0,1.197731665810437
37120,5.0,15.0,0.7477201919452838
27629,5.0,15.0,0.7893729558868046
15834,5.0,15.0,1.838183664137187
36615,5.0,12.0,0.25589324999747554
43549,5.0,15.0,0.15577144500889872
39679,5.0,15.0,0.11927891201191043
17694,5.0,5.0,0.18962880005767602
23658,5.0,5.0,0.23526092484132732
22718,5.0,5.0,0.5018088960265175
30106,5.0,5.0,1.1221501117374828
14039,5.0,5.0,1.6109494613254753
34958,5.0,5.0,1.1183807998896214
29819,5.0,15.0,11.344585542141914
11625,5.0,5.0,0.0630457854650075
34070,5.0,5.0,0.2702577599648066
14058,5.0,14.0,1.1645467589185046
32004,5.0,15.0,2.7423169499782283
45510,5.0,12.0,1.6554572399769718
3089,5.0,12.0,1.225531919922524
36995,5.0,12.0,1.1810144999388932
39960,5.0,15.0,1.5372373349001585
48855,5.0,15.0,1.285285473992909
20295,5.0,12.0,0.6020169149688854
11867,5.0,14.0,0.07022771496998814
37421,5.0,5.0,14.445578586319982
15745,5.0,5.0,14.323636223312377
10823,5.0,14.0,23.56125636785788
21063,5.0,5.0,1.698143999356688
37848,5.0,14.0,20.321319235857203
48920,5.0,5.0,2.503021300136801
15298,5.0,14.0,0.9060560400248505
5950,5.0,14.0,0.6409634189957636
14483,5.0,15.0,2.8271938040097737
47604,5.0,14.0,0.5351345280215689
8332,5.0,14.0,0.4141190399960415
21187,5.0,12.0,0.9825816000426322
49504,5.0,15.0,2.525033401784146
28698,5.0,15.0,1.4471761539876908
38248,5.0,15.0,1.2132392100863267
43498,5.0,14.0,0.2048664804461513
14162,5.0,15.0,0.9429965750219367
30180,5.0,14.0,0.3334109025481169
31486,5.0,15.0,0.049329700501046236
45470,5.0,12.0,66.12854930538094
8771,5.0,5.0,15.173038848131796
34399,5.0,5.0,2.4548346879407745
24761,5.0,5.0,1.9324189171391026
37449,5.0,5.0,2.432757657505988
37626,5.0,5.0,3.328487765298661
24253,5.0,5.0,6.902600140977455
27500,5.0,5.0,12.933643942046245
40298,5.0,5.0,0.8044496000397174
37855,5.0,15.0,1.7225231621065404
38171,5.0,5.0,8.823701333364625
32432,5.0,5.0,3.9795734015561663
5124,5.0,5.0,1.0579235328777372
30740,5.0,5.0,7.676212479680771
32198,5.0,5.0,0.5292518000276658
9707,5.0,5.0,0.7221220286807579
4222,5.0,5.0,6.296194641506801
9844,5.0,5.0,4.446359116626596
15193,5.0,5.0,3.8458570408824357
37988,5.0,5.0,1.6619722106535733
14530,5.0,5.0,5.118174720052949
1662,5.0,5.0,0.5703635127450468
29315,5.0,5.0,3.447928146456107
30421,5.0,5.0,2.322727033562124
6223,5.0,5.0,0.2751642570460078
5716,5.0,5.0,0.7097741334158627
18904,5.0,15.0,13.205839421028926
5218,5.0,5.0,3.1282380000287873
23140,5.0,5.0,3.1859692001807858
14932,5.0,5.0,1.2255329332792222
7420,5.0,14.0,1.28822482013031
18816,5.0,5.0,1.4336172000035887
5345,5.0,5.0,0.7296449179280415
31488,5.0,5.0,0.9426317823198573
44174,5.0,5.0,0.06066078711600653
24503,5.0,5.0,0.7103519999370853
24691,5.0,14.0,0.8274243509557166
2094,5.0,14.0,0.8025430349704052
1811,5.0,14.0,0.6367316399365421
22496,5.0,5.0,0.4034176000874794
30932,5.0,5.0,1.1422297999872058
22428,5.0,14.0,0.5764670925187438
4855,5.0,14.0,0.36158842800386637
3497,5.0,14.0,0.35196049799681006
12142,5.0,15.0,0.8932597799573454
28422,5.0,14.0,0.28422461517643427
43916,5.0,15.0,0.6930133590305356
9078,5.0,15.0,0.6596676769573264
20662,5.0,15.0,0.604437848965329
4623,5.0,5.0,0.21744150387297623
13487,5.0,5.0,0.3286554534555961
12215,5.0,14.0,0.8715954239529751
367,5.0,12.0,1.898600340023492
49380,5.0,12.0,1.3819433700395543
35920,5.0,12.0,0.6271176900020592
43090,5.0,15.0,0.807495099025946
3864,5.0,15.0,0.5222567760371248
27628,5.0,12.0,0.36065442003241444
8165,5.0,5.0,1.4646426958652796
11727,5.0,5.0,1.0613081997703517
12388,5.0,5.0,0.11408759984195171
28239,5.0,5.0,0.3678196225000363
20171,5.0,5.0,0.18092702725647314
45674,5.0,5.0,1.329911999659089
42361,5.0,14.0,2.9600270998858207
14773,5.0,5.0,0.18772940787357584
22781,5.0,15.0,0.39465180582471504
18425,5.0,15.0,1.8646131839878528
24322,5.0,15.0,2.710503062295956
11459,5.0,12.0,0.7322425499823542
37304,5.0,12.0,0.6727059749881228
997,5.0,12.0,0.07919400000034704
23661,5.0,5.0,22.069758445241973
2193,5.0,5.0,11.841116517722924
7276,5.0,5.0,4.839979724104097
5209,5.0,5.0,2.5101476348329754
7645,5.0,5.0,12.02552466659344
6424,5.0,5.0,6.489909401076261
20945,5.0,5.0,4.162561996471339
32167,5.0,5.0,3.0447059522717552
16316,5.0,5.0,3.450302839233558
43021,5.0,5.0,4.5758200000059475
8045,5.0,5.0,1.179569999994115
26907,5.0,14.0,3.2652589556464875
7598,5.0,5.0,0.3274091880473975
2487,5.0,14.0,1.0612256500176613
18576,5.0,12.0,4.02452601634333
29480,5.0,14.0,0.6098344320359494
8612,5.0,12.0,1.6740951375364652
10731,5.0,12.0,1.3403723701223633
20854,5.0,14.0,0.38631707004132565
23983,5.0,14.0,0.3416639850362273
3969,5.0,12.0,1.0650028799971096
17586,5.0,15.0,1.348311044953462
48253,5.0,14.0,0.26207196751365913
25976,5.0,12.0,0.2786793600423021
721,5.0,12.0,0.45955855207791174
7314,5.0,15.0,0.16623305249683495
48419,5.0,5.0,1.40119066662254
10587,5.0,5.0,17.582665600857467
2082,5.0,5.0,7.971067199931568
3184,5.0,5.0,9.291656399867577
27204,5.0,5.0,1.8025282560552682
43387,5.0,5.0,6.747359390781355
33695,5.0,5.0,9.711886135608765
28003,5.0,5.0,8.065574494104908
8058,5.0,5.0,1.0380794665860549
33969,5.0,5.0,7.896608799720553
19081,5.0,15.0,33.460676617652126
41834,5.0,5.0,7.3087297329669525
17565,5.0,5.0,1.055579595750217
6726,5.0,5.0,0.5969533332697807
45279,5.0,5.0,4.1426206049863765
31870,5.0,5.0,3.6419107998333473
31949,5.0,5.0,0.8971221332894856
8823,5.0,5.0,2.1370419197597954
35625,5.0,5.0,0.3386002772125707
4908,5.0,14.0,1.2035732279208844
2128,5.0,5.0,0.4620599999807915
4362,5.0,15.0,3.7723513599877734
5206,5.0,5.0,0.951462112055431
4925,5.0,5.0,0.2865218401431129
13232,5.0,14.0,1.021310253942893
45294,5.0,5.0,0.8114250238723173
18196,5.0,15.0,2.8810115520251713
16943,5.0,15.0,2.022969123013379
16446,5.0,14.0,0.4188804419725969
9039,5.0,15.0,1.7199017009676503
24650,5.0,15.0,1.3360992599981358
46474,5.0,15.0,1.2723341000103403
8239,5.0,12.0,0.8433838650299208
16885,5.0,14.0,0.2567542499679316
49900,5.0,14.0,0.23046040800190148
5583,5.0,14.0,0.1628865039789371
22422,5.0,14.0,0.08122265998134637
30108,5.0,14.0,14.332261535321834
34862,5.0,5.0,0.24899693979614312
24768,5.0,15.0,25.601058119308618
360,5.0,12.0,14.644253135794713
42672,5.0,5.0,0.7861692216947347
6861,5.0,14.0,1.7476344551122338
22177,5.0,12.0,2.6990378849478205
39764,5.0,12.0,2.608466249945593
48002,5.0,12.0,2.4210244875062443
34765,5.0,12.0,2.212921199972058
9583,5.0,12.0,0.04680187490870935
36713,5.0,12.0,1.0560901799901856
46868,5.0,12.0,0.9715952999880919
41692,5.0,12.0,0.24464527500819333
43647,5.0,12.0,0.23214386999547276
48042,5.0,15.0,0.1661904059936541
49918,5.0,12.0,0.11254331999660705
12364,5.0,12.0,0.05086019999181257
41351,5.0,5.0,6.105361679429166
30443,5.0,5.0,0.6880348672142418
44907,5.0,5.0,1.9991789565844726
873,5.0,5.0,1.8454399998808242
1159,5.0,5.0,0.07275497602830683
9152,5.0,5.0,1.0923594237112297
38353,5.0,12.0,5.889388799969268
1285,5.0,15.0,3.007046596017261
32482,5.0,12.0,3.4969209600917495
37101,5.0,12.0,1.5313111049537902
4644,5.0,12.0,1.5498221025143302
4133,5.0,12.0,1.082705519962591
37028,5.0,12.0,0.8401034999968697
13197,5.0,12.0,0.8130911250077144
26579,5.0,15.0,0.6989495360243332
37614,5.0,14.0,0.0820726260011524
15205,5.0,12.0,0.3191295000134087
10620,12.0,15.0,0.027895575003636264
29133,5.0,5.0,21.80090705928012
18578,5.0,5.0,22.000127334664114
39158,5.0,5.0,1.5354221885873756
31274,5.0,5.0,15.15665333740776
20475,5.0,5.0,3.5172890671352945
45824,5.0,5.0,0.5975625557407227
6595,5.0,5.0,7.9801560004830066
46019,5.0,5.0,6.257606400300546
27182,5.0,12.0,9.44631523183719
25377,5.0,5.0,2.02359375998212
14732,5.0,15.0,6.176328220648074
2571,5.0,15.0,3.636228889917753
1974,5.0,15.0,2.336409295971599
19857,5.0,14.0,0.44092053198034264
27478,5.0,15.0,1.7470999679653403
27413,5.0,14.0,0.32865486998310445
10948,5.0,15.0,1.561260331991388
30476,5.0,15.0,1.1652850829771761
9433,5.0,15.0,0.9903416479930236
23275,5.0,14.0,0.12196712948144395
17684,5.0,15.0,0.6818260939388807
12358,5.0,15.0,0.39925074399312876
21427,5.0,5.0,14.107407600507656
38801,5.0,5.0,20.255536434484213
11415,5.0,5.0,13.391500031647013
16056,5.0,5.0,2.4035996480187123
46643,5.0,5.0,1.2228883797060917
32430,5.0,5.0,19.281853440015993
32015,5.0,5.0,5.634815441177636
6875,5.0,5.0,8.517153024198393
11724,5.0,5.0,5.407396266271462
29618,5.0,5.0,11.923907243055964
1144,5.0,5.0,0.3407999999307094
24022,5.0,5.0,7.745702399986243
33505,5.0,5.0,5.1095124479951295
445,5.0,5.0,0.9553988799724493
46938,5.0,5.0,7.340731189326249
1456,5.0,14.0,20.267809631698213
35606,5.0,5.0,3.8805915989951814
34818,5.0,5.0,0.7000614240154306
8939,5.0,5.0,1.1361615360353312
39412,5.0,5.0,2.474595072315225
40821,5.0,5.0,0.64805208747471
24623,5.0,5.0,1.353294959997747
15523,5.0,5.0,0.3105296667430508
48632,5.0,5.0,5.288516208003102
44758,5.0,5.0,2.982420002372308
28414,5.0,5.0,0.15921470075058153
26194,5.0,14.0,1.240053240028253
18996,5.0,14.0,5.8586375871584835
47210,5.0,5.0,1.2175804073634424
9642,5.0,15.0,3.0969028199983555
21745,5.0,5.0,0.1580947968220059
10383,5.0,12.0,1.5122285850229389
1482,5.0,14.0,0.929308032030562
16753,5.0,15.0,2.0206433700018387
45740,5.0,5.0,0.04117514233404407
25819,5.0,14.0,0.32466773250301983
10075,5.0,15.0,1.2953024264698758
4723,5.0,5.0,1.8133560000844362
34667,5.0,15.0,1.2297552419996673
16641,5.0,15.0,1.1241051647618576
15264,5.0,15.0,0.6739139370160228
1497,5.0,14.0,0.0977319719985843
29374,5.0,15.0,0.48275998048936586
1358,5.0,15.0,0.41026620000415903
5196,5.0,14.0,0.024571642484614742
29340,5.0,15.0,0.4021722319750367
10403,5.0,15.0,0.20732115999046918
22092,5.0,15.0,0.16716205199701184
31886,5.0,15.0,0.05158604999839822
5912,5.0,5.0,2.3231795712791268
2171,5.0,5.0,1.0999064168387918
4312,5.0,5.0,1.1861309777087001
11682,5.0,12.0,9.955243848189752
6056,5.0,5.0,0.8100107260621314
24940,5.0,5.0,1.2805575172563124
41708,5.0,5.0,0.016115199759639154
5164,5.0,5.0,1.2957218479122332
35271,5.0,5.0,0.5162571261159883
10707,5.0,5.0,0.644655001649852
41031,5.0,5.0,0.33250013897695396
34713,5.0,5.0,0.02866625281720303
13683,5.0,5.0,1.0645718395378054
27602,5.0,15.0,3.6892239601432024
47145,5.0,14.0,0.5570704800922215
8029,5.0,12.0,1.2568397925348975
47439,5.0,12.0,0.6819830400358491
2781,5.0,12.0,0.6988588500446156
66,5.0,12.0,0.5588657400080539
28468,5.0,12.0,0.5501918999810727
886,5.0,12.0,0.4872099000043626
23811,5.0,12.0,0.3475638750141208
8607,5.0,14.0,0.006448920003684577
48724,5.0,12.0,0.20383950000442663
31112,5.0,12.0,0.11288997750320817
8501,5.0,15.0,0.10802286002268557
27502,5.0,5.0,0.4352829732486043
6157,5.0,5.0,0.49202335606351255
3056,5.0,5.0,2.490560496132588
36844,5.0,5.0,0.04072618564393338
40082,5.0,5.0,0.00221333339102614
10219,15.0,15.0,1.0124208644089379
21523,5.0,5.0,1.1428442625988424
7051,5.0,15.0,8.174880195712035
7897,5.0,15.0,7.883591692693088
11951,5.0,14.0,0.7668129359727232
28901,5.0,12.0,1.2892817549670177
14274,5.0,12.0,1.1082409499974482
13007,5.0,12.0,0.8197184099741541
47570,5.0,15.0,0.6815064249985561
26213,5.0,14.0,0.0436103549694975
28129,5.0,14.0,0.009597473974939597
35126,5.0,12.0,0.22177533000162075
16267,5.0,12.0,0.11572967998285888
2060,5.0,12.0,0.10055639997518684
1790,5.0,15.0,0.013726127988913595
2678,5.0,5.0,6.537355740716862
7784,5.0,5.0,19.828414775756414
45617,5.0,5.0,2.2915236345245376
8249,5.0,5.0,1.9501359993680865
35064,5.0,5.0,4.877546066053867
13962,5.0,5.0,3.027350899487246
47186,5.0,5.0,9.672179999418873
2294,5.0,5.0,6.987759192091289
26238,5.0,5.0,2.4961609731588226
13669,5.0,5.0,0.5273918520413758
44496,5.0,5.0,3.9134063996437476
46972,5.0,15.0,12.646622240190425
49066,5.0,5.0,4.62164689882745
5693,5.0,12.0,2.760484800228795
20503,5.0,5.0,0.15460486398185225
5046,5.0,14.0,1.1566170959834636
33887,5.0,15.0,3.5000466239655736
8049,5.0,12.0,2.240170994958369
34235,5.0,14.0,0.4178126044508552
37673,5.0,14.0,0.37531672642324665
22356,5.0,14.0,0.2691714809730321
6252,5.0,14.0,0.2865968580044722
26219,5.0,14.0,0.2271595319625721
48160,5.0,15.0,0.6874520279803118
1084,5.0,14.0,0.034582286996228895
20130,5.0,5.0,4.777754586445383
10925,5.0,5.0,2.3837004999580245
38689,5.0,5.0,10.07409107661357
8416,5.0,5.0,31.81203276793684
23780,5.0,5.0,13.102713087923888
38840,5.0,5.0,2.2503531520223987
5220,5.0,5.0,5.900968319943601
43037,5.0,14.0,10.420576367990407
12097,5.0,5.0,10.294480639668507
8206,5.0,14.0,3.0569738496423327
849,5.0,5.0,1.2179780001148117
31997,5.0,5.0,17.062349759846853
3001,5.0,5.0,4.159004923885085
19412,5.0,5.0,3.317236992253086
17621,5.0,5.0,4.3792887464522465
48682,5.0,5.0,0.42990536364293774
44392,5.0,5.0,3.718686599798602
16792,5.0,14.0,16.350750989064636
18191,5.0,5.0,0.5503480319520406
39567,5.0,14.0,1.2533487103981429
41826,5.0,5.0,0.11949321603115948
30741,5.0,5.0,0.4320798998346653
30828,5.0,5.0,2.612049871849873
10879,5.0,5.0,2.1386826665909915
15290,5.0,15.0,2.763319627044222
17942,5.0,5.0,0.7126612990352186
9059,5.0,12.0,1.4089191600575681
18420,5.0,14.0,0.3688448395402446
37029,5.0,15.0,1.337417820015915
5779,5.0,15.0,1.28203701091525
28614,5.0,14.0,0.1526187795277174
23444,5.0,15.0,0.8257758799992576
28029,5.0,15.0,0.7210500900309338
35213,5.0,14.0,0.08774972802027747
47780,5.0,15.0,0.5628162999501196
26323,5.0,5.0,0.5259915361846197
48169,5.0,5.0,2.331474790092642
15994,5.0,5.0,1.1561809918392498
33053,5.0,14.0,0.4712949115587719
43299,5.0,14.0,0.7958954111010854
12038,5.0,14.0,0.5861088899934117
24331,5.0,14.0,0.5718040840349943
22414,5.0,12.0,1.5912665625421383
40020,5.0,12.0,0.4255378500150755
43876,5.0,12.0,0.2178487200100685
32876,5.0,15.0,0.2532420899980101
20308,5.0,15.0,0.08185348199961506
41088,5.0,5.0,0.744129023768977
3338,5.0,12.0,20.912856095113796
18084,5.0,12.0,15.500225136382141
5132,5.0,5.0,1.3612567380553742
38763,5.0,5.0,0.24590666670309247
10785,5.0,5.0,0.12450614597011622
18799,5.0,12.0,6.980784096021097
35245,12.0,5.0,3.663687075141489
32627,5.0,15.0,2.5011196600685146
21659,5.0,12.0,1.3280925000669868
29983,5.0,12.0,1.022766959985539
1902,5.0,12.0,0.9537902400560121
4232,5.0,14.0,0.16459653100463711
42230,5.0,15.0,0.6989231350311744
30331,5.0,12.0,0.3766668375307267
23057,5.0,12.0,0.3532163250227818
27236,5.0,5.0,8.277434026291644
4134,5.0,5.0,3.2538879994064587
30090,5.0,5.0,22.23532226571899
5694,5.0,5.0,1.1335034877031092
39132,5.0,5.0,1.1956253440328055
19868,5.0,15.0,12.02459323063249
30835,5.0,5.0,0.45148523048440836
21410,5.0,14.0,7.34910979224253
12141,5.0,15.0,35.84135278587971
36097,5.0,14.0,4.290740812579543
5082,5.0,5.0,0.5148723877989312
25634,5.0,15.0,15.82198238871112
35447,5.0,12.0,0.3017972634014825
29445,5.0,12.0,2.367388109831552
19029,5.0,15.0,3.0298658699985097
28121,5.0,15.0,2.1778944059627996
11848,5.0,14.0,0.45572947505721473
38794,5.0,14.0,0.3282606165587545
39824,5.0,14.0,0.2060463600821123
48319,5.0,14.0,0.13144392005872518
17791,5.0,14.0,0.11229613206098676
6561,5.0,14.0,0.0907224480085258
16058,5.0,15.0,0.6613027200242314
22984,5.0,15.0,0.6260521200252231
4690,5.0,15.0,0.5029909185037633
6456,5.0,14.0,0.058250610019491056
45025,5.0,12.0,0.27971201994354367
40952,5.0,14.0,0.014596479996717093
855,5.0,5.0,12.749642495920625
49815,5.0,5.0,5.254172722913694
13874,5.0,5.0,1.8493271039357069
7393,5.0,5.0,2.9473251838425085
11797,5.0,5.0,11.165128000028062
32864,5.0,5.0,1.5353443836035296
36868,5.0,5.0,11.255338500088314
44797,5.0,5.0,1.2637911550748697
48822,5.0,15.0,14.210081539278747
21958,5.0,5.0,4.944672000038281
31863,5.0,5.0,3.5018244000389487
4461,5.0,5.0,3.882158899490534
26339,5.0,5.0,4.945969833361367
36159,5.0,5.0,1.7662119249400803
24515,5.0,5.0,0.6726698667979889
32171,5.0,5.0,1.4210200000502624
40119,5.0,5.0,4.366790297599238
5375,5.0,5.0,2.5668987000878474
16701,5.0,12.0,3.000920070054903
44311,5.0,5.0,1.9134663680896793
28481,5.0,15.0,3.233385632003916
26731,5.0,14.0,0.7462191001145158
46252,5.0,14.0,0.7260866670193273
18406,5.0,15.0,2.0468995490020276
5380,5.0,14.0,0.4053904880243593
8429,5.0,15.0,1.3200709379783397
38952,5.0,14.0,0.26646325208456645
48704,5.0,12.0,0.8418947250151305
3406,5.0,14.0,0.17448143004224903
10114,5.0,15.0,0.8839971299955458
6882,5.0,14.0,0.1511110559882809
47628,5.0,15.0,0.863359791020061
39055,5.0,15.0,0.6159444249963641
1543,5.0,14.0,0.03733585204650591
40500,5.0,5.0,0.13472947192633455
35455,5.0,5.0,1.3038840324843477
30475,5.0,15.0,14.857199256250027
8686,5.0,5.0,0.05793672501359026
13125,5.0,12.0,7.732864884365654
36746,5.0,5.0,0.6006220558226119
31598,5.0,14.0,0.2441139660601639
44369,5.0,12.0,0.4299046949986849
1833,5.0,5.0,1.4437000002415346
20045,5.0,5.0,1.308279280155375
29751,5.0,5.0,0.015069466822652089
2492,5.0,12.0,12.845386560769185
27569,5.0,12.0,1.4189506321592518
16877,5.0,12.0,5.486851775866569
2480,5.0,12.0,0.8518191600691054
31755,5.0,15.0,2.3589782399593773
46566,5.0,15.0,0.35615001003023394
20144,5.0,12.0,1.0749000000025148
24474,5.0,15.0,1.4305277459712755
26277,5.0,15.0,0.36224177999031504
9255,5.0,15.0,0.38734817250505316
9092,5.0,12.0,0.5594132999871881
14588,5.0,12.0,0.49415294999796977
40811,5.0,5.0,1.6770939838717425
30939,5.0,5.0,6.627647049391371
23581,5.0,15.0,17.267839190542546
17326,5.0,5.0,0.5103880702599213
16071,5.0,5.0,0.9543803840012544
27361,5.0,14.0,1.0036652639891912
35474,5.0,15.0,3.405926589036312
1410,5.0,15.0,3.2756440950078627
7642,5.0,12.0,1.8708438000403262
17881,5.0,15.0,1.6910442640091716
8553,5.0,12.0,0.1734779999792755
19855,5.0,12.0,1.2810008360730762e-05
10045,5.0,5.0,12.673960959590488
20106,5.0,5.0,6.119051656631484
19959,5.0,5.0,18.661326614270877
47119,5.0,5.0,4.862726400107363
29578,5.0,5.0,15.284009471647153
2047,5.0,5.0,14.089660108182642
2125,5.0,14.0,41.56552987214803
13181,5.0,5.0,12.113676799862233
24918,5.0,5.0,5.0288381973846015
17149,5.0,5.0,2.4017243304345186
33528,5.0,5.0,12.461379839618672
23958,5.0,5.0,6.124679999742142
13206,5.0,5.0,12.41933783009901
957,5.0,15.0,20.17656999955105
15109,5.0,5.0,4.6102266876108615
18035,5.0,5.0,8.33561044998146
2661,5.0,5.0,0.9656638666780424
18541,5.0,5.0,3.0450751997831844
17382,5.0,15.0,13.533132479794773
38209,5.0,5.0,12.739453091818461
35654,5.0,5.0,5.662233600033865
6620,5.0,5.0,2.756372462696959
25651,5.0,5.0,0.3422133330733459
2653,5.0,5.0,2.932393300078928
8149,5.0,5.0,0.064118937575671
49199,5.0,5.0,1.121996737526466
12828,5.0,5.0,3.2889418160200066
32568,5.0,5.0,1.321425753557648
32837,5.0,5.0,3.82842428182515
28266,5.0,5.0,2.367502387157785
33490,5.0,5.0,0.06454860018538966
24625,5.0,14.0,1.0898559949553714
19142,5.0,5.0,0.6880114177473331
28286,5.0,5.0,0.58631244798935
560,5.0,5.0,0.5234181119953831
3025,5.0,14.0,0.48963484598045426
34918,5.0,14.0,0.4035672000689985
2750,5.0,14.0,0.46806195194866973
1436,5.0,15.0,2.237223208980936
20597,5.0,12.0,0.7607792999867566
24932,5.0,15.0,1.0185024719695246
35598,5.0,15.0,0.5301465089636253
40124,5.0,15.0,0.41280806397282976
14214,5.0,15.0,0.3732356219751214
11131,5.0,15.0,0.3137008440229252
46737,5.0,5.0,1.4855301288332043
36229,5.0,5.0,0.8977774076791434
16772,5.0,12.0,16.138098192204325
15107,5.0,5.0,1.5112788479256096
34022,5.0,5.0,0.0584828179408845
3043,5.0,12.0,12.926081999915453
39724,5.0,15.0,12.152381272111995
14636,5.0,5.0,0.5300829013325341
20506,5.0,5.0,0.1716696576003045
41889,5.0,5.0,0.19394268002737647
31026,5.0,12.0,4.972371599927186
15513,5.0,12.0,0.154482960004394
16694,5.0,15.0,1.8125213219797942
37174,5.0,14.0,0.3683892419624861
19010,5.0,15.0,1.337737114471933
28666,5.0,14.0,0.1449221359792805
6397,5.0,14.0,0.013458659991427702
45449,5.0,5.0,1.6838537382321306
45774,5.0,5.0,3.6709935101199562
49334,5.0,5.0,2.998493135880949
27223,5.0,5.0,3.5601267708967157
32272,5.0,5.0,0.9157503891835148
25268,5.0,5.0,1.4345725438419379
12469,5.0,15.0,15.617780141015658
22940,5.0,5.0,0.3377867767420071
47242,5.0,5.0,0.05872634843063196
43102,5.0,12.0,5.174475743764177
7320,5.0,12.0,1.1597132999743849
20748,5.0,12.0,2.4459411000412388
2269,5.0,15.0,1.7165278400043924
42493,5.0,12.0,0.04575825750383089
7715,5.0,14.0,0.2542196440351443
12876,5.0,12.0,0.8451020549715835
16215,5.0,12.0,0.6217679999890002
16838,5.0,15.0,0.3807935880008735
34365,5.0,15.0,0.3300874140037058
9494,5.0,5.0,0.9869068797755176
27641,5.0,5.0,4.985920400126474
21229,5.0,5.0,14.36646773728873
21142,5.0,5.0,13.69945594931795
45593,5.0,5.0,7.428946122794514
42283,5.0,5.0,3.744931822810244
34896,5.0,15.0,4.95865599352544
15070,5.0,5.0,0.6099400002390638
39569,5.0,5.0,2.0496896853194215
16044,5.0,15.0,2.348472288038444
31683,5.0,12.0,2.0274945600567023
10372,5.0,14.0,0.6600043800079192
44919,5.0,12.0,2.463645000086686
17778,5.0,14.0,0.4397443435566828
32207,5.0,14.0,0.4034601600558432
4382,5.0,15.0,0.9868485800474875
4159,5.0,15.0,0.8687474625188596
21994,5.0,12.0,0.38288064001152744
16504,5.0,15.0,0.27866260199644977
45076,5.0,5.0,1.5547867252816445
37596,5.0,5.0,11.80541359975632
33584,5.0,12.0,30.155999521439412
46543,5.0,5.0,5.21250053354521
26338,5.0,5.0,10.871410653916996
7772,5.0,5.0,0.41102370925838727
23528,5.0,5.0,2.621942054533477
7123,5.0,15.0,34.327758413435646
41903,5.0,5.0,0.4932036095741239
32654,5.0,5.0,3.1503733242205243
26023,5.0,5.0,0.16072447992115713
11100,5.0,5.0,6.37735774962465
16805,5.0,15.0,19.357218800066363
29643,5.0,5.0,0.3980263373946116
15558,5.0,5.0,1.0794684158057137
14173,5.0,5.0,1.2976773201293454
40200,5.0,5.0,2.69618240003809
19909,5.0,5.0,3.146165760618217
31605,5.0,14.0,1.382814993131369
8707,5.0,5.0,0.45565106671229216
6509,5.0,5.0,3.6127872853484533
37869,5.0,5.0,0.22893849596206906
17940,5.0,12.0,2.6786666550918667
14982,5.0,15.0,3.6563938661699282
47194,5.0,5.0,2.9046260373763495
29501,5.0,5.0,1.0332304000814325
29079,5.0,5.0,0.9304238250394548
33325,5.0,5.0,0.2941365331606498
11658,5.0,5.0,0.06229555219366745
34831,5.0,15.0,1.7333337824602175
17205,5.0,15.0,1.3626824700715048
20118,5.0,15.0,1.3009853055111762
45773,5.0,14.0,0.231858799996429
20979,5.0,14.0,0.15880973995903602
12220,5.0,14.0,0.2725777551463011
2702,5.0,12.0,0.409602562508411
14760,5.0,14.0,0.01755452500129362
33421,5.0,15.0,0.06339595500280781
42032,25.0,5.0,56.69159863376595
46346,22.0,5.0,66.73179445780747
49833,5.0,5.0,0.555185919705238
42638,5.0,5.0,0.18681777486675344
26461,5.0,12.0,2.400100454965326
22978,5.0,12.0,2.2118131649735346
43562,5.0,12.0,1.6969853999869002
28639,5.0,12.0,1.0113455100639754
30954,5.0,12.0,0.08732370002089374
34320,5.0,5.0,1.5038607702125546
1067,5.0,5.0,0.8222421519198235
29512,5.0,5.0,2.117168708046165
16559,5.0,5.0,0.08611913347509415
7933,5.0,5.0,0.04123066673054154
30298,5.0,14.0,4.968942724237735
45578,5.0,5.0,0.32347520006499053
395,5.0,5.0,0.46873698955548093
34902,5.0,5.0,0.0650819404562526
25518,5.0,5.0,0.2355586556697773
29262,5.0,5.0,0.5391889920227442
46599,5.0,15.0,2.149425694879561
16800,5.0,14.0,0.41049269998324434
9381,5.0,14.0,0.42188938198305337
18209,5.0,12.0,0.9407363249891176
27346,5.0,12.0,0.9188867099884561
9139,5.0,14.0,0.2842946730004172
13671,5.0,14.0,0.16269847593430775
46034,5.0,12.0,0.35958967495839644
35283,5.0,12.0,0.22623005999129564
16509,5.0,5.0,22.57751694098266
27749,5.0,5.0,21.079299754142312
48448,5.0,12.0,42.82988592053624
35063,5.0,5.0,11.408843434422295
23230,5.0,5.0,0.9435466669890786
19368,5.0,5.0,3.788644751731539
11997,5.0,5.0,24.542947008385966
32523,5.0,5.0,5.126570239446835
43591,5.0,5.0,8.344370000199646
643,5.0,5.0,1.7567674565985811
35107,5.0,15.0,5.048386365553455
4685,5.0,14.0,0.8442398879922308
6541,5.0,14.0,0.7280410949344756
12646,5.0,15.0,4.218714000167438
41830,5.0,15.0,2.770392639929476
43307,5.0,14.0,0.605064675952633
5634,5.0,15.0,2.183633418018321
39128,5.0,15.0,2.1460067760332997
23909,5.0,15.0,2.1852470760105227
18505,5.0,14.0,0.5472007950283988
41725,5.0,14.0,0.4960754560844336
38925,5.0,14.0,0.258831551981034
30752,5.0,14.0,0.23984540002085275
43005,5.0,14.0,0.2334898560103067
492,5.0,15.0,1.1382999850138926
38000,5.0,14.0,0.1484054625010227
34260,5.0,15.0,0.7685816380390378
32916,5.0,15.0,0.43399375002377827
28430,5.0,14.0,0.03399565749419331
23557,5.0,14.0,0.026796258012306673
16372,5.0,15.0,0.46813316249348347
44388,5.0,15.0,0.397434064023658
31905,5.0,15.0,0.2745026449994059
7410,5.0,5.0,14.611127551770892
34977,5.0,5.0,14.713890508882088
22526,5.0,5.0,2.4847547391079274
38553,5.0,5.0,1.1918919999339153
26842,5.0,5.0,10.751691263890535
27962,5.0,5.0,9.80286224013463
48064,5.0,5.0,0.2386867199058429
30327,5.0,5.0,7.520797405530658
2334,5.0,5.0,6.684923385461019
28790,5.0,5.0,3.8256784169450953
36196,5.0,5.0,4.773767884984551
29692,5.0,5.0,4.032125600036579
47258,5.0,5.0,2.2049173333981926
39214,5.0,5.0,0.7215033705856086
34267,5.0,5.0,7.222884288726576
39904,5.0,5.0,1.209923349379622
43820,5.0,5.0,0.5317480220386912
9519,5.0,5.0,1.151821670358018
15051,5.0,5.0,0.1947773334563081
48356,5.0,5.0,0.2584632677775289
16123,5.0,14.0,8.39941849426016
16955,5.0,5.0,0.0082303989169219
34228,5.0,15.0,4.10535553408846
36281,5.0,15.0,4.097182252055994
2973,5.0,14.0,0.7468132400172713
17605,5.0,15.0,2.9742332020781816
35259,5.0,14.0,0.5896621900034731
17345,5.0,14.0,0.5034991724710807
34135,5.0,15.0,2.0851813649813167
40460,5.0,14.0,0.4657142049867389
34274,5.0,5.0,0.44414336006840216
35008,5.0,12.0,1.217388585064203
45936,5.0,12.0,1.0356133800282628
24245,5.0,14.0,0.14586648998784746
43086,5.0,5.0,0.03708720001280774
6795,5.0,15.0,0.5418567599843591
42079,5.0,15.0,0.5425629749544614
12673,5.0,15.0,0.4761833279617216
20539,5.0,14.0,0.013409212491017897
16858,5.0,15.0,0.27797719501543483
39405,5.0,5.0,1.4550898884006642
47736,5.0,5.0,1.398275579830539
17608,5.0,5.0,1.411871846484786
4829,5.0,5.0,0.8748832256661387
32759,5.0,5.0,0.781702161056046
40354,12.0,14.0,14.188337913609615
49990,5.0,15.0,1.5369007500929683
36654,5.0,15.0,4.242113587294256
16392,5.0,5.0,0.057529512297648466
9714,5.0,12.0,2.7365343600452263
49091,5.0,15.0,3.0528969409466313
30607,5.0,15.0,1.054225473507696
7405,5.0,12.0,0.32136915002673927
5857,5.0,12.0,0.07501912500654573
12501,5.0,5.0,0.3085656972971549
10281,5.0,5.0,3.1686200835654006
43770,5.0,5.0,0.09680403465418408
18662,5.0,5.0,3.578731543862375
18997,5.0,5.0,1.2466691067813542
578,5.0,5.0,1.4605484542177578
44099,5.0,15.0,7.7119795223476615
30731,5.0,12.0,2.714779357528407
23266,5.0,12.0,2.35621496998251
44900,5.0,12.0,1.900850384983059
13539,5.0,15.0,2.2994813639821814
30213,5.0,12.0,0.6896590500348907
3970,5.0,14.0,0.29169691500381134
41299,5.0,12.0,0.8402433600070403
40951,5.0,12.0,0.8458151249898567
2880,5.0,12.0,0.3017820000024054
20322,5.0,14.0,0.020171321974858714
35342,5.0,12.0,0.0658427250075646
4414,5.0,12.0,0.05535327000434398
26035,5.0,5.0,12.9578047979374
37107,5.0,14.0,22.70355590304365
2024,5.0,5.0,5.936303999596447
47410,5.0,5.0,17.7841109954214
43415,5.0,5.0,13.219983599953764
16752,5.0,5.0,2.9276640001678516
24501,5.0,5.0,5.4198046718195485
27074,5.0,5.0,8.689367999997913
29627,5.0,5.0,7.755959289927972
25693,5.0,15.0,22.325171289738535
32218,5.0,5.0,3.3194242055598835
27327,5.0,15.0,5.085997011959833
49565,5.0,14.0,1.3046506378576055
49047,5.0,14.0,1.3031233018586619
14463,5.0,15.0,3.697855947245273
3169,5.0,14.0,0.7412125769615443
11892,5.0,15.0,1.5783092479771348
23115,5.0,15.0,2.4583585600544993
35073,5.0,12.0,0.9844864500393555
1477,5.0,14.0,0.29269645589185345
3326,5.0,15.0,1.2474953760032594
34955,5.0,15.0,0.3160258399906759
14385,5.0,15.0,0.015517436011140973
19603,5.0,5.0,1.8671740001462922
19470,5.0,5.0,14.258267596304535
19946,5.0,5.0,4.946082017207345
25286,5.0,5.0,1.7128036084256735
5156,5.0,5.0,12.084185497226343
18978,5.0,5.0,0.9410577918460206
18220,5.0,5.0,0.8758743535335753
41598,5.0,5.0,8.291686199762893
3304,5.0,5.0,5.494741069044878
3910,5.0,5.0,0.5111813121374382
48116,5.0,5.0,4.712135526381786
31276,14.0,14.0,2.1843316799158004
23814,5.0,5.0,6.825229666555018
32959,5.0,5.0,4.557391199934223
13653,5.0,5.0,3.2823327342345863
25568,5.0,5.0,1.9290231068143129
25894,5.0,5.0,1.4899565667035262
16039,5.0,5.0,1.7628137812587426
4537,5.0,5.0,4.0910182257711085
9770,5.0,5.0,1.3886565332542915
40235,5.0,5.0,0.5186244030318292
35808,5.0,14.0,1.864453123011259
26581,5.0,5.0,1.068726783965829
30930,5.0,5.0,0.008368281598791327
34042,5.0,5.0,0.3453188438356136
6945,5.0,5.0,1.335310540847093
20387,5.0,5.0,0.6400039999490161
32751,5.0,15.0,3.8291630974774264
34813,5.0,14.0,0.43028963998069614
17474,5.0,15.0,1.4915210370023821
10185,5.0,5.0,0.4004438304229989
22448,5.0,14.0,0.05278064796168014
9761,5.0,15.0,0.45907358600823045
617,5.0,15.0,0.40172579400492037
10510,5.0,14.0,0.007004743981756434
7733,5.0,15.0,0.21697348500444047
43142,5.0,15.0,0.14318762000253882
48947,5.0,15.0,0.11483351397114872
45084,5.0,15.0,0.00504371749702992
10681,5.0,5.0,0.2691294718704853
5852,5.0,5.0,0.9918520316375918
29150,5.0,15.0,14.731405427138782
40002,5.0,5.0,0.640620082807402
17107,12.0,5.0,8.867033088112208
45293,5.0,15.0,11.511105964879931
49557,5.0,15.0,0.8903594740100615
23765,5.0,15.0,0.4179755770804796
22106,5.0,12.0,0.8678734500179264
6476,5.0,14.0,0.1149748300151181
38987,5.0,5.0,1.0572671665261169
14792,5.0,5.0,0.5377436156425972
38192,5.0,5.0,0.2674505213173859
1085,5.0,5.0,0.20781450010170488
43115,5.0,15.0,19.448623599512246
46457,5.0,5.0,1.3693034836247193
21511,5.0,5.0,0.2089526781154234
6743,5.0,5.0,0.5159034715161965
787,5.0,15.0,3.3760112271096077
35835,5.0,12.0,2.772110999920514
27464,5.0,12.0,1.4323325700338572
39049,5.0,12.0,2.0716070249394605
44100,5.0,12.0,1.3643848200086381
23056,5.0,15.0,2.365354675209936
15310,5.0,12.0,0.16290300001828584
6763,5.0,12.0,0.591818294973681
5818,5.0,12.0,0.47636858999698184
16570,5.0,14.0,0.02286195001128455
9878,5.0,12.0,0.06555044999572601
21619,5.0,5.0,6.587083684781106
2618,5.0,5.0,6.810129152199551
17623,5.0,5.0,1.3224384005715422
17217,5.0,5.0,2.8220835151392265
36923,5.0,15.0,12.838535414147202
26710,5.0,14.0,3.2558858782789457
6887,5.0,15.0,5.192767319876758
31650,5.0,12.0,2.5915204198922694
45221,5.0,15.0,3.374221079911024
47347,5.0,12.0,1.7430635999445343
27701,5.0,12.0,1.7017697999380133
27825,5.0,15.0,1.4665997399589799
22565,5.0,12.0,0.9501452399656429
12515,5.0,12.0,0.748735679987325
34392,5.0,15.0,1.012679623980464
32725,5.0,15.0,1.0075323839792354
7885,5.0,12.0,0.47937787499619233
15375,5.0,12.0,0.4347758999904894
5681,5.0,12.0,0.2550035999887905
12922,5.0,12.0,0.246650159986614
48868,5.0,12.0,0.11591129999283822
33994,5.0,5.0,3.766930799988188
12695,5.0,5.0,16.581415269622596
25971,5.0,5.0,14.835063551085057
41578,5.0,5.0,16.530454000699564
38621,5.0,5.0,6.14446444816727
24725,5.0,5.0,18.820972816953372
7350,5.0,5.0,11.600317867155539
23138,5.0,5.0,16.36891300095236
42418,5.0,5.0,15.665483333882165
28004,5.0,5.0,2.5806514171082995
1738,5.0,14.0,37.8372870137801
31088,5.0,5.0,13.694539776039363
36762,5.0,5.0,4.937036543751191
6185,5.0,15.0,18.092266572457362
39954,5.0,5.0,13.360337226928777
26526,5.0,15.0,14.750614251759515
19064,5.0,5.0,3.3823328427045425
31728,5.0,5.0,8.793449279972677
46799,5.0,5.0,2.762735666857509
9853,5.0,5.0,2.863531264297393
33396,5.0,5.0,0.9762765827213542
49975,5.0,5.0,1.4250068139042185
7839,5.0,5.0,2.0749006340289355
25792,5.0,15.0,5.05134365447929
49460,5.0,5.0,0.5915458731534926
10626,5.0,14.0,0.4718295599410851
40295,5.0,12.0,2.073736650062365
19409,5.0,15.0,2.6830026408851353
40855,5.0,5.0,0.8711570432244073
14993,5.0,5.0,0.35058210138112145
28404,5.0,5.0,0.42619182082040297
49296,5.0,14.0,0.2921425514520628
341,5.0,12.0,1.1001208125230768
24724,5.0,14.0,0.27703618503874594
31204,5.0,15.0,0.9857135999990376
16184,5.0,14.0,0.20089552097529761
13053,5.0,15.0,1.0014897000015264
32700,5.0,14.0,0.1180173599810228
22001,5.0,15.0,0.950930939984552
23609,5.0,14.0,0.0975303739721074
6285,5.0,5.0,5.404340736331221
18604,5.0,5.0,0.8805311996595151
16768,5.0,5.0,1.4364216324566996
26192,5.0,14.0,2.9996434561057015
26397,5.0,5.0,0.36157716487734604
27447,5.0,5.0,0.03668659232776861
8776,5.0,12.0,5.411156700186339
41790,5.0,12.0,1.837152029993348
8993,5.0,12.0,1.5696317999766976
24834,5.0,12.0,1.3883792475809962
6265,5.0,14.0,0.37890746402440456
43437,5.0,12.0,0.9748136325357244
46297,5.0,15.0,0.6283284599989756
10444,5.0,14.0,0.03102837601981978
9217,5.0,14.0,0.02546102397876382
38439,5.0,15.0,0.2085715280127598
16275,5.0,5.0,4.3368601598962755
47746,5.0,12.0,22.1679540485527
8861,5.0,5.0,0.7753540907451111
7085,5.0,5.0,0.3640389117371967
2453,5.0,14.0,5.974759135818687
4715,5.0,5.0,0.12986501325474364
33933,5.0,5.0,0.39647999991818494
760,5.0,5.0,0.035607035787876384
21362,5.0,5.0,0.036461288494734845
47060,5.0,5.0,0.06508620798176423
27296,5.0,5.0,0.2646037334943543
4802,5.0,5.0,0.1507069441048543
14824,5.0,12.0,4.438780572187071
4027,5.0,12.0,2.4006060750345526
22375,5.0,12.0,1.5374603550109747
42237,5.0,12.0,1.4987643600373737
39016,5.0,12.0,0.8882450849992267
16289,5.0,14.0,0.22604233197113466
27846,5.0,14.0,0.15697188001963092
37824,5.0,5.0,23.94350786478435
36743,5.0,5.0,8.126636799816168
34332,5.0,12.0,22.700389729261985
40434,5.0,5.0,7.765380248774079
41684,5.0,5.0,14.837522217368843
37845,5.0,5.0,0.10004479989441961
28596,5.0,5.0,7.729001066617215
38253,5.0,5.0,2.5495258400889185
18333,5.0,5.0,3.511719738248246
15295,5.0,5.0,2.321914204799924
46672,5.0,5.0,3.036674713131248
12430,5.0,14.0,3.0730003997124555
21325,5.0,5.0,5.720672216206367
21870,5.0,14.0,1.0687111228158201
20793,5.0,15.0,4.087789799999577
9491,5.0,12.0,4.054353600245889
49748,5.0,14.0,0.4312066719491341
37252,5.0,15.0,1.8654083274694742
4991,5.0,15.0,1.5257981349482748
10429,5.0,15.0,1.1124249469713856
4396,5.0,14.0,0.15177447146287726
25267,5.0,12.0,0.5282089500365217
12255,5.0,14.0,0.08255312997325248
3792,5.0,14.0,0.05263381599085104
406,5.0,15.0,0.16497975602669257
18508,5.0,5.0,17.324159999876287
28896,5.0,5.0,22.575449242034892
42636,5.0,5.0,10.274466304067943
24907,5.0,5.0,20.188482218934013
37179,5.0,14.0,28.61082931637833
22965,5.0,5.0,29.516357144868437
33800,5.0,5.0,17.183713972219408
14510,5.0,5.0,2.853336320181853
34826,5.0,5.0,9.508330922624879
33564,5.0,5.0,6.195615409660618
48709,5.0,5.0,1.2059803473929662
15236,5.0,5.0,0.48218638127390534
15351,5.0,5.0,6.580249804486499
48026,5.0,5.0,2.542835500007179
40961,5.0,5.0,3.804524765635051
44579,5.0,5.0,0.2952774827018487
35496,5.0,5.0,1.9117793280191648
1323,5.0,5.0,0.9464735232122194
40406,5.0,15.0,9.293146089756462
11972,5.0,14.0,1.6814835720935832
23848,5.0,5.0,0.9781846441207094
4153,5.0,14.0,1.5744416550757592
49729,5.0,5.0,0.20497766399777362
25503,5.0,15.0,3.615126200059919
43785,5.0,15.0,3.553918500145599
1883,5.0,15.0,3.2583025786057007
10283,5.0,5.0,2.417595599822409
22089,5.0,5.0,0.21656999998621274
15508,5.0,5.0,1.5856186880042529
39941,5.0,15.0,1.9895125550675985
14504,5.0,14.0,0.4596747300046147
45538,5.0,14.0,0.26941390002112797
30666,5.0,15.0,1.2306213000795019
33009,5.0,14.0,0.221234880043351
16766,5.0,15.0,1.0308087915253683
5398,5.0,15.0,0.9774936255481741
33119,5.0,15.0,0.5548539725714923
6600,5.0,14.0,0.04581631751815518
36267,5.0,15.0,0.2739352199987577
695,5.0,15.0,0.21235141797618518
18190,5.0,15.0,0.02420741248919933
18977,5.0,15.0,0.017184767992484584
11866,5.0,5.0,8.284916592234651
32528,5.0,12.0,24.43453906845957
5621,5.0,12.0,14.342093759503001
22572,5.0,5.0,0.4657635837278491
41285,5.0,12.0,10.530048072123407
26070,5.0,5.0,0.38134336893703846
13979,5.0,5.0,0.02792934432545735
46291,5.0,12.0,2.914782644926632
5523,5.0,12.0,2.6041704600344886
36982,5.0,12.0,3.4739869440086935
15460,5.0,12.0,1.8230047500315791
13480,5.0,15.0,1.511011409981304
17076,5.0,14.0,0.20026066498112982
5307,5.0,12.0,0.7067124750095601
47158,5.0,14.0,0.1659146400024163
11637,5.0,12.0,0.4596301200096029
32575,5.0,15.0,0.5802671159757606
37324,5.0,12.0,0.2674077600064919
8711,5.0,15.0,0.3367597979932624
8396,5.0,5.0,1.8943067510363676
27674,5.0,15.0,22.476220331704496
22627,5.0,5.0,0.30531499996718026
40783,5.0,5.0,0.7634237099164807
10492,5.0,5.0,0.04417399999488225
22787,5.0,15.0,7.109759247500719
35102,5.0,5.0,0.29388175372281466
39831,5.0,5.0,0.40245811200448145
18156,5.0,12.0,2.153764649887755
37599,5.0,12.0,1.3358887499309944
36123,5.0,12.0,0.9754251599669921
1719,5.0,15.0,1.040059379995606
46999,5.0,12.0,0.7235709599811688
1535,5.0,12.0,0.666612344948188
34287,5.0,12.0,0.7029638624682661
14746,5.0,15.0,0.7930352250651502
43890,5.0,12.0,0.30378843750014983
20571,5.0,15.0,0.15136807501941751
8250,5.0,5.0,21.28443050880827
30572,5.0,5.0,8.425847742392676
41079,5.0,5.0,4.235730000068074
41770,5.0,5.0,7.109696755201668
23736,5.0,5.0,9.148920599959993
46260,5.0,5.0,8.389014698604512
12607,5.0,14.0,4.830448320407925
33328,5.0,5.0,6.127712677445132
21827,5.0,5.0,2.0732224001163218
27195,5.0,15.0,8.871578412117557
23627,5.0,14.0,3.8697158016089332
6277,5.0,12.0,0.49440945000696246
21791,5.0,15.0,0.008900280013019124
6290,5.0,12.0,40.30122359895887
25207,5.0,5.0,14.628118495510478
37737,5.0,5.0,6.643016524612335
12092,5.0,5.0,15.980147500352643
9060,5.0,5.0,2.577852927832282
36280,5.0,15.0,35.65792277678281
17612,5.0,14.0,26.672146214648848
45151,5.0,5.0,3.0542996478658324
33572,5.0,5.0,2.1130528766618966
20425,5.0,5.0,0.42318475522588983
30875,5.0,12.0,18.961581359269616
5189,5.0,5.0,0.2524810751913833
37214,5.0,5.0,0.23665044480470954
32393,5.0,5.0,0.17563991030846182
23764,5.0,5.0,0.4450593706357182
7666,5.0,5.0,2.0408761334203547
12902,5.0,15.0,14.496592093862816
14950,5.0,5.0,0.218988851224303
14540,5.0,5.0,0.2296833333511934
46534,5.0,5.0,1.0612426239298571
7880,5.0,5.0,0.8764490241284761
31080,5.0,14.0,0.9557142119253257
41032,5.0,5.0,0.1359671039938064
22709,5.0,15.0,3.433010519879886
26482,5.0,5.0,0.18447389024135674
29668,5.0,12.0,2.331800264868434
45569,5.0,15.0,1.0165036198934914
32327,5.0,14.0,0.4847226090694434
45176,5.0,14.0,0.4091292000715576
38537,5.0,12.0,1.1887521599040056
28351,5.0,14.0,0.3945961980624304
6842,5.0,15.0,1.5731435024617824
19725,5.0,15.0,1.5585326400046178
8632,5.0,15.0,1.480202819949703
4947,5.0,14.0,0.291009972528407
2348,5.0,14.0,1.0894062289045578
25597,5.0,14.0,0.2579874570349805
45315,5.0,14.0,0.19883161804753158
44993,5.0,14.0,0.07055090999508451
40308,5.0,15.0,0.506362012453204
44724,5.0,14.0,0.02890552499232424
43354,5.0,5.0,4.379029316633705
9644,5.0,5.0,3.4207802368783007
33303,5.0,5.0,3.409742335857743
29373,5.0,15.0,25.332769342199526
35240,5.0,5.0,0.5811717121046627
23640,5.0,15.0,15.947469358522795
22599,5.0,5.0,0.8771963898177688
39350,5.0,15.0,5.359956479311734
7195,5.0,12.0,0.4688489634540929
48928,5.0,12.0,0.6852737999797895
23319,5.0,12.0,0.6701635199901048
35927,5.0,12.0,0.3696788999571172
46061,5.0,12.0,0.3034128000212837
11742,5.0,12.0,0.14157209997157993
5483,5.0,15.0,0.0678638999814174
21435,5.0,5.0,0.1072201920614475
26427,5.0,5.0,0.1608459201102619
2042,5.0,5.0,4.807837627995497
8644,5.0,5.0,1.3249260286749234
49757,5.0,5.0,0.05294019995557164
17207,5.0,5.0,0.42028108797941854
18244,5.0,5.0,1.527392716772681
32289,5.0,5.0,0.30412499981902386
6186,5.0,5.0,0.9848494081168866
12154,5.0,12.0,4.21068000021404
16300,5.0,12.0,1.2633120750313438
4480,5.0,12.0,0.7033370700625472
38847,5.0,14.0,0.13836557599673327
38007,12.0,14.0,0.013343760012251238
27832,5.0,15.0,0.010966520014063397
20616,5.0,15.0,11.314325336849265
21204,5.0,5.0,15.060486400032872
25047,5.0,5.0,8.394419199941623
21700,5.0,5.0,4.470298060395805
49514,5.0,5.0,8.383450400006254
24447,5.0,14.0,23.582612847633982
34461,5.0,5.0,3.5098338666223725
24841,5.0,14.0,4.937815616017218
839,5.0,12.0,13.160804160465148
3641,5.0,5.0,1.012386047735177
46604,5.0,5.0,0.6223649206889803
37133,5.0,15.0,8.201228423995474
8894,5.0,15.0,4.155008048962898
10502,5.0,12.0,0.5925760499509636
10501,5.0,12.0,2.002451114981767
964,5.0,15.0,2.2431610949207084
1758,5.0,12.0,1.4917998000001234
24415,5.0,12.0,1.4258496000214542
39613,5.0,12.0,1.0494422399999266
31236,5.0,12.0,0.6559503374878624
23994,5.0,12.0,0.9644154239238709
23090,5.0,12.0,0.5670911999762129
2479,5.0,12.0,0.4894928849901117
36425,5.0,15.0,0.2600914380088133
32505,5.0,5.0,20.729745600071283
46070,5.0,5.0,12.842615551863133
2893,5.0,5.0,18.47808614366241
39063,5.0,5.0,15.87000714179814
33139,5.0,5.0,10.022570597984128
17225,5.0,5.0,15.785099783443457
19631,5.0,5.0,13.461415711941328
46115,5.0,5.0,1.549083084657184
5588,5.0,15.0,20.343956643494124
33660,5.0,5.0,0.39412313329806636
48933,5.0,5.0,8.345685024051107
48266,5.0,5.0,0.3524172799887282
34261,5.0,5.0,7.18375765325645
10537,5.0,5.0,0.6575975423333631
48981,5.0,5.0,3.965150207945939
20833,5.0,5.0,0.3421935679770911
37993,5.0,12.0,3.2163806998784636
12313,5.0,14.0,1.7997001799421213
32921,5.0,5.0,1.2867794422404657
38405,5.0,5.0,0.392403206399468
33107,5.0,14.0,0.9619927049949837
48567,5.0,5.0,0.9390599167685849
23234,5.0,15.0,2.1224841225291904
29473,5.0,14.0,0.34775671198512015
6461,5.0,15.0,1.4045008800513052
33465,5.0,5.0,0.3800055679865366
31906,5.0,15.0,0.962627958032412
4049,5.0,14.0,0.1430826000348997
35788,5.0,15.0,0.6363314760217573
36846,5.0,14.0,0.056090105970300286
22315,5.0,15.0,0.4296030330169245
23628,5.0,14.0,0.006722624984254466
7616,5.0,15.0,0.2618867880024611
30659,5.0,14.0,2.575710144669415
43320,5.0,5.0,1.3084729686692356
31708,5.0,15.0,20.323216248220717
41522,5.0,5.0,0.0040608255489615885
7557,5.0,5.0,0.23622205434389798
26500,5.0,12.0,6.90029169555342
35375,5.0,12.0,2.040517199807603
31098,5.0,15.0,4.833037056088045
39003,5.0,12.0,0.08971029738749792
16045,5.0,12.0,1.4079903598207082
301,5.0,12.0,0.7948313399288018
33958,5.0,15.0,0.4183675724434881
38727,5.0,12.0,0.22962575997585866
35847,5.0,5.0,1.3759954091448208
47640,5.0,5.0,0.08710394418471878
30492,5.0,5.0,0.3009360000161223
29997,5.0,5.0,0.9312488450601961
1627,5.0,5.0,2.893272422086568
18143,5.0,12.0,8.970937536538855
28149,5.0,5.0,0.29610982434762434
13335,5.0,12.0,10.92801000113704
13468,5.0,5.0,0.9783452153780843
47386,5.0,12.0,1.4884702500493603
19468,5.0,12.0,3.587491920296266
29478,5.0,12.0,0.061342770049538586
24368,5.0,12.0,0.27997248006503384
30023,5.0,15.0,1.3772838400911667
24303,5.0,15.0,1.0575923760021197
15902,5.0,14.0,0.07350267102444441
47452,5.0,15.0,0.0181834055032688
3387,5.0,5.0,19.230489711366374
22941,5.0,5.0,8.975957907999458
22970,5.0,5.0,14.36723710088036
49937,5.0,12.0,8.963107680392454
41383,5.0,5.0,2.3405107980647557
17672,5.0,5.0,2.313991539739476
14239,5.0,5.0,5.293249254375084
25870,5.0,12.0,4.6512021358322215
7429,5.0,5.0,5.0351245000677665
1875,5.0,5.0,0.42835540968273733
24355,5.0,12.0,2.4463876799894066
16794,5.0,14.0,0.6583589295442174
29814,5.0,14.0,0.6192886575224499
44296,5.0,15.0,3.690692131341862
446,5.0,12.0,1.3754618399917078
44626,5.0,14.0,0.4407887430423578
21686,5.0,15.0,1.4546648200672756
39442,5.0,12.0,0.7769796374950175
42140,5.0,14.0,0.22297890603113224
21130,5.0,14.0,0.08527580400054546
697,5.0,14.0,0.09879869801144991
20460,5.0,14.0,0.06469336600597408
44277,5.0,15.0,0.21351532799859552
33952,5.0,15.0,0.21093937000780283
1697,5.0,5.0,3.757856731195915
43778,5.0,14.0,10.836314253802584
15068,5.0,5.0,8.748992921384485
20685,5.0,5.0,10.281853200153563
4844,5.0,5.0,6.231598333515109
13898,5.0,5.0,6.256666348973823
8936,5.0,5.0,16.77716650677931
6483,5.0,5.0,10.784947507150292
7464,5.0,15.0,38.88495679579938
38084,5.0,5.0,4.176210239919783
22841,5.0,5.0,13.122822399901224
8503,5.0,5.0,7.452917930347468
42434,5.0,5.0,3.5887144919322793
18231,5.0,5.0,0.7705867521122229
8739,5.0,5.0,8.25972049813302
4751,5.0,5.0,0.2680102267128177
37021,5.0,5.0,9.552940647101195
44829,5.0,5.0,3.9010597331376573
31570,5.0,5.0,3.9440799520660903
25571,5.0,5.0,4.335157913291269
38747,5.0,5.0,9.791230079505056
38389,5.0,5.0,5.590254400043904
35792,5.0,5.0,1.6804912001051733
15346,5.0,5.0,1.0596277999436126
44290,5.0,5.0,6.220238284386966
3847,5.0,5.0,0.6171879999841536
3909,5.0,5.0,11.064093300303611
16966,5.0,5.0,2.319808266718802
39619,5.0,5.0,0.5960420641454789
20089,5.0,5.0,4.044253799930999
34532,5.0,5.0,0.8628216666996735
10653,5.0,5.0,0.6141150716681949
23098,5.0,5.0,0.3268638719186754
31638,5.0,5.0,3.858769663963706
16465,5.0,5.0,0.4679837863848988
38843,5.0,5.0,0.742326599983091
1613,5.0,15.0,3.923985321186649
32052,5.0,5.0,0.8507819517359607
18450,5.0,5.0,0.21716778355666477
37491,5.0,5.0,0.059064266694868195
31374,5.0,14.0,2.8008409538696597
8762,5.0,5.0,0.35873835119462427
11251,5.0,14.0,0.5963933100594261
45085,5.0,14.0,0.5917514800386563
28514,5.0,15.0,1.8103316300435424
12130,5.0,14.0,0.350013128074675
2224,5.0,15.0,1.5055976200681052
4040,5.0,15.0,1.9275490969201776
14244,5.0,5.0,0.34024500002193925
15093,5.0,15.0,0.6731661100247432
34938,5.0,5.0,2.4703135365044204
8274,5.0,5.0,1.6055737852325649
2444,5.0,5.0,0.05497199982396239
35148,5.0,5.0,0.6093886288504393
24021,5.0,5.0,0.6187173792570491
3577,5.0,5.0,1.2566970288368964
10797,5.0,12.0,1.950908789920355
12666,5.0,15.0,0.2336568559723453
39082,5.0,15.0,0.9017074565283423
18622,5.0,15.0,31.336621247786923
16503,5.0,12.0,12.499294800472455
25800,5.0,5.0,0.23815951400084145
35297,5.0,5.0,0.5719287295366939
15506,5.0,12.0,16.194428832085123
10829,5.0,12.0,12.010986120421563
10038,5.0,5.0,0.14571647939921206
26021,5.0,15.0,6.502985735451958
20170,5.0,12.0,2.510105069933161
48272,5.0,12.0,1.647629400039623
41869,5.0,15.0,0.3316381700127593
44959,5.0,12.0,0.852742199993461
27412,5.0,12.0,0.804022725019351
40407,5.0,12.0,0.6877380900073629
35520,5.0,15.0,0.929246951985478
25280,5.0,15.0,0.6708776939578609
19509,5.0,14.0,0.013886287976911937
28926,5.0,5.0,4.350783762748961
41992,5.0,5.0,7.36349135889256
24674,5.0,5.0,3.598676266551905
10018,5.0,5.0,13.70622868439142
6018,5.0,5.0,10.019478466605264
28880,5.0,5.0,2.16249478773247
14255,5.0,5.0,0.27743042485396074
10899,5.0,5.0,1.8626846999706999
33699,5.0,5.0,0.848479999975666
10889,5.0,15.0,4.201548910002273
37763,5.0,15.0,3.7113439130016417
19542,5.0,14.0,0.686260440079046
48750,5.0,12.0,1.385057100102113
25936,5.0,15.0,1.4774982961075338
33512,5.0,12.0,0.9480421200940903
8317,5.0,15.0,0.25333216811293724
29702,5.0,15.0,1.0389690800268756
12720,5.0,14.0,0.0012177600005536249
19424,5.0,5.0,11.149091430582303
17135,5.0,5.0,7.703751168013241
36105,5.0,5.0,14.113106329276889
11257,5.0,5.0,1.4164116993365212
39314,5.0,5.0,3.4535375998669195
3696,5.0,5.0,8.436963490614659
28345,5.0,5.0,5.629684224037533
44941,5.0,5.0,4.141213781577051
4296,5.0,15.0,17.350523342007563
37378,5.0,5.0,7.608877567968705
18841,5.0,5.0,4.412643839806776
40467,5.0,5.0,4.2800708118817
10753,5.0,5.0,5.520855466291096
21401,5.0,5.0,0.8954396292595987
22788,5.0,5.0,0.267430041814265
6120,5.0,5.0,1.3011086206953166
27873,5.0,5.0,0.9818643529321349
48410,5.0,5.0,2.103465257083741
18385,5.0,5.0,1.4990655599219025
29180,5.0,5.0,0.8828239999853338
35524,5.0,5.0,0.908513528041901
24202,5.0,5.0,1.864267999947117
24333,5.0,5.0,0.9352975999285036
4427,5.0,15.0,14.713258680569425
44896,5.0,5.0,1.0646872000100913
41030,5.0,15.0,4.792112378978629
39738,5.0,15.0,3.5087400299271323
13141,5.0,5.0,0.4439605231057797
2515,5.0,5.0,0.380470950048835
26246,5.0,14.0,0.6898215660714762
35644,5.0,15.0,1.7132654399127283
2775,5.0,15.0,1.5599034530257079
44946,5.0,15.0,1.4741815500263442
17069,5.0,14.0,0.27576253899863445
49593,5.0,5.0,0.2086600000347616
2466,5.0,15.0,0.9907779599780682
8824,5.0,14.0,0.15889490003093876
23471,5.0,14.0,0.1390579380215673
33434,5.0,15.0,0.19704133203180962
7465,5.0,15.0,0.1369955499737605
4946,5.0,15.0,0.01672520898504315
15415,5.0,12.0,0.001523302492243639
47566,5.0,5.0,0.4113379801750767
39810,5.0,5.0,0.831833805490902
17218,5.0,15.0,23.1466664237833
4716,5.0,14.0,1.7064424337076218
36969,5.0,12.0,13.449208942677103
31925,5.0,5.0,0.17908466406623802
3024,5.0,12.0,3.306497250059678
27275,5.0,15.0,0.9929371782356284
39902,5.0,15.0,0.49683674233394726
15362,5.0,12.0,2.146950299801098
30653,5.0,15.0,0.33952013485282606
23162,5.0,15.0,0.8455461449090542
1555,5.0,15.0,1.4692047119855687
14582,5.0,12.0,0.30870588002348587
18708,5.0,12.0,0.092972774963894
37597,5.0,5.0,0.6481332800893256
8507,5.0,15.0,26.40536254221928
30547,5.0,12.0,13.693605312168131
34839,5.0,5.0,0.34343546869052943
17958,5.0,5.0,0.00201157337146185
39731,15.0,14.0,12.777257039959352
4370,5.0,5.0,0.20131711997063917
22552,5.0,12.0,1.3721652749665623
26540,5.0,12.0,1.3627721099988932
3719,5.0,12.0,1.1061244198600129
39364,5.0,12.0,0.13273477506063713
35565,5.0,12.0,0.744659219996576
45333,5.0,12.0,0.4690615799119442
26257,5.0,15.0,0.6010297839629697
30718,5.0,14.0,0.03596636154632993
23490,5.0,15.0,0.014027520001550053
37787,5.0,5.0,11.718332467093745
15514,5.0,14.0,0.8934369659766475
21188,5.0,14.0,0.40435697999307507
5700,5.0,14.0,0.6354263680732402
19739,5.0,14.0,0.25152195391922305
144,5.0,15.0,1.183339889959143
33487,5.0,14.0,0.17567807394399182
1779,5.0,14.0,0.16389745198300787
48856,5.0,14.0,0.11690534398866603
7269,5.0,14.0,0.0909061279532608
49506,5.0,14.0,0.020919847970824357
20039,5.0,12.0,0.23938972499567868
35393,5.0,5.0,13.846996042859587
15484,5.0,5.0,3.073328400055516
20585,5.0,5.0,22.461091838200275
11695,5.0,12.0,50.52853797332938
10253,5.0,5.0,15.351245260599313
49957,5.0,14.0,12.355212556371043
10098,5.0,5.0,1.5908696000485065
16667,5.0,12.0,45.8698383818666
5360,5.0,5.0,14.18941767638512
47777,5.0,5.0,15.164962499893946
28510,5.0,5.0,11.149388902051669
26138,5.0,5.0,12.067511289793046
38454,5.0,5.0,7.050733823362691
6032,5.0,5.0,9.58752013310854
9856,5.0,5.0,6.1717151998453375
43932,5.0,5.0,3.970869999951489
7546,5.0,5.0,5.6832599997553
15550,5.0,5.0,0.988260000108184
21213,5.0,15.0,21.521388517329427
7915,5.0,5.0,0.036150019888196994
22169,5.0,5.0,1.5469664039669695
14678,5.0,5.0,3.4970804567062928
30214,5.0,5.0,0.5935176533057387
33780,5.0,5.0,0.13514865364712847
35278,5.0,5.0,2.7625101308945617
7804,5.0,5.0,2.089192294477293
42059,5.0,15.0,8.843322851842444
39020,5.0,5.0,2.8344999997480826
5472,5.0,14.0,1.016246123933513
15488,5.0,14.0,0.9422394078825818
17945,5.0,5.0,2.5571063531185416
1393,5.0,5.0,0.0024220842113109597
43195,5.0,14.0,0.8132744599733428
2204,5.0,12.0,2.212819724899802
30941,5.0,12.0,1.465295159999446
19247,5.0,5.0,0.14556543994365967
17266,5.0,14.0,0.38483387990190465
43509,5.0,12.0,1.0566790499355285
32866,5.0,5.0,0.2484322665833414
42133,5.0,14.0,0.19365739499613
23878,5.0,14.0,0.12049826994980073
16341,5.0,14.0,0.09118867202590764
28258,5.0,15.0,0.6043007099625815
4900,5.0,15.0,0.561347264955864
30515,5.0,15.0,0.4617826319860461
47059,5.0,14.0,0.019130801968586297
29012,5.0,15.0,0.15103400249060472
34385,5.0,15.0,0.03984104997847426
49283,5.0,5.0,0.3310984012035192
46094,5.0,5.0,1.449125819095343
11481,5.0,5.0,0.728640272570459
40059,5.0,5.0,1.6969049855847516
36477,5.0,12.0,4.043993520117084
14791,5.0,15.0,5.261322720677313
19449,5.0,12.0,1.961076900117078
36622,5.0,12.0,1.7695418249824115
45405,5.0,12.0,1.065963539984999
42709,5.0,12.0,0.9892681500803242
49032,5.0,12.0,0.8629788000269798
46323,5.0,15.0,1.2062621819669346
46258,5.0,12.0,0.7226183101033836
44362,5.0,15.0,0.848813507932153
16326,5.0,15.0,0.8029098900318701
5031,5.0,5.0,4.0719862071508715
34457,5.0,5.0,1.241516447467177
32587,5.0,15.0,26.177371248115435
14345,5.0,12.0,11.610892991094204
34583,5.0,5.0,0.7996438357885154
37178,5.0,5.0,0.7741248661593261
38275,5.0,5.0,2.588887462148307
9447,5.0,5.0,1.5979583998167755
40078,5.0,15.0,8.855110022632516
20564,5.0,12.0,0.5068020000809526
39528,5.0,15.0,0.9753615640576072
11564,5.0,14.0,0.7038312000889348
26265,5.0,14.0,0.1078085800159645
38596,5.0,15.0,0.13066656004175758
7215,5.0,15.0,0.01722566001709347
30521,5.0,15.0,24.126758572373376
25428,5.0,5.0,18.01774366727645
17447,5.0,5.0,5.979982919427599
29308,5.0,5.0,2.2188646338801163
10077,5.0,5.0,5.746538632814918
18704,5.0,5.0,0.24393953362378795
19492,5.0,5.0,2.732977600251182
7289,5.0,14.0,1.2669153120095302
46429,5.0,14.0,1.3122239600364978
40362,5.0,14.0,1.292937950019514
42794,5.0,14.0,1.7298276478565242
20861,5.0,14.0,1.0102004999147027
28107,5.0,15.0,3.5945219189310436
26959,5.0,15.0,3.498857419991488
9550,5.0,12.0,2.170766279905976
42151,5.0,12.0,2.9950929121653402
13336,5.0,15.0,2.6171489549372033
18512,5.0,14.0,0.38592429590295296
3412,5.0,14.0,0.3704626574482397
14063,5.0,12.0,1.0074548098754548
6994,5.0,14.0,0.2423731439760921
39351,5.0,12.0,0.784731450029243
3950,5.0,14.0,0.22730705395733786
5072,5.0,14.0,0.09320778197390744
4979,5.0,15.0,0.5413042200010736
36220,5.0,5.0,8.524011311930849
29968,5.0,5.0,12.91316400046989
32767,5.0,5.0,9.631871999920634
26910,5.0,5.0,15.357469200567309
14815,5.0,5.0,9.619791300389394
23561,5.0,5.0,11.238950719971754
11794,5.0,5.0,15.52142348813257
48091,5.0,5.0,4.658124000228298
4421,5.0,5.0,0.3771315205377732
34448,5.0,5.0,4.170785200255892
49477,5.0,5.0,3.3479731669501973
46564,5.0,5.0,3.0853023181542767
42938,5.0,15.0,26.417782815988886
37165,5.0,5.0,0.1270564507094889
48423,5.0,5.0,4.195797504200073
48972,5.0,5.0,3.4629290964824335
1271,5.0,5.0,3.0726992494696788
12632,5.0,5.0,1.7610810196394127
13071,5.0,5.0,2.24478900016954
35540,5.0,5.0,0.5602589525409414
5038,5.0,15.0,4.161260424106054
885,5.0,15.0,4.118145325119407
25175,5.0,15.0,2.4287144700683108
24056,5.0,5.0,0.3352407552685719
25387,5.0,5.0,0.3888518143712645
49268,5.0,15.0,1.936641382615825
3922,5.0,15.0,4.722679833640555
5964,5.0,14.0,0.4494550560578219
38781,5.0,14.0,0.41607402003485916
20041,5.0,14.0,0.38494981203064427
16512,5.0,14.0,0.3690795154929276
38846,5.0,15.0,1.5198206249970347
12575,5.0,15.0,1.4320560420601218
11269,5.0,15.0,1.0410735839966527
2526,5.0,14.0,0.07383750399639766
10692,5.0,15.0,0.5281786320269832
827,5.0,15.0,0.40216375502591717
20190,5.0,15.0,0.21426264003089646
34700,5.0,15.0,0.07862454399917551
46901,5.0,15.0,0.012603682513802728
3787,5.0,5.0,3.5062433280194227
33436,5.0,5.0,2.8525618174328997
37822,5.0,5.0,3.517017118715046
16676,5.0,5.0,0.55263513558819
7139,5.0,5.0,0.23829328190004162
31447,5.0,5.0,0.2918284286127175
19930,5.0,5.0,0.3304444588201818
28720,5.0,5.0,0.4989900282127593
3930,5.0,5.0,0.47608345646352745
7400,5.0,14.0,1.1296224320325123
39306,5.0,14.0,0.4575822720164133
5071,5.0,12.0,1.2843079500770926
13420,5.0,12.0,0.9230850750159121
30325,5.0,12.0,0.8303142001063399
30206,5.0,12.0,0.5774206350031683
13730,5.0,14.0,0.12373255995711929
41010,5.0,12.0,0.37271964001581726
42099,5.0,12.0,0.1427506500171063
9584,5.0,5.0,2.008591189190412
948,5.0,5.0,0.44312000000202545
12437,5.0,5.0,2.59140230097114
38294,5.0,12.0,14.808400320718704
28174,5.0,5.0,0.008132351866535714
33179,5.0,14.0,0.9154585741267312
19358,5.0,14.0,0.8021399775456146
21207,5.0,15.0,2.5141326876342625
45826,5.0,14.0,0.21980118600598963
27681,5.0,15.0,0.8490043440603987
35992,5.0,12.0,0.47768553750406717
17206,5.0,15.0,0.652106394068138
47078,5.0,15.0,0.5195827320602229
8411,5.0,14.0,0.014598495004096712
23582,5.0,15.0,0.2292077460133859
44539,5.0,12.0,0.09057792001906773
25843,5.0,5.0,9.687625341242864
41594,5.0,14.0,37.646747151745615
30938,5.0,5.0,6.365787999599547
35235,5.0,5.0,13.846200299478596
21121,5.0,12.0,19.72455549515456
35535,5.0,5.0,9.04323116282933
4340,5.0,5.0,11.267889680378133
34044,5.0,5.0,15.065284570048533
28953,5.0,12.0,2.2196351996777537
40321,5.0,5.0,4.756071600162841
45090,5.0,14.0,1.69873113606954
8665,5.0,15.0,4.0651837797830765
2414,5.0,15.0,3.8836274697862336
34805,5.0,15.0,3.6654608638071977
3365,5.0,15.0,3.410717809249867
46232,5.0,15.0,1.9945695499411222
20709,5.0,14.0,0.519466418961045
23011,5.0,15.0,1.969306559850569
11433,5.0,12.0,1.2341746199406138
36385,5.0,12.0,1.7955742799604764
5176,5.0,14.0,0.31156207198798924
36831,5.0,12.0,0.6390092999507306
14404,5.0,12.0,0.4885883399547346
47425,5.0,12.0,0.340272299991212
10824,5.0,14.0,0.03567252601758675
36879,5.0,14.0,0.02413062897690832
4080,5.0,15.0,0.32546969593550035
12883,5.0,15.0,0.15160175999212733
1036,5.0,15.0,0.09002075996809289
28409,5.0,15.0,0.07599462599110085
10517,5.0,5.0,31.32826460233099
49456,5.0,5.0,3.3705115666820404
19895,5.0,14.0,38.128703387516964
41300,5.0,5.0,13.82128921690179
44781,5.0,5.0,3.4197878403309403
7657,5.0,5.0,4.668754262235552
26431,5.0,5.0,4.592809999750486
19253,5.0,5.0,3.625426483340476
26113,5.0,5.0,25.983942049156582
19487,5.0,5.0,11.256201558716938
45448,5.0,5.0,3.771532799875075
14061,5.0,5.0,2.295877333275058
36945,5.0,5.0,1.929005260862482
28940,5.0,5.0,2.1345702844316747
5878,5.0,5.0,1.2661065388051895
27534,5.0,5.0,7.302309399853797
22066,5.0,14.0,4.485814009440759
4865,5.0,5.0,4.399211840131741
15797,5.0,5.0,2.020613392899236
27922,5.0,5.0,2.430580776102424
44477,5.0,5.0,1.3161119999604267
46408,5.0,15.0,6.002132373015016
2956,5.0,5.0,0.6213135895050215
20733,5.0,5.0,1.0777886291851075
49439,5.0,14.0,6.999473670425203
15202,5.0,5.0,0.9175941666896712
7840,5.0,14.0,0.9196976054600583
67,5.0,5.0,0.8236172799937265
41849,5.0,12.0,4.942424784042991
48140,5.0,15.0,2.990978889895338
35237,5.0,15.0,2.987054267953866
33022,5.0,14.0,0.671801773990218
18104,5.0,12.0,1.8410655000236282
28593,5.0,5.0,0.021382413264241507
40979,5.0,14.0,0.3169462220234145
17768,5.0,5.0,0.8268322418028387
22761,5.0,12.0,1.0255288799918532
25293,5.0,15.0,1.3109528249835165
18275,5.0,15.0,1.0971180959271027
35198,5.0,15.0,0.5887083299447848
17273,5.0,14.0,0.02894720947501561
13521,5.0,14.0,0.013883658004115063
34424,5.0,15.0,0.18477299996766083
24226,5.0,5.0,0.6395220479586783
26317,5.0,5.0,1.4726441985012002
8284,5.0,5.0,1.3841027290578722
28279,5.0,5.0,1.5022334295226187
42761,5.0,12.0,9.04909620011125
911,5.0,5.0,1.5827003270915583
25254,5.0,14.0,0.4082228063312101
33106,5.0,12.0,2.4202718401528145
31820,5.0,12.0,2.211508650060267
25706,5.0,12.0,1.1444185201787818
14641,5.0,12.0,0.49044168750506323
8842,5.0,12.0,0.4381718250776334
14287,5.0,15.0,0.40373666001286335
10357,5.0,12.0,0.22991461509159183
26408,5.0,12.0,0.18477709501466144
23437,5.0,12.0,0.16705920004838593
14805,5.0,5.0,7.165810558911744
7865,5.0,5.0,1.1817774713824178
13939,5.0,5.0,5.560182399099233
21841,5.0,5.0,0.41854623602141316
24265,5.0,5.0,1.4421606910584899
25190,5.0,5.0,0.7027674112456026
30246,15.0,14.0,7.062632124812296
29400,5.0,15.0,0.4445482573354482
11800,5.0,15.0,2.1016867917160766
38773,12.0,15.0,0.481911659962428
26902,5.0,14.0,0.3292352160541654
34378,5.0,12.0,0.6810239998816137
42899,5.0,12.0,0.5739766499528933
23825,5.0,14.0,0.14088367999918816
46087,5.0,15.0,0.3620517149922966
25587,5.0,5.0,10.537506060611378
37690,5.0,5.0,7.956959696818728
40062,5.0,5.0,4.6139240002645465
117,5.0,5.0,11.501148649705357
17645,5.0,5.0,36.867972742880454
30408,5.0,5.0,10.608099522208775
2323,5.0,5.0,10.046289254429979
45218,5.0,5.0,7.11183613348247
38440,5.0,5.0,3.857158314527794
547,5.0,5.0,5.285340000129878
49762,5.0,5.0,0.5191401980357568
14156,5.0,5.0,0.4158933502797737
2062,5.0,5.0,0.24135432535071288
20172,5.0,14.0,0.7759973145446253
49472,5.0,15.0,1.619582500040739
20610,5.0,15.0,1.7016026000676128
24382,5.0,15.0,1.481961282019025
20911,5.0,15.0,1.2957956175193388
31603,5.0,15.0,1.302317670056052
25529,5.0,12.0,0.890608260096533
38656,5.0,14.0,0.13950013001148953
46704,5.0,14.0,35.85509880125875
42851,5.0,5.0,5.654836437382869
717,5.0,5.0,5.430320383865478
22342,5.0,5.0,3.507918643073481
958,5.0,5.0,16.867378380969114
9952,5.0,5.0,3.778191359991837
20872,5.0,14.0,16.153051024616417
267,5.0,5.0,9.19843263417792
8030,5.0,5.0,0.8732527785375197
27041,5.0,5.0,3.846451200133629
23911,5.0,5.0,0.2531097600935226
10774,5.0,5.0,2.8438030666922742
14752,5.0,14.0,14.714300179422196
25309,5.0,5.0,4.716864939024887
12210,5.0,5.0,0.5639731666745007
33130,5.0,5.0,2.3137715400985215
7025,5.0,14.0,12.625585343896972
30356,5.0,5.0,2.994371813467076
14104,5.0,14.0,1.9102324899456136
34840,5.0,5.0,2.029284864064415
25741,5.0,5.0,1.4802485761009834
20946,5.0,5.0,1.1610483200931156
49798,5.0,5.0,0.8291348992322725
7054,5.0,5.0,0.04163760014493434
35711,5.0,14.0,0.7584108499544371
5831,5.0,14.0,3.2417898205825324
42462,5.0,5.0,0.37400924163620175
45891,5.0,14.0,0.4718440724743225
33361,5.0,15.0,4.272338391765828
29131,5.0,5.0,2.600659468610271
27111,5.0,12.0,1.1216273248974815
44421,5.0,5.0,2.4400354174362207
41313,5.0,14.0,0.2860579560401959
3758,5.0,15.0,2.107155919859455
6980,5.0,14.0,0.1901859000042485
26756,5.0,15.0,0.6333198644937355
25603,5.0,14.0,0.08808114200276052
37535,5.0,14.0,0.08065085400782657
44894,5.0,14.0,0.05574433801650702
43739,5.0,15.0,0.4327404024708219
5379,5.0,15.0,0.27223844698551325
26885,5.0,5.0,0.41617666692624766
14307,5.0,5.0,0.7085019653040092
5298,5.0,5.0,0.033708741374880447
11674,5.0,5.0,0.2322275551930062
12338,5.0,5.0,0.6694601037803523
15487,5.0,12.0,2.0391942222928776
10161,5.0,12.0,0.8172053849221683
12950,5.0,14.0,0.03949872299276613
4218,5.0,12.0,0.11840981250769955
6002,5.0,15.0,0.08463909998766939
3916,5.0,12.0,0.05478797999530416
37660,5.0,5.0,0.6839682560271285
26280,5.0,5.0,0.24629199977181315
10606,5.0,15.0,22.36687095155719
8205,5.0,5.0,0.932373503847316
21216,5.0,5.0,0.5548513331433611
21445,5.0,5.0,0.39017907198115154
49972,5.0,5.0,0.06019455991173572
17455,5.0,12.0,2.538232589955882
6514,5.0,12.0,1.9488737323776064
8291,5.0,12.0,1.8592721399268939
21541,5.0,15.0,2.795215800059374
7760,5.0,12.0,1.2631817999405612
34929,5.0,12.0,2.0043418795962467
47171,5.0,14.0,0.1492734400598632
37651,5.0,12.0,0.11801392503344843
45487,5.0,5.0,10.645964799198197
3883,5.0,5.0,38.28741840066897
1354,5.0,5.0,19.885255199577557
34197,5.0,5.0,16.63838366651143
16001,5.0,5.0,15.735010559288867
40475,5.0,5.0,4.667889699483268
45667,5.0,14.0,4.996143986268919
23942,5.0,14.0,3.026760068134948
24214,5.0,5.0,0.950401263972168
25118,5.0,14.0,1.0450050408592162
22401,5.0,15.0,3.942732863935589
6585,5.0,15.0,6.349062355548185
1031,5.0,14.0,0.8707772475439839
12353,5.0,14.0,0.7921178729600982
39488,5.0,12.0,1.8436696499488079
2271,5.0,14.0,0.6321863879704317
34779,5.0,12.0,1.5086063999968111
18957,5.0,12.0,1.0482715199910402
42270,5.0,12.0,0.849304020022803
15231,5.0,12.0,0.5874550949917392
17310,5.0,15.0,1.3898954479678167
10023,5.0,12.0,0.5097028799893657
27189,5.0,15.0,0.468611896020775
29059,5.0,5.0,6.9445628588476325
45396,5.0,5.0,3.146881332823966
34626,5.0,5.0,8.36929642859809
34081,5.0,5.0,12.65789913543179
39745,5.0,5.0,17.415952639702425
1182,5.0,5.0,19.766411537080643
38821,5.0,5.0,12.445466452771598
12357,5.0,5.0,18.450619051280512
19018,5.0,5.0,15.547272874231396
28052,5.0,5.0,1.6470182997965281
29098,5.0,5.0,4.370350575943519
27722,5.0,5.0,2.471793868685495
44142,5.0,5.0,3.0096772666105522
12231,5.0,5.0,5.538670500178114
29324,5.0,5.0,7.1316341337305005
37234,5.0,5.0,1.2714068819661435
46742,5.0,5.0,0.5210682557374042
5421,5.0,5.0,5.616446200329783
3320,5.0,5.0,5.692490342269139
1891,5.0,5.0,3.568215927424532
8404,5.0,5.0,1.1921819135860972
8638,5.0,5.0,2.4728881572833927
18302,5.0,5.0,2.5988935679924907
28027,5.0,5.0,2.276012225569019
33565,5.0,5.0,4.688791353689723
23555,5.0,14.0,2.1013797076394525
30080,5.0,5.0,2.0713687706899933
48628,5.0,5.0,0.02209561593513598
21076,5.0,15.0,4.842276616588819
8599,5.0,15.0,3.112279252670689
12372,5.0,14.0,0.9594765134605083
43660,5.0,14.0,1.3070047358907502
14564,5.0,5.0,1.115203925326405
25438,5.0,12.0,1.9891356149266954
48241,5.0,5.0,1.4063405225525898
29810,5.0,5.0,0.4317354667700499
49026,5.0,15.0,1.586873520017786
11696,5.0,15.0,1.4674250868955525
16353,5.0,15.0,0.9648459641725395
48325,5.0,14.0,0.05276407503273539
39266,5.0,14.0,0.031231548051117386
26415,5.0,15.0,0.3512269919949471
30114,5.0,12.0,30.9454639649274
15493,5.0,5.0,2.2675852777619525
13087,5.0,5.0,2.141284932324254
33258,5.0,5.0,1.8460953600975358
33298,5.0,5.0,0.0484091390006256
10924,5.0,5.0,0.5802269870378609
32674,5.0,14.0,0.6228651798592644
48600,5.0,12.0,1.3960631999237982
14673,5.0,15.0,1.4714277599188357
10790,5.0,12.0,0.792830459929867
27124,5.0,12.0,0.6385293074221554
21502,5.0,12.0,0.6233195999857877
4494,5.0,5.0,0.6356477442121218
9104,5.0,15.0,18.512196283876847
31410,5.0,5.0,0.15647850012651077
733,5.0,5.0,0.3456691029475394
4926,5.0,14.0,6.856654912498357
49315,5.0,5.0,1.22422917084225
47611,5.0,5.0,1.2322915839087045
27715,5.0,5.0,1.6069941759275537
36819,5.0,5.0,1.3627202552954003
12207,5.0,12.0,0.7349667600066994
41220,5.0,12.0,0.6269664674832178
39560,5.0,12.0,0.975643410010413
14122,5.0,12.0,1.452892907855997
21981,5.0,15.0,0.8879227500215929
524,5.0,12.0,0.43055040000873745
44703,5.0,15.0,0.33907613999925434
23985,5.0,5.0,0.47366869998108996
20577,5.0,14.0,1.390209676491338
299,5.0,5.0,7.657751100007104
21585,5.0,5.0,5.821771264298903
14308,5.0,5.0,4.471053056116915
2081,5.0,5.0,2.125465599987592
47190,5.0,5.0,3.6973171198639108
28315,5.0,5.0,3.9258883999862277
13687,5.0,5.0,0.9741733333597011
48863,5.0,5.0,2.326324992118657
43981,5.0,15.0,10.717288665869205
11544,5.0,15.0,7.071701408057862
6500,5.0,12.0,3.632518200127606
27694,5.0,12.0,2.340033600022821
8876,5.0,14.0,0.8362848481386607
512,5.0,15.0,3.1763283561203153
15940,5.0,15.0,2.9339691300944537
43850,5.0,12.0,1.9483643999970823
25523,5.0,15.0,2.920852200107248
48566,5.0,15.0,2.7669409440518677
42926,5.0,12.0,1.2733591800596535
7792,5.0,12.0,1.1517477375547038
5424,5.0,15.0,1.429976328008017
32948,5.0,12.0,1.569473471913458
25150,5.0,14.0,0.12431835303224759
22861,5.0,14.0,0.06630896802243846
6126,5.0,12.0,0.19356276005332962
28632,5.0,12.0,0.175836720012569
15461,5.0,5.0,20.663025254031425
46204,5.0,5.0,1.5565538881837426
35108,5.0,5.0,17.086302933229177
12057,5.0,5.0,8.837968763508144
16839,5.0,5.0,2.743221333188046
43563,5.0,5.0,8.38409062368379
18309,5.0,5.0,4.350467839704095
47415,5.0,5.0,10.10768929986068
32969,5.0,5.0,1.172221866915919
10983,5.0,5.0,7.164302927829937
46881,5.0,14.0,8.339081882084969
35016,5.0,5.0,0.805933606759595
16006,5.0,5.0,0.8037137410890409
25076,5.0,5.0,0.3549835201019107
114,5.0,5.0,3.2245759999428003
32914,5.0,5.0,9.327459399911007
10516,5.0,5.0,4.966113193557206
45327,5.0,5.0,5.169232588725777
1675,5.0,5.0,4.597373798575063
26291,5.0,5.0,3.819500697661155
15240,5.0,5.0,0.46890619699395586
40263,5.0,5.0,1.3546474666974717
9465,5.0,5.0,0.8714933998610235
25623,5.0,5.0,1.604190976046418
47630,5.0,14.0,1.0079838399020176
49281,5.0,15.0,3.5158621500245175
42919,5.0,15.0,3.463637300023784
7937,5.0,15.0,3.7329969699210963
7889,5.0,5.0,0.5707716533528249
11027,5.0,12.0,1.9106458498305408
29990,5.0,14.0,1.092478857126423
30676,5.0,5.0,0.5047760000787669
37520,5.0,15.0,2.355521955892641
19808,5.0,5.0,0.1013833109359723
30490,5.0,14.0,0.4265563379969137
46848,5.0,15.0,1.4946232000360915
32988,5.0,12.0,0.7034778749441699
13427,5.0,15.0,0.870722639948168
17908,5.0,15.0,0.5613113399374514
23543,5.0,14.0,0.06611293995661605
6881,5.0,15.0,0.04562272798809408
33111,5.0,5.0,0.07593627527555213
24187,5.0,5.0,0.7293181103212589
14568,5.0,15.0,14.368359532585941
39993,5.0,12.0,1.2378610650138064
31048,5.0,14.0,0.09149853595442181
35088,5.0,5.0,1.8006886909613797
16969,5.0,15.0,18.834622350031054
6153,5.0,5.0,1.4742062716951523
19094,5.0,12.0,12.841406939896927
27959,5.0,5.0,0.40931152208216304
43502,5.0,12.0,7.108956767653922
25668,5.0,5.0,0.5736913913853385
26620,5.0,5.0,0.3529589753860165
16444,5.0,15.0,1.8907753584096838
44401,5.0,15.0,2.2625820600509776
12299,5.0,12.0,1.3098148499692641
20000,5.0,12.0,1.0255444500283666
7241,5.0,15.0,1.262763975104777
23385,5.0,15.0,0.06741179498721284
31424,5.0,5.0,20.68216400001549
33801,5.0,14.0,10.796177134905236
47521,5.0,5.0,4.067788533154044
44128,5.0,5.0,9.455876812329791
49363,5.0,5.0,0.2548698334342703
26330,5.0,5.0,6.441355284064855
37547,5.0,5.0,5.3913887052978
3620,5.0,5.0,6.9906356640647545
36595,5.0,15.0,11.355966292103886
5742,5.0,5.0,4.207755597206727
5455,5.0,5.0,0.48734999992652206
36658,18.0,5.0,13.720370085351576
19482,5.0,5.0,0.7335118782029184
20488,18.0,5.0,5.312693901148208
34057,5.0,15.0,3.4183753281264373
22728,5.0,15.0,2.929956404065045
40492,5.0,15.0,2.5873621601843872
7077,5.0,15.0,2.580856162652143
4613,5.0,14.0,0.4241464761163094
34405,5.0,15.0,1.9772707979358302
1451,5.0,14.0,0.2737469099390566
21706,5.0,14.0,0.2335674500881666
9172,5.0,14.0,0.2192438120283562
30457,5.0,14.0,0.19544080000560982
41883,5.0,15.0,1.1389567839678882
5210,5.0,14.0,0.13719205197971895
4099,5.0,12.0,1.0506141481332882
8848,5.0,12.0,0.6338055359331953
25550,5.0,14.0,0.047189833036710205
3136,5.0,14.0,0.023582655038094202
14217,5.0,5.0,5.8796198333483005
5037,5.0,5.0,46.13916110389255
11609,5.0,5.0,2.7845713062730795
5331,5.0,5.0,1.4237789437802348
44222,5.0,5.0,9.570550954714292
20816,18.0,5.0,21.380446134321687
22875,5.0,5.0,8.309922427475243
4047,5.0,5.0,11.706360839218519
49629,5.0,14.0,5.143623802123585
20559,5.0,5.0,2.215486481097912
24970,5.0,5.0,1.5255519636186108
15710,5.0,14.0,7.118470022841763
8005,5.0,5.0,1.7895032829614763
16708,5.0,5.0,0.15586537829872782
1010,5.0,14.0,3.588746039092541
13878,5.0,5.0,0.5073493433861174
12730,5.0,5.0,2.050791829253633
8942,5.0,5.0,1.5469907978942388
43382,5.0,5.0,0.15292500004969156
7377,18.0,5.0,9.385915431961976
8561,5.0,5.0,2.0763379200029988
30287,5.0,5.0,0.5686551038422891
2865,5.0,5.0,0.15943549009396918
2988,5.0,5.0,3.818499200252724
34614,5.0,15.0,9.260116076691332
30387,22.0,5.0,24.17612447137531
48350,5.0,15.0,4.839398065985726
18931,5.0,12.0,3.3882230998725333
35985,5.0,12.0,2.8949861999525837
47248,5.0,12.0,2.780950619940313
47287,5.0,5.0,0.6075214559474063
31329,5.0,5.0,1.5044654592382187
47117,5.0,12.0,2.1794024999964208
20013,5.0,12.0,1.9181067598920265
10482,5.0,15.0,2.112081855024133
38043,5.0,5.0,0.9125743444849395
28842,5.0,12.0,1.1022815999344537
46218,5.0,15.0,1.4719944300092003
18747,5.0,5.0,0.44782090228962446
21279,5.0,12.0,0.8382773999295239
41266,5.0,15.0,1.046821200088889
27714,5.0,5.0,0.018488707395089676
9145,5.0,14.0,0.015043806015341055
2748,5.0,15.0,0.36148317602307944
43581,5.0,15.0,0.150644837955062
16911,5.0,5.0,0.9343031659794292
33145,5.0,14.0,3.4433416960303873
15749,5.0,5.0,0.3216790070228228
6809,5.0,12.0,1.8915366001479654
38635,5.0,12.0,0.014702016472263324
20229,5.0,12.0,0.09581668502106311
13848,5.0,14.0,0.2455982879206644
39140,5.0,15.0,28.621661490701058
8442,5.0,5.0,1.1468725246862164
47027,5.0,5.0,0.5077285375945735
26610,5.0,5.0,0.06880720647083649
26181,5.0,5.0,1.391387750256925
37342,5.0,5.0,0.09227927851011941
34404,5.0,15.0,8.006367096565654
1213,5.0,12.0,4.174487904085467
14024,5.0,12.0,2.1518000397795873
4106,5.0,12.0,1.9693812000198463
26159,5.0,12.0,1.7537029499538903
14076,5.0,12.0,1.9021215355751266
22139,5.0,14.0,0.38460019032489257
32128,5.0,12.0,1.1674209000972162
24578,5.0,15.0,1.3272800699370464
16254,5.0,12.0,0.5552760899738622
30031,5.0,14.0,0.09306056392945372
3929,5.0,12.0,0.3013088925135392
34299,5.0,12.0,0.24351060003604097
44528,5.0,5.0,15.826581503639886
32714,5.0,5.0,0.5204626939332115
17754,5.0,5.0,7.420153333466203
23022,5.0,5.0,1.7610048536539722
45043,5.0,5.0,4.985799933025646
25908,5.0,5.0,2.506240496156636
28828,5.0,5.0,0.08793297779952525
41620,5.0,14.0,2.194767526893486
37220,5.0,14.0,1.0540890000597045
44593,5.0,14.0,0.9200166169120649
10442,5.0,15.0,3.3008625973293704
23568,5.0,12.0,1.7724767698301953
3772,5.0,12.0,1.7069258547387562
42643,5.0,15.0,2.336007449968349
32338,5.0,15.0,0.9920255549829999
40080,5.0,14.0,0.042079910014994226
19901,5.0,15.0,0.48814278599150285
18269,5.0,14.0,0.0053281990618812
20499,5.0,15.0,0.09536195996047825
20741,5.0,15.0,0.011870737474191095
3296,5.0,5.0,3.547715999901044
14957,5.0,5.0,20.46367146541496
9767,5.0,14.0,4.648290361823001
45933,5.0,5.0,21.180123599708367
5930,5.0,5.0,9.55472179054857
30201,5.0,5.0,19.695726163915197
37289,5.0,5.0,3.061867365237106
2142,5.0,5.0,8.322837499684624
42924,5.0,5.0,13.673325095984666
49526,5.0,5.0,2.434213819619572
20334,5.0,15.0,60.88860334210693
13066,5.0,15.0,30.861164811463937
24120,5.0,5.0,2.1340148220334925
5819,5.0,5.0,6.890902732543054
4082,5.0,5.0,1.5602270717924966
25325,5.0,5.0,1.1287267190066785
29952,5.0,5.0,4.9519332862304
35764,5.0,5.0,1.7160082942214387
9482,5.0,5.0,6.004823999831075
19040,5.0,5.0,0.2281462915154151
49890,5.0,5.0,0.11472000427266948
968,5.0,5.0,1.4100645332257358
36858,5.0,5.0,0.6678860799976576
30563,5.0,5.0,0.6974750548418314
26218,5.0,14.0,5.176605344014419
23483,5.0,5.0,9.350877398369406
37493,5.0,5.0,2.125578234773407
605,5.0,5.0,0.16362373111820006
30856,5.0,15.0,4.454813579662122
12168,5.0,15.0,3.6658514832499804
35624,5.0,5.0,0.40441090500011256
24006,5.0,5.0,0.7603571907245019
44821,5.0,14.0,1.4143946878783424
4069,5.0,5.0,0.07767215997236221
43372,5.0,15.0,1.9160153098203736
2970,5.0,5.0,0.041122493365566726
10744,5.0,15.0,1.375145783868298
17599,5.0,14.0,0.6565684478530294
46863,5.0,14.0,0.1775558399502959
33809,5.0,14.0,0.08784912000059997
8830,5.0,14.0,0.0047161569793932046
31782,5.0,14.0,0.002079494979126295
35448,5.0,15.0,0.26283640996307245
49000,5.0,15.0,0.21651471998268512
3490,5.0,5.0,2.440523671969686
21714,5.0,5.0,1.2652953083096463
24173,5.0,5.0,0.7045875197104294
25155,5.0,15.0,17.49352039170813
28541,5.0,5.0,0.1417520637857308
37593,5.0,12.0,2.2352952003644546
24027,5.0,15.0,1.5224002718050613
34359,5.0,15.0,0.648038789969565
2899,5.0,15.0,0.1156041074360381
31636,5.0,12.0,0.07973332501004116
35738,12.0,14.0,0.08818788500099783
46607,5.0,5.0,0.14713574346097857
25536,5.0,5.0,2.7804940911097447
3700,5.0,5.0,3.1948735994378126
14811,5.0,5.0,2.4244574751591017
32129,5.0,5.0,0.39421445135042177
24473,5.0,15.0,8.347862602360351
10359,5.0,5.0,0.19919902706423898
49832,5.0,15.0,3.7577571510172163
48836,5.0,12.0,2.686429650325465
24094,5.0,14.0,0.9224651921247755
21975,5.0,14.0,0.5338821148310764
14798,5.0,12.0,1.3809883350467729
29072,5.0,12.0,1.3611484425862734
44860,5.0,12.0,1.0064874000949793
9998,5.0,14.0,0.3135032478284785
8035,5.0,15.0,0.8792485000072912
5608,5.0,15.0,0.7996918079880846
17219,5.0,15.0,0.02573484499156109
22816,5.0,5.0,32.19175889921206
29722,5.0,5.0,32.49306666665092
24374,5.0,5.0,15.808868373885474
47926,5.0,5.0,10.416290508567357
5624,5.0,5.0,13.64456640084964
10530,5.0,5.0,3.9965414403019395
22755,5.0,5.0,22.684655154132372
33428,5.0,5.0,7.792199646378151
41564,5.0,5.0,1.8140580002334872
27168,5.0,5.0,0.8787581866506855
44604,5.0,12.0,2.423977535705802
6279,5.0,14.0,0.9825237130235962
10877,5.0,14.0,0.7516080676210919
15888,5.0,14.0,0.6257347763882635
22894,5.0,14.0,0.34155007747330046
21805,5.0,14.0,0.15901280994683553
7334,5.0,12.0,0.3782631000256984
12778,5.0,12.0,0.05193317995392954
37710,5.0,15.0,53.55707103757965
16409,5.0,5.0,2.0354324998434947
22353,5.0,5.0,15.9698429313257
7171,5.0,5.0,4.511197797962268
11446,5.0,14.0,35.041703326909555
23899,5.0,5.0,5.734256800135654
27032,5.0,5.0,1.577596006148724
49467,5.0,5.0,2.0590080511090605
1242,5.0,5.0,9.7942743550731
22439,5.0,5.0,10.774316184027214
46208,5.0,5.0,0.5739951998465784
22504,5.0,5.0,0.9946296880500824
12919,5.0,5.0,8.159817667219244
15636,5.0,5.0,0.3498382250846106
42580,5.0,5.0,1.0030843390566417
30576,5.0,5.0,5.315036296608255
6489,5.0,5.0,3.806056635841202
5909,5.0,5.0,0.35100052909987056
35880,5.0,15.0,15.827282208082252
21265,5.0,5.0,2.457970356266266
24544,5.0,5.0,0.5737486400366549
22751,5.0,5.0,1.0207948002040794
49515,5.0,5.0,0.8752826668043809
34245,5.0,5.0,0.6329542688237737
2475,5.0,5.0,0.45590985575782383
21721,5.0,5.0,0.30924032005850677
20977,5.0,15.0,2.418612360028021
25248,5.0,5.0,0.4620139519430815
47602,5.0,12.0,1.2747459000787806
2622,5.0,5.0,0.09737248665983245
20231,5.0,14.0,0.22740336550151063
19594,5.0,14.0,0.22693449607055705
15357,5.0,14.0,0.22052107503160556
24278,5.0,14.0,0.19889703059892838
41199,5.0,5.0,0.22112894052059673
689,5.0,15.0,0.8689462499890368
35638,5.0,15.0,0.7340432700551958
18701,5.0,15.0,0.5567550720450019
17848,5.0,15.0,0.45337664005545797
35626,5.0,14.0,0.010996783949652311
15494,5.0,5.0,0.09138440537054748
23400,5.0,5.0,0.27176388267757545
48995,5.0,5.0,0.5513645058595387
36726,5.0,12.0,7.150841400455448
12174,5.0,12.0,9.968074464480225
19691,12.0,15.0,0.6147003825263369
19495,5.0,12.0,3.158074200116552
20198,12.0,14.0,3.43679550013578
40839,5.0,15.0,5.512279092685489
30029,5.0,12.0,1.08622447508289
11827,5.0,12.0,0.9600345750767367
13513,5.0,12.0,0.5606976900544378
41571,5.0,5.0,0.3102551999476475
37202,5.0,5.0,0.0360069332144235
16477,5.0,12.0,9.659075771603227
12111,5.0,5.0,2.74358946151537
31001,5.0,5.0,0.27912739866201264
33794,5.0,12.0,2.7111411300233925
23489,5.0,12.0,3.0632302561252374
10082,5.0,12.0,2.2618345126181367
14516,5.0,15.0,1.4335955880762192
14142,5.0,12.0,0.94182456000242
9067,5.0,14.0,0.1825712749948014
22853,5.0,12.0,0.3545530500644505
11906,5.0,12.0,0.06749759999965743
18255,5.0,14.0,31.293348165117038
33468,5.0,5.0,21.463934565875036
32883,5.0,14.0,39.91881488243013
40722,5.0,5.0,20.12532633578536
34612,5.0,5.0,13.614409599782348
31324,5.0,5.0,12.876637132719253
22794,5.0,14.0,7.077564521526057
4584,5.0,5.0,0.8301925824327299
826,5.0,12.0,11.777489614705416
13558,5.0,12.0,7.94596753088959
18131,5.0,5.0,4.14802047956924
19683,5.0,5.0,4.330234495926064
12961,5.0,12.0,2.6759328960475557
39252,5.0,12.0,2.6790097574724214
30195,5.0,14.0,0.8738894250983122
15553,5.0,15.0,2.2663441540365703
44534,5.0,14.0,0.46649752612042406
43438,5.0,14.0,0.44384230356559584
11144,5.0,15.0,1.6994113699867768
26573,5.0,12.0,1.0334236799548293
820,5.0,12.0,0.8949992699592713
7884,5.0,15.0,0.8977577599878686
22676,5.0,12.0,0.5279262374697442
39850,5.0,5.0,2.7548277080160233
28078,5.0,5.0,9.167400699904434
16332,5.0,5.0,10.377044900160428
18632,5.0,5.0,2.9564911998818104
35396,5.0,5.0,1.1211351553501174
15391,5.0,5.0,1.211815833827643
29780,5.0,5.0,13.814553599725969
231,5.0,5.0,1.760108032387805
8112,5.0,5.0,6.144456870244454
1728,5.0,5.0,0.20962480001689698
5535,5.0,5.0,3.221662257049303
29309,5.0,5.0,6.019616341233359
11590,5.0,15.0,11.119847879934
9467,5.0,5.0,0.21964569608564943
15450,5.0,5.0,3.0453226154682937
21453,5.0,5.0,0.8968440000014937
39323,5.0,5.0,1.2452306259200299
32391,5.0,15.0,3.6073302402326206
29440,5.0,14.0,1.1006551439804255
4697,5.0,15.0,2.490510359919366
24086,5.0,12.0,1.439459400030639
5418,5.0,12.0,1.0730322750130838
44252,5.0,14.0,0.2994849959660826
7486,5.0,14.0,0.28509474133144863
14321,5.0,14.0,0.25889014495371754
49773,5.0,15.0,1.677282240042274
45884,5.0,15.0,0.8147042274747864
28075,5.0,15.0,0.7216267425561398
33066,5.0,15.0,0.7072715100155182
3484,5.0,14.0,0.044134612983807386
34214,5.0,15.0,0.362046264010111
43864,5.0,5.0,0.901888717028271
49818,5.0,5.0,0.4898985661924371
38288,5.0,5.0,0.7635392759680144
44704,5.0,5.0,1.7713638400425964
42448,5.0,5.0,0.5366813183817101
21620,5.0,14.0,4.454100712373759
38117,5.0,5.0,1.3907404802191081
37054,5.0,15.0,6.3868702459839
28894,5.0,12.0,6.7318406410013125
33919,5.0,12.0,3.635028930182557
23608,5.0,15.0,0.33399779016600917
2610,5.0,15.0,2.3918890145625653
46953,5.0,12.0,1.7035711049715978
45610,12.0,5.0,0.16404807762143747
21233,5.0,15.0,0.8491813200565748
21391,5.0,15.0,0.7395452999849894
46631,5.0,15.0,0.34924164402306257
43648,5.0,5.0,4.086349534638202
12983,5.0,5.0,0.44203774330512147
34930,5.0,5.0,4.427946581965614
5617,5.0,5.0,0.5587438087983685
6133,5.0,14.0,10.479244923527688
36001,5.0,5.0,2.2331819009944525
3237,5.0,5.0,0.5917869999713758
11380,5.0,15.0,19.95142502503674
39744,5.0,5.0,3.509803116377924
18314,5.0,5.0,0.8680913995558512
14425,5.0,5.0,0.1303848449684324
29944,5.0,12.0,1.9759708197383503
45457,5.0,12.0,1.6244046473946057
9657,12.0,5.0,1.7814299998897773
10633,5.0,12.0,1.3061587799104082
16682,5.0,14.0,0.3172573259953744
6146,5.0,12.0,0.9658347825130349
29675,5.0,12.0,0.47818359752822026
49970,5.0,12.0,0.15582803246608634
38997,5.0,5.0,16.50754698265081
37973,5.0,5.0,11.984074585478425
7327,5.0,5.0,7.794565043178466
33922,5.0,5.0,3.94723660011298
9918,5.0,5.0,5.67254505598406
18707,5.0,12.0,2.6139301501163743
21581,5.0,12.0,1.686306000189525
47996,5.0,12.0,1.666764390064838
12694,5.0,14.0,0.37896897505605054
18917,5.0,15.0,1.6106229525275637
35894,5.0,12.0,0.8811340500953104
36490,5.0,12.0,0.7495821299218495
32397,5.0,15.0,0.8042330011407657
2447,5.0,12.0,0.11321400005353244
11092,5.0,5.0,40.45487608999446
23446,5.0,5.0,9.076801604034074
7800,5.0,5.0,19.990495078743976
17685,5.0,5.0,14.681875199940805
26762,5.0,5.0,2.9901484077389284
35519,5.0,5.0,9.904496802802555
18565,5.0,5.0,14.562770278934352
19315,5.0,5.0,8.641076600206816
40712,5.0,5.0,1.2747679998987849
49001,5.0,5.0,7.379731967850205
46395,5.0,15.0,21.67033790753689
12189,5.0,5.0,5.45934888982309
45561,5.0,5.0,2.8642660368276296
15665,5.0,5.0,4.527973120247793
4129,5.0,5.0,5.444928666812018
12767,5.0,5.0,1.9026678955861058
1124,5.0,5.0,0.80569236512342
29859,5.0,5.0,7.867689057505672
13566,5.0,5.0,0.5634171733524553
49284,5.0,5.0,2.213303552135777
12383,5.0,5.0,2.053785215974557
15404,5.0,5.0,0.3611829200446266
7551,5.0,14.0,0.923201738933642
39593,5.0,15.0,2.912040323691315
32423,5.0,12.0,1.8660030598239672
34295,5.0,14.0,0.7037986198949717
24272,5.0,5.0,0.45698841611724106
38387,5.0,14.0,0.6136076639703418
1646,5.0,15.0,2.2308554188112772
42782,5.0,14.0,0.4417877779158843
34555,5.0,15.0,2.033205707863825
14813,5.0,14.0,0.40774313190583555
15664,5.0,12.0,1.0823573999365514
1660,5.0,15.0,1.2374435597881561
270,5.0,14.0,0.25267993997136706
7703,5.0,5.0,4.440425523318424
37284,5.0,5.0,2.171822618390479
26331,5.0,5.0,1.562572748750938
29466,5.0,5.0,0.45232179184083066
41646,5.0,12.0,2.7429356997548453
2787,5.0,15.0,5.426458166051724
29268,5.0,12.0,1.866140939835681
32784,5.0,12.0,0.974068499892649
28168,5.0,14.0,0.16750996197524515
37927,5.0,14.0,0.32022986397816666
16169,5.0,12.0,0.44785065002488267
45261,5.0,12.0,0.35316695997414715
45482,5.0,5.0,0.22353660774786022
30816,5.0,12.0,15.716961984665375
15356,5.0,5.0,0.5471254080098333
36650,5.0,5.0,2.594653337644303
286,5.0,5.0,0.025538099918748003
33347,5.0,5.0,0.054097151997495985
32999,5.0,5.0,0.49889276897255286
21395,5.0,5.0,0.11180757787840889
28554,5.0,5.0,0.7448302591388227
44088,5.0,5.0,1.7482314240347137
35358,5.0,5.0,0.32433454087673397
47919,5.0,5.0,0.998359893423796
6811,5.0,5.0,0.6843619324968842
29026,5.0,12.0,0.7151125798969709
15428,5.0,15.0,0.9418223009699371
45096,5.0,12.0,0.6418347599538663
16294,5.0,12.0,0.22214639998102115
4555,5.0,5.0,22.501718800008632
33092,5.0,5.0,14.246949802514933
46697,5.0,14.0,17.087838436823063
46867,5.0,5.0,2.776228358709659
36515,5.0,5.0,3.8559060910134946
29537,5.0,15.0,37.89868732828404
26423,5.0,5.0,3.4597576532359255
7778,5.0,5.0,3.9048238882606796
22116,5.0,5.0,2.1693496000752646
16826,5.0,5.0,1.0474637822660782
14359,5.0,5.0,1.8527833599313368
48657,5.0,5.0,0.09543576747134352
43510,5.0,14.0,0.8707805998490912
43109,5.0,14.0,1.0798240317987435
19089,5.0,14.0,0.5709364199774569
12391,5.0,15.0,1.3310503995105236
32188,5.0,15.0,0.9498174034924105
26284,5.0,15.0,0.6336456224984452
1122,5.0,15.0,0.03470222399604905
32904,5.0,5.0,3.819351141620217
48109,5.0,5.0,3.5456399015870375
45852,5.0,5.0,10.87901721595594
43761,5.0,5.0,11.52311731192981
2205,5.0,5.0,8.096661759722707
43434,5.0,5.0,7.909716666617356
41938,5.0,5.0,8.934941800259267
43741,5.0,5.0,4.516547071986778
40049,5.0,5.0,3.9898010749524673
15954,5.0,5.0,5.2045632001876925
2231,5.0,5.0,4.402909439986587
26798,5.0,5.0,2.608893439956617
9116,5.0,5.0,4.598619576025975
8869,5.0,5.0,3.002145280038306
28722,5.0,5.0,2.70522148785696
10980,5.0,15.0,13.136820617787578
40385,5.0,5.0,0.8599157417640626
6015,5.0,15.0,5.846880929070586
20978,5.0,5.0,2.6579698347988767
28573,5.0,14.0,6.558135437251266
44494,5.0,5.0,1.5730782720974474
39040,5.0,5.0,0.34479361061232794
44920,5.0,5.0,0.5737830400154493
22309,5.0,5.0,0.4656140797994226
17313,5.0,5.0,0.9148497066383712
12201,5.0,15.0,3.2865282280154986
15434,5.0,15.0,5.239693690010441
40036,5.0,5.0,0.6080384000951149
12037,5.0,15.0,2.300460262507123
27794,5.0,14.0,0.4918628800780134
18630,5.0,14.0,0.7631105000941574
20192,5.0,5.0,1.4877482495230865
35192,5.0,15.0,1.7852568200310266
20498,5.0,12.0,1.1230472999703665
2823,5.0,5.0,0.033481219997376854
37369,5.0,15.0,1.3299660000469125
22664,5.0,14.0,0.2131499159129202
35146,5.0,15.0,0.7676091764048163
37527,5.0,15.0,0.7801442259925473
29117,5.0,15.0,0.17493102999795118
17894,5.0,15.0,0.11054302000364036
18839,5.0,15.0,0.01359678000244302
32926,5.0,5.0,0.3102531249204219
14353,5.0,5.0,2.8071764987618053
4664,5.0,5.0,1.1526796799268766
26975,5.0,5.0,1.3057542310248493
2330,5.0,5.0,0.9751242239858868
5092,5.0,5.0,0.18726183229679805
18772,5.0,5.0,0.3401046064831377
20623,5.0,14.0,0.6600072957067482
42433,5.0,12.0,13.736113679491439
36683,5.0,5.0,0.4599477075693841
28509,5.0,5.0,0.03926299302780478
48986,5.0,12.0,5.592190079441025
39167,5.0,15.0,2.378725844725146
14227,5.0,12.0,2.304739469766943
42074,5.0,14.0,0.7319451601240168
2027,5.0,12.0,1.9919286297247112
38301,5.0,12.0,0.6842492848935606
18288,5.0,12.0,0.45319192497899863
21640,5.0,15.0,0.04351677597969816
28672,5.0,12.0,0.0008985899997713265
16315,5.0,5.0,2.5958147411994332
24644,5.0,5.0,3.007005336853581
31609,5.0,5.0,0.9885761859087694
24703,5.0,14.0,9.609375783380159
30530,5.0,5.0,2.5835055610700977
5921,5.0,5.0,0.022346339272360183
37830,5.0,5.0,0.18054707106838208
9957,5.0,15.0,3.7301507610810276
3161,5.0,12.0,3.8991159124432926
10089,5.0,12.0,2.1383577750077833
3109,5.0,14.0,1.257682560033615
12411,5.0,12.0,1.399186537486539
840,5.0,12.0,1.2157456350478384
7163,5.0,12.0,0.8456227498716
25857,5.0,12.0,1.0242501599455203
21818,5.0,14.0,0.1151362480005016
45306,5.0,15.0,0.19306319998046906
27911,5.0,15.0,0.012472187520022215
33931,5.0,5.0,12.067268001275636
7750,5.0,5.0,10.390218333194355
23174,5.0,5.0,4.283836460718362
47392,5.0,12.0,49.99948723229511
12699,5.0,14.0,23.068621393898297
14966,5.0,5.0,11.520210599983812
24547,5.0,5.0,2.0439242417039623
6504,5.0,5.0,3.283322000023702
37205,5.0,15.0,7.480404495938259
33256,5.0,15.0,6.019605196875446
39547,5.0,15.0,3.2379116219784905
13762,5.0,15.0,2.8013741294101493
19928,5.0,12.0,1.9662378374203158
36983,5.0,12.0,1.5277331999479884
26153,5.0,12.0,1.3689812099140788
42538,5.0,12.0,1.17515268752679
46535,5.0,14.0,0.4220466840505992
27386,5.0,12.0,0.7679991000023367
5995,5.0,12.0,0.6326102999972516
32561,5.0,15.0,0.796513183009651
48304,5.0,15.0,0.7565268809908758
41660,5.0,12.0,0.3348232500555195
14219,5.0,5.0,11.795325716273652
38700,5.0,5.0,0.7987128843419953
39477,5.0,5.0,8.925572249745755
39705,5.0,5.0,2.8124334091301364
12064,5.0,5.0,7.024788633656414
16644,5.0,5.0,9.739137333208504
30979,5.0,5.0,9.999140865945918
44931,5.0,5.0,10.475763060693993
45907,5.0,5.0,5.983692999965655
32692,5.0,15.0,31.866503735397544
26992,5.0,14.0,5.320099064899409
19072,5.0,5.0,9.074358666299489
49878,5.0,12.0,25.6854875524742
21885,5.0,5.0,0.29473809061626355
25432,5.0,5.0,5.12278179779895
35190,5.0,5.0,2.1663477409446728
10178,5.0,5.0,0.9163901696564878
3114,5.0,5.0,4.983114801181571
48173,5.0,5.0,0.6775842959241203
28127,5.0,14.0,5.317944641646022
9175,5.0,5.0,0.9455604002669844
20298,5.0,5.0,1.2262571999555902
870,5.0,5.0,0.6964153755571161
24893,5.0,14.0,1.9038206445603407
3892,5.0,5.0,0.10030602241678821
17849,5.0,5.0,0.3686741549619583
18354,5.0,15.0,3.9477782221073667
32526,5.0,5.0,0.4648967998914273
40210,5.0,15.0,3.6429703564489415
27823,5.0,5.0,1.009996800016829
41372,5.0,14.0,0.6189294750343208
23188,5.0,15.0,1.9380371763141717
7091,5.0,15.0,1.2985104720649332
24119,5.0,15.0,0.9712114824421576
15421,5.0,12.0,0.6187506599358237
17953,5.0,15.0,0.796785430550349
43969,5.0,15.0,0.7428986325479379
26645,5.0,15.0,0.6324939255433364
18780,5.0,15.0,0.1707651374804655
6356,5.0,15.0,0.11245987198566265
10489,5.0,5.0,0.5141263519048493
18118,5.0,5.0,0.9650436271373621
27348,5.0,5.0,0.054323542173904116
10882,5.0,5.0,0.5574171242845978
30357,5.0,15.0,2.8253185137675985
6535,5.0,14.0,0.35363761601963617
19426,5.0,5.0,0.0006232000640693514
43584,5.0,5.0,0.6859380002555326
26872,5.0,5.0,1.1412834246223156
40046,5.0,5.0,1.5166367990804588
13731,5.0,5.0,2.0833105913162626
42041,5.0,5.0,0.8373998934218321
48136,5.0,5.0,0.9663830352033784
12405,5.0,5.0,1.2068295161749774
26564,5.0,5.0,0.0024360583846458894
7367,5.0,5.0,0.02624554661119305
43404,5.0,14.0,1.4212211142361681
18924,5.0,12.0,0.6464574749263718
30148,5.0,12.0,0.5540629799842591
155,5.0,5.0,4.6805461859325135
39931,5.0,5.0,0.9497015333195122
28815,5.0,5.0,4.853595980803988
29202,5.0,5.0,3.018884892798127
5507,5.0,5.0,4.27137750000054
7628,5.0,15.0,16.239334503275046
3129,5.0,5.0,5.678773594416327
43070,5.0,5.0,3.752149091481783
11486,5.0,15.0,4.054996038173115
49774,5.0,15.0,3.7421015760665455
19167,5.0,15.0,2.9886581416240503
24153,5.0,14.0,0.5037759420569472
18086,5.0,14.0,0.39606734407552935
28227,5.0,14.0,0.33451995204912777
13617,5.0,15.0,2.2895563199613704
38038,5.0,15.0,1.4796403515333765
19816,5.0,15.0,1.1018154361230135
29196,5.0,15.0,0.9476521500215291
4152,5.0,14.0,0.3106122721017428
25879,5.0,14.0,0.13289025205233962
4322,5.0,15.0,1.1003594768270908
37789,5.0,15.0,0.5273942699974796
7571,5.0,14.0,0.05107588003781949
7825,5.0,15.0,0.36225367995661095
20434,5.0,5.0,8.186537506356387
19454,5.0,5.0,13.320352472152337
3552,5.0,5.0,4.7080141998718545
37747,5.0,5.0,3.482408133214477
8086,5.0,5.0,5.311321271544443
21040,5.0,5.0,10.68795519993948
33028,5.0,5.0,8.227569100622446
18668,5.0,5.0,17.292639168164044
17066,5.0,5.0,7.817274813031446
43385,5.0,5.0,5.459290982611378
10112,5.0,5.0,2.2480759999000526
5238,5.0,5.0,0.42888653328174087
45752,5.0,5.0,0.6762764158133621
5089,5.0,5.0,7.10271604732489
38711,5.0,5.0,5.643439333357151
34318,5.0,5.0,2.3725821186715734
4784,5.0,5.0,0.46148693319354095
5538,5.0,5.0,0.48760125449135927
33912,5.0,15.0,7.290731869848656
32610,5.0,5.0,0.32907354005881473
2879,5.0,15.0,2.5401536129543842
10088,5.0,15.0,5.09216793627597
8849,5.0,15.0,1.9819971974829578
31008,5.0,14.0,0.4138955218169187
1161,5.0,12.0,1.120604519932872
22991,5.0,5.0,1.190150208146715
4796,5.0,14.0,0.2396547539451621
1641,5.0,14.0,0.16743812387637824
48914,5.0,15.0,0.8305240319372871
35258,5.0,14.0,0.011801039944677072
29498,5.0,15.0,0.24704032002301446
3372,5.0,15.0,0.12799609497349085
47373,5.0,5.0,0.9260212110294788
330,5.0,5.0,0.2669828608193825
4591,5.0,15.0,29.238523087235535
39110,5.0,5.0,0.5637434879712657
2376,5.0,5.0,1.2924102143480525
25635,5.0,5.0,1.218110515010153
49913,5.0,5.0,0.24885591029888587
5544,5.0,5.0,0.1308165631955518
47333,5.0,12.0,5.197829267831864
15127,5.0,14.0,0.9076478038134894
10646,5.0,15.0,3.268000789831042
23891,5.0,14.0,0.48696775996670993
9996,5.0,15.0,1.5287987999887456
33762,5.0,15.0,0.5062807199149617
19069,5.0,12.0,0.8691633300109043
36590,5.0,14.0,0.1529289599560446
35546,5.0,12.0,0.49102050002163367
24454,5.0,15.0,0.14898910400243537
43433,5.0,5.0,2.9041383088542716
37428,5.0,12.0,24.971035870382707
44516,5.0,5.0,0.0032687999706979554
37843,5.0,5.0,2.1110970031962495
44855,5.0,5.0,0.9270980950101944
25072,5.0,5.0,1.5383352324155055
9309,5.0,5.0,0.3198792196963609
8901,5.0,14.0,7.406482117412537
14299,5.0,12.0,16.347792575890196
37050,5.0,5.0,0.4774643197810349
42880,5.0,5.0,0.6692603894285014
6923,14.0,5.0,0.7869052659933544
3509,5.0,12.0,3.253788210052292
16648,5.0,12.0,3.0768649499097194
21685,5.0,15.0,2.404237043259158
9511,5.0,12.0,1.2368228925168125
7392,5.0,12.0,1.8028502400065705
40513,5.0,14.0,0.12290573390583326
27826,5.0,12.0,0.36721056002417996
46507,5.0,15.0,0.15431145498956056
27841,5.0,5.0,3.813253322924993
9601,5.0,5.0,25.646158166617624
19396,5.0,15.0,76.00488953295263
42950,5.0,5.0,16.9326223391935
18517,5.0,12.0,18.737039998450825
40616,5.0,12.0,18.622912798762968
35690,5.0,14.0,21.327820990678475
35324,5.0,5.0,2.5985134078919003
45736,5.0,5.0,0.9922240000681342
14484,5.0,5.0,1.514753791901768
49865,5.0,12.0,9.82572103135999
21771,5.0,5.0,1.8478218235859458
31597,5.0,14.0,1.7518763025930895
10830,5.0,15.0,4.399877315786014
16380,5.0,14.0,0.8788589621273672
1600,5.0,15.0,3.2619412738170652
13927,5.0,14.0,0.7303204439998296
45248,5.0,15.0,2.5749509769779877
16787,5.0,14.0,0.624557681950872
8213,5.0,12.0,1.491659039923384
25962,5.0,15.0,3.363491567786596
1529,5.0,14.0,0.45214318809455634
48515,5.0,14.0,0.3991269360312373
37192,5.0,15.0,1.7115717749645647
12417,5.0,12.0,0.9433030799161557
37225,5.0,15.0,1.2521434179891617
32135,5.0,12.0,0.8558277598751545
11231,5.0,14.0,0.1775030849908763
10003,5.0,12.0,0.5336158799240955
21830,5.0,12.0,0.17217984002616582
12686,5.0,15.0,0.020003245510734846
13277,5.0,5.0,11.301260030725302
3207,5.0,12.0,62.50994479009523
17503,5.0,5.0,3.6745820162119855
14803,5.0,5.0,7.169336899762669
36170,5.0,5.0,3.0616934401606386
21266,5.0,14.0,13.445637639980816
10839,5.0,5.0,0.5891184000480507
48183,5.0,5.0,12.038935199780184
33648,5.0,5.0,9.342061309693463
16339,5.0,5.0,2.4815223354655984
39075,5.0,14.0,1.8382935372088127
41367,5.0,5.0,2.9827130666140675
17011,5.0,5.0,5.525141760038707
4993,5.0,5.0,5.818870272067116
10687,5.0,5.0,3.7711460351865753
44375,5.0,14.0,15.675028990910334
15672,5.0,5.0,3.6223226880308204
25562,5.0,14.0,3.374416793520055
25142,5.0,5.0,1.2112346156397393
7514,5.0,5.0,0.8813347000980514
7929,5.0,5.0,2.6938330238001242
5458,5.0,5.0,1.7448094718788028
32634,5.0,5.0,1.2931140095350528
7615,5.0,15.0,3.7647366146329517
2710,5.0,5.0,0.30977769491488516
13029,5.0,5.0,1.3433700691538348
26455,5.0,12.0,2.238605309763294
47359,5.0,15.0,2.155661825890178
15572,5.0,12.0,1.3513799998113498
40426,5.0,15.0,1.644178319928919
13624,5.0,15.0,1.0805201398595639
17299,5.0,14.0,0.16176648799242166
38150,5.0,15.0,0.10487026496894458
20715,5.0,15.0,0.6200685119672737
8009,5.0,15.0,0.5361241619155575
16077,5.0,12.0,0.0025895999824911975
43143,5.0,5.0,0.40283629214150096
2849,5.0,5.0,0.7882445307634498
29169,5.0,5.0,0.028386917972923698
13346,5.0,5.0,0.09288079987163655
39269,18.0,5.0,9.770437719660379
27989,5.0,15.0,2.7138428346466696
48078,18.0,5.0,4.088626239159723
28944,18.0,5.0,0.04922635195659897
46935,5.0,5.0,0.09043839967216627
44535,5.0,5.0,4.2843746811763594
8809,5.0,14.0,6.9650661593950645
44549,5.0,5.0,0.3259206664651231
9367,5.0,5.0,1.4541117604322835
21587,5.0,5.0,0.9490343756316975
20183,5.0,12.0,15.14554053574932
48070,5.0,5.0,0.35669027832661016
32856,5.0,12.0,2.455274325267297
49945,5.0,14.0,0.7767312199190997
36392,12.0,14.0,4.733394239792922
33881,5.0,14.0,0.2610124319151108
10961,5.0,12.0,0.7189744800646185
23478,5.0,14.0,0.09903959993508771
6631,5.0,15.0,0.2543500199923825
1175,5.0,5.0,26.441080319784703
4967,5.0,5.0,23.516848981076862
49143,5.0,5.0,10.898418619062
33823,5.0,5.0,17.95000355834864
46036,5.0,5.0,11.163168767698437
44344,5.0,5.0,13.760209920231688
44390,5.0,5.0,1.8503344642630566
10843,5.0,5.0,0.19522213174946046
41017,5.0,5.0,2.704426410951399
19902,5.0,15.0,4.242701906834419
13349,5.0,15.0,4.104007355880697
36485,5.0,14.0,0.859851039863635
34523,5.0,15.0,3.2272530960254073
43418,5.0,15.0,2.8528121175701315
26180,5.0,14.0,0.6480313200372159
31473,5.0,15.0,1.9704506638706967
3155,5.0,12.0,0.8139480149325706
31551,5.0,15.0,0.8187400319933484
19541,5.0,12.0,0.5448127799787326
20011,5.0,5.0,9.885381280653633
41252,5.0,5.0,9.893028583020026
37986,5.0,14.0,17.334337344367327
48686,5.0,5.0,2.3311641598048993
1295,5.0,5.0,1.1721643333307838
5771,5.0,5.0,7.726374909617988
35454,5.0,14.0,23.455536738379777
33937,5.0,5.0,2.744536678476834
42569,5.0,5.0,5.22888964242334
9597,5.0,5.0,3.7340255233099526
31824,5.0,5.0,4.102861600327117
33456,5.0,5.0,0.2872934741824906
23299,5.0,14.0,14.09499946461888
2569,5.0,5.0,3.900060707401593
37319,5.0,5.0,3.2363550379621273
43483,5.0,5.0,7.915150420194564
46887,5.0,12.0,3.628177140260334
24067,5.0,5.0,5.88775566658704
11472,5.0,15.0,7.86715996078685
14549,5.0,12.0,3.124943805264408
44018,5.0,5.0,1.0261950001489595
32768,5.0,5.0,0.39925440003890955
46923,5.0,5.0,0.24445940004683564
18861,5.0,5.0,0.24347296788848638
46979,5.0,14.0,2.8824601767373537
6050,5.0,5.0,0.055288371197910635
9708,5.0,15.0,2.849871688550998
12621,5.0,15.0,2.838224058022348
2637,5.0,5.0,0.9175880834266792
23168,5.0,5.0,1.5567768000968627
21550,5.0,5.0,0.06435975983003317
17799,5.0,5.0,0.5416154999667011
49623,5.0,15.0,0.8716820800436071
45916,5.0,12.0,0.49108574999339183
23240,5.0,12.0,0.39863369997562437
47110,5.0,12.0,0.26984937000321985
14884,5.0,15.0,0.2062481730212502
25877,5.0,5.0,3.3148969917426143
46844,5.0,5.0,0.3146196480132062
12287,5.0,5.0,1.5838830938892556
28343,5.0,12.0,14.08603296083254
24697,5.0,12.0,2.8016029201339094
6022,5.0,12.0,1.30476085511755
34857,5.0,15.0,1.7149971360081473
1064,12.0,5.0,1.260702870090114
44657,5.0,12.0,0.055778160029525736
9977,5.0,12.0,0.15045806996472866
2401,5.0,5.0,2.1184112641546733
9612,5.0,5.0,4.723945540158439
4956,5.0,5.0,0.4640539999462163
43416,5.0,5.0,0.045509920460844455
43319,5.0,5.0,0.5024584700862533
13719,5.0,5.0,0.18264000010863413
15988,5.0,5.0,0.13267392849311932
36372,5.0,15.0,15.113468198879275
9263,5.0,5.0,0.10789171230911165
6127,5.0,5.0,0.024301363369573892
30614,5.0,5.0,0.520503466869485
23220,5.0,15.0,10.120560857986632
31034,5.0,14.0,1.0439159221240857
6966,5.0,15.0,2.8642735201661367
1673,5.0,12.0,1.8380579024171553
10051,5.0,14.0,0.46199502016945715
9242,5.0,12.0,1.0515134999816134
11643,5.0,12.0,0.8077697624875952
11893,5.0,14.0,0.06587056497767652
47304,5.0,5.0,26.390579399348383
48165,5.0,5.0,15.988106933300486
5718,5.0,5.0,15.14355094391422
14686,5.0,12.0,12.722285711189272
24079,5.0,5.0,5.010379411201384
31326,5.0,5.0,4.104993712076379
47569,5.0,12.0,8.17771331965156
2315,5.0,15.0,19.739596971835226
32233,5.0,12.0,7.025088503449865
22962,5.0,5.0,0.746255999855002
32279,5.0,14.0,2.2764114691729844
42473,5.0,15.0,5.325996974988001
26592,5.0,14.0,1.2807549363277104
25131,5.0,14.0,0.3885388950567936
2847,5.0,12.0,1.116792974940516
30692,5.0,12.0,0.7554862198898515
19503,5.0,14.0,0.21849309603773115
3110,5.0,14.0,0.18157197002143555
20695,5.0,12.0,0.31283858997206604
8238,5.0,12.0,0.12941561997889695
2833,5.0,12.0,0.03844703997241039
37979,5.0,5.0,9.297731017628621
32503,5.0,5.0,15.575706334411223
48791,5.0,5.0,2.8778917891160916
20459,5.0,5.0,21.13138151933279
13044,5.0,5.0,5.519114400049716
15935,5.0,5.0,8.406797039324829
47077,5.0,15.0,38.13599807980253
41003,5.0,5.0,3.2957787609061313
33523,5.0,5.0,0.41707199994465327
11173,5.0,5.0,0.9367545345830166
34563,5.0,5.0,1.4210123266667836
48327,5.0,5.0,6.449723999883666
10904,5.0,5.0,4.895929429416952
48211,5.0,5.0,0.6297756552326561
407,5.0,5.0,0.11780864008875369
26047,5.0,5.0,2.7947884529173876
14857,5.0,15.0,4.856352546259231
17727,5.0,5.0,0.5702072000542486
20072,5.0,14.0,2.0133815485487645
36099,5.0,5.0,0.5877716991080746
16998,5.0,5.0,1.1569978536692958
8883,5.0,14.0,1.0395464602214943
25306,5.0,15.0,4.021974128032291
20782,5.0,5.0,0.4934788608581613
3312,5.0,15.0,11.48417232453997
25410,5.0,5.0,1.2779702391277432
13178,5.0,5.0,0.6187909633988653
24440,5.0,15.0,5.436443920007861
41188,5.0,5.0,0.9898690047938281
44158,5.0,15.0,2.349038963477067
43325,5.0,15.0,2.3326337864579543
33722,5.0,15.0,2.25203737002451
32404,5.0,5.0,1.471944883159729
3279,5.0,15.0,1.9402261080523857
26828,5.0,15.0,1.62787592396743
32305,5.0,12.0,1.104414037485558
17324,5.0,12.0,0.9605732249710215
11290,5.0,14.0,0.28424127002512556
9834,5.0,5.0,0.6953615530444921
39718,5.0,12.0,0.8416622550512045
10705,5.0,15.0,1.1563160759761804
7229,5.0,15.0,1.1104229820266713
9819,5.0,15.0,3.3978642240066
48796,5.0,15.0,0.9672226080881448
8679,5.0,14.0,0.11216494795755061
20584,5.0,15.0,0.7584000899786929
1377,5.0,15.0,0.23004506804445324
10522,5.0,5.0,5.496841779928559
38459,5.0,5.0,5.77855534153565
26646,5.0,5.0,1.1951147692124664
3976,5.0,5.0,2.677972224108771
43492,5.0,5.0,1.2325585070315697
43666,12.0,15.0,10.214318786409422
47551,5.0,5.0,0.35091099348292687
47191,5.0,5.0,0.19368832011872428
1398,5.0,5.0,1.0136314028994775
48560,5.0,14.0,0.2378660402764865
1049,5.0,12.0,8.32410894073827
31730,5.0,5.0,0.05639552007801285
35113,5.0,15.0,3.068553430173033
22564,5.0,12.0,2.816307120021385
32470,5.0,12.0,2.726548995155106
526,12.0,5.0,2.9350311899900703
40170,5.0,12.0,1.7271635475697487
39324,5.0,12.0,1.3681348498205672
48927,5.0,12.0,0.9271201800257014
19593,5.0,12.0,0.9076684799910648
34051,5.0,12.0,0.8044032000129899
38544,5.0,15.0,0.5224432495041578
10247,5.0,5.0,0.9222733319375322
37753,5.0,5.0,0.07787299994561181
40300,5.0,5.0,0.033199793153599444
4978,5.0,15.0,11.28660816012804
11925,5.0,5.0,0.26292002420478866
1108,5.0,15.0,3.3154457220126474
15073,5.0,15.0,1.5876254400253487
9000,5.0,12.0,0.43206059998512103
42551,5.0,12.0,1.7383953898636442
6638,5.0,15.0,1.021240999414129
16688,5.0,14.0,0.056489649955740795
25740,5.0,12.0,0.2592301799442689
12371,5.0,14.0,3.176175857618375
32584,5.0,5.0,8.961467066652233
11403,5.0,5.0,1.2624333334563147
45105,5.0,5.0,1.7644488193648442
9570,5.0,14.0,9.999226425178279
7989,5.0,12.0,7.351112639253188
1995,5.0,14.0,1.1251449801788311
42047,5.0,15.0,3.8290701271203034
21200,5.0,14.0,1.337703523215005
41628,5.0,14.0,0.27702223202545184
14825,5.0,15.0,0.9545642160312067
33125,5.0,15.0,1.0134785000835755
39784,5.0,12.0,0.6588623999238372
49255,5.0,12.0,0.9872614560382793
40118,5.0,12.0,0.5229022800506993
39501,5.0,12.0,0.52556898003097
41568,5.0,12.0,0.49720512012458684
43024,5.0,15.0,0.569292168000679
892,5.0,12.0,0.3535568400312954
41856,5.0,14.0,0.13731335034561276
10265,5.0,12.0,0.012244260017238329
21226,5.0,5.0,48.04836523089136
15886,5.0,5.0,11.007333825145054
40786,5.0,5.0,0.4858548949438557
146,5.0,5.0,17.027228774777882
22300,5.0,5.0,7.324764710577284
19429,5.0,5.0,18.662856337364417
44048,5.0,5.0,4.821303108089239
43895,5.0,5.0,1.2494465518579005
25900,5.0,5.0,2.8156999999787473
47465,5.0,5.0,13.354576128348526
47964,5.0,5.0,1.8912391677305607
30514,5.0,5.0,11.458669197096455
43640,5.0,15.0,32.29303526385658
33308,5.0,5.0,3.0067350146074574
39169,5.0,5.0,3.287463117089189
44285,5.0,5.0,0.5015539200872183
49271,5.0,5.0,2.5179118934791234
18559,5.0,5.0,0.20002682887422907
36203,5.0,5.0,3.002593604601117
23184,5.0,5.0,0.28335399992666055
9479,5.0,5.0,4.467518310661347
27099,5.0,5.0,0.39832866168127623
27147,5.0,5.0,0.4481819999765051
31017,5.0,5.0,3.270507000234666
46449,5.0,14.0,2.126952919988071
47676,5.0,5.0,0.9273432065032878
40606,5.0,5.0,0.16412531405230624
34355,5.0,5.0,0.3868085540522799
17797,5.0,14.0,1.2985163234813726
735,5.0,12.0,2.8089338248134936
13966,5.0,14.0,1.610368004886638
11296,5.0,15.0,3.504233729736157
18011,5.0,5.0,3.042544718590449
13755,5.0,12.0,2.6948548198479116
3418,5.0,12.0,2.5256563498412916
26770,5.0,14.0,0.8744410617817948
24147,5.0,5.0,0.7959569920060616
11085,5.0,15.0,5.023294293794457
47714,5.0,12.0,1.7292996748705391
18124,5.0,15.0,1.9735928318413407
19948,5.0,15.0,1.960841699841751
42768,5.0,12.0,1.1669024999184678
12693,5.0,12.0,0.9181876799252997
1863,5.0,12.0,0.8472522899204087
43122,5.0,12.0,0.7154165998245965
27885,5.0,15.0,0.9951968428881788
6691,5.0,12.0,0.4617070499245344
31590,5.0,12.0,0.39123947996284425
45169,5.0,12.0,0.276884579890325
34391,5.0,15.0,0.22929740796197517
31263,5.0,5.0,4.9175061507423266
30078,5.0,5.0,0.16251309975548622
40915,5.0,5.0,0.060176400111203066
32489,5.0,14.0,1.5812017866580277
44729,5.0,5.0,0.6473312638275672
42440,5.0,12.0,1.364723579930505
45975,5.0,12.0,1.340585534915249
2991,5.0,15.0,1.7697156239314786
16182,5.0,12.0,0.6833356499508731
21456,5.0,12.0,0.6770590499557088
33349,5.0,12.0,0.5119000274590899
8186,5.0,12.0,0.3996043499579667
7353,5.0,12.0,0.33122741249268817
16082,5.0,5.0,1.0109535180639853
38633,5.0,5.0,1.2701171998303664
49845,5.0,5.0,2.0415419520991236
13916,5.0,5.0,0.9018199998936467
39712,5.0,5.0,1.4305110187688683
27026,5.0,5.0,1.2256064001098537
40388,5.0,5.0,0.058356479977646813
10996,5.0,5.0,0.49397381204964574
34319,5.0,14.0,0.2003259900465082
40957,5.0,15.0,6.652355762948474
21078,5.0,5.0,0.003118336261429988
46363,5.0,15.0,3.2236895588660417
14077,5.0,15.0,3.1472465003680057
23083,5.0,12.0,1.9094301750447862
12247,5.0,12.0,1.4336156999687937
2657,5.0,12.0,1.210980000030439
15061,5.0,12.0,1.1175924000228115
12865,5.0,14.0,0.16067762403319819
20453,5.0,15.0,0.7620175299459362
21254,5.0,14.0,0.09174642001825895
32155,5.0,12.0,0.09211147497287442
38164,5.0,5.0,25.157296826971958
23650,5.0,5.0,8.097151999865616
23897,5.0,5.0,9.09143807933512
43894,5.0,5.0,17.941453632101513
4786,5.0,5.0,1.9515102664835666
27796,5.0,5.0,4.893376266874299
20430,5.0,5.0,4.528374866867509
13576,5.0,5.0,13.976027114160047
33466,5.0,15.0,36.32034961442923
11577,5.0,15.0,16.67145167172461
44937,5.0,5.0,8.247071066927745
36574,5.0,5.0,2.026478609381755
26050,5.0,5.0,1.919455829477542
44172,5.0,5.0,3.1238385021336654
7945,5.0,14.0,0.9233278199867669
40571,5.0,15.0,2.621894362960699
37750,5.0,5.0,0.759585536138367
34890,5.0,15.0,2.3744748539749168
13474,5.0,14.0,0.47360476798750994
22559,5.0,14.0,0.41564832496565174
43288,5.0,14.0,0.389642975969025
23432,5.0,14.0,0.24338344001248124
25249,5.0,14.0,0.20647676496827394
6960,5.0,15.0,0.9504640499961852
40795,5.0,14.0,0.08493435002306882
34347,5.0,14.0,0.08782245999835148
15469,5.0,14.0,0.0694773250026195
8844,5.0,14.0,0.03363858199064307
34425,5.0,14.0,0.01428677600635364
37238,5.0,15.0,0.3509179454458433
24263,5.0,12.0,0.10045272001382877
32581,5.0,15.0,0.012101790016842084
49870,5.0,5.0,9.329290111256057
9070,5.0,5.0,11.01682991326706
54,5.0,5.0,16.03591475151947
29168,5.0,5.0,10.794276232199053
32017,5.0,14.0,7.675066281445879
638,5.0,5.0,9.024198160700735
20234,5.0,5.0,3.4524491734001543
33748,5.0,15.0,27.307672075251958
5337,5.0,5.0,1.0603440000444877
38905,5.0,5.0,1.010797721638724
9384,5.0,5.0,3.1613980001773356
14892,5.0,5.0,1.6129267198696766
40229,5.0,15.0,20.897951788055593
17620,5.0,5.0,0.11471231998689291
30701,5.0,5.0,4.626043648152617
48363,5.0,14.0,5.714812685268939
11615,5.0,5.0,2.8280915311346675
17435,5.0,15.0,4.564401380101636
22925,5.0,15.0,4.1295386055422085
10967,5.0,15.0,3.6281680199854165
1006,5.0,5.0,0.3706368399637725
41746,5.0,5.0,0.5248935001112898
48641,5.0,5.0,0.7463290366729929
2390,5.0,5.0,1.7168841213942478
2318,5.0,5.0,0.23491333325764785
45208,5.0,12.0,1.5812570998900064
41469,5.0,12.0,1.5863261248773668
2433,5.0,15.0,2.2621186979939907
25026,5.0,5.0,0.07437636004538462
11079,5.0,15.0,0.18040176599682578
15762,5.0,15.0,0.07075672499593288
39300,5.0,5.0,4.032792353540003
8766,5.0,5.0,0.365126933308332
19596,5.0,5.0,0.06609220001604399
30733,5.0,5.0,0.2954039805301534
42092,5.0,12.0,1.0429760630602658
45582,5.0,12.0,2.0509121999140234
20754,5.0,12.0,1.1132158799289407
6495,5.0,14.0,0.05425317600511992
34967,5.0,5.0,0.22150509795541495
26390,5.0,5.0,1.5157365762105712
34204,5.0,5.0,0.1296439666145801
813,5.0,14.0,5.385879072773321
12351,5.0,15.0,5.8598989123570675
22341,5.0,15.0,2.3664386296313182
21850,5.0,12.0,1.620246270061422
13276,5.0,15.0,1.7217825349218288
36784,5.0,5.0,3.1940444927978433
6981,5.0,5.0,13.695945062190503
4867,5.0,14.0,8.193554161545876
29183,5.0,14.0,6.923842880638517
38397,5.0,5.0,1.1672224001908518
30186,5.0,5.0,11.856671434560226
46859,5.0,5.0,3.598498930432882
42567,5.0,5.0,2.506529894792749
17749,5.0,5.0,1.6537309741316335
1427,5.0,5.0,8.598896666701151
38478,5.0,14.0,4.982089264583323
44419,5.0,5.0,7.468677008756558
39888,5.0,15.0,25.512028146404475
10279,5.0,5.0,1.526163917011317
34142,5.0,14.0,7.371130002999848
30055,5.0,15.0,5.756286624014052
11479,5.0,15.0,3.8929540079897365
8297,5.0,15.0,1.8313673250450044
42164,5.0,15.0,2.7187741198531405
6408,5.0,15.0,1.32119260504086
6435,5.0,12.0,0.7408770600475307
8522,5.0,14.0,0.03244348804439401
31425,5.0,5.0,8.354693568432822
3923,5.0,5.0,5.17099422689239
26103,5.0,5.0,2.3336095999399333
9575,5.0,5.0,14.736112485787828
28374,5.0,5.0,11.579308333227488
48516,5.0,5.0,2.2855524690167215
8608,5.0,5.0,2.167686399831183
35092,5.0,5.0,2.414037974718525
33804,5.0,5.0,9.46691839995681
17026,5.0,5.0,5.069780266768348
43604,5.0,5.0,0.9780226666810137
8889,5.0,5.0,10.200975632825077
12058,5.0,5.0,1.4677186564562703
49410,5.0,5.0,9.225504999962752
17818,5.0,5.0,2.463915434447614
44815,5.0,5.0,0.9591994020800882
32177,5.0,5.0,0.15801999994928195
32353,5.0,5.0,0.7677603324795115
36732,5.0,5.0,0.5113946881315599
40381,5.0,5.0,0.21731822936297363
39607,5.0,14.0,1.0509410288331935
1954,5.0,15.0,4.324930991910712
5982,5.0,12.0,2.3668871249185415
32229,5.0,5.0,0.05748839983645837
8253,5.0,14.0,0.9754673678315768
32727,5.0,14.0,0.8035618719408006
7137,5.0,12.0,1.9334630099106462
27012,5.0,15.0,2.8800944199895397
41968,5.0,12.0,1.7329210499160972
10973,5.0,5.0,0.7710597296675097
22400,5.0,15.0,2.1616795760038237
4998,5.0,12.0,1.318113299929827
33040,5.0,14.0,0.7391670330641773
32609,5.0,14.0,0.40816765796063237
49388,5.0,14.0,0.4176600959581087
12482,5.0,15.0,1.612443255938075
9486,5.0,14.0,0.21514755997259982
31369,5.0,14.0,0.13267139000063288
17344,5.0,14.0,0.13058466596682905
37738,5.0,14.0,0.10622106996648739
27059,5.0,14.0,0.10106697198528103
36000,5.0,14.0,0.0503763658870362
38563,5.0,15.0,0.4961960540062007
47792,5.0,15.0,0.45748889701481055
4709,5.0,15.0,0.23169226000880982
15376,5.0,15.0,0.2013495020014595
21168,5.0,12.0,0.001526159987997211
16655,5.0,5.0,1.2390084948789308
23791,5.0,5.0,0.2651093999808154
42710,5.0,5.0,1.000935168106821
41936,5.0,5.0,0.45026036105363687
43004,5.0,5.0,0.14861977192903453
21522,5.0,15.0,0.8886955949445863
36320,5.0,12.0,0.06627854999630634
32810,5.0,15.0,20.166761172222152
47838,5.0,12.0,12.110142360554704
12318,5.0,12.0,8.072763744300403
39396,5.0,12.0,5.659312223758292
44965,5.0,12.0,2.0608103996544003
7956,5.0,12.0,7.343510158831762
4014,5.0,5.0,0.32445287976450743
46633,5.0,14.0,0.6627286661188414
15559,5.0,12.0,1.735483800015313
6678,5.0,15.0,1.530311854033993
49426,5.0,12.0,0.6485478600513002
39463,12.0,14.0,1.0382202300303494
12712,5.0,15.0,0.8431070100172136
48580,5.0,12.0,0.48045011250370884
45608,5.0,15.0,0.5684643659073325
26369,5.0,15.0,0.27019034398062924
11235,5.0,5.0,20.091457457459
9854,5.0,5.0,12.430542130704481
20316,5.0,5.0,2.899221930637225
13250,5.0,14.0,14.11604896262591
20235,5.0,5.0,6.969538273540309
44877,5.0,5.0,5.447707599976454
45328,5.0,5.0,4.4669560317896355
24919,5.0,15.0,13.51815854941384
35539,5.0,12.0,3.5962550384281826
33519,5.0,14.0,3.226337280519772
23024,5.0,15.0,4.919485511963366
48029,5.0,15.0,3.5116532039217816
42394,5.0,12.0,1.4176506899808885
15624,5.0,12.0,1.0492644000332483
49703,5.0,14.0,0.19047387604800825
3201,5.0,15.0,0.5004824580190785
36439,5.0,14.0,0.030463200022879278
47685,5.0,5.0,3.484503200048664
36080,5.0,5.0,14.489067999881513
43649,5.0,5.0,3.6881165653820176
10342,5.0,5.0,1.7667922229750843
8325,5.0,5.0,6.711204198668867
39877,5.0,5.0,1.567829845153625
32093,5.0,5.0,0.9872303999677143
23127,5.0,5.0,5.573118095910161
18219,5.0,5.0,11.690692266588712
33424,18.0,5.0,13.970412100443923
17139,5.0,5.0,0.8884660480186
36252,5.0,5.0,3.4636224000248745
17813,5.0,5.0,1.6202813334535477
37961,5.0,5.0,3.181934643301389
39674,5.0,5.0,0.48581797564531826
34159,5.0,5.0,4.228627466590623
1953,5.0,5.0,4.798957077663758
11282,5.0,14.0,10.345204644518162
24505,5.0,5.0,5.91411326526481
24340,5.0,5.0,1.0642383880641901
17097,5.0,5.0,0.5002079999629885
46459,5.0,5.0,4.480019139119307
22240,5.0,5.0,1.019822633335849
5420,5.0,5.0,0.9843947519542411
9852,5.0,14.0,8.457383597090356
29793,5.0,5.0,9.151803359492547
21316,5.0,5.0,1.2084319333908695
37012,5.0,5.0,0.652186666627415
5366,5.0,12.0,1.9555967998891148
14397,5.0,5.0,0.05752221333376539
47478,5.0,5.0,1.1817132796774672
49734,5.0,15.0,2.359549167918125
21318,5.0,15.0,2.013489299978964
9899,5.0,14.0,0.5106860759155794
35632,5.0,14.0,0.2775471479669136
31767,5.0,15.0,1.1828236620720158
27576,5.0,12.0,0.7389980624739447
12010,5.0,15.0,0.5564470080169652
17542,5.0,5.0,0.7210067458462106
9480,5.0,5.0,0.33848277339475885
23772,5.0,15.0,3.21666010085508
23470,5.0,15.0,2.8118740819541905
44396,5.0,14.0,0.6510054999366837
22171,5.0,12.0,0.7582413000152606
12594,5.0,12.0,0.384977909987267
14234,5.0,12.0,0.342057000009806
37371,5.0,14.0,0.046733449479431144
23326,5.0,12.0,0.3067472100049029
10085,18.0,5.0,26.64886416998553
10654,5.0,5.0,2.2432423259026564
1314,5.0,5.0,2.2768903172520254
10113,5.0,5.0,0.7011123969050743
9635,5.0,5.0,0.2058753599781653
2287,5.0,5.0,0.016696972870420268
43719,5.0,14.0,6.817106288948651
3086,5.0,5.0,0.04063969987211635
16373,5.0,5.0,0.3147288746247341
27082,5.0,5.0,0.15558336014908036
42142,18.0,5.0,7.215392293132339
39147,5.0,14.0,4.024358898585774
43856,5.0,5.0,0.018550021321303234
3674,5.0,5.0,0.6950882303750063
15363,5.0,5.0,0.2269945342114994
47340,5.0,12.0,2.3711642401395423
7678,18.0,5.0,2.887627438305408
1777,5.0,15.0,2.750373569852229
18498,5.0,15.0,2.4686986168392515
9395,5.0,14.0,0.46166534842069495
11672,18.0,5.0,0.8672827357992947
2632,5.0,14.0,0.3701178997947068
31395,5.0,14.0,0.3087082800645504
13958,5.0,12.0,0.6863645999919665
4474,5.0,12.0,0.5624752350045892
25011,5.0,15.0,0.5984575299692256
37553,5.0,12.0,0.139858500019181
7702,5.0,5.0,10.215158988579645
43496,5.0,12.0,10.941995999324092
20794,5.0,5.0,0.471961497355494
14304,5.0,5.0,9.993663332893647
21512,5.0,5.0,4.743207500115261
45549,5.0,14.0,5.451189172115278
21067,5.0,5.0,2.5249569869657194
17183,5.0,5.0,0.10705106670343412
16405,5.0,14.0,5.635928545085051
7779,5.0,12.0,5.769569819240957
38104,5.0,14.0,1.198470511997897
36536,5.0,15.0,4.389567743665232
15297,5.0,15.0,1.4388982199611533
15303,5.0,15.0,1.2776165089153757
48278,5.0,12.0,0.7597302824127112
37920,5.0,12.0,0.6470065649243661
42046,5.0,15.0,0.7286789700166416
8461,5.0,15.0,0.1750747499804084
20402,5.0,5.0,20.231991072704545
11826,5.0,5.0,6.330290915585152
27744,5.0,5.0,0.4153530000565411
25368,5.0,5.0,5.7817978535095165
41084,5.0,5.0,6.609897983716849
26856,5.0,5.0,7.504910079953049
35185,5.0,14.0,4.976431679370961
27851,5.0,15.0,31.98367250501113
46541,5.0,5.0,4.016584601552651
6812,5.0,5.0,0.4021464000224597
6106,5.0,5.0,1.1838810240167064
16340,5.0,5.0,3.405065198830158
3727,5.0,5.0,1.1785301334272873
4466,5.0,5.0,0.9207959805748374
47274,5.0,12.0,7.902013439032515
40536,5.0,5.0,3.5947608636739403
37566,5.0,14.0,2.0692889278242887
35404,5.0,5.0,3.1763028392695105
36461,5.0,5.0,0.09371519998877531
41989,5.0,5.0,1.1464281599521726
47666,5.0,5.0,0.04274158060209743
49345,5.0,5.0,0.5630417405131425
29188,5.0,5.0,0.2498150231695817
13661,5.0,5.0,0.7611942665791958
28324,5.0,12.0,1.9946711997651931
43137,5.0,5.0,0.31844240994697515
38190,5.0,12.0,2.1732018597694207
37934,5.0,12.0,1.9606744199066313
12522,5.0,5.0,0.6845919747303384
35506,5.0,12.0,1.3682249398770523
22133,5.0,14.0,0.47367474789144026
3844,5.0,15.0,1.774032579886189
25398,5.0,15.0,2.593536959664533
31067,5.0,14.0,0.19219417494523228
46829,5.0,14.0,0.20928223994242856
29406,5.0,14.0,0.2259907199970339
44232,5.0,14.0,0.072383615954136
37264,5.0,15.0,0.9278111080680418
21228,5.0,14.0,0.0027586399918861915
29275,5.0,15.0,0.2971028799500255
22683,5.0,15.0,0.2513824199624306
10640,5.0,12.0,0.07718290497791669
22020,5.0,12.0,0.022285199982442272
14419,5.0,5.0,1.7137553060227333
33418,5.0,5.0,0.24226159996514696
1540,5.0,5.0,0.20916096851564703
42499,5.0,14.0,7.621715912746367
31480,5.0,5.0,0.367461938722073
20964,5.0,14.0,2.2101982074301816
29425,5.0,5.0,0.1700340634867672
40898,5.0,12.0,14.267187552057493
23479,5.0,5.0,0.12597245416034752
17864,5.0,5.0,0.1238561275272474
47509,25.0,5.0,25.11121591370133
11216,5.0,12.0,2.547482700086931
22926,5.0,12.0,1.632888389826288
18905,5.0,15.0,1.6784486280411244
14405,5.0,12.0,1.106921999918434
39262,18.0,5.0,2.0774483254016225
34989,5.0,15.0,1.4460476740434949
26783,5.0,12.0,0.8693176798856435
35507,5.0,15.0,1.024630356102028
39791,5.0,14.0,0.07694288202339639
28161,5.0,14.0,0.044716167962394415
14647,5.0,12.0,0.25427743497537403
27109,5.0,5.0,0.2971507679112051
49968,5.0,5.0,0.24036800008494197
44983,5.0,5.0,0.06676599459819954
46192,5.0,14.0,5.501667950492504
10306,5.0,5.0,0.41521850031988095
34201,5.0,5.0,0.606691871525797
11834,5.0,14.0,0.9836098380758997
23667,5.0,12.0,1.8347495249625325
14772,5.0,12.0,1.4662631101827976
16116,5.0,12.0,0.8492421001076256
4060,5.0,15.0,0.6659991359820019
34149,5.0,12.0,0.4609699500527462
40446,5.0,12.0,0.014225520002489223
2374,5.0,12.0,0.008015857502340573
17673,5.0,5.0,27.59438935085933
46424,5.0,5.0,4.319383296922126
16513,5.0,5.0,9.028645083522008
28664,5.0,5.0,21.642587519945067
25763,18.0,5.0,32.8098553242707
3782,5.0,5.0,4.545149216806621
47090,25.0,5.0,89.56016452012562
19387,18.0,5.0,23.916484668179763
6876,5.0,5.0,3.871377408276288
4930,5.0,5.0,2.1499466667640093
13836,5.0,5.0,0.994490368221264
16699,5.0,5.0,3.4254755231215483
38937,5.0,14.0,4.020061459482164
41410,5.0,14.0,4.635693638533979
29364,18.0,5.0,5.736599579410694
34647,5.0,14.0,0.7054894274817087
16274,5.0,12.0,3.102225577464189
18367,5.0,15.0,3.969010398869443
26136,18.0,5.0,4.234682816156109
43266,5.0,12.0,3.8943709323562246
1371,5.0,5.0,1.113835392315579
18826,5.0,15.0,2.7836296839841737
4113,5.0,15.0,2.1715246198572657
12397,5.0,12.0,2.370657863492525
39318,5.0,12.0,1.321727924831368
42007,5.0,12.0,1.3105098299388054
583,5.0,12.0,1.0561106999217102
24572,5.0,15.0,1.502116405464541
45156,5.0,12.0,1.0191674099611454
39397,5.0,12.0,1.0946151300526452
42663,5.0,12.0,0.9997179149880502
18847,5.0,14.0,0.24503291191239285
4611,5.0,15.0,1.0291789425029343
33573,5.0,14.0,0.16553435991794174
47787,5.0,14.0,0.13800001592321465
315,5.0,15.0,0.7419215069492875
27301,5.0,15.0,0.4493117399831794
43463,5.0,15.0,0.31168469999327897
6323,5.0,12.0,0.18677819998005685
28488,5.0,15.0,0.17179110596373892
14619,5.0,5.0,26.09936455679633
9572,5.0,5.0,3.0438426114421304
19289,5.0,5.0,2.0522547999839276
43423,5.0,5.0,5.051694703913654
46184,5.0,5.0,12.814880832175476
38786,5.0,15.0,63.27395671330851
15921,5.0,5.0,24.297343829667227
6438,5.0,5.0,17.237948867380695
31076,5.0,5.0,10.56328133375635
39669,5.0,5.0,5.972304666981742
5435,5.0,5.0,10.637842400360213
46823,5.0,5.0,4.152838451038491
48579,5.0,5.0,2.4313981922024652
49550,5.0,12.0,27.23809439975426
21730,5.0,5.0,3.044876123398069
42018,5.0,5.0,6.961441137572976
14844,5.0,14.0,16.366205607421193
33770,5.0,5.0,3.0523509758130984
14578,5.0,5.0,1.6832840000715095
47435,5.0,5.0,0.8610357333626055
24073,5.0,5.0,10.94462784102221
27964,5.0,5.0,1.6045738667061897
42578,5.0,5.0,0.9910173123554102
21451,5.0,5.0,2.8942063957967292
14868,5.0,5.0,1.0243406048938155
46011,5.0,5.0,1.6081588001529994
28753,5.0,5.0,2.94439900015729
13376,5.0,5.0,0.9326314261314295
14327,5.0,14.0,1.1693353680874665
6508,5.0,14.0,1.3128213750876014
42958,5.0,5.0,1.3205301977422366
2473,5.0,5.0,0.009782784102121411
48837,5.0,5.0,0.8879968255467148
38408,5.0,5.0,0.7613749077663172
37857,5.0,5.0,1.2583060479745996
37081,5.0,5.0,0.3958143750225247
36157,5.0,5.0,0.68795770868498
4848,5.0,14.0,0.5463132840036735
12431,5.0,14.0,0.49682186414246843
38165,5.0,14.0,0.3890390999953617
46818,5.0,5.0,0.19639343992684388
49609,5.0,15.0,4.598438256007263
8745,5.0,14.0,0.36182997000309314
40505,5.0,12.0,0.9319376999895859
29787,5.0,12.0,0.6922618499768944
46028,5.0,15.0,0.9557882790071055
39468,5.0,15.0,0.5415132079696328
34117,5.0,14.0,0.009895520091357746
30449,5.0,14.0,0.07556471045372959
