WindowID,Method,Seed,TaskID,TaskType,SourceRegion,ExecutionRegion,ArrivalHour,StartMinute,EndMinute,Duration_min,GPU_Demand,MaxLatency_ms,LatestFinishHour
w0000_0024,rolling_shadow_price_exchange::lagrangian_balanced,20260801,75,BatchInference,RegionD,RegionF,13,780,1175,395,15,80,2406
w0000_0024,rolling_shadow_price_exchange::lagrangian_balanced,20260801,84,AITraining,RegionF,RegionE,2,420,684,264,71,150,2406
w0000_0024,rolling_shadow_price_exchange::lagrangian_balanced,20260801,261,AITraining,RegionF,RegionF,1,60,309,249,92,150,2406
w0000_0024,rolling_shadow_price_exchange::lagrangian_balanced,20260801,283,AITraining,RegionD,RegionF,22,1320,1491,171,41,150,2406
w0000_0024,rolling_shadow_price_exchange::lagrangian_balanced,20260801,673,RealTimeInference,RegionC,RegionC,11,660,775,115,2,20,13
w0000_0024,rolling_shadow_price_exchange::lagrangian_balanced,20260801,912,BatchInference,RegionA,RegionB,21,1260,1502,242,11,80,2406
w0000_0024,rolling_shadow_price_exchange::lagrangian_balanced,20260801,1573,BatchInference,RegionF,RegionE,18,1080,1160,80,20,80,2406
w0000_0024,rolling_shadow_price_exchange::lagrangian_balanced,20260801,1681,BatchInference,RegionB,RegionB,2,120,438,318,20,80,2406
w0000_0024,rolling_shadow_price_exchange::lagrangian_balanced,20260801,1819,BatchInference,RegionC,RegionC,5,300,545,245,11,80,2406
w0000_0024,rolling_shadow_price_exchange::lagrangian_balanced,20260801,1930,BatchInference,RegionB,RegionC,2,120,234,114,18,80,2406
w0000_0024,rolling_shadow_price_exchange::lagrangian_balanced,20260801,1952,AITraining,RegionE,RegionE,7,420,431,11,74,150,2406
w0000_0024,rolling_shadow_price_exchange::lagrangian_balanced,20260801,1970,RealTimeInference,RegionB,RegionB,5,300,646,346,1,20,11
w0000_0024,rolling_shadow_price_exchange::lagrangian_balanced,20260801,2003,BatchInference,RegionC,RegionC,15,900,1055,155,13,80,2406
w0000_0024,rolling_shadow_price_exchange::lagrangian_balanced,20260801,2196,RealTimeInference,RegionD,RegionD,16,960,1062,102,6,20,18
w0000_0024,rolling_shadow_price_exchange::lagrangian_balanced,20260801,2413,BatchInference,RegionF,RegionF,23,1380,1776,396,11,80,2406
w0000_0024,rolling_shadow_price_exchange::lagrangian_balanced,20260801,2521,RealTimeInference,RegionB,RegionB,19,1140,1238,98,5,20,21
w0000_0024,rolling_shadow_price_exchange::lagrangian_balanced,20260801,2639,RealTimeInference,RegionB,RegionB,22,1320,1468,148,4,20,25
w0000_0024,rolling_shadow_price_exchange::lagrangian_balanced,20260801,2671,AITraining,RegionD,RegionF,21,1440,1749,309,95,150,2406
w0000_0024,rolling_shadow_price_exchange::lagrangian_balanced,20260801,2690,AITraining,RegionD,RegionE,1,480,798,318,82,150,2406
w0000_0024,rolling_shadow_price_exchange::lagrangian_balanced,20260801,2703,AITraining,RegionD,RegionF,19,1424,1800,376,110,150,2406
w0000_0024,rolling_shadow_price_exchange::lagrangian_balanced,20260801,3249,RealTimeInference,RegionB,RegionB,14,840,1172,332,4,20,20
w0000_0024,rolling_shadow_price_exchange::lagrangian_balanced,20260801,3253,AITraining,RegionA,RegionC,23,1620,1792,172,54,150,2406
w0000_0024,rolling_shadow_price_exchange::lagrangian_balanced,20260801,3300,RealTimeInference,RegionA,RegionA,6,360,431,71,6,20,8
w0000_0024,rolling_shadow_price_exchange::lagrangian_balanced,20260801,3362,RealTimeInference,RegionC,RegionC,16,960,1197,237,4,20,20
w0000_0024,rolling_shadow_price_exchange::lagrangian_balanced,20260801,3445,AITraining,RegionD,RegionE,0,0,74,74,57,150,2406
w0000_0024,rolling_shadow_price_exchange::lagrangian_balanced,20260801,3460,RealTimeInference,RegionB,RegionB,3,180,393,213,3,20,7
w0000_0024,rolling_shadow_price_exchange::lagrangian_balanced,20260801,3614,AITraining,RegionB,RegionB,3,180,346,166,59,150,2406
w0000_0024,rolling_shadow_price_exchange::lagrangian_balanced,20260801,3765,AITraining,RegionB,RegionC,20,1260,1491,231,52,150,2406
w0000_0024,rolling_shadow_price_exchange::lagrangian_balanced,20260801,3788,AITraining,RegionE,RegionE,5,300,357,57,56,150,2406
w0000_0024,rolling_shadow_price_exchange::lagrangian_balanced,20260801,4020,AITraining,RegionF,RegionE,17,1440,1795,355,90,150,2406
w0000_0024,rolling_shadow_price_exchange::lagrangian_balanced,20260801,4368,AITraining,RegionA,RegionA,23,1380,1617,237,34,150,2406
w0000_0024,rolling_shadow_price_exchange::lagrangian_balanced,20260801,4434,RealTimeInference,RegionA,RegionA,23,1380,1568,188,5,20,27
w0000_0024,rolling_shadow_price_exchange::lagrangian_balanced,20260801,4588,AITraining,RegionE,RegionE,21,1260,1563,303,119,150,2406
w0000_0024,rolling_shadow_price_exchange::lagrangian_balanced,20260801,4717,RealTimeInference,RegionA,RegionA,4,240,456,216,4,20,8
w0000_0024,rolling_shadow_price_exchange::lagrangian_balanced,20260801,4742,AITraining,RegionA,RegionC,8,600,876,276,80,150,2406
w0000_0024,rolling_shadow_price_exchange::lagrangian_balanced,20260801,4787,BatchInference,RegionF,RegionF,8,480,873,393,13,80,2406
w0000_0024,rolling_shadow_price_exchange::lagrangian_balanced,20260801,5096,AITraining,RegionA,RegionB,19,1429,1800,371,105,150,2406
w0000_0024,rolling_shadow_price_exchange::lagrangian_balanced,20260801,5204,RealTimeInference,RegionB,RegionB,17,1020,1280,260,7,20,22
w0000_0024,rolling_shadow_price_exchange::lagrangian_balanced,20260801,5249,BatchInference,RegionB,RegionB,6,360,415,55,5,80,2406
w0000_0024,rolling_shadow_price_exchange::lagrangian_balanced,20260801,5291,RealTimeInference,RegionC,RegionC,12,720,1033,313,2,20,18
w0000_0024,rolling_shadow_price_exchange::lagrangian_balanced,20260801,5348,AITraining,RegionD,RegionF,6,360,589,229,32,150,2406
w0000_0024,rolling_shadow_price_exchange::lagrangian_balanced,20260801,5450,AITraining,RegionF,RegionE,0,60,404,344,116,150,2406
w0000_0024,rolling_shadow_price_exchange::lagrangian_balanced,20260801,5647,RealTimeInference,RegionA,RegionA,2,120,407,287,3,20,7
w0000_0024,rolling_shadow_price_exchange::lagrangian_balanced,20260801,5714,RealTimeInference,RegionA,RegionA,5,300,474,174,7,20,8
w0000_0024,rolling_shadow_price_exchange::lagrangian_balanced,20260801,6016,AITraining,RegionD,RegionE,15,1440,1634,194,126,150,2406
w0000_0024,rolling_shadow_price_exchange::lagrangian_balanced,20260801,6224,AITraining,RegionF,RegionF,20,1440,1753,313,101,150,2406
w0000_0024,rolling_shadow_price_exchange::lagrangian_balanced,20260801,6307,AITraining,RegionE,RegionE,12,720,829,109,69,150,2406
w0000_0024,rolling_shadow_price_exchange::lagrangian_balanced,20260801,6382,BatchInference,RegionA,RegionA,20,1200,1522,322,22,80,2406
w0000_0024,rolling_shadow_price_exchange::lagrangian_balanced,20260801,6384,AITraining,RegionD,RegionE,2,420,587,167,118,150,2406
w0000_0024,rolling_shadow_price_exchange::lagrangian_balanced,20260801,6540,RealTimeInference,RegionA,RegionA,21,1260,1650,390,6,20,28
w0000_0024,rolling_shadow_price_exchange::lagrangian_balanced,20260801,7029,RealTimeInference,RegionC,RegionC,22,1320,1407,87,3,20,24
w0000_0024,rolling_shadow_price_exchange::lagrangian_balanced,20260801,7060,BatchInference,RegionC,RegionC,1,60,326,266,5,80,2406
w0000_0024,rolling_shadow_price_exchange::lagrangian_balanced,20260801,7092,RealTimeInference,RegionA,RegionA,22,1320,1412,92,6,20,24
w0000_0024,rolling_shadow_price_exchange::lagrangian_balanced,20260801,7133,AITraining,RegionE,RegionE,13,780,1058,278,34,150,2406
w0000_0024,rolling_shadow_price_exchange::lagrangian_balanced,20260801,7217,BatchInference,RegionB,RegionB,3,180,238,58,20,80,2406
w0000_0024,rolling_shadow_price_exchange::lagrangian_balanced,20260801,7226,BatchInference,RegionD,RegionF,20,1200,1330,130,14,80,2406
w0000_0024,rolling_shadow_price_exchange::lagrangian_balanced,20260801,7246,AITraining,RegionF,RegionF,6,360,590,230,29,150,2406
w0000_0024,rolling_shadow_price_exchange::lagrangian_balanced,20260801,7338,BatchInference,RegionE,RegionE,20,1200,1412,212,21,80,2406
w0000_0024,rolling_shadow_price_exchange::lagrangian_balanced,20260801,7759,AITraining,RegionF,RegionE,2,540,791,251,123,150,2406
w0000_0024,rolling_shadow_price_exchange::lagrangian_balanced,20260801,8048,RealTimeInference,RegionA,RegionA,19,1140,1453,313,4,20,25
w0000_0024,rolling_shadow_price_exchange::lagrangian_balanced,20260801,8124,BatchInference,RegionD,RegionF,19,1140,1311,171,6,80,2406
w0000_0024,rolling_shadow_price_exchange::lagrangian_balanced,20260801,8480,RealTimeInference,RegionC,RegionC,12,720,1089,369,5,20,19
w0000_0024,rolling_shadow_price_exchange::lagrangian_balanced,20260801,8678,AITraining,RegionB,RegionC,16,960,973,13,69,150,2406
w0000_0024,rolling_shadow_price_exchange::lagrangian_balanced,20260801,8692,AITraining,RegionD,RegionE,2,120,185,65,66,150,2406
w0000_0024,rolling_shadow_price_exchange::lagrangian_balanced,20260801,8755,RealTimeInference,RegionC,RegionC,23,1380,1763,383,7,20,30
w0000_0024,rolling_shadow_price_exchange::lagrangian_balanced,20260801,8884,BatchInference,RegionC,RegionC,13,780,1117,337,21,80,2406
w0000_0024,rolling_shadow_price_exchange::lagrangian_balanced,20260801,9020,RealTimeInference,RegionA,RegionA,2,120,481,361,5,20,9
w0000_0024,rolling_shadow_price_exchange::lagrangian_balanced,20260801,9101,RealTimeInference,RegionB,RegionB,2,120,162,42,4,20,3
w0000_0024,rolling_shadow_price_exchange::lagrangian_balanced,20260801,9159,RealTimeInference,RegionB,RegionB,8,480,771,291,4,20,13
w0000_0024,rolling_shadow_price_exchange::lagrangian_balanced,20260801,9170,AITraining,RegionB,RegionC,0,0,149,149,50,150,2406
w0000_0024,rolling_shadow_price_exchange::lagrangian_balanced,20260801,9233,BatchInference,RegionD,RegionF,11,660,881,221,17,80,2406
w0000_0024,rolling_shadow_price_exchange::lagrangian_balanced,20260801,9256,BatchInference,RegionB,RegionB,17,1020,1065,45,11,80,2406
w0000_0024,rolling_shadow_price_exchange::lagrangian_balanced,20260801,9260,BatchInference,RegionE,RegionE,9,540,876,336,12,80,2406
w0000_0024,rolling_shadow_price_exchange::lagrangian_balanced,20260801,9291,RealTimeInference,RegionB,RegionB,13,780,1136,356,2,20,19
w0000_0024,rolling_shadow_price_exchange::lagrangian_balanced,20260801,9326,RealTimeInference,RegionC,RegionC,15,900,985,85,2,20,17
w0000_0024,rolling_shadow_price_exchange::lagrangian_balanced,20260801,9378,RealTimeInference,RegionC,RegionC,16,960,1049,89,7,20,18
w0000_0024,rolling_shadow_price_exchange::lagrangian_balanced,20260801,9424,AITraining,RegionF,RegionF,11,660,754,94,65,150,2406
w0000_0024,rolling_shadow_price_exchange::lagrangian_balanced,20260801,9483,AITraining,RegionF,RegionE,13,1440,1703,263,126,150,2406
w0000_0024,rolling_shadow_price_exchange::lagrangian_balanced,20260801,9487,BatchInference,RegionC,RegionC,5,300,583,283,9,80,2406
w0000_0024,rolling_shadow_price_exchange::lagrangian_balanced,20260801,9537,BatchInference,RegionA,RegionC,0,0,19,19,17,80,2406
w0000_0024,rolling_shadow_price_exchange::lagrangian_balanced,20260801,9676,AITraining,RegionD,RegionF,20,1440,1637,197,64,150,2406
w0000_0024,rolling_shadow_price_exchange::lagrangian_balanced,20260801,10307,BatchInference,RegionC,RegionC,11,660,823,163,10,80,2406
w0000_0024,rolling_shadow_price_exchange::lagrangian_balanced,20260801,10404,RealTimeInference,RegionA,RegionA,5,300,587,287,7,20,10
w0000_0024,rolling_shadow_price_exchange::lagrangian_balanced,20260801,10496,AITraining,RegionD,RegionF,22,1426,1800,374,94,150,2406
w0000_0024,rolling_shadow_price_exchange::lagrangian_balanced,20260801,10525,AITraining,RegionE,RegionE,12,720,916,196,38,150,2406
w0000_0024,rolling_shadow_price_exchange::lagrangian_balanced,20260801,10691,AITraining,RegionF,RegionE,11,900,1087,187,112,150,2406
w0000_0024,rolling_shadow_price_exchange::lagrangian_balanced,20260801,10916,RealTimeInference,RegionA,RegionA,8,480,605,125,2,20,11
w0000_0024,rolling_shadow_price_exchange::lagrangian_balanced,20260801,10943,RealTimeInference,RegionB,RegionB,14,840,973,133,2,20,17
w0000_0024,rolling_shadow_price_exchange::lagrangian_balanced,20260801,10946,RealTimeInference,RegionC,RegionC,14,840,1064,224,6,20,18
w0000_0024,rolling_shadow_price_exchange::lagrangian_balanced,20260801,10960,BatchInference,RegionF,RegionF,6,360,696,336,9,80,2406
w0000_0024,rolling_shadow_price_exchange::lagrangian_balanced,20260801,11030,RealTimeInference,RegionB,RegionB,11,660,775,115,6,20,13
w0000_0024,rolling_shadow_price_exchange::lagrangian_balanced,20260801,11033,BatchInference,RegionA,RegionB,0,0,237,237,5,80,2406
w0000_0024,rolling_shadow_price_exchange::lagrangian_balanced,20260801,11183,RealTimeInference,RegionF,RegionF,12,720,1115,395,7,20,19
w0000_0024,rolling_shadow_price_exchange::lagrangian_balanced,20260801,11283,BatchInference,RegionB,RegionC,17,1020,1321,301,22,80,2406
w0000_0024,rolling_shadow_price_exchange::lagrangian_balanced,20260801,11311,RealTimeInference,RegionB,RegionB,4,240,632,392,2,20,11
w0000_0024,rolling_shadow_price_exchange::lagrangian_balanced,20260801,11346,RealTimeInference,RegionC,RegionC,11,660,817,157,2,20,14
w0000_0024,rolling_shadow_price_exchange::lagrangian_balanced,20260801,11646,BatchInference,RegionD,RegionE,2,120,471,351,17,80,2406
w0000_0024,rolling_shadow_price_exchange::lagrangian_balanced,20260801,11953,AITraining,RegionD,RegionF,6,360,488,128,75,150,2406
w0000_0024,rolling_shadow_price_exchange::lagrangian_balanced,20260801,12031,RealTimeInference,RegionA,RegionA,3,180,334,154,6,20,6
w0000_0024,rolling_shadow_price_exchange::lagrangian_balanced,20260801,12072,AITraining,RegionD,RegionE,8,1440,1743,303,121,150,2406
w0000_0024,rolling_shadow_price_exchange::lagrangian_balanced,20260801,12073,RealTimeInference,RegionC,RegionC,22,1320,1700,380,4,20,29
w0000_0024,rolling_shadow_price_exchange::lagrangian_balanced,20260801,12079,RealTimeInference,RegionB,RegionB,15,900,956,56,5,20,16
w0000_0024,rolling_shadow_price_exchange::lagrangian_balanced,20260801,12084,AITraining,RegionD,RegionF,7,540,773,233,89,150,2406
w0000_0024,rolling_shadow_price_exchange::lagrangian_balanced,20260801,12166,AITraining,RegionF,RegionE,15,1560,1760,200,122,150,2406
w0000_0024,rolling_shadow_price_exchange::lagrangian_balanced,20260801,12495,BatchInference,RegionF,RegionF,19,1140,1169,29,7,80,2406
w0000_0024,rolling_shadow_price_exchange::lagrangian_balanced,20260801,12511,AITraining,RegionD,RegionF,5,300,590,290,20,150,2406
w0000_0024,rolling_shadow_price_exchange::lagrangian_balanced,20260801,12529,AITraining,RegionD,RegionF,14,840,1028,188,24,150,2406
w0000_0024,rolling_shadow_price_exchange::lagrangian_balanced,20260801,12733,BatchInference,RegionB,RegionB,6,360,370,10,20,80,2406
w0000_0024,rolling_shadow_price_exchange::lagrangian_balanced,20260801,12742,AITraining,RegionE,RegionE,19,1260,1437,177,29,150,2406
w0000_0024,rolling_shadow_price_exchange::lagrangian_balanced,20260801,12937,BatchInference,RegionB,RegionC,17,1020,1141,121,9,80,2406
w0000_0024,rolling_shadow_price_exchange::lagrangian_balanced,20260801,12976,AITraining,RegionD,RegionE,14,1140,1513,373,65,150,2406
w0000_0024,rolling_shadow_price_exchange::lagrangian_balanced,20260801,13021,RealTimeInference,RegionA,RegionA,18,1080,1201,121,5,20,21
w0000_0024,rolling_shadow_price_exchange::lagrangian_balanced,20260801,13050,RealTimeInference,RegionB,RegionB,12,720,741,21,7,20,13
w0000_0024,rolling_shadow_price_exchange::lagrangian_balanced,20260801,13203,AITraining,RegionF,RegionE,21,1320,1404,84,116,150,2406
w0000_0024,rolling_shadow_price_exchange::lagrangian_balanced,20260801,13234,AITraining,RegionE,RegionE,2,120,275,155,73,150,2406
w0000_0024,rolling_shadow_price_exchange::lagrangian_balanced,20260801,13423,BatchInference,RegionC,RegionC,23,1380,1624,244,9,80,2406
w0000_0024,rolling_shadow_price_exchange::lagrangian_balanced,20260801,13615,RealTimeInference,RegionC,RegionC,8,480,800,320,5,20,14
w0000_0024,rolling_shadow_price_exchange::lagrangian_balanced,20260801,13772,RealTimeInference,RegionC,RegionC,18,1080,1110,30,1,20,19
w0000_0024,rolling_shadow_price_exchange::lagrangian_balanced,20260801,13807,RealTimeInference,RegionA,RegionA,17,1020,1404,384,2,20,24
w0000_0024,rolling_shadow_price_exchange::lagrangian_balanced,20260801,13810,RealTimeInference,RegionB,RegionB,11,660,833,173,5,20,14
w0000_0024,rolling_shadow_price_exchange::lagrangian_balanced,20260801,13847,AITraining,RegionB,RegionC,0,0,58,58,35,150,2406
w0000_0024,rolling_shadow_price_exchange::lagrangian_balanced,20260801,13853,RealTimeInference,RegionA,RegionA,21,1260,1385,125,6,20,24
w0000_0024,rolling_shadow_price_exchange::lagrangian_balanced,20260801,13868,AITraining,RegionD,RegionE,5,300,341,41,52,150,2406
w0000_0024,rolling_shadow_price_exchange::lagrangian_balanced,20260801,13879,BatchInference,RegionF,RegionF,11,660,686,26,20,80,2406
w0000_0024,rolling_shadow_price_exchange::lagrangian_balanced,20260801,13959,BatchInference,RegionA,RegionC,11,660,864,204,16,80,2406
w0000_0024,rolling_shadow_price_exchange::lagrangian_balanced,20260801,14042,AITraining,RegionF,RegionE,17,1080,1242,162,54,150,2406
w0000_0024,rolling_shadow_price_exchange::lagrangian_balanced,20260801,14112,AITraining,RegionD,RegionE,0,0,84,84,102,150,2406
w0000_0024,rolling_shadow_price_exchange::lagrangian_balanced,20260801,14132,RealTimeInference,RegionB,RegionB,15,900,1001,101,6,20,17
w0000_0024,rolling_shadow_price_exchange::lagrangian_balanced,20260801,14205,RealTimeInference,RegionC,RegionC,16,960,1155,195,1,20,20
w0000_0024,rolling_shadow_price_exchange::lagrangian_balanced,20260801,14243,RealTimeInference,RegionB,RegionB,15,900,1213,313,7,20,21
w0000_0024,rolling_shadow_price_exchange::lagrangian_balanced,20260801,14281,BatchInference,RegionB,RegionB,20,1200,1222,22,15,80,2406
w0000_0024,rolling_shadow_price_exchange::lagrangian_balanced,20260801,14355,RealTimeInference,RegionB,RegionB,15,900,927,27,2,20,16
w0000_0024,rolling_shadow_price_exchange::lagrangian_balanced,20260801,14374,AITraining,RegionD,RegionE,10,1440,1728,288,123,150,2406
w0000_0024,rolling_shadow_price_exchange::lagrangian_balanced,20260801,14554,BatchInference,RegionF,RegionF,12,720,982,262,17,80,2406
w0000_0024,rolling_shadow_price_exchange::lagrangian_balanced,20260801,14640,AITraining,RegionF,RegionE,3,180,535,355,118,150,2406
w0000_0024,rolling_shadow_price_exchange::lagrangian_balanced,20260801,14687,AITraining,RegionD,RegionF,9,540,567,27,107,150,2406
w0000_0024,rolling_shadow_price_exchange::lagrangian_balanced,20260801,14743,BatchInference,RegionD,RegionF,20,1200,1467,267,5,80,2406
w0000_0024,rolling_shadow_price_exchange::lagrangian_balanced,20260801,14921,AITraining,RegionF,RegionE,17,1440,1690,250,119,150,2406
w0000_0024,rolling_shadow_price_exchange::lagrangian_balanced,20260801,14959,RealTimeInference,RegionB,RegionB,8,480,799,319,6,20,14
w0000_0024,rolling_shadow_price_exchange::lagrangian_balanced,20260801,14997,RealTimeInference,RegionB,RegionB,14,840,1032,192,5,20,18
w0000_0024,rolling_shadow_price_exchange::lagrangian_balanced,20260801,15020,RealTimeInference,RegionD,RegionD,5,300,439,139,3,20,8
w0000_0024,rolling_shadow_price_exchange::lagrangian_balanced,20260801,15080,AITraining,RegionB,RegionC,2,180,243,63,63,150,2406
w0000_0024,rolling_shadow_price_exchange::lagrangian_balanced,20260801,15119,AITraining,RegionA,RegionC,19,1200,1496,296,58,150,2406
w0000_0024,rolling_shadow_price_exchange::lagrangian_balanced,20260801,15164,BatchInference,RegionE,RegionE,20,1200,1362,162,19,80,2406
w0000_0024,rolling_shadow_price_exchange::lagrangian_balanced,20260801,15197,RealTimeInference,RegionD,RegionD,1,60,99,39,4,20,2
w0000_0024,rolling_shadow_price_exchange::lagrangian_balanced,20260801,15302,BatchInference,RegionF,RegionE,23,1482,1800,318,16,80,2406
w0000_0024,rolling_shadow_price_exchange::lagrangian_balanced,20260801,15352,RealTimeInference,RegionB,RegionB,17,1020,1087,67,7,20,19
w0000_0024,rolling_shadow_price_exchange::lagrangian_balanced,20260801,15383,RealTimeInference,RegionA,RegionA,3,180,564,384,5,20,10
w0000_0024,rolling_shadow_price_exchange::lagrangian_balanced,20260801,15478,RealTimeInference,RegionC,RegionC,18,1080,1213,133,5,20,21
w0000_0024,rolling_shadow_price_exchange::lagrangian_balanced,20260801,15577,BatchInference,RegionE,RegionE,10,600,776,176,14,80,2406
w0000_0024,rolling_shadow_price_exchange::lagrangian_balanced,20260801,15603,RealTimeInference,RegionC,RegionC,14,840,970,130,7,20,17
w0000_0024,rolling_shadow_price_exchange::lagrangian_balanced,20260801,15627,BatchInference,RegionC,RegionC,15,900,1292,392,16,80,2406
w0000_0024,rolling_shadow_price_exchange::lagrangian_balanced,20260801,15673,AITraining,RegionD,RegionE,2,120,479,359,108,150,2406
w0000_0024,rolling_shadow_price_exchange::lagrangian_balanced,20260801,15705,RealTimeInference,RegionB,RegionB,17,1020,1297,277,2,20,22
w0000_0024,rolling_shadow_price_exchange::lagrangian_balanced,20260801,15802,AITraining,RegionC,RegionC,19,1320,1450,130,23,150,2406
w0000_0024,rolling_shadow_price_exchange::lagrangian_balanced,20260801,15810,AITraining,RegionD,RegionE,19,1140,1419,279,85,150,2406
w0000_0024,rolling_shadow_price_exchange::lagrangian_balanced,20260801,15945,BatchInference,RegionF,RegionF,4,240,389,149,10,80,2406
w0000_0024,rolling_shadow_price_exchange::lagrangian_balanced,20260801,16083,RealTimeInference,RegionF,RegionF,12,720,982,262,1,20,17
w0000_0024,rolling_shadow_price_exchange::lagrangian_balanced,20260801,16288,BatchInference,RegionB,RegionB,9,540,738,198,23,80,2406
w0000_0024,rolling_shadow_price_exchange::lagrangian_balanced,20260801,16511,AITraining,RegionD,RegionE,0,0,82,82,36,150,2406
w0000_0024,rolling_shadow_price_exchange::lagrangian_balanced,20260801,16550,RealTimeInference,RegionA,RegionA,10,600,762,162,5,20,13
w0000_0024,rolling_shadow_price_exchange::lagrangian_balanced,20260801,16661,AITraining,RegionB,RegionC,15,1522,1800,278,98,150,2406
w0000_0024,rolling_shadow_price_exchange::lagrangian_balanced,20260801,16833,AITraining,RegionD,RegionE,20,1320,1425,105,87,150,2406
w0000_0024,rolling_shadow_price_exchange::lagrangian_balanced,20260801,16915,AITraining,RegionF,RegionF,10,600,666,66,102,150,2406
w0000_0024,rolling_shadow_price_exchange::lagrangian_balanced,20260801,16962,BatchInference,RegionF,RegionF,7,420,562,142,21,80,2406
w0000_0024,rolling_shadow_price_exchange::lagrangian_balanced,20260801,17152,BatchInference,RegionF,RegionF,14,840,942,102,16,80,2406
w0000_0024,rolling_shadow_price_exchange::lagrangian_balanced,20260801,17221,RealTimeInference,RegionB,RegionB,1,60,86,26,6,20,2
w0000_0024,rolling_shadow_price_exchange::lagrangian_balanced,20260801,17295,AITraining,RegionE,RegionE,9,540,788,248,39,150,2406
w0000_0024,rolling_shadow_price_exchange::lagrangian_balanced,20260801,17364,AITraining,RegionD,RegionF,14,840,957,117,89,150,2406
w0000_0024,rolling_shadow_price_exchange::lagrangian_balanced,20260801,17660,RealTimeInference,RegionB,RegionB,7,420,651,231,2,20,11
w0000_0024,rolling_shadow_price_exchange::lagrangian_balanced,20260801,17762,RealTimeInference,RegionE,RegionE,17,1020,1156,136,7,20,20
w0000_0024,rolling_shadow_price_exchange::lagrangian_balanced,20260801,17840,BatchInference,RegionE,RegionE,9,540,781,241,4,80,2406
w0000_0024,rolling_shadow_price_exchange::lagrangian_balanced,20260801,17844,BatchInference,RegionC,RegionC,5,300,527,227,16,80,2406
w0000_0024,rolling_shadow_price_exchange::lagrangian_balanced,20260801,17866,BatchInference,RegionE,RegionE,15,900,1037,137,22,80,2406
w0000_0024,rolling_shadow_price_exchange::lagrangian_balanced,20260801,18177,RealTimeInference,RegionA,RegionA,11,660,776,116,6,20,13
w0000_0024,rolling_shadow_price_exchange::lagrangian_balanced,20260801,18195,RealTimeInference,RegionE,RegionE,5,300,505,205,3,20,9
w0000_0024,rolling_shadow_price_exchange::lagrangian_balanced,20260801,18202,BatchInference,RegionA,RegionC,17,1020,1107,87,19,80,2406
w0000_0024,rolling_shadow_price_exchange::lagrangian_balanced,20260801,18213,AITraining,RegionE,RegionE,14,840,900,60,123,150,2406
w0000_0024,rolling_shadow_price_exchange::lagrangian_balanced,20260801,18322,RealTimeInference,RegionA,RegionA,16,960,1092,132,3,20,19
w0000_0024,rolling_shadow_price_exchange::lagrangian_balanced,20260801,18364,AITraining,RegionE,RegionE,10,600,663,63,120,150,2406
w0000_0024,rolling_shadow_price_exchange::lagrangian_balanced,20260801,18424,RealTimeInference,RegionC,RegionC,17,1020,1275,255,3,20,22
w0000_0024,rolling_shadow_price_exchange::lagrangian_balanced,20260801,18475,RealTimeInference,RegionB,RegionB,10,600,636,36,7,20,11
w0000_0024,rolling_shadow_price_exchange::lagrangian_balanced,20260801,18519,BatchInference,RegionB,RegionC,14,840,1186,346,5,80,2406
w0000_0024,rolling_shadow_price_exchange::lagrangian_balanced,20260801,18564,BatchInference,RegionB,RegionB,4,240,499,259,12,80,2406
w0000_0024,rolling_shadow_price_exchange::lagrangian_balanced,20260801,18585,AITraining,RegionD,RegionF,2,120,478,358,16,150,2406
w0000_0024,rolling_shadow_price_exchange::lagrangian_balanced,20260801,18715,BatchInference,RegionB,RegionB,13,780,1049,269,12,80,2406
w0000_0024,rolling_shadow_price_exchange::lagrangian_balanced,20260801,19076,BatchInference,RegionB,RegionB,21,1260,1313,53,7,80,2406
w0000_0024,rolling_shadow_price_exchange::lagrangian_balanced,20260801,19256,RealTimeInference,RegionC,RegionC,8,480,700,220,5,20,12
w0000_0024,rolling_shadow_price_exchange::lagrangian_balanced,20260801,19278,BatchInference,RegionA,RegionC,19,1140,1489,349,19,80,2406
w0000_0024,rolling_shadow_price_exchange::lagrangian_balanced,20260801,19302,AITraining,RegionE,RegionE,4,240,545,305,66,150,2406
w0000_0024,rolling_shadow_price_exchange::lagrangian_balanced,20260801,19459,AITraining,RegionE,RegionE,3,180,380,200,55,150,2406
w0000_0024,rolling_shadow_price_exchange::lagrangian_balanced,20260801,19608,AITraining,RegionD,RegionE,1,60,199,139,91,150,2406
w0000_0024,rolling_shadow_price_exchange::lagrangian_balanced,20260801,19780,RealTimeInference,RegionB,RegionB,2,120,207,87,4,20,4
w0000_0024,rolling_shadow_price_exchange::lagrangian_balanced,20260801,19878,RealTimeInference,RegionB,RegionB,15,900,933,33,1,20,16
w0000_0024,rolling_shadow_price_exchange::lagrangian_balanced,20260801,19938,RealTimeInference,RegionC,RegionC,15,900,1066,166,7,20,18
w0000_0024,rolling_shadow_price_exchange::lagrangian_balanced,20260801,20023,AITraining,RegionE,RegionE,0,0,88,88,61,150,2406
w0000_0024,rolling_shadow_price_exchange::lagrangian_balanced,20260801,20030,RealTimeInference,RegionC,RegionC,10,600,819,219,2,20,14
w0000_0024,rolling_shadow_price_exchange::lagrangian_balanced,20260801,20103,RealTimeInference,RegionC,RegionC,22,1320,1440,120,3,20,24
w0000_0024,rolling_shadow_price_exchange::lagrangian_balanced,20260801,20129,BatchInference,RegionE,RegionE,5,300,358,58,12,80,2406
w0000_0024,rolling_shadow_price_exchange::lagrangian_balanced,20260801,20240,BatchInference,RegionD,RegionE,20,1200,1258,58,6,80,2406
w0000_0024,rolling_shadow_price_exchange::lagrangian_balanced,20260801,20253,BatchInference,RegionD,RegionF,13,780,1082,302,10,80,2406
w0000_0024,rolling_shadow_price_exchange::lagrangian_balanced,20260801,20428,RealTimeInference,RegionB,RegionB,9,540,828,288,3,20,14
w0000_0024,rolling_shadow_price_exchange::lagrangian_balanced,20260801,20510,AITraining,RegionF,RegionE,8,480,583,103,73,150,2406
w0000_0024,rolling_shadow_price_exchange::lagrangian_balanced,20260801,20619,AITraining,RegionD,RegionF,11,660,1035,375,23,150,2406
w0000_0024,rolling_shadow_price_exchange::lagrangian_balanced,20260801,20728,BatchInference,RegionA,RegionC,13,780,1166,386,22,80,2406
w0000_0024,rolling_shadow_price_exchange::lagrangian_balanced,20260801,20731,AITraining,RegionE,RegionE,14,840,1107,267,24,150,2406
w0000_0024,rolling_shadow_price_exchange::lagrangian_balanced,20260801,20876,RealTimeInference,RegionC,RegionC,5,300,376,76,3,20,7
w0000_0024,rolling_shadow_price_exchange::lagrangian_balanced,20260801,21075,BatchInference,RegionA,RegionB,13,780,814,34,12,80,2406
w0000_0024,rolling_shadow_price_exchange::lagrangian_balanced,20260801,21574,BatchInference,RegionA,RegionC,12,720,744,24,16,80,2406
w0000_0024,rolling_shadow_price_exchange::lagrangian_balanced,20260801,21588,BatchInference,RegionB,RegionB,20,1200,1352,152,8,80,2406
w0000_0024,rolling_shadow_price_exchange::lagrangian_balanced,20260801,21662,RealTimeInference,RegionB,RegionB,19,1140,1390,250,2,20,24
w0000_0024,rolling_shadow_price_exchange::lagrangian_balanced,20260801,21674,AITraining,RegionD,RegionF,3,180,406,226,93,150,2406
w0000_0024,rolling_shadow_price_exchange::lagrangian_balanced,20260801,21852,RealTimeInference,RegionB,RegionB,16,960,1274,314,1,20,22
w0000_0024,rolling_shadow_price_exchange::lagrangian_balanced,20260801,21961,RealTimeInference,RegionA,RegionA,15,900,1006,106,5,20,17
w0000_0024,rolling_shadow_price_exchange::lagrangian_balanced,20260801,22079,AITraining,RegionB,RegionA,19,1496,1800,304,112,150,2406
w0000_0024,rolling_shadow_price_exchange::lagrangian_balanced,20260801,22157,BatchInference,RegionF,RegionE,19,1140,1279,139,23,80,2406
w0000_0024,rolling_shadow_price_exchange::lagrangian_balanced,20260801,22173,RealTimeInference,RegionB,RegionB,23,1380,1604,224,2,20,27
w0000_0024,rolling_shadow_price_exchange::lagrangian_balanced,20260801,22330,AITraining,RegionD,RegionE,17,1620,1768,148,87,150,2406
w0000_0024,rolling_shadow_price_exchange::lagrangian_balanced,20260801,22372,BatchInference,RegionD,RegionF,12,720,845,125,20,80,2406
w0000_0024,rolling_shadow_price_exchange::lagrangian_balanced,20260801,22425,RealTimeInference,RegionC,RegionC,8,480,707,227,4,20,12
w0000_0024,rolling_shadow_price_exchange::lagrangian_balanced,20260801,22465,BatchInference,RegionF,RegionE,9,540,845,305,10,80,2406
w0000_0024,rolling_shadow_price_exchange::lagrangian_balanced,20260801,22468,RealTimeInference,RegionB,RegionB,6,360,625,265,6,20,11
w0000_0024,rolling_shadow_price_exchange::lagrangian_balanced,20260801,22850,AITraining,RegionE,RegionE,13,780,1056,276,82,150,2406
w0000_0024,rolling_shadow_price_exchange::lagrangian_balanced,20260801,22958,RealTimeInference,RegionA,RegionA,2,120,391,271,3,20,7
w0000_0024,rolling_shadow_price_exchange::lagrangian_balanced,20260801,22975,BatchInference,RegionD,RegionE,3,180,231,51,21,80,2406
w0000_0024,rolling_shadow_price_exchange::lagrangian_balanced,20260801,22977,AITraining,RegionF,RegionF,10,600,638,38,62,150,2406
w0000_0024,rolling_shadow_price_exchange::lagrangian_balanced,20260801,22988,BatchInference,RegionD,RegionF,23,1380,1731,351,8,80,2406
w0000_0024,rolling_shadow_price_exchange::lagrangian_balanced,20260801,23197,AITraining,RegionE,RegionE,3,180,309,129,101,150,2406
w0000_0024,rolling_shadow_price_exchange::lagrangian_balanced,20260801,23279,AITraining,RegionA,RegionB,7,480,724,244,18,150,2406
w0000_0024,rolling_shadow_price_exchange::lagrangian_balanced,20260801,23341,AITraining,RegionD,RegionF,14,840,1030,190,52,150,2406
w0000_0024,rolling_shadow_price_exchange::lagrangian_balanced,20260801,23416,AITraining,RegionF,RegionF,6,360,543,183,86,150,2406
w0000_0024,rolling_shadow_price_exchange::lagrangian_balanced,20260801,23535,RealTimeInference,RegionA,RegionA,19,1140,1171,31,1,20,20
w0000_0024,rolling_shadow_price_exchange::lagrangian_balanced,20260801,23584,BatchInference,RegionC,RegionC,2,120,366,246,16,80,2406
w0000_0024,rolling_shadow_price_exchange::lagrangian_balanced,20260801,23631,AITraining,RegionE,RegionE,17,1020,1119,99,103,150,2406
w0000_0024,rolling_shadow_price_exchange::lagrangian_balanced,20260801,23705,RealTimeInference,RegionE,RegionE,9,540,841,301,5,20,15
w0000_0024,rolling_shadow_price_exchange::lagrangian_balanced,20260801,23761,RealTimeInference,RegionB,RegionB,1,60,194,134,1,20,4
w0000_0024,rolling_shadow_price_exchange::lagrangian_balanced,20260801,23858,BatchInference,RegionB,RegionB,6,360,711,351,14,80,2406
w0000_0024,rolling_shadow_price_exchange::lagrangian_balanced,20260801,23962,RealTimeInference,RegionA,RegionA,6,360,429,69,1,20,8
w0000_0024,rolling_shadow_price_exchange::lagrangian_balanced,20260801,23996,BatchInference,RegionB,RegionB,4,240,455,215,16,80,2406
w0000_0024,rolling_shadow_price_exchange::lagrangian_balanced,20260801,24169,BatchInference,RegionD,RegionE,2,120,241,121,23,80,2406
w0000_0024,rolling_shadow_price_exchange::lagrangian_balanced,20260801,24179,AITraining,RegionD,RegionE,15,1574,1800,226,52,150,2406
w0000_0024,rolling_shadow_price_exchange::lagrangian_balanced,20260801,24581,BatchInference,RegionC,RegionC,18,1080,1316,236,13,80,2406
w0000_0024,rolling_shadow_price_exchange::lagrangian_balanced,20260801,24815,BatchInference,RegionA,RegionC,20,1200,1400,200,17,80,2406
w0000_0024,rolling_shadow_price_exchange::lagrangian_balanced,20260801,24913,BatchInference,RegionA,RegionC,16,960,1029,69,19,80,2406
w0000_0024,rolling_shadow_price_exchange::lagrangian_balanced,20260801,24957,BatchInference,RegionE,RegionE,9,540,913,373,18,80,2406
w0000_0024,rolling_shadow_price_exchange::lagrangian_balanced,20260801,24987,RealTimeInference,RegionB,RegionB,8,480,862,382,4,20,15
w0000_0024,rolling_shadow_price_exchange::lagrangian_balanced,20260801,25044,AITraining,RegionB,RegionC,12,720,1024,304,119,150,2406
w0000_0024,rolling_shadow_price_exchange::lagrangian_balanced,20260801,25241,RealTimeInference,RegionA,RegionA,20,1200,1321,121,2,20,23
w0000_0024,rolling_shadow_price_exchange::lagrangian_balanced,20260801,25313,RealTimeInference,RegionA,RegionA,13,780,854,74,4,20,15
w0000_0024,rolling_shadow_price_exchange::lagrangian_balanced,20260801,25492,RealTimeInference,RegionB,RegionB,23,1380,1549,169,5,20,26
w0000_0024,rolling_shadow_price_exchange::lagrangian_balanced,20260801,25499,RealTimeInference,RegionB,RegionB,0,0,379,379,4,20,7
w0000_0024,rolling_shadow_price_exchange::lagrangian_balanced,20260801,25578,RealTimeInference,RegionB,RegionB,22,1320,1613,293,5,20,27
w0000_0024,rolling_shadow_price_exchange::lagrangian_balanced,20260801,25602,RealTimeInference,RegionA,RegionA,22,1320,1467,147,7,20,25
w0000_0024,rolling_shadow_price_exchange::lagrangian_balanced,20260801,25683,RealTimeInference,RegionB,RegionB,18,1080,1370,290,5,20,23
w0000_0024,rolling_shadow_price_exchange::lagrangian_balanced,20260801,25700,AITraining,RegionB,RegionB,21,1320,1350,30,122,150,2406
w0000_0024,rolling_shadow_price_exchange::lagrangian_balanced,20260801,25713,RealTimeInference,RegionA,RegionA,17,1020,1053,33,7,20,18
w0000_0024,rolling_shadow_price_exchange::lagrangian_balanced,20260801,25727,BatchInference,RegionB,RegionC,10,600,997,397,7,80,2406
w0000_0024,rolling_shadow_price_exchange::lagrangian_balanced,20260801,25752,AITraining,RegionA,RegionB,13,780,818,38,45,150,2406
w0000_0024,rolling_shadow_price_exchange::lagrangian_balanced,20260801,25812,BatchInference,RegionA,RegionC,16,960,1232,272,15,80,2406
w0000_0024,rolling_shadow_price_exchange::lagrangian_balanced,20260801,25816,BatchInference,RegionE,RegionE,23,1380,1765,385,17,80,2406
w0000_0024,rolling_shadow_price_exchange::lagrangian_balanced,20260801,25876,AITraining,RegionF,RegionE,17,1080,1193,113,48,150,2406
w0000_0024,rolling_shadow_price_exchange::lagrangian_balanced,20260801,26152,RealTimeInference,RegionF,RegionF,13,780,976,196,4,20,17
w0000_0024,rolling_shadow_price_exchange::lagrangian_balanced,20260801,26204,RealTimeInference,RegionD,RegionD,20,1200,1340,140,1,20,23
w0000_0024,rolling_shadow_price_exchange::lagrangian_balanced,20260801,26211,AITraining,RegionF,RegionE,11,720,1091,371,41,150,2406
w0000_0024,rolling_shadow_price_exchange::lagrangian_balanced,20260801,26283,BatchInference,RegionF,RegionE,11,660,967,307,4,80,2406
w0000_0024,rolling_shadow_price_exchange::lagrangian_balanced,20260801,26299,AITraining,RegionD,RegionE,0,0,383,383,117,150,2406
w0000_0024,rolling_shadow_price_exchange::lagrangian_balanced,20260801,26407,RealTimeInference,RegionC,RegionC,8,480,719,239,2,20,12
w0000_0024,rolling_shadow_price_exchange::lagrangian_balanced,20260801,26458,AITraining,RegionE,RegionE,17,1020,1124,104,74,150,2406
w0000_0024,rolling_shadow_price_exchange::lagrangian_balanced,20260801,26591,AITraining,RegionF,RegionF,6,360,705,345,24,150,2406
w0000_0024,rolling_shadow_price_exchange::lagrangian_balanced,20260801,26596,RealTimeInference,RegionC,RegionC,14,840,948,108,2,20,16
w0000_0024,rolling_shadow_price_exchange::lagrangian_balanced,20260801,26706,BatchInference,RegionC,RegionC,0,0,100,100,13,80,2406
w0000_0024,rolling_shadow_price_exchange::lagrangian_balanced,20260801,26732,BatchInference,RegionC,RegionC,22,1320,1602,282,4,80,2406
w0000_0024,rolling_shadow_price_exchange::lagrangian_balanced,20260801,26744,RealTimeInference,RegionA,RegionA,8,480,760,280,4,20,13
w0000_0024,rolling_shadow_price_exchange::lagrangian_balanced,20260801,26769,RealTimeInference,RegionA,RegionA,14,840,861,21,7,20,15
w0000_0024,rolling_shadow_price_exchange::lagrangian_balanced,20260801,27050,RealTimeInference,RegionC,RegionC,15,900,1258,358,6,20,21
w0000_0024,rolling_shadow_price_exchange::lagrangian_balanced,20260801,27150,AITraining,RegionC,RegionC,13,780,809,29,28,150,2406
w0000_0024,rolling_shadow_price_exchange::lagrangian_balanced,20260801,27186,AITraining,RegionE,RegionE,13,780,1024,244,40,150,2406
w0000_0024,rolling_shadow_price_exchange::lagrangian_balanced,20260801,27448,AITraining,RegionE,RegionE,9,540,733,193,24,150,2406
w0000_0024,rolling_shadow_price_exchange::lagrangian_balanced,20260801,27475,RealTimeInference,RegionC,RegionC,4,240,405,165,5,20,7
w0000_0024,rolling_shadow_price_exchange::lagrangian_balanced,20260801,27563,AITraining,RegionC,RegionC,1,60,427,367,22,150,2406
w0000_0024,rolling_shadow_price_exchange::lagrangian_balanced,20260801,27584,RealTimeInference,RegionA,RegionA,21,1260,1300,40,2,20,22
w0000_0024,rolling_shadow_price_exchange::lagrangian_balanced,20260801,27644,AITraining,RegionD,RegionE,18,1140,1436,296,118,150,2406
w0000_0024,rolling_shadow_price_exchange::lagrangian_balanced,20260801,27871,AITraining,RegionB,RegionC,18,1260,1460,200,109,150,2406
w0000_0024,rolling_shadow_price_exchange::lagrangian_balanced,20260801,27877,AITraining,RegionF,RegionF,8,480,562,82,56,150,2406
w0000_0024,rolling_shadow_price_exchange::lagrangian_balanced,20260801,27907,RealTimeInference,RegionB,RegionB,1,60,267,207,2,20,5
w0000_0024,rolling_shadow_price_exchange::lagrangian_balanced,20260801,28111,AITraining,RegionE,RegionE,10,600,961,361,62,150,2406
w0000_0024,rolling_shadow_price_exchange::lagrangian_balanced,20260801,28291,BatchInference,RegionA,RegionB,8,480,767,287,22,80,2406
w0000_0024,rolling_shadow_price_exchange::lagrangian_balanced,20260801,28327,BatchInference,RegionD,RegionF,14,840,913,73,16,80,2406
w0000_0024,rolling_shadow_price_exchange::lagrangian_balanced,20260801,28402,RealTimeInference,RegionA,RegionA,23,1380,1435,55,5,20,24
w0000_0024,rolling_shadow_price_exchange::lagrangian_balanced,20260801,28403,BatchInference,RegionA,RegionC,18,1080,1209,129,4,80,2406
w0000_0024,rolling_shadow_price_exchange::lagrangian_balanced,20260801,28419,BatchInference,RegionD,RegionE,2,120,143,23,19,80,2406
w0000_0024,rolling_shadow_price_exchange::lagrangian_balanced,20260801,28627,BatchInference,RegionB,RegionC,6,360,585,225,18,80,2406
w0000_0024,rolling_shadow_price_exchange::lagrangian_balanced,20260801,28705,BatchInference,RegionB,RegionB,4,240,561,321,14,80,2406
w0000_0024,rolling_shadow_price_exchange::lagrangian_balanced,20260801,28789,BatchInference,RegionA,RegionC,18,1080,1255,175,13,80,2406
w0000_0024,rolling_shadow_price_exchange::lagrangian_balanced,20260801,28855,BatchInference,RegionA,RegionC,2,120,460,340,21,80,2406
w0000_0024,rolling_shadow_price_exchange::lagrangian_balanced,20260801,29032,AITraining,RegionB,RegionC,7,420,475,55,21,150,2406
w0000_0024,rolling_shadow_price_exchange::lagrangian_balanced,20260801,29122,BatchInference,RegionE,RegionE,3,180,521,341,9,80,2406
w0000_0024,rolling_shadow_price_exchange::lagrangian_balanced,20260801,29158,RealTimeInference,RegionA,RegionA,12,720,953,233,4,20,16
w0000_0024,rolling_shadow_price_exchange::lagrangian_balanced,20260801,29186,RealTimeInference,RegionB,RegionB,6,360,543,183,3,20,10
w0000_0024,rolling_shadow_price_exchange::lagrangian_balanced,20260801,29231,RealTimeInference,RegionB,RegionB,9,540,703,163,5,20,12
w0000_0024,rolling_shadow_price_exchange::lagrangian_balanced,20260801,29510,RealTimeInference,RegionD,RegionD,14,840,1065,225,2,20,18
w0000_0024,rolling_shadow_price_exchange::lagrangian_balanced,20260801,29531,BatchInference,RegionA,RegionB,4,240,555,315,18,80,2406
w0000_0024,rolling_shadow_price_exchange::lagrangian_balanced,20260801,29753,BatchInference,RegionF,RegionF,17,1020,1194,174,8,80,2406
w0000_0024,rolling_shadow_price_exchange::lagrangian_balanced,20260801,29760,AITraining,RegionA,RegionC,19,1200,1519,319,92,150,2406
w0000_0024,rolling_shadow_price_exchange::lagrangian_balanced,20260801,29770,AITraining,RegionE,RegionE,15,900,957,57,65,150,2406
w0000_0024,rolling_shadow_price_exchange::lagrangian_balanced,20260801,29796,BatchInference,RegionC,RegionC,18,1080,1168,88,17,80,2406
w0000_0024,rolling_shadow_price_exchange::lagrangian_balanced,20260801,29883,BatchInference,RegionE,RegionE,16,960,1188,228,23,80,2406
w0000_0024,rolling_shadow_price_exchange::lagrangian_balanced,20260801,30000,AITraining,RegionE,RegionE,1,60,71,11,102,150,2406
w0000_0024,rolling_shadow_price_exchange::lagrangian_balanced,20260801,30202,BatchInference,RegionC,RegionC,18,1080,1188,108,18,80,2406
w0000_0024,rolling_shadow_price_exchange::lagrangian_balanced,20260801,30211,AITraining,RegionF,RegionE,21,1733,1800,67,115,150,2406
w0000_0024,rolling_shadow_price_exchange::lagrangian_balanced,20260801,30231,BatchInference,RegionE,RegionE,0,0,117,117,23,80,2406
w0000_0024,rolling_shadow_price_exchange::lagrangian_balanced,20260801,30279,AITraining,RegionD,RegionE,11,840,1091,251,91,150,2406
w0000_0024,rolling_shadow_price_exchange::lagrangian_balanced,20260801,30358,BatchInference,RegionB,RegionC,11,660,725,65,23,80,2406
w0000_0024,rolling_shadow_price_exchange::lagrangian_balanced,20260801,30463,AITraining,RegionD,RegionF,7,420,509,89,91,150,2406
w0000_0024,rolling_shadow_price_exchange::lagrangian_balanced,20260801,30518,RealTimeInference,RegionB,RegionB,2,120,191,71,6,20,4
w0000_0024,rolling_shadow_price_exchange::lagrangian_balanced,20260801,30540,RealTimeInference,RegionE,RegionE,8,480,746,266,3,20,13
w0000_0024,rolling_shadow_price_exchange::lagrangian_balanced,20260801,30686,BatchInference,RegionB,RegionB,19,1140,1280,140,5,80,2406
w0000_0024,rolling_shadow_price_exchange::lagrangian_balanced,20260801,30724,AITraining,RegionF,RegionE,23,1736,1800,64,99,150,2406
w0000_0024,rolling_shadow_price_exchange::lagrangian_balanced,20260801,30787,RealTimeInference,RegionB,RegionB,6,360,466,106,4,20,8
w0000_0024,rolling_shadow_price_exchange::lagrangian_balanced,20260801,30858,RealTimeInference,RegionB,RegionB,9,540,863,323,4,20,15
w0000_0024,rolling_shadow_price_exchange::lagrangian_balanced,20260801,30934,AITraining,RegionA,RegionB,21,1320,1546,226,59,150,2406
w0000_0024,rolling_shadow_price_exchange::lagrangian_balanced,20260801,31200,BatchInference,RegionD,RegionF,11,660,790,130,21,80,2406
w0000_0024,rolling_shadow_price_exchange::lagrangian_balanced,20260801,31463,RealTimeInference,RegionC,RegionC,0,0,74,74,2,20,2
w0000_0024,rolling_shadow_price_exchange::lagrangian_balanced,20260801,31506,AITraining,RegionD,RegionF,12,720,980,260,57,150,2406
w0000_0024,rolling_shadow_price_exchange::lagrangian_balanced,20260801,31516,BatchInference,RegionD,RegionF,9,540,621,81,12,80,2406
w0000_0024,rolling_shadow_price_exchange::lagrangian_balanced,20260801,31840,RealTimeInference,RegionA,RegionA,15,900,1140,240,4,20,19
w0000_0024,rolling_shadow_price_exchange::lagrangian_balanced,20260801,31877,BatchInference,RegionE,RegionE,19,1140,1452,312,16,80,2406
w0000_0024,rolling_shadow_price_exchange::lagrangian_balanced,20260801,31947,RealTimeInference,RegionB,RegionB,23,1380,1545,165,4,20,26
w0000_0024,rolling_shadow_price_exchange::lagrangian_balanced,20260801,31977,BatchInference,RegionA,RegionB,13,780,1117,337,10,80,2406
w0000_0024,rolling_shadow_price_exchange::lagrangian_balanced,20260801,31980,BatchInference,RegionC,RegionC,10,600,716,116,22,80,2406
w0000_0024,rolling_shadow_price_exchange::lagrangian_balanced,20260801,32064,RealTimeInference,RegionA,RegionA,13,780,1169,389,3,20,20
w0000_0024,rolling_shadow_price_exchange::lagrangian_balanced,20260801,32236,AITraining,RegionE,RegionE,20,1200,1526,326,85,150,2406
w0000_0024,rolling_shadow_price_exchange::lagrangian_balanced,20260801,32245,BatchInference,RegionE,RegionE,8,480,614,134,11,80,2406
w0000_0024,rolling_shadow_price_exchange::lagrangian_balanced,20260801,32406,BatchInference,RegionC,RegionC,4,240,425,185,12,80,2406
w0000_0024,rolling_shadow_price_exchange::lagrangian_balanced,20260801,32629,BatchInference,RegionC,RegionC,17,1020,1325,305,20,80,2406
w0000_0024,rolling_shadow_price_exchange::lagrangian_balanced,20260801,32717,RealTimeInference,RegionC,RegionC,13,780,1108,328,2,20,19
w0000_0024,rolling_shadow_price_exchange::lagrangian_balanced,20260801,32732,AITraining,RegionC,RegionC,1,60,311,251,81,150,2406
w0000_0024,rolling_shadow_price_exchange::lagrangian_balanced,20260801,32824,AITraining,RegionC,RegionC,12,720,928,208,49,150,2406
w0000_0024,rolling_shadow_price_exchange::lagrangian_balanced,20260801,32867,RealTimeInference,RegionC,RegionC,19,1140,1355,215,1,20,23
w0000_0024,rolling_shadow_price_exchange::lagrangian_balanced,20260801,32974,RealTimeInference,RegionA,RegionA,23,1380,1752,372,4,20,30
w0000_0024,rolling_shadow_price_exchange::lagrangian_balanced,20260801,33148,AITraining,RegionE,RegionE,10,600,901,301,98,150,2406
w0000_0024,rolling_shadow_price_exchange::lagrangian_balanced,20260801,33159,BatchInference,RegionB,RegionB,21,1260,1431,171,11,80,2406
w0000_0024,rolling_shadow_price_exchange::lagrangian_balanced,20260801,33214,RealTimeInference,RegionB,RegionB,20,1200,1211,11,2,20,21
w0000_0024,rolling_shadow_price_exchange::lagrangian_balanced,20260801,33300,BatchInference,RegionD,RegionE,1,60,329,269,16,80,2406
w0000_0024,rolling_shadow_price_exchange::lagrangian_balanced,20260801,33458,BatchInference,RegionE,RegionE,12,720,1040,320,20,80,2406
w0000_0024,rolling_shadow_price_exchange::lagrangian_balanced,20260801,33557,AITraining,RegionF,RegionF,5,300,539,239,18,150,2406
w0000_0024,rolling_shadow_price_exchange::lagrangian_balanced,20260801,33683,RealTimeInference,RegionA,RegionA,14,840,971,131,3,20,17
w0000_0024,rolling_shadow_price_exchange::lagrangian_balanced,20260801,33698,BatchInference,RegionB,RegionB,21,1320,1446,126,22,80,2406
w0000_0024,rolling_shadow_price_exchange::lagrangian_balanced,20260801,33707,BatchInference,RegionE,RegionE,2,120,502,382,8,80,2406
w0000_0024,rolling_shadow_price_exchange::lagrangian_balanced,20260801,33849,RealTimeInference,RegionB,RegionB,2,120,514,394,1,20,9
w0000_0024,rolling_shadow_price_exchange::lagrangian_balanced,20260801,33853,RealTimeInference,RegionA,RegionA,19,1140,1321,181,1,20,23
w0000_0024,rolling_shadow_price_exchange::lagrangian_balanced,20260801,33879,RealTimeInference,RegionF,RegionF,23,1380,1594,214,6,20,27
w0000_0024,rolling_shadow_price_exchange::lagrangian_balanced,20260801,34003,BatchInference,RegionF,RegionE,5,300,449,149,6,80,2406
w0000_0024,rolling_shadow_price_exchange::lagrangian_balanced,20260801,34086,RealTimeInference,RegionB,RegionB,23,1380,1394,14,7,20,24
w0000_0024,rolling_shadow_price_exchange::lagrangian_balanced,20260801,34240,BatchInference,RegionA,RegionC,13,780,1155,375,12,80,2406
w0000_0024,rolling_shadow_price_exchange::lagrangian_balanced,20260801,34306,BatchInference,RegionA,RegionB,3,180,357,177,18,80,2406
w0000_0024,rolling_shadow_price_exchange::lagrangian_balanced,20260801,34476,BatchInference,RegionF,RegionF,7,420,720,300,16,80,2406
w0000_0024,rolling_shadow_price_exchange::lagrangian_balanced,20260801,34504,RealTimeInference,RegionA,RegionA,19,1140,1249,109,1,20,21
w0000_0024,rolling_shadow_price_exchange::lagrangian_balanced,20260801,34562,AITraining,RegionC,RegionB,18,1320,1543,223,40,150,2406
w0000_0024,rolling_shadow_price_exchange::lagrangian_balanced,20260801,34564,RealTimeInference,RegionB,RegionB,8,480,539,59,4,20,9
w0000_0024,rolling_shadow_price_exchange::lagrangian_balanced,20260801,34622,AITraining,RegionD,RegionE,7,840,1065,225,113,150,2406
w0000_0024,rolling_shadow_price_exchange::lagrangian_balanced,20260801,34725,RealTimeInference,RegionE,RegionE,8,480,534,54,1,20,9
w0000_0024,rolling_shadow_price_exchange::lagrangian_balanced,20260801,34759,RealTimeInference,RegionA,RegionA,23,1380,1395,15,3,20,24
w0000_0024,rolling_shadow_price_exchange::lagrangian_balanced,20260801,35004,RealTimeInference,RegionB,RegionB,0,0,94,94,5,20,2
w0000_0024,rolling_shadow_price_exchange::lagrangian_balanced,20260801,35095,RealTimeInference,RegionB,RegionB,18,1080,1355,275,6,20,23
w0000_0024,rolling_shadow_price_exchange::lagrangian_balanced,20260801,35164,RealTimeInference,RegionC,RegionC,11,660,710,50,7,20,12
w0000_0024,rolling_shadow_price_exchange::lagrangian_balanced,20260801,35299,AITraining,RegionD,RegionF,5,300,699,399,61,150,2406
w0000_0024,rolling_shadow_price_exchange::lagrangian_balanced,20260801,35334,BatchInference,RegionE,RegionE,14,840,878,38,16,80,2406
w0000_0024,rolling_shadow_price_exchange::lagrangian_balanced,20260801,35364,BatchInference,RegionB,RegionB,23,1380,1632,252,19,80,2406
w0000_0024,rolling_shadow_price_exchange::lagrangian_balanced,20260801,35467,BatchInference,RegionA,RegionA,23,1380,1653,273,22,80,2406
w0000_0024,rolling_shadow_price_exchange::lagrangian_balanced,20260801,35896,BatchInference,RegionC,RegionC,13,780,919,139,19,80,2406
w0000_0024,rolling_shadow_price_exchange::lagrangian_balanced,20260801,35934,RealTimeInference,RegionA,RegionA,22,1320,1352,32,7,20,23
w0000_0024,rolling_shadow_price_exchange::lagrangian_balanced,20260801,36115,RealTimeInference,RegionC,RegionC,0,0,34,34,2,20,1
w0000_0024,rolling_shadow_price_exchange::lagrangian_balanced,20260801,36155,BatchInference,RegionF,RegionF,15,900,1018,118,23,80,2406
w0000_0024,rolling_shadow_price_exchange::lagrangian_balanced,20260801,36270,AITraining,RegionD,RegionE,15,960,1293,333,30,150,2406
w0000_0024,rolling_shadow_price_exchange::lagrangian_balanced,20260801,36404,AITraining,RegionF,RegionF,13,780,984,204,93,150,2406
w0000_0024,rolling_shadow_price_exchange::lagrangian_balanced,20260801,36458,AITraining,RegionC,RegionC,22,1320,1349,29,45,150,2406
w0000_0024,rolling_shadow_price_exchange::lagrangian_balanced,20260801,36551,RealTimeInference,RegionA,RegionA,3,180,520,340,7,20,9
w0000_0024,rolling_shadow_price_exchange::lagrangian_balanced,20260801,36591,RealTimeInference,RegionB,RegionB,14,840,1212,372,3,20,21
w0000_0024,rolling_shadow_price_exchange::lagrangian_balanced,20260801,36635,AITraining,RegionC,RegionC,6,360,566,206,86,150,2406
w0000_0024,rolling_shadow_price_exchange::lagrangian_balanced,20260801,36843,BatchInference,RegionE,RegionE,13,780,1121,341,12,80,2406
w0000_0024,rolling_shadow_price_exchange::lagrangian_balanced,20260801,36974,AITraining,RegionF,RegionE,10,720,764,44,74,150,2406
w0000_0024,rolling_shadow_price_exchange::lagrangian_balanced,20260801,36976,RealTimeInference,RegionA,RegionA,5,300,362,62,1,20,7
w0000_0024,rolling_shadow_price_exchange::lagrangian_balanced,20260801,37041,AITraining,RegionA,RegionC,18,1080,1475,395,41,150,2406
w0000_0024,rolling_shadow_price_exchange::lagrangian_balanced,20260801,37109,AITraining,RegionD,RegionE,8,480,517,37,26,150,2406
w0000_0024,rolling_shadow_price_exchange::lagrangian_balanced,20260801,37127,RealTimeInference,RegionA,RegionA,7,420,766,346,6,20,13
w0000_0024,rolling_shadow_price_exchange::lagrangian_balanced,20260801,37306,BatchInference,RegionC,RegionC,1,60,434,374,12,80,2406
w0000_0024,rolling_shadow_price_exchange::lagrangian_balanced,20260801,37313,RealTimeInference,RegionB,RegionB,22,1320,1556,236,3,20,26
w0000_0024,rolling_shadow_price_exchange::lagrangian_balanced,20260801,37355,AITraining,RegionF,RegionE,20,1320,1410,90,51,150,2406
w0000_0024,rolling_shadow_price_exchange::lagrangian_balanced,20260801,37404,RealTimeInference,RegionB,RegionB,15,900,1032,132,1,20,18
w0000_0024,rolling_shadow_price_exchange::lagrangian_balanced,20260801,37652,AITraining,RegionD,RegionF,12,720,913,193,43,150,2406
w0000_0024,rolling_shadow_price_exchange::lagrangian_balanced,20260801,37899,BatchInference,RegionE,RegionE,10,600,612,12,19,80,2406
w0000_0024,rolling_shadow_price_exchange::lagrangian_balanced,20260801,37909,RealTimeInference,RegionB,RegionB,22,1320,1656,336,1,20,28
w0000_0024,rolling_shadow_price_exchange::lagrangian_balanced,20260801,37928,RealTimeInference,RegionA,RegionA,16,960,1225,265,6,20,21
w0000_0024,rolling_shadow_price_exchange::lagrangian_balanced,20260801,37945,RealTimeInference,RegionC,RegionC,6,360,658,298,3,20,11
w0000_0024,rolling_shadow_price_exchange::lagrangian_balanced,20260801,37951,BatchInference,RegionE,RegionE,11,660,846,186,21,80,2406
w0000_0024,rolling_shadow_price_exchange::lagrangian_balanced,20260801,38166,BatchInference,RegionC,RegionC,10,600,714,114,9,80,2406
w0000_0024,rolling_shadow_price_exchange::lagrangian_balanced,20260801,38225,BatchInference,RegionC,RegionC,9,540,601,61,23,80,2406
w0000_0024,rolling_shadow_price_exchange::lagrangian_balanced,20260801,38246,AITraining,RegionE,RegionE,13,780,976,196,125,150,2406
w0000_0024,rolling_shadow_price_exchange::lagrangian_balanced,20260801,38258,AITraining,RegionE,RegionE,8,480,704,224,90,150,2406
w0000_0024,rolling_shadow_price_exchange::lagrangian_balanced,20260801,38259,BatchInference,RegionD,RegionE,18,1080,1105,25,18,80,2406
w0000_0024,rolling_shadow_price_exchange::lagrangian_balanced,20260801,38350,AITraining,RegionE,RegionE,7,420,539,119,96,150,2406
w0000_0024,rolling_shadow_price_exchange::lagrangian_balanced,20260801,38429,RealTimeInference,RegionB,RegionB,14,840,1104,264,7,20,19
w0000_0024,rolling_shadow_price_exchange::lagrangian_balanced,20260801,39129,AITraining,RegionD,RegionE,18,1080,1160,80,40,150,2406
w0000_0024,rolling_shadow_price_exchange::lagrangian_balanced,20260801,39228,RealTimeInference,RegionB,RegionB,0,0,325,325,3,20,6
w0000_0024,rolling_shadow_price_exchange::lagrangian_balanced,20260801,39234,BatchInference,RegionB,RegionB,7,420,769,349,18,80,2406
w0000_0024,rolling_shadow_price_exchange::lagrangian_balanced,20260801,39265,RealTimeInference,RegionA,RegionA,0,0,179,179,3,20,3
w0000_0024,rolling_shadow_price_exchange::lagrangian_balanced,20260801,39287,RealTimeInference,RegionB,RegionB,5,300,665,365,6,20,12
w0000_0024,rolling_shadow_price_exchange::lagrangian_balanced,20260801,39430,RealTimeInference,RegionA,RegionA,1,60,392,332,2,20,7
w0000_0024,rolling_shadow_price_exchange::lagrangian_balanced,20260801,39586,RealTimeInference,RegionA,RegionA,14,840,953,113,1,20,16
w0000_0024,rolling_shadow_price_exchange::lagrangian_balanced,20260801,39657,BatchInference,RegionE,RegionE,10,600,829,229,15,80,2406
w0000_0024,rolling_shadow_price_exchange::lagrangian_balanced,20260801,40001,BatchInference,RegionB,RegionC,16,960,1150,190,17,80,2406
w0000_0024,rolling_shadow_price_exchange::lagrangian_balanced,20260801,40014,BatchInference,RegionB,RegionC,16,960,1096,136,16,80,2406
w0000_0024,rolling_shadow_price_exchange::lagrangian_balanced,20260801,40083,RealTimeInference,RegionC,RegionC,2,120,396,276,1,20,7
w0000_0024,rolling_shadow_price_exchange::lagrangian_balanced,20260801,40202,AITraining,RegionF,RegionE,18,1647,1800,153,86,150,2406
w0000_0024,rolling_shadow_price_exchange::lagrangian_balanced,20260801,40326,BatchInference,RegionE,RegionE,2,120,245,125,15,80,2406
w0000_0024,rolling_shadow_price_exchange::lagrangian_balanced,20260801,40372,AITraining,RegionF,RegionF,21,1440,1718,278,78,150,2406
w0000_0024,rolling_shadow_price_exchange::lagrangian_balanced,20260801,40493,AITraining,RegionD,RegionF,4,240,259,19,55,150,2406
w0000_0024,rolling_shadow_price_exchange::lagrangian_balanced,20260801,40629,AITraining,RegionA,RegionC,16,960,1070,110,50,150,2406
w0000_0024,rolling_shadow_price_exchange::lagrangian_balanced,20260801,40835,BatchInference,RegionC,RegionC,12,720,906,186,17,80,2406
w0000_0024,rolling_shadow_price_exchange::lagrangian_balanced,20260801,41246,RealTimeInference,RegionA,RegionA,18,1080,1282,202,7,20,22
w0000_0024,rolling_shadow_price_exchange::lagrangian_balanced,20260801,41339,RealTimeInference,RegionA,RegionA,0,0,295,295,6,20,5
w0000_0024,rolling_shadow_price_exchange::lagrangian_balanced,20260801,41484,BatchInference,RegionB,RegionC,15,900,1284,384,7,80,2406
w0000_0024,rolling_shadow_price_exchange::lagrangian_balanced,20260801,41632,AITraining,RegionF,RegionE,5,540,764,224,127,150,2406
w0000_0024,rolling_shadow_price_exchange::lagrangian_balanced,20260801,41749,AITraining,RegionF,RegionF,14,840,985,145,92,150,2406
w0000_0024,rolling_shadow_price_exchange::lagrangian_balanced,20260801,41851,RealTimeInference,RegionA,RegionA,3,180,437,257,5,20,8
w0000_0024,rolling_shadow_price_exchange::lagrangian_balanced,20260801,41857,BatchInference,RegionB,RegionB,21,1260,1276,16,10,80,2406
w0000_0024,rolling_shadow_price_exchange::lagrangian_balanced,20260801,42068,RealTimeInference,RegionB,RegionB,6,360,705,345,6,20,12
w0000_0024,rolling_shadow_price_exchange::lagrangian_balanced,20260801,42168,AITraining,RegionE,RegionE,21,1260,1381,121,104,150,2406
w0000_0024,rolling_shadow_price_exchange::lagrangian_balanced,20260801,42276,AITraining,RegionB,RegionB,8,480,642,162,31,150,2406
w0000_0024,rolling_shadow_price_exchange::lagrangian_balanced,20260801,42385,RealTimeInference,RegionC,RegionC,18,1080,1344,264,1,20,23
w0000_0024,rolling_shadow_price_exchange::lagrangian_balanced,20260801,42488,RealTimeInference,RegionB,RegionB,8,480,628,148,4,20,11
w0000_0024,rolling_shadow_price_exchange::lagrangian_balanced,20260801,42842,RealTimeInference,RegionB,RegionB,10,600,809,209,6,20,14
w0000_0024,rolling_shadow_price_exchange::lagrangian_balanced,20260801,43009,RealTimeInference,RegionC,RegionC,21,1260,1393,133,1,20,24
w0000_0024,rolling_shadow_price_exchange::lagrangian_balanced,20260801,43098,RealTimeInference,RegionB,RegionB,3,180,534,354,4,20,9
w0000_0024,rolling_shadow_price_exchange::lagrangian_balanced,20260801,43181,AITraining,RegionB,RegionB,19,1200,1561,361,43,150,2406
w0000_0024,rolling_shadow_price_exchange::lagrangian_balanced,20260801,43357,RealTimeInference,RegionC,RegionC,8,480,818,338,5,20,14
w0000_0024,rolling_shadow_price_exchange::lagrangian_balanced,20260801,43422,AITraining,RegionF,RegionF,1,60,304,244,102,150,2406
w0000_0024,rolling_shadow_price_exchange::lagrangian_balanced,20260801,43586,AITraining,RegionF,RegionF,18,1320,1700,380,24,150,2406
w0000_0024,rolling_shadow_price_exchange::lagrangian_balanced,20260801,43781,AITraining,RegionE,RegionE,21,1260,1291,31,111,150,2406
w0000_0024,rolling_shadow_price_exchange::lagrangian_balanced,20260801,44082,BatchInference,RegionC,RegionC,15,900,1081,181,8,80,2406
w0000_0024,rolling_shadow_price_exchange::lagrangian_balanced,20260801,44095,RealTimeInference,RegionB,RegionB,15,900,1247,347,6,20,21
w0000_0024,rolling_shadow_price_exchange::lagrangian_balanced,20260801,44123,BatchInference,RegionD,RegionE,5,300,681,381,6,80,2406
w0000_0024,rolling_shadow_price_exchange::lagrangian_balanced,20260801,44126,AITraining,RegionC,RegionC,7,600,897,297,107,150,2406
w0000_0024,rolling_shadow_price_exchange::lagrangian_balanced,20260801,44241,BatchInference,RegionD,RegionF,11,660,952,292,6,80,2406
w0000_0024,rolling_shadow_price_exchange::lagrangian_balanced,20260801,44243,BatchInference,RegionF,RegionF,19,1140,1411,271,11,80,2406
w0000_0024,rolling_shadow_price_exchange::lagrangian_balanced,20260801,44397,BatchInference,RegionC,RegionC,21,1260,1536,276,12,80,2406
w0000_0024,rolling_shadow_price_exchange::lagrangian_balanced,20260801,44429,AITraining,RegionD,RegionF,6,360,560,200,17,150,2406
w0000_0024,rolling_shadow_price_exchange::lagrangian_balanced,20260801,44470,RealTimeInference,RegionB,RegionB,10,600,863,263,1,20,15
w0000_0024,rolling_shadow_price_exchange::lagrangian_balanced,20260801,44474,BatchInference,RegionA,RegionC,19,1140,1212,72,21,80,2406
w0000_0024,rolling_shadow_price_exchange::lagrangian_balanced,20260801,44529,RealTimeInference,RegionB,RegionB,6,360,502,142,5,20,9
w0000_0024,rolling_shadow_price_exchange::lagrangian_balanced,20260801,45050,AITraining,RegionF,RegionE,15,960,1131,171,89,150,2406
w0000_0024,rolling_shadow_price_exchange::lagrangian_balanced,20260801,45189,BatchInference,RegionA,RegionC,1,60,450,390,22,80,2406
w0000_0024,rolling_shadow_price_exchange::lagrangian_balanced,20260801,45272,RealTimeInference,RegionC,RegionC,20,1200,1524,324,5,20,26
w0000_0024,rolling_shadow_price_exchange::lagrangian_balanced,20260801,45357,RealTimeInference,RegionC,RegionC,17,1020,1143,123,6,20,20
w0000_0024,rolling_shadow_price_exchange::lagrangian_balanced,20260801,45525,AITraining,RegionD,RegionF,4,240,330,90,92,150,2406
w0000_0024,rolling_shadow_price_exchange::lagrangian_balanced,20260801,45568,RealTimeInference,RegionE,RegionE,15,900,934,34,3,20,16
w0000_0024,rolling_shadow_price_exchange::lagrangian_balanced,20260801,45612,RealTimeInference,RegionC,RegionC,16,960,1151,191,1,20,20
w0000_0024,rolling_shadow_price_exchange::lagrangian_balanced,20260801,45702,RealTimeInference,RegionB,RegionB,9,540,814,274,7,20,14
w0000_0024,rolling_shadow_price_exchange::lagrangian_balanced,20260801,45713,AITraining,RegionB,RegionC,17,1020,1162,142,33,150,2406
w0000_0024,rolling_shadow_price_exchange::lagrangian_balanced,20260801,45744,RealTimeInference,RegionC,RegionC,16,960,1350,390,2,20,23
w0000_0024,rolling_shadow_price_exchange::lagrangian_balanced,20260801,46200,BatchInference,RegionB,RegionB,3,180,241,61,8,80,2406
w0000_0024,rolling_shadow_price_exchange::lagrangian_balanced,20260801,46352,BatchInference,RegionC,RegionC,9,540,625,85,6,80,2406
w0000_0024,rolling_shadow_price_exchange::lagrangian_balanced,20260801,46454,RealTimeInference,RegionA,RegionA,21,1260,1552,292,1,20,26
w0000_0024,rolling_shadow_price_exchange::lagrangian_balanced,20260801,46482,AITraining,RegionD,RegionF,23,1440,1479,39,98,150,2406
w0000_0024,rolling_shadow_price_exchange::lagrangian_balanced,20260801,46494,AITraining,RegionC,RegionC,1,60,399,339,74,150,2406
w0000_0024,rolling_shadow_price_exchange::lagrangian_balanced,20260801,46612,BatchInference,RegionA,RegionB,2,120,248,128,5,80,2406
w0000_0024,rolling_shadow_price_exchange::lagrangian_balanced,20260801,46736,BatchInference,RegionA,RegionC,16,960,1295,335,5,80,2406
w0000_0024,rolling_shadow_price_exchange::lagrangian_balanced,20260801,46821,BatchInference,RegionF,RegionF,14,840,1106,266,6,80,2406
w0000_0024,rolling_shadow_price_exchange::lagrangian_balanced,20260801,46964,AITraining,RegionF,RegionF,21,1440,1614,174,97,150,2406
w0000_0024,rolling_shadow_price_exchange::lagrangian_balanced,20260801,46997,AITraining,RegionF,RegionF,10,600,628,28,52,150,2406
w0000_0024,rolling_shadow_price_exchange::lagrangian_balanced,20260801,47017,AITraining,RegionF,RegionF,11,660,1025,365,20,150,2406
w0000_0024,rolling_shadow_price_exchange::lagrangian_balanced,20260801,47055,BatchInference,RegionD,RegionF,11,660,895,235,23,80,2406
w0000_0024,rolling_shadow_price_exchange::lagrangian_balanced,20260801,47097,AITraining,RegionB,RegionC,16,1560,1798,238,49,150,2406
w0000_0024,rolling_shadow_price_exchange::lagrangian_balanced,20260801,47136,RealTimeInference,RegionA,RegionA,11,660,936,276,7,20,16
w0000_0024,rolling_shadow_price_exchange::lagrangian_balanced,20260801,47472,RealTimeInference,RegionA,RegionA,4,240,409,169,7,20,7
w0000_0024,rolling_shadow_price_exchange::lagrangian_balanced,20260801,47481,BatchInference,RegionD,RegionF,7,420,510,90,11,80,2406
w0000_0024,rolling_shadow_price_exchange::lagrangian_balanced,20260801,47581,BatchInference,RegionE,RegionE,7,420,537,117,20,80,2406
w0000_0024,rolling_shadow_price_exchange::lagrangian_balanced,20260801,47596,RealTimeInference,RegionA,RegionA,15,900,1276,376,4,20,22
w0000_0024,rolling_shadow_price_exchange::lagrangian_balanced,20260801,47813,BatchInference,RegionB,RegionB,13,780,997,217,16,80,2406
w0000_0024,rolling_shadow_price_exchange::lagrangian_balanced,20260801,47834,AITraining,RegionD,RegionE,15,960,1269,309,59,150,2406
w0000_0024,rolling_shadow_price_exchange::lagrangian_balanced,20260801,47915,AITraining,RegionF,RegionE,17,1140,1421,281,54,150,2406
w0000_0024,rolling_shadow_price_exchange::lagrangian_balanced,20260801,47933,AITraining,RegionE,RegionE,1,60,290,230,37,150,2406
w0000_0024,rolling_shadow_price_exchange::lagrangian_balanced,20260801,47985,BatchInference,RegionC,RegionC,6,360,704,344,6,80,2406
w0000_0024,rolling_shadow_price_exchange::lagrangian_balanced,20260801,48009,AITraining,RegionB,RegionB,2,240,431,191,76,150,2406
w0000_0024,rolling_shadow_price_exchange::lagrangian_balanced,20260801,48170,BatchInference,RegionD,RegionF,17,1020,1077,57,6,80,2406
w0000_0024,rolling_shadow_price_exchange::lagrangian_balanced,20260801,48373,BatchInference,RegionD,RegionF,19,1140,1299,159,15,80,2406
w0000_0024,rolling_shadow_price_exchange::lagrangian_balanced,20260801,48401,RealTimeInference,RegionC,RegionC,13,780,985,205,4,20,17
w0000_0024,rolling_shadow_price_exchange::lagrangian_balanced,20260801,48504,RealTimeInference,RegionB,RegionB,6,360,620,260,3,20,11
w0000_0024,rolling_shadow_price_exchange::lagrangian_balanced,20260801,48524,AITraining,RegionE,RegionE,4,240,443,203,125,150,2406
w0000_0024,rolling_shadow_price_exchange::lagrangian_balanced,20260801,48568,AITraining,RegionD,RegionF,11,660,682,22,120,150,2406
w0000_0024,rolling_shadow_price_exchange::lagrangian_balanced,20260801,48596,RealTimeInference,RegionB,RegionB,11,660,940,280,1,20,16
w0000_0024,rolling_shadow_price_exchange::lagrangian_balanced,20260801,48985,BatchInference,RegionF,RegionF,22,1320,1459,139,11,80,2406
w0000_0024,rolling_shadow_price_exchange::lagrangian_balanced,20260801,49057,RealTimeInference,RegionC,RegionC,6,360,671,311,5,20,12
w0000_0024,rolling_shadow_price_exchange::lagrangian_balanced,20260801,49086,RealTimeInference,RegionA,RegionA,12,720,907,187,2,20,16
w0000_0024,rolling_shadow_price_exchange::lagrangian_balanced,20260801,49112,BatchInference,RegionB,RegionC,18,1080,1281,201,12,80,2406
w0000_0024,rolling_shadow_price_exchange::lagrangian_balanced,20260801,49231,AITraining,RegionD,RegionF,5,300,600,300,30,150,2406
w0000_0024,rolling_shadow_price_exchange::lagrangian_balanced,20260801,49303,RealTimeInference,RegionB,RegionB,22,1320,1330,10,6,20,23
w0000_0024,rolling_shadow_price_exchange::lagrangian_balanced,20260801,49344,AITraining,RegionE,RegionE,9,540,839,299,57,150,2406
w0000_0024,rolling_shadow_price_exchange::lagrangian_balanced,20260801,49353,RealTimeInference,RegionF,RegionF,22,1320,1683,363,5,20,29
w0000_0024,rolling_shadow_price_exchange::lagrangian_balanced,20260801,49368,RealTimeInference,RegionA,RegionA,14,840,871,31,6,20,15
w0000_0024,rolling_shadow_price_exchange::lagrangian_balanced,20260801,49578,RealTimeInference,RegionA,RegionA,2,120,356,236,6,20,6
w0000_0024,rolling_shadow_price_exchange::lagrangian_balanced,20260801,49610,BatchInference,RegionA,RegionB,7,420,615,195,14,80,2406
w0000_0024,rolling_shadow_price_exchange::lagrangian_balanced,20260801,49665,AITraining,RegionE,RegionE,17,1020,1298,278,36,150,2406
w0000_0024,rolling_shadow_price_exchange::lagrangian_balanced,20260801,49719,AITraining,RegionF,RegionF,7,420,659,239,53,150,2406
w0000_0024,rolling_shadow_price_exchange::lagrangian_balanced,20260801,49812,AITraining,RegionF,RegionE,19,1140,1384,244,34,150,2406
w1176_1224,rolling_shadow_price_exchange::lagrangian_balanced,20260801,26,AITraining,RegionB,RegionB,1200,72000,72399,399,119,150,2406
w1176_1224,rolling_shadow_price_exchange::lagrangian_balanced,20260801,73,RealTimeInference,RegionA,RegionA,1202,72120,72242,122,1,20,1205
w1176_1224,rolling_shadow_price_exchange::lagrangian_balanced,20260801,79,AITraining,RegionD,RegionD,1222,73440,73673,233,69,150,2406
w1176_1224,rolling_shadow_price_exchange::lagrangian_balanced,20260801,254,AITraining,RegionF,RegionE,1211,73433,73800,367,111,150,2406
w1176_1224,rolling_shadow_price_exchange::lagrangian_balanced,20260801,319,BatchInference,RegionE,RegionE,1223,73380,73437,57,14,80,2406
w1176_1224,rolling_shadow_price_exchange::lagrangian_balanced,20260801,400,RealTimeInference,RegionA,RegionA,1205,72300,72598,298,5,20,1210
w1176_1224,rolling_shadow_price_exchange::lagrangian_balanced,20260801,427,AITraining,RegionD,RegionD,1196,72240,72431,191,125,150,2406
w1176_1224,rolling_shadow_price_exchange::lagrangian_balanced,20260801,459,RealTimeInference,RegionA,RegionA,1180,70800,70864,64,2,20,1182
w1176_1224,rolling_shadow_price_exchange::lagrangian_balanced,20260801,511,RealTimeInference,RegionA,RegionA,1179,70740,70988,248,2,20,1184
w1176_1224,rolling_shadow_price_exchange::lagrangian_balanced,20260801,522,BatchInference,RegionD,RegionE,1195,71700,71984,284,5,80,2406
w1176_1224,rolling_shadow_price_exchange::lagrangian_balanced,20260801,534,AITraining,RegionE,RegionE,1222,73320,73664,344,22,150,2406
w1176_1224,rolling_shadow_price_exchange::lagrangian_balanced,20260801,567,RealTimeInference,RegionB,RegionB,1177,70620,70939,319,4,20,1183
w1176_1224,rolling_shadow_price_exchange::lagrangian_balanced,20260801,588,BatchInference,RegionE,RegionE,1178,70680,71078,398,11,80,2406
w1176_1224,rolling_shadow_price_exchange::lagrangian_balanced,20260801,600,AITraining,RegionE,RegionE,1211,72660,72938,278,74,150,2406
w1176_1224,rolling_shadow_price_exchange::lagrangian_balanced,20260801,601,AITraining,RegionE,RegionE,1209,72540,72894,354,122,150,2406
w1176_1224,rolling_shadow_price_exchange::lagrangian_balanced,20260801,616,RealTimeInference,RegionA,RegionA,1208,72480,72549,69,1,20,1210
w1176_1224,rolling_shadow_price_exchange::lagrangian_balanced,20260801,623,BatchInference,RegionA,RegionA,1208,72480,72664,184,17,80,2406
w1176_1224,rolling_shadow_price_exchange::lagrangian_balanced,20260801,953,RealTimeInference,RegionB,RegionB,1201,72060,72337,277,6,20,1206
w1176_1224,rolling_shadow_price_exchange::lagrangian_balanced,20260801,974,AITraining,RegionE,RegionE,1203,72180,72509,329,114,150,2406
w1176_1224,rolling_shadow_price_exchange::lagrangian_balanced,20260801,977,AITraining,RegionB,RegionB,1210,72600,72675,75,106,150,2406
w1176_1224,rolling_shadow_price_exchange::lagrangian_balanced,20260801,1168,BatchInference,RegionA,RegionC,1183,71040,71211,171,15,80,2406
w1176_1224,rolling_shadow_price_exchange::lagrangian_balanced,20260801,1207,RealTimeInference,RegionA,RegionA,1185,71100,71416,316,1,20,1191
w1176_1224,rolling_shadow_price_exchange::lagrangian_balanced,20260801,1245,AITraining,RegionF,RegionE,1208,72480,72519,39,30,150,2406
w1176_1224,rolling_shadow_price_exchange::lagrangian_balanced,20260801,1457,RealTimeInference,RegionA,RegionA,1209,72540,72777,237,5,20,1213
w1176_1224,rolling_shadow_price_exchange::lagrangian_balanced,20260801,1505,BatchInference,RegionD,RegionF,1193,71580,71701,121,8,80,2406
w1176_1224,rolling_shadow_price_exchange::lagrangian_balanced,20260801,1516,BatchInference,RegionB,RegionC,1193,71580,71910,330,9,80,2406
w1176_1224,rolling_shadow_price_exchange::lagrangian_balanced,20260801,1547,RealTimeInference,RegionE,RegionE,1210,72600,72616,16,1,20,1211
w1176_1224,rolling_shadow_price_exchange::lagrangian_balanced,20260801,1589,AITraining,RegionD,RegionF,1218,73080,73137,57,68,150,2406
w1176_1224,rolling_shadow_price_exchange::lagrangian_balanced,20260801,1603,BatchInference,RegionC,RegionC,1183,70980,71237,257,12,80,2406
w1176_1224,rolling_shadow_price_exchange::lagrangian_balanced,20260801,1619,AITraining,RegionF,RegionF,1182,70920,71108,188,125,150,2406
w1176_1224,rolling_shadow_price_exchange::lagrangian_balanced,20260801,1644,AITraining,RegionF,RegionF,1198,72000,72321,321,75,150,2406
w1176_1224,rolling_shadow_price_exchange::lagrangian_balanced,20260801,1837,RealTimeInference,RegionA,RegionA,1194,71640,71833,193,7,20,1198
w1176_1224,rolling_shadow_price_exchange::lagrangian_balanced,20260801,1889,AITraining,RegionC,RegionC,1208,72480,72542,62,89,150,2406
w1176_1224,rolling_shadow_price_exchange::lagrangian_balanced,20260801,1950,AITraining,RegionD,RegionF,1206,72420,72466,46,68,150,2406
w1176_1224,rolling_shadow_price_exchange::lagrangian_balanced,20260801,2008,RealTimeInference,RegionA,RegionA,1195,71700,71802,102,5,20,1197
w1176_1224,rolling_shadow_price_exchange::lagrangian_balanced,20260801,2135,AITraining,RegionE,RegionE,1223,73380,73558,178,30,150,2406
w1176_1224,rolling_shadow_price_exchange::lagrangian_balanced,20260801,2154,RealTimeInference,RegionB,RegionB,1203,72180,72383,203,1,20,1207
w1176_1224,rolling_shadow_price_exchange::lagrangian_balanced,20260801,2164,AITraining,RegionA,RegionC,1204,72720,72840,120,107,150,2406
w1176_1224,rolling_shadow_price_exchange::lagrangian_balanced,20260801,2172,AITraining,RegionD,RegionD,1222,73524,73800,276,94,150,2406
w1176_1224,rolling_shadow_price_exchange::lagrangian_balanced,20260801,2203,RealTimeInference,RegionF,RegionF,1221,73260,73599,339,1,20,1227
w1176_1224,rolling_shadow_price_exchange::lagrangian_balanced,20260801,2254,BatchInference,RegionD,RegionE,1212,72720,72735,15,18,80,2406
w1176_1224,rolling_shadow_price_exchange::lagrangian_balanced,20260801,2329,BatchInference,RegionA,RegionC,1195,71700,71935,235,14,80,2406
w1176_1224,rolling_shadow_price_exchange::lagrangian_balanced,20260801,2358,BatchInference,RegionD,RegionD,1204,72240,72400,160,10,80,2406
w1176_1224,rolling_shadow_price_exchange::lagrangian_balanced,20260801,2366,AITraining,RegionF,RegionF,1190,71400,71484,84,114,150,2406
w1176_1224,rolling_shadow_price_exchange::lagrangian_balanced,20260801,2386,AITraining,RegionF,RegionF,1208,72480,72604,124,41,150,2406
w1176_1224,rolling_shadow_price_exchange::lagrangian_balanced,20260801,2393,AITraining,RegionF,RegionF,1178,70680,70748,68,111,150,2406
w1176_1224,rolling_shadow_price_exchange::lagrangian_balanced,20260801,2476,RealTimeInference,RegionB,RegionB,1187,71220,71245,25,5,20,1188
w1176_1224,rolling_shadow_price_exchange::lagrangian_balanced,20260801,2485,AITraining,RegionF,RegionF,1208,72480,72491,11,111,150,2406
w1176_1224,rolling_shadow_price_exchange::lagrangian_balanced,20260801,2505,RealTimeInference,RegionA,RegionA,1190,71400,71723,323,7,20,1196
w1176_1224,rolling_shadow_price_exchange::lagrangian_balanced,20260801,2544,RealTimeInference,RegionE,RegionE,1191,71460,71767,307,5,20,1197
w1176_1224,rolling_shadow_price_exchange::lagrangian_balanced,20260801,2726,RealTimeInference,RegionC,RegionC,1176,70560,70762,202,3,20,1180
w1176_1224,rolling_shadow_price_exchange::lagrangian_balanced,20260801,2819,AITraining,RegionF,RegionE,1193,72300,72485,185,116,150,2406
w1176_1224,rolling_shadow_price_exchange::lagrangian_balanced,20260801,2922,AITraining,RegionE,RegionE,1223,73380,73518,138,88,150,2406
w1176_1224,rolling_shadow_price_exchange::lagrangian_balanced,20260801,2951,AITraining,RegionA,RegionB,1207,72420,72546,126,35,150,2406
w1176_1224,rolling_shadow_price_exchange::lagrangian_balanced,20260801,2960,BatchInference,RegionB,RegionB,1211,72660,73025,365,8,80,2406
w1176_1224,rolling_shadow_price_exchange::lagrangian_balanced,20260801,3211,RealTimeInference,RegionB,RegionB,1192,71520,71719,199,4,20,1196
w1176_1224,rolling_shadow_price_exchange::lagrangian_balanced,20260801,3215,BatchInference,RegionB,RegionB,1205,72300,72506,206,9,80,2406
w1176_1224,rolling_shadow_price_exchange::lagrangian_balanced,20260801,3267,AITraining,RegionD,RegionD,1222,73558,73800,242,88,150,2406
w1176_1224,rolling_shadow_price_exchange::lagrangian_balanced,20260801,3280,RealTimeInference,RegionA,RegionA,1199,71940,72174,234,6,20,1203
w1176_1224,rolling_shadow_price_exchange::lagrangian_balanced,20260801,3290,AITraining,RegionE,RegionE,1176,70560,70602,42,110,150,2406
w1176_1224,rolling_shadow_price_exchange::lagrangian_balanced,20260801,3299,AITraining,RegionB,RegionB,1189,71340,71676,336,114,150,2406
w1176_1224,rolling_shadow_price_exchange::lagrangian_balanced,20260801,3515,BatchInference,RegionF,RegionF,1184,71040,71320,280,8,80,2406
w1176_1224,rolling_shadow_price_exchange::lagrangian_balanced,20260801,3523,AITraining,RegionD,RegionF,1195,71820,72027,207,74,150,2406
w1176_1224,rolling_shadow_price_exchange::lagrangian_balanced,20260801,3590,BatchInference,RegionC,RegionC,1206,72360,72702,342,9,80,2406
w1176_1224,rolling_shadow_price_exchange::lagrangian_balanced,20260801,3633,BatchInference,RegionF,RegionF,1187,71220,71558,338,8,80,2406
w1176_1224,rolling_shadow_price_exchange::lagrangian_balanced,20260801,3777,BatchInference,RegionF,RegionF,1211,72660,73016,356,8,80,2406
w1176_1224,rolling_shadow_price_exchange::lagrangian_balanced,20260801,3878,AITraining,RegionD,RegionF,1210,72840,72937,97,114,150,2406
w1176_1224,rolling_shadow_price_exchange::lagrangian_balanced,20260801,3879,BatchInference,RegionC,RegionC,1187,71220,71476,256,14,80,2406
w1176_1224,rolling_shadow_price_exchange::lagrangian_balanced,20260801,3911,BatchInference,RegionB,RegionB,1182,70920,71316,396,17,80,2406
w1176_1224,rolling_shadow_price_exchange::lagrangian_balanced,20260801,3935,RealTimeInference,RegionA,RegionA,1178,70680,70708,28,4,20,1179
w1176_1224,rolling_shadow_price_exchange::lagrangian_balanced,20260801,3956,RealTimeInference,RegionA,RegionA,1187,71220,71548,328,6,20,1193
w1176_1224,rolling_shadow_price_exchange::lagrangian_balanced,20260801,4034,BatchInference,RegionA,RegionB,1180,70800,70889,89,21,80,2406
w1176_1224,rolling_shadow_price_exchange::lagrangian_balanced,20260801,4042,BatchInference,RegionB,RegionB,1190,71400,71572,172,8,80,2406
w1176_1224,rolling_shadow_price_exchange::lagrangian_balanced,20260801,4081,RealTimeInference,RegionA,RegionA,1202,72120,72240,120,2,20,1204
w1176_1224,rolling_shadow_price_exchange::lagrangian_balanced,20260801,4146,RealTimeInference,RegionA,RegionA,1217,73020,73187,167,3,20,1220
w1176_1224,rolling_shadow_price_exchange::lagrangian_balanced,20260801,4195,AITraining,RegionE,RegionE,1220,73200,73472,272,81,150,2406
w1176_1224,rolling_shadow_price_exchange::lagrangian_balanced,20260801,4294,RealTimeInference,RegionC,RegionC,1188,71280,71667,387,4,20,1195
w1176_1224,rolling_shadow_price_exchange::lagrangian_balanced,20260801,4384,RealTimeInference,RegionB,RegionB,1222,73320,73440,120,4,20,1224
w1176_1224,rolling_shadow_price_exchange::lagrangian_balanced,20260801,4403,RealTimeInference,RegionB,RegionB,1190,71400,71591,191,7,20,1194
w1176_1224,rolling_shadow_price_exchange::lagrangian_balanced,20260801,4409,BatchInference,RegionB,RegionB,1210,72600,72801,201,23,80,2406
w1176_1224,rolling_shadow_price_exchange::lagrangian_balanced,20260801,4425,AITraining,RegionE,RegionE,1219,73140,73336,196,108,150,2406
w1176_1224,rolling_shadow_price_exchange::lagrangian_balanced,20260801,4460,RealTimeInference,RegionA,RegionA,1207,72420,72802,382,3,20,1214
w1176_1224,rolling_shadow_price_exchange::lagrangian_balanced,20260801,4488,RealTimeInference,RegionA,RegionA,1201,72060,72328,268,4,20,1206
w1176_1224,rolling_shadow_price_exchange::lagrangian_balanced,20260801,4524,RealTimeInference,RegionC,RegionC,1196,71760,71899,139,1,20,1199
w1176_1224,rolling_shadow_price_exchange::lagrangian_balanced,20260801,4587,BatchInference,RegionC,RegionC,1220,73200,73425,225,9,80,2406
w1176_1224,rolling_shadow_price_exchange::lagrangian_balanced,20260801,4631,BatchInference,RegionA,RegionB,1204,72300,72620,320,21,80,2406
w1176_1224,rolling_shadow_price_exchange::lagrangian_balanced,20260801,4718,BatchInference,RegionB,RegionB,1184,71040,71190,150,4,80,2406
w1176_1224,rolling_shadow_price_exchange::lagrangian_balanced,20260801,4912,AITraining,RegionF,RegionE,1204,72420,72579,159,55,150,2406
w1176_1224,rolling_shadow_price_exchange::lagrangian_balanced,20260801,5042,BatchInference,RegionE,RegionE,1218,73080,73175,95,17,80,2406
w1176_1224,rolling_shadow_price_exchange::lagrangian_balanced,20260801,5080,RealTimeInference,RegionB,RegionB,1204,72240,72386,146,1,20,1207
w1176_1224,rolling_shadow_price_exchange::lagrangian_balanced,20260801,5157,AITraining,RegionD,RegionF,1181,70860,70914,54,45,150,2406
w1176_1224,rolling_shadow_price_exchange::lagrangian_balanced,20260801,5253,AITraining,RegionF,RegionF,1181,70860,71146,286,33,150,2406
w1176_1224,rolling_shadow_price_exchange::lagrangian_balanced,20260801,5268,RealTimeInference,RegionA,RegionA,1200,72000,72317,317,3,20,1206
w1176_1224,rolling_shadow_price_exchange::lagrangian_balanced,20260801,5340,RealTimeInference,RegionA,RegionA,1191,71460,71546,86,4,20,1193
w1176_1224,rolling_shadow_price_exchange::lagrangian_balanced,20260801,5358,RealTimeInference,RegionE,RegionE,1215,72900,73135,235,3,20,1219
w1176_1224,rolling_shadow_price_exchange::lagrangian_balanced,20260801,5368,BatchInference,RegionC,RegionC,1193,71580,71870,290,15,80,2406
w1176_1224,rolling_shadow_price_exchange::lagrangian_balanced,20260801,5447,AITraining,RegionE,RegionE,1222,73320,73342,22,91,150,2406
w1176_1224,rolling_shadow_price_exchange::lagrangian_balanced,20260801,5560,BatchInference,RegionD,RegionD,1202,72120,72232,112,17,80,2406
w1176_1224,rolling_shadow_price_exchange::lagrangian_balanced,20260801,5569,BatchInference,RegionA,RegionB,1222,73320,73699,379,12,80,2406
w1176_1224,rolling_shadow_price_exchange::lagrangian_balanced,20260801,5703,RealTimeInference,RegionB,RegionB,1213,72780,73036,256,4,20,1218
w1176_1224,rolling_shadow_price_exchange::lagrangian_balanced,20260801,5708,RealTimeInference,RegionA,RegionA,1195,71700,71986,286,6,20,1200
w1176_1224,rolling_shadow_price_exchange::lagrangian_balanced,20260801,5720,BatchInference,RegionA,RegionA,1207,72420,72816,396,6,80,2406
w1176_1224,rolling_shadow_price_exchange::lagrangian_balanced,20260801,5774,AITraining,RegionD,RegionF,1215,73455,73800,345,112,150,2406
w1176_1224,rolling_shadow_price_exchange::lagrangian_balanced,20260801,5936,RealTimeInference,RegionA,RegionA,1210,72600,72619,19,7,20,1211
w1176_1224,rolling_shadow_price_exchange::lagrangian_balanced,20260801,5960,RealTimeInference,RegionC,RegionC,1190,71400,71477,77,4,20,1192
w1176_1224,rolling_shadow_price_exchange::lagrangian_balanced,20260801,5999,BatchInference,RegionD,RegionF,1216,72960,73153,193,11,80,2406
w1176_1224,rolling_shadow_price_exchange::lagrangian_balanced,20260801,6053,RealTimeInference,RegionD,RegionD,1187,71220,71245,25,1,20,1188
w1176_1224,rolling_shadow_price_exchange::lagrangian_balanced,20260801,6144,AITraining,RegionF,RegionF,1205,72300,72338,38,53,150,2406
w1176_1224,rolling_shadow_price_exchange::lagrangian_balanced,20260801,6213,BatchInference,RegionB,RegionB,1222,73320,73603,283,11,80,2406
w1176_1224,rolling_shadow_price_exchange::lagrangian_balanced,20260801,6244,BatchInference,RegionA,RegionB,1213,72780,72922,142,7,80,2406
w1176_1224,rolling_shadow_price_exchange::lagrangian_balanced,20260801,6286,RealTimeInference,RegionB,RegionB,1204,72240,72632,392,2,20,1211
w1176_1224,rolling_shadow_price_exchange::lagrangian_balanced,20260801,6305,BatchInference,RegionB,RegionC,1179,70740,71047,307,4,80,2406
w1176_1224,rolling_shadow_price_exchange::lagrangian_balanced,20260801,6306,AITraining,RegionD,RegionF,1179,70740,70961,221,16,150,2406
w1176_1224,rolling_shadow_price_exchange::lagrangian_balanced,20260801,6328,AITraining,RegionF,RegionF,1190,71400,71481,81,79,150,2406
w1176_1224,rolling_shadow_price_exchange::lagrangian_balanced,20260801,6372,AITraining,RegionE,RegionE,1186,71160,71514,354,55,150,2406
w1176_1224,rolling_shadow_price_exchange::lagrangian_balanced,20260801,6393,RealTimeInference,RegionC,RegionC,1191,71460,71687,227,6,20,1195
w1176_1224,rolling_shadow_price_exchange::lagrangian_balanced,20260801,6426,AITraining,RegionF,RegionE,1201,72540,72902,362,97,150,2406
w1176_1224,rolling_shadow_price_exchange::lagrangian_balanced,20260801,6470,BatchInference,RegionC,RegionC,1187,71220,71263,43,19,80,2406
w1176_1224,rolling_shadow_price_exchange::lagrangian_balanced,20260801,6555,AITraining,RegionD,RegionD,1221,73611,73800,189,107,150,2406
w1176_1224,rolling_shadow_price_exchange::lagrangian_balanced,20260801,6560,RealTimeInference,RegionA,RegionA,1187,71220,71388,168,3,20,1190
w1176_1224,rolling_shadow_price_exchange::lagrangian_balanced,20260801,6667,BatchInference,RegionC,RegionC,1177,70620,71016,396,10,80,2406
w1176_1224,rolling_shadow_price_exchange::lagrangian_balanced,20260801,6677,AITraining,RegionA,RegionA,1211,72660,72675,15,20,150,2406
w1176_1224,rolling_shadow_price_exchange::lagrangian_balanced,20260801,6727,BatchInference,RegionD,RegionF,1204,72240,72470,230,9,80,2406
w1176_1224,rolling_shadow_price_exchange::lagrangian_balanced,20260801,6730,RealTimeInference,RegionA,RegionA,1191,71460,71777,317,7,20,1197
w1176_1224,rolling_shadow_price_exchange::lagrangian_balanced,20260801,6790,RealTimeInference,RegionA,RegionA,1201,72060,72424,364,7,20,1208
w1176_1224,rolling_shadow_price_exchange::lagrangian_balanced,20260801,6823,RealTimeInference,RegionA,RegionA,1179,70740,70833,93,4,20,1181
w1176_1224,rolling_shadow_price_exchange::lagrangian_balanced,20260801,6826,RealTimeInference,RegionC,RegionC,1181,70860,71068,208,3,20,1185
w1176_1224,rolling_shadow_price_exchange::lagrangian_balanced,20260801,6840,BatchInference,RegionF,RegionF,1208,72480,72651,171,11,80,2406
w1176_1224,rolling_shadow_price_exchange::lagrangian_balanced,20260801,6898,RealTimeInference,RegionC,RegionC,1191,71460,71813,353,2,20,1197
w1176_1224,rolling_shadow_price_exchange::lagrangian_balanced,20260801,7011,RealTimeInference,RegionE,RegionE,1215,72900,73243,343,5,20,1221
w1176_1224,rolling_shadow_price_exchange::lagrangian_balanced,20260801,7017,RealTimeInference,RegionC,RegionC,1188,71280,71614,334,3,20,1194
w1176_1224,rolling_shadow_price_exchange::lagrangian_balanced,20260801,7158,RealTimeInference,RegionB,RegionB,1208,72480,72615,135,7,20,1211
w1176_1224,rolling_shadow_price_exchange::lagrangian_balanced,20260801,7169,BatchInference,RegionA,RegionB,1182,71040,71333,293,16,80,2406
w1176_1224,rolling_shadow_price_exchange::lagrangian_balanced,20260801,7293,BatchInference,RegionF,RegionF,1213,72780,73119,339,17,80,2406
w1176_1224,rolling_shadow_price_exchange::lagrangian_balanced,20260801,7348,AITraining,RegionD,RegionF,1178,70680,70861,181,105,150,2406
w1176_1224,rolling_shadow_price_exchange::lagrangian_balanced,20260801,7398,BatchInference,RegionF,RegionF,1181,70860,70946,86,18,80,2406
w1176_1224,rolling_shadow_price_exchange::lagrangian_balanced,20260801,7463,BatchInference,RegionE,RegionE,1209,72540,72606,66,22,80,2406
w1176_1224,rolling_shadow_price_exchange::lagrangian_balanced,20260801,7470,AITraining,RegionF,RegionF,1181,70860,71136,276,33,150,2406
w1176_1224,rolling_shadow_price_exchange::lagrangian_balanced,20260801,7473,BatchInference,RegionB,RegionC,1192,71520,71798,278,13,80,2406
w1176_1224,rolling_shadow_price_exchange::lagrangian_balanced,20260801,7477,AITraining,RegionF,RegionF,1207,72420,72581,161,32,150,2406
w1176_1224,rolling_shadow_price_exchange::lagrangian_balanced,20260801,7479,RealTimeInference,RegionA,RegionA,1197,71820,71835,15,7,20,1198
w1176_1224,rolling_shadow_price_exchange::lagrangian_balanced,20260801,7668,AITraining,RegionC,RegionC,1203,72180,72267,87,20,150,2406
w1176_1224,rolling_shadow_price_exchange::lagrangian_balanced,20260801,7732,AITraining,RegionF,RegionF,1200,72000,72352,352,29,150,2406
w1176_1224,rolling_shadow_price_exchange::lagrangian_balanced,20260801,7814,AITraining,RegionD,RegionF,1211,72660,72814,154,118,150,2406
w1176_1224,rolling_shadow_price_exchange::lagrangian_balanced,20260801,7913,RealTimeInference,RegionB,RegionB,1197,71820,72034,214,5,20,1201
w1176_1224,rolling_shadow_price_exchange::lagrangian_balanced,20260801,7955,AITraining,RegionF,RegionF,1203,72180,72310,130,20,150,2406
w1176_1224,rolling_shadow_price_exchange::lagrangian_balanced,20260801,8065,BatchInference,RegionD,RegionE,1193,71640,71925,285,13,80,2406
w1176_1224,rolling_shadow_price_exchange::lagrangian_balanced,20260801,8091,RealTimeInference,RegionB,RegionB,1199,71940,72216,276,7,20,1204
w1176_1224,rolling_shadow_price_exchange::lagrangian_balanced,20260801,8178,RealTimeInference,RegionC,RegionC,1195,71700,71862,162,7,20,1198
w1176_1224,rolling_shadow_price_exchange::lagrangian_balanced,20260801,8371,BatchInference,RegionB,RegionB,1179,70740,70819,79,10,80,2406
w1176_1224,rolling_shadow_price_exchange::lagrangian_balanced,20260801,8384,AITraining,RegionD,RegionF,1215,72900,72951,51,87,150,2406
w1176_1224,rolling_shadow_price_exchange::lagrangian_balanced,20260801,8440,AITraining,RegionF,RegionF,1185,71100,71493,393,73,150,2406
w1176_1224,rolling_shadow_price_exchange::lagrangian_balanced,20260801,8584,AITraining,RegionF,RegionF,1223,73440,73579,139,117,150,2406
w1176_1224,rolling_shadow_price_exchange::lagrangian_balanced,20260801,8658,BatchInference,RegionA,RegionC,1197,71820,72101,281,12,80,2406
w1176_1224,rolling_shadow_price_exchange::lagrangian_balanced,20260801,8748,BatchInference,RegionE,RegionE,1201,72060,72320,260,5,80,2406
w1176_1224,rolling_shadow_price_exchange::lagrangian_balanced,20260801,8852,BatchInference,RegionD,RegionD,1183,70980,71128,148,17,80,2406
w1176_1224,rolling_shadow_price_exchange::lagrangian_balanced,20260801,8864,AITraining,RegionD,RegionF,1208,72480,72731,251,63,150,2406
w1176_1224,rolling_shadow_price_exchange::lagrangian_balanced,20260801,8871,AITraining,RegionE,RegionE,1193,71580,71750,170,93,150,2406
w1176_1224,rolling_shadow_price_exchange::lagrangian_balanced,20260801,8955,RealTimeInference,RegionA,RegionA,1190,71400,71564,164,7,20,1193
w1176_1224,rolling_shadow_price_exchange::lagrangian_balanced,20260801,8983,RealTimeInference,RegionB,RegionB,1200,72000,72331,331,7,20,1206
w1176_1224,rolling_shadow_price_exchange::lagrangian_balanced,20260801,9061,RealTimeInference,RegionB,RegionB,1204,72240,72615,375,7,20,1211
w1176_1224,rolling_shadow_price_exchange::lagrangian_balanced,20260801,9174,AITraining,RegionE,RegionE,1193,71880,72102,222,114,150,2406
w1176_1224,rolling_shadow_price_exchange::lagrangian_balanced,20260801,9281,RealTimeInference,RegionA,RegionA,1197,71820,72138,318,3,20,1203
w1176_1224,rolling_shadow_price_exchange::lagrangian_balanced,20260801,9371,AITraining,RegionE,RegionE,1218,73080,73470,390,17,150,2406
w1176_1224,rolling_shadow_price_exchange::lagrangian_balanced,20260801,9405,AITraining,RegionF,RegionE,1178,70680,70956,276,101,150,2406
w1176_1224,rolling_shadow_price_exchange::lagrangian_balanced,20260801,9448,AITraining,RegionD,RegionF,1184,71040,71429,389,20,150,2406
w1176_1224,rolling_shadow_price_exchange::lagrangian_balanced,20260801,9450,RealTimeInference,RegionC,RegionC,1176,70560,70884,324,2,20,1182
w1176_1224,rolling_shadow_price_exchange::lagrangian_balanced,20260801,9631,AITraining,RegionD,RegionF,1187,71280,71309,29,89,150,2406
w1176_1224,rolling_shadow_price_exchange::lagrangian_balanced,20260801,9688,AITraining,RegionB,RegionB,1208,72600,72963,363,124,150,2406
w1176_1224,rolling_shadow_price_exchange::lagrangian_balanced,20260801,9692,BatchInference,RegionD,RegionF,1218,73080,73181,101,18,80,2406
w1176_1224,rolling_shadow_price_exchange::lagrangian_balanced,20260801,9701,BatchInference,RegionA,RegionC,1194,71640,72006,366,14,80,2406
w1176_1224,rolling_shadow_price_exchange::lagrangian_balanced,20260801,9704,BatchInference,RegionC,RegionC,1190,71400,71696,296,18,80,2406
w1176_1224,rolling_shadow_price_exchange::lagrangian_balanced,20260801,9715,BatchInference,RegionA,RegionC,1190,71400,71793,393,13,80,2406
w1176_1224,rolling_shadow_price_exchange::lagrangian_balanced,20260801,9727,RealTimeInference,RegionA,RegionA,1186,71160,71347,187,2,20,1190
w1176_1224,rolling_shadow_price_exchange::lagrangian_balanced,20260801,9780,AITraining,RegionB,RegionC,1197,71940,72183,243,45,150,2406
w1176_1224,rolling_shadow_price_exchange::lagrangian_balanced,20260801,9794,AITraining,RegionD,RegionF,1204,72480,72793,313,63,150,2406
w1176_1224,rolling_shadow_price_exchange::lagrangian_balanced,20260801,9832,BatchInference,RegionA,RegionC,1222,73320,73362,42,14,80,2406
w1176_1224,rolling_shadow_price_exchange::lagrangian_balanced,20260801,9855,BatchInference,RegionC,RegionC,1214,72840,72928,88,22,80,2406
w1176_1224,rolling_shadow_price_exchange::lagrangian_balanced,20260801,9864,RealTimeInference,RegionC,RegionC,1205,72300,72445,145,5,20,1208
w1176_1224,rolling_shadow_price_exchange::lagrangian_balanced,20260801,9870,RealTimeInference,RegionC,RegionC,1205,72300,72556,256,7,20,1210
w1176_1224,rolling_shadow_price_exchange::lagrangian_balanced,20260801,9930,RealTimeInference,RegionE,RegionE,1200,72000,72294,294,1,20,1205
w1176_1224,rolling_shadow_price_exchange::lagrangian_balanced,20260801,9988,BatchInference,RegionE,RegionE,1204,72240,72565,325,14,80,2406
w1176_1224,rolling_shadow_price_exchange::lagrangian_balanced,20260801,10058,AITraining,RegionD,RegionF,1195,71820,72204,384,59,150,2406
w1176_1224,rolling_shadow_price_exchange::lagrangian_balanced,20260801,10109,BatchInference,RegionB,RegionB,1204,72240,72615,375,18,80,2406
w1176_1224,rolling_shadow_price_exchange::lagrangian_balanced,20260801,10139,BatchInference,RegionE,RegionE,1176,70560,70832,272,10,80,2406
w1176_1224,rolling_shadow_price_exchange::lagrangian_balanced,20260801,10155,BatchInference,RegionB,RegionB,1202,72120,72166,46,16,80,2406
w1176_1224,rolling_shadow_price_exchange::lagrangian_balanced,20260801,10196,AITraining,RegionE,RegionE,1179,70740,70810,70,76,150,2406
w1176_1224,rolling_shadow_price_exchange::lagrangian_balanced,20260801,10225,AITraining,RegionF,RegionF,1198,71880,72028,148,16,150,2406
w1176_1224,rolling_shadow_price_exchange::lagrangian_balanced,20260801,10230,BatchInference,RegionD,RegionF,1179,70740,71010,270,11,80,2406
w1176_1224,rolling_shadow_price_exchange::lagrangian_balanced,20260801,10299,BatchInference,RegionB,RegionB,1187,71220,71561,341,17,80,2406
w1176_1224,rolling_shadow_price_exchange::lagrangian_balanced,20260801,10381,RealTimeInference,RegionC,RegionC,1202,72120,72449,329,1,20,1208
w1176_1224,rolling_shadow_price_exchange::lagrangian_balanced,20260801,10480,RealTimeInference,RegionC,RegionC,1178,70680,71029,349,3,20,1184
w1176_1224,rolling_shadow_price_exchange::lagrangian_balanced,20260801,10531,RealTimeInference,RegionB,RegionB,1219,73140,73427,287,3,20,1224
w1176_1224,rolling_shadow_price_exchange::lagrangian_balanced,20260801,10541,AITraining,RegionB,RegionB,1198,72000,72257,257,91,150,2406
w1176_1224,rolling_shadow_price_exchange::lagrangian_balanced,20260801,10553,AITraining,RegionF,RegionF,1184,71100,71495,395,125,150,2406
w1176_1224,rolling_shadow_price_exchange::lagrangian_balanced,20260801,10576,AITraining,RegionD,RegionF,1186,71160,71408,248,33,150,2406
w1176_1224,rolling_shadow_price_exchange::lagrangian_balanced,20260801,10624,RealTimeInference,RegionC,RegionC,1199,71940,72060,120,2,20,1201
w1176_1224,rolling_shadow_price_exchange::lagrangian_balanced,20260801,10679,RealTimeInference,RegionA,RegionA,1184,71040,71433,393,2,20,1191
w1176_1224,rolling_shadow_price_exchange::lagrangian_balanced,20260801,10763,AITraining,RegionF,RegionE,1184,72000,72354,354,86,150,2406
w1176_1224,rolling_shadow_price_exchange::lagrangian_balanced,20260801,10771,RealTimeInference,RegionA,RegionA,1204,72240,72610,370,1,20,1211
w1176_1224,rolling_shadow_price_exchange::lagrangian_balanced,20260801,10835,RealTimeInference,RegionD,RegionD,1202,72120,72272,152,6,20,1205
w1176_1224,rolling_shadow_price_exchange::lagrangian_balanced,20260801,10930,RealTimeInference,RegionB,RegionB,1182,70920,71213,293,6,20,1187
w1176_1224,rolling_shadow_price_exchange::lagrangian_balanced,20260801,10932,AITraining,RegionE,RegionE,1185,71100,71483,383,44,150,2406
w1176_1224,rolling_shadow_price_exchange::lagrangian_balanced,20260801,10970,RealTimeInference,RegionB,RegionB,1205,72300,72607,307,4,20,1211
w1176_1224,rolling_shadow_price_exchange::lagrangian_balanced,20260801,11009,BatchInference,RegionC,RegionC,1215,72900,73091,191,10,80,2406
w1176_1224,rolling_shadow_price_exchange::lagrangian_balanced,20260801,11026,BatchInference,RegionA,RegionC,1202,72120,72237,117,23,80,2406
w1176_1224,rolling_shadow_price_exchange::lagrangian_balanced,20260801,11081,AITraining,RegionD,RegionF,1200,72120,72254,134,61,150,2406
w1176_1224,rolling_shadow_price_exchange::lagrangian_balanced,20260801,11121,AITraining,RegionE,RegionE,1220,73200,73569,369,110,150,2406
w1176_1224,rolling_shadow_price_exchange::lagrangian_balanced,20260801,11179,BatchInference,RegionB,RegionB,1179,70740,70955,215,23,80,2406
w1176_1224,rolling_shadow_price_exchange::lagrangian_balanced,20260801,11215,AITraining,RegionF,RegionF,1183,70980,71360,380,25,150,2406
w1176_1224,rolling_shadow_price_exchange::lagrangian_balanced,20260801,11314,AITraining,RegionF,RegionF,1206,72360,72494,134,51,150,2406
w1176_1224,rolling_shadow_price_exchange::lagrangian_balanced,20260801,11358,BatchInference,RegionD,RegionD,1222,73320,73680,360,13,80,2406
w1176_1224,rolling_shadow_price_exchange::lagrangian_balanced,20260801,11554,RealTimeInference,RegionB,RegionB,1176,70560,70611,51,3,20,1177
w1176_1224,rolling_shadow_price_exchange::lagrangian_balanced,20260801,11592,AITraining,RegionD,RegionF,1196,72180,72527,347,95,150,2406
w1176_1224,rolling_shadow_price_exchange::lagrangian_balanced,20260801,11737,BatchInference,RegionC,RegionC,1187,71220,71365,145,14,80,2406
w1176_1224,rolling_shadow_price_exchange::lagrangian_balanced,20260801,11743,RealTimeInference,RegionA,RegionA,1222,73320,73682,362,6,20,1229
w1176_1224,rolling_shadow_price_exchange::lagrangian_balanced,20260801,11806,AITraining,RegionF,RegionF,1222,73380,73650,270,62,150,2406
w1176_1224,rolling_shadow_price_exchange::lagrangian_balanced,20260801,11814,RealTimeInference,RegionA,RegionA,1214,72840,72966,126,5,20,1217
w1176_1224,rolling_shadow_price_exchange::lagrangian_balanced,20260801,11820,BatchInference,RegionA,RegionA,1199,71940,72143,203,6,80,2406
w1176_1224,rolling_shadow_price_exchange::lagrangian_balanced,20260801,11884,AITraining,RegionF,RegionE,1212,73470,73800,330,64,150,2406
w1176_1224,rolling_shadow_price_exchange::lagrangian_balanced,20260801,11929,BatchInference,RegionD,RegionF,1193,71580,71714,134,12,80,2406
w1176_1224,rolling_shadow_price_exchange::lagrangian_balanced,20260801,11956,BatchInference,RegionE,RegionE,1205,72300,72618,318,18,80,2406
w1176_1224,rolling_shadow_price_exchange::lagrangian_balanced,20260801,11998,RealTimeInference,RegionA,RegionA,1215,72900,73046,146,1,20,1218
w1176_1224,rolling_shadow_price_exchange::lagrangian_balanced,20260801,12017,AITraining,RegionC,RegionC,1212,72720,72794,74,110,150,2406
w1176_1224,rolling_shadow_price_exchange::lagrangian_balanced,20260801,12045,RealTimeInference,RegionB,RegionB,1213,72780,73069,289,3,20,1218
w1176_1224,rolling_shadow_price_exchange::lagrangian_balanced,20260801,12156,BatchInference,RegionB,RegionC,1220,73200,73409,209,14,80,2406
w1176_1224,rolling_shadow_price_exchange::lagrangian_balanced,20260801,12177,RealTimeInference,RegionB,RegionB,1183,70980,71059,79,5,20,1185
w1176_1224,rolling_shadow_price_exchange::lagrangian_balanced,20260801,12186,BatchInference,RegionE,RegionE,1187,71220,71485,265,5,80,2406
w1176_1224,rolling_shadow_price_exchange::lagrangian_balanced,20260801,12196,BatchInference,RegionC,RegionC,1187,71220,71369,149,20,80,2406
w1176_1224,rolling_shadow_price_exchange::lagrangian_balanced,20260801,12224,BatchInference,RegionD,RegionF,1199,71940,71965,25,20,80,2406
w1176_1224,rolling_shadow_price_exchange::lagrangian_balanced,20260801,12228,AITraining,RegionD,RegionE,1205,72480,72832,352,92,150,2406
w1176_1224,rolling_shadow_price_exchange::lagrangian_balanced,20260801,12242,BatchInference,RegionC,RegionC,1210,72600,72675,75,16,80,2406
w1176_1224,rolling_shadow_price_exchange::lagrangian_balanced,20260801,12260,RealTimeInference,RegionA,RegionA,1207,72420,72431,11,1,20,1208
w1176_1224,rolling_shadow_price_exchange::lagrangian_balanced,20260801,12265,AITraining,RegionF,RegionF,1181,70860,70873,13,114,150,2406
w1176_1224,rolling_shadow_price_exchange::lagrangian_balanced,20260801,12274,RealTimeInference,RegionA,RegionA,1177,70620,70868,248,6,20,1182
w1176_1224,rolling_shadow_price_exchange::lagrangian_balanced,20260801,12314,AITraining,RegionD,RegionE,1211,72900,73251,351,41,150,2406
w1176_1224,rolling_shadow_price_exchange::lagrangian_balanced,20260801,12320,BatchInference,RegionB,RegionB,1185,71100,71282,182,4,80,2406
w1176_1224,rolling_shadow_price_exchange::lagrangian_balanced,20260801,12354,RealTimeInference,RegionB,RegionB,1198,71880,71926,46,4,20,1199
w1176_1224,rolling_shadow_price_exchange::lagrangian_balanced,20260801,12380,BatchInference,RegionC,RegionC,1177,70620,70634,14,6,80,2406
w1176_1224,rolling_shadow_price_exchange::lagrangian_balanced,20260801,12381,RealTimeInference,RegionB,RegionB,1207,72420,72574,154,6,20,1210
w1176_1224,rolling_shadow_price_exchange::lagrangian_balanced,20260801,12384,AITraining,RegionB,RegionB,1218,73440,73780,340,22,150,2406
w1176_1224,rolling_shadow_price_exchange::lagrangian_balanced,20260801,12477,BatchInference,RegionB,RegionC,1195,71700,71768,68,21,80,2406
w1176_1224,rolling_shadow_price_exchange::lagrangian_balanced,20260801,12598,BatchInference,RegionD,RegionD,1222,73320,73626,306,8,80,2406
w1176_1224,rolling_shadow_price_exchange::lagrangian_balanced,20260801,12804,AITraining,RegionB,RegionB,1183,70980,71000,20,93,150,2406
w1176_1224,rolling_shadow_price_exchange::lagrangian_balanced,20260801,12882,BatchInference,RegionF,RegionF,1201,72060,72141,81,19,80,2406
w1176_1224,rolling_shadow_price_exchange::lagrangian_balanced,20260801,12918,AITraining,RegionD,RegionE,1177,70620,70811,191,126,150,2406
w1176_1224,rolling_shadow_price_exchange::lagrangian_balanced,20260801,13001,AITraining,RegionC,RegionC,1200,72000,72104,104,121,150,2406
w1176_1224,rolling_shadow_price_exchange::lagrangian_balanced,20260801,13019,BatchInference,RegionE,RegionE,1221,73260,73531,271,20,80,2406
w1176_1224,rolling_shadow_price_exchange::lagrangian_balanced,20260801,13031,RealTimeInference,RegionC,RegionC,1181,70860,70894,34,4,20,1182
w1176_1224,rolling_shadow_price_exchange::lagrangian_balanced,20260801,13032,AITraining,RegionF,RegionE,1199,72360,72573,213,107,150,2406
w1176_1224,rolling_shadow_price_exchange::lagrangian_balanced,20260801,13045,BatchInference,RegionE,RegionE,1191,71460,71624,164,13,80,2406
w1176_1224,rolling_shadow_price_exchange::lagrangian_balanced,20260801,13075,BatchInference,RegionC,RegionC,1198,71880,71956,76,16,80,2406
w1176_1224,rolling_shadow_price_exchange::lagrangian_balanced,20260801,13164,RealTimeInference,RegionF,RegionF,1206,72360,72514,154,7,20,1209
w1176_1224,rolling_shadow_price_exchange::lagrangian_balanced,20260801,13192,RealTimeInference,RegionA,RegionA,1192,71520,71878,358,3,20,1198
w1176_1224,rolling_shadow_price_exchange::lagrangian_balanced,20260801,13271,RealTimeInference,RegionA,RegionA,1206,72360,72625,265,4,20,1211
w1176_1224,rolling_shadow_price_exchange::lagrangian_balanced,20260801,13361,AITraining,RegionA,RegionC,1187,71220,71499,279,79,150,2406
w1176_1224,rolling_shadow_price_exchange::lagrangian_balanced,20260801,13453,BatchInference,RegionA,RegionB,1178,70680,70920,240,12,80,2406
w1176_1224,rolling_shadow_price_exchange::lagrangian_balanced,20260801,13462,BatchInference,RegionC,RegionC,1197,71820,71885,65,7,80,2406
w1176_1224,rolling_shadow_price_exchange::lagrangian_balanced,20260801,13486,BatchInference,RegionA,RegionB,1201,72060,72371,311,5,80,2406
w1176_1224,rolling_shadow_price_exchange::lagrangian_balanced,20260801,13525,BatchInference,RegionA,RegionC,1216,72960,73302,342,22,80,2406
w1176_1224,rolling_shadow_price_exchange::lagrangian_balanced,20260801,13601,AITraining,RegionE,RegionE,1195,71760,71958,198,38,150,2406
w1176_1224,rolling_shadow_price_exchange::lagrangian_balanced,20260801,13643,BatchInference,RegionF,RegionE,1222,73320,73378,58,10,80,2406
w1176_1224,rolling_shadow_price_exchange::lagrangian_balanced,20260801,13655,AITraining,RegionF,RegionF,1212,72720,72877,157,97,150,2406
w1176_1224,rolling_shadow_price_exchange::lagrangian_balanced,20260801,13690,AITraining,RegionD,RegionE,1209,72960,73166,206,59,150,2406
w1176_1224,rolling_shadow_price_exchange::lagrangian_balanced,20260801,13773,RealTimeInference,RegionC,RegionC,1186,71160,71401,241,3,20,1191
w1176_1224,rolling_shadow_price_exchange::lagrangian_balanced,20260801,13816,AITraining,RegionD,RegionE,1189,71640,71918,278,17,150,2406
w1176_1224,rolling_shadow_price_exchange::lagrangian_balanced,20260801,13842,RealTimeInference,RegionA,RegionA,1221,73260,73626,366,5,20,1228
w1176_1224,rolling_shadow_price_exchange::lagrangian_balanced,20260801,13935,RealTimeInference,RegionB,RegionB,1209,72540,72761,221,2,20,1213
w1176_1224,rolling_shadow_price_exchange::lagrangian_balanced,20260801,13949,RealTimeInference,RegionB,RegionB,1184,71040,71166,126,7,20,1187
w1176_1224,rolling_shadow_price_exchange::lagrangian_balanced,20260801,14033,RealTimeInference,RegionB,RegionB,1213,72780,72976,196,1,20,1217
w1176_1224,rolling_shadow_price_exchange::lagrangian_balanced,20260801,14096,BatchInference,RegionA,RegionB,1184,71040,71377,337,16,80,2406
w1176_1224,rolling_shadow_price_exchange::lagrangian_balanced,20260801,14118,RealTimeInference,RegionB,RegionB,1216,72960,73143,183,1,20,1220
w1176_1224,rolling_shadow_price_exchange::lagrangian_balanced,20260801,14154,AITraining,RegionF,RegionF,1178,70680,71067,387,41,150,2406
w1176_1224,rolling_shadow_price_exchange::lagrangian_balanced,20260801,14157,AITraining,RegionD,RegionF,1218,73200,73406,206,90,150,2406
w1176_1224,rolling_shadow_price_exchange::lagrangian_balanced,20260801,14192,BatchInference,RegionD,RegionF,1214,72840,73208,368,17,80,2406
w1176_1224,rolling_shadow_price_exchange::lagrangian_balanced,20260801,14202,BatchInference,RegionB,RegionB,1180,70800,70854,54,4,80,2406
w1176_1224,rolling_shadow_price_exchange::lagrangian_balanced,20260801,14271,RealTimeInference,RegionC,RegionC,1192,71520,71622,102,5,20,1194
w1176_1224,rolling_shadow_price_exchange::lagrangian_balanced,20260801,14292,AITraining,RegionF,RegionE,1221,73260,73432,172,60,150,2406
w1176_1224,rolling_shadow_price_exchange::lagrangian_balanced,20260801,14505,AITraining,RegionD,RegionD,1195,72060,72381,321,76,150,2406
w1176_1224,rolling_shadow_price_exchange::lagrangian_balanced,20260801,14543,BatchInference,RegionB,RegionC,1194,71640,71861,221,13,80,2406
w1176_1224,rolling_shadow_price_exchange::lagrangian_balanced,20260801,14569,BatchInference,RegionA,RegionB,1178,70680,70852,172,21,80,2406
w1176_1224,rolling_shadow_price_exchange::lagrangian_balanced,20260801,14626,RealTimeInference,RegionC,RegionC,1223,73380,73550,170,4,20,1226
w1176_1224,rolling_shadow_price_exchange::lagrangian_balanced,20260801,14634,BatchInference,RegionA,RegionA,1181,70860,71041,181,7,80,2406
w1176_1224,rolling_shadow_price_exchange::lagrangian_balanced,20260801,14703,RealTimeInference,RegionB,RegionB,1184,71040,71113,73,1,20,1186
w1176_1224,rolling_shadow_price_exchange::lagrangian_balanced,20260801,14741,BatchInference,RegionB,RegionB,1222,73320,73354,34,12,80,2406
w1176_1224,rolling_shadow_price_exchange::lagrangian_balanced,20260801,14774,RealTimeInference,RegionB,RegionB,1181,70860,71075,215,4,20,1185
w1176_1224,rolling_shadow_price_exchange::lagrangian_balanced,20260801,14785,RealTimeInference,RegionA,RegionA,1186,71160,71391,231,2,20,1190
w1176_1224,rolling_shadow_price_exchange::lagrangian_balanced,20260801,14804,RealTimeInference,RegionF,RegionF,1212,72720,73043,323,2,20,1218
w1176_1224,rolling_shadow_price_exchange::lagrangian_balanced,20260801,14833,AITraining,RegionD,RegionF,1219,73591,73800,209,125,150,2406
w1176_1224,rolling_shadow_price_exchange::lagrangian_balanced,20260801,14839,BatchInference,RegionB,RegionB,1214,72840,72877,37,20,80,2406
w1176_1224,rolling_shadow_price_exchange::lagrangian_balanced,20260801,14853,AITraining,RegionD,RegionD,1196,71880,72225,345,36,150,2406
w1176_1224,rolling_shadow_price_exchange::lagrangian_balanced,20260801,14898,RealTimeInference,RegionA,RegionA,1195,71700,71736,36,7,20,1196
w1176_1224,rolling_shadow_price_exchange::lagrangian_balanced,20260801,14989,RealTimeInference,RegionA,RegionA,1204,72240,72458,218,3,20,1208
w1176_1224,rolling_shadow_price_exchange::lagrangian_balanced,20260801,15019,BatchInference,RegionE,RegionE,1217,73020,73036,16,10,80,2406
w1176_1224,rolling_shadow_price_exchange::lagrangian_balanced,20260801,15044,AITraining,RegionE,RegionE,1178,70680,70787,107,54,150,2406
w1176_1224,rolling_shadow_price_exchange::lagrangian_balanced,20260801,15052,BatchInference,RegionE,RegionE,1178,70680,70824,144,15,80,2406
w1176_1224,rolling_shadow_price_exchange::lagrangian_balanced,20260801,15083,AITraining,RegionE,RegionE,1220,73630,73800,170,112,150,2406
w1176_1224,rolling_shadow_price_exchange::lagrangian_balanced,20260801,15140,AITraining,RegionD,RegionE,1192,71880,72169,289,98,150,2406
w1176_1224,rolling_shadow_price_exchange::lagrangian_balanced,20260801,15207,AITraining,RegionD,RegionE,1179,71040,71146,106,118,150,2406
w1176_1224,rolling_shadow_price_exchange::lagrangian_balanced,20260801,15210,AITraining,RegionF,RegionE,1211,72840,73060,220,99,150,2406
w1176_1224,rolling_shadow_price_exchange::lagrangian_balanced,20260801,15280,BatchInference,RegionD,RegionE,1199,72360,72740,380,21,80,2406
w1176_1224,rolling_shadow_price_exchange::lagrangian_balanced,20260801,15294,AITraining,RegionE,RegionE,1202,72120,72155,35,21,150,2406
w1176_1224,rolling_shadow_price_exchange::lagrangian_balanced,20260801,15331,AITraining,RegionD,RegionF,1193,72000,72141,141,111,150,2406
w1176_1224,rolling_shadow_price_exchange::lagrangian_balanced,20260801,15385,BatchInference,RegionD,RegionE,1195,71700,71725,25,9,80,2406
w1176_1224,rolling_shadow_price_exchange::lagrangian_balanced,20260801,15502,BatchInference,RegionC,RegionC,1188,71280,71329,49,5,80,2406
w1176_1224,rolling_shadow_price_exchange::lagrangian_balanced,20260801,15515,BatchInference,RegionB,RegionB,1212,72720,73033,313,21,80,2406
w1176_1224,rolling_shadow_price_exchange::lagrangian_balanced,20260801,15518,RealTimeInference,RegionC,RegionC,1177,70620,70841,221,1,20,1181
w1176_1224,rolling_shadow_price_exchange::lagrangian_balanced,20260801,15674,BatchInference,RegionD,RegionF,1193,71580,71782,202,7,80,2406
w1176_1224,rolling_shadow_price_exchange::lagrangian_balanced,20260801,15684,BatchInference,RegionA,RegionB,1213,72780,73040,260,11,80,2406
w1176_1224,rolling_shadow_price_exchange::lagrangian_balanced,20260801,15690,AITraining,RegionB,RegionC,1191,71460,71612,152,32,150,2406
w1176_1224,rolling_shadow_price_exchange::lagrangian_balanced,20260801,15740,AITraining,RegionE,RegionE,1180,70800,70937,137,65,150,2406
w1176_1224,rolling_shadow_price_exchange::lagrangian_balanced,20260801,15776,AITraining,RegionD,RegionF,1190,71400,71782,382,23,150,2406
w1176_1224,rolling_shadow_price_exchange::lagrangian_balanced,20260801,15838,BatchInference,RegionD,RegionF,1198,71880,71898,18,17,80,2406
w1176_1224,rolling_shadow_price_exchange::lagrangian_balanced,20260801,15890,AITraining,RegionE,RegionE,1195,71820,72147,327,21,150,2406
w1176_1224,rolling_shadow_price_exchange::lagrangian_balanced,20260801,15894,BatchInference,RegionA,RegionC,1219,73140,73380,240,6,80,2406
w1176_1224,rolling_shadow_price_exchange::lagrangian_balanced,20260801,15946,BatchInference,RegionA,RegionC,1196,71760,71794,34,15,80,2406
w1176_1224,rolling_shadow_price_exchange::lagrangian_balanced,20260801,16055,RealTimeInference,RegionC,RegionC,1182,70920,71234,314,7,20,1188
w1176_1224,rolling_shadow_price_exchange::lagrangian_balanced,20260801,16062,RealTimeInference,RegionC,RegionC,1215,72900,73284,384,6,20,1222
w1176_1224,rolling_shadow_price_exchange::lagrangian_balanced,20260801,16066,AITraining,RegionD,RegionD,1221,73469,73800,331,78,150,2406
w1176_1224,rolling_shadow_price_exchange::lagrangian_balanced,20260801,16168,AITraining,RegionF,RegionE,1211,72840,73078,238,107,150,2406
w1176_1224,rolling_shadow_price_exchange::lagrangian_balanced,20260801,16224,AITraining,RegionD,RegionF,1203,72300,72345,45,82,150,2406
w1176_1224,rolling_shadow_price_exchange::lagrangian_balanced,20260801,16240,RealTimeInference,RegionD,RegionD,1214,72840,72907,67,7,20,1216
w1176_1224,rolling_shadow_price_exchange::lagrangian_balanced,20260801,16304,BatchInference,RegionD,RegionF,1179,70740,70975,235,4,80,2406
w1176_1224,rolling_shadow_price_exchange::lagrangian_balanced,20260801,16362,AITraining,RegionE,RegionE,1198,71880,72191,311,103,150,2406
w1176_1224,rolling_shadow_price_exchange::lagrangian_balanced,20260801,16394,AITraining,RegionD,RegionE,1177,70620,70867,247,110,150,2406
w1176_1224,rolling_shadow_price_exchange::lagrangian_balanced,20260801,16408,RealTimeInference,RegionB,RegionB,1204,72240,72330,90,1,20,1206
w1176_1224,rolling_shadow_price_exchange::lagrangian_balanced,20260801,16479,AITraining,RegionD,RegionF,1189,72000,72293,293,83,150,2406
w1176_1224,rolling_shadow_price_exchange::lagrangian_balanced,20260801,16608,RealTimeInference,RegionA,RegionA,1209,72540,72783,243,1,20,1214
w1176_1224,rolling_shadow_price_exchange::lagrangian_balanced,20260801,16679,RealTimeInference,RegionC,RegionC,1209,72540,72584,44,6,20,1210
w1176_1224,rolling_shadow_price_exchange::lagrangian_balanced,20260801,16767,AITraining,RegionD,RegionE,1220,73200,73303,103,62,150,2406
w1176_1224,rolling_shadow_price_exchange::lagrangian_balanced,20260801,16791,AITraining,RegionF,RegionE,1192,71880,72023,143,120,150,2406
w1176_1224,rolling_shadow_price_exchange::lagrangian_balanced,20260801,16876,BatchInference,RegionE,RegionE,1181,70860,70927,67,11,80,2406
w1176_1224,rolling_shadow_price_exchange::lagrangian_balanced,20260801,16928,RealTimeInference,RegionC,RegionC,1178,70680,70704,24,6,20,1179
w1176_1224,rolling_shadow_price_exchange::lagrangian_balanced,20260801,17119,BatchInference,RegionF,RegionF,1218,73080,73096,16,13,80,2406
w1176_1224,rolling_shadow_price_exchange::lagrangian_balanced,20260801,17123,BatchInference,RegionC,RegionC,1222,73320,73687,367,7,80,2406
w1176_1224,rolling_shadow_price_exchange::lagrangian_balanced,20260801,17132,RealTimeInference,RegionC,RegionC,1222,73320,73593,273,7,20,1227
w1176_1224,rolling_shadow_price_exchange::lagrangian_balanced,20260801,17163,AITraining,RegionE,RegionE,1220,73200,73295,95,113,150,2406
w1176_1224,rolling_shadow_price_exchange::lagrangian_balanced,20260801,17230,BatchInference,RegionE,RegionE,1185,71100,71192,92,19,80,2406
w1176_1224,rolling_shadow_price_exchange::lagrangian_balanced,20260801,17242,BatchInference,RegionD,RegionE,1187,71280,71632,352,23,80,2406
w1176_1224,rolling_shadow_price_exchange::lagrangian_balanced,20260801,17250,RealTimeInference,RegionC,RegionC,1212,72720,72883,163,6,20,1215
w1176_1224,rolling_shadow_price_exchange::lagrangian_balanced,20260801,17309,BatchInference,RegionF,RegionE,1176,70560,70629,69,22,80,2406
w1176_1224,rolling_shadow_price_exchange::lagrangian_balanced,20260801,17366,BatchInference,RegionD,RegionE,1218,73080,73432,352,18,80,2406
w1176_1224,rolling_shadow_price_exchange::lagrangian_balanced,20260801,17449,BatchInference,RegionB,RegionC,1216,72960,73192,232,12,80,2406
w1176_1224,rolling_shadow_price_exchange::lagrangian_balanced,20260801,17464,AITraining,RegionE,RegionE,1215,72900,73257,357,93,150,2406
w1176_1224,rolling_shadow_price_exchange::lagrangian_balanced,20260801,17465,RealTimeInference,RegionC,RegionC,1200,72000,72097,97,3,20,1202
w1176_1224,rolling_shadow_price_exchange::lagrangian_balanced,20260801,17475,RealTimeInference,RegionA,RegionA,1179,70740,70947,207,7,20,1183
w1176_1224,rolling_shadow_price_exchange::lagrangian_balanced,20260801,17662,RealTimeInference,RegionC,RegionC,1189,71340,71722,382,6,20,1196
w1176_1224,rolling_shadow_price_exchange::lagrangian_balanced,20260801,17723,BatchInference,RegionF,RegionF,1211,72660,72864,204,17,80,2406
w1176_1224,rolling_shadow_price_exchange::lagrangian_balanced,20260801,17870,BatchInference,RegionC,RegionC,1183,70980,70995,15,7,80,2406
w1176_1224,rolling_shadow_price_exchange::lagrangian_balanced,20260801,17891,BatchInference,RegionD,RegionF,1182,70920,71174,254,10,80,2406
w1176_1224,rolling_shadow_price_exchange::lagrangian_balanced,20260801,18099,AITraining,RegionD,RegionE,1216,73620,73728,108,104,150,2406
w1176_1224,rolling_shadow_price_exchange::lagrangian_balanced,20260801,18145,BatchInference,RegionB,RegionB,1190,71400,71605,205,18,80,2406
w1176_1224,rolling_shadow_price_exchange::lagrangian_balanced,20260801,18204,BatchInference,RegionB,RegionB,1188,71280,71537,257,7,80,2406
w1176_1224,rolling_shadow_price_exchange::lagrangian_balanced,20260801,18262,AITraining,RegionD,RegionF,1208,72480,72867,387,54,150,2406
w1176_1224,rolling_shadow_price_exchange::lagrangian_balanced,20260801,18326,AITraining,RegionF,RegionE,1217,73500,73787,287,51,150,2406
w1176_1224,rolling_shadow_price_exchange::lagrangian_balanced,20260801,18580,AITraining,RegionE,RegionE,1202,72120,72460,340,86,150,2406
w1176_1224,rolling_shadow_price_exchange::lagrangian_balanced,20260801,18593,BatchInference,RegionD,RegionD,1183,70980,71118,138,6,80,2406
w1176_1224,rolling_shadow_price_exchange::lagrangian_balanced,20260801,18615,BatchInference,RegionF,RegionE,1194,71640,71927,287,16,80,2406
w1176_1224,rolling_shadow_price_exchange::lagrangian_balanced,20260801,18676,BatchInference,RegionB,RegionC,1214,72840,73019,179,20,80,2406
w1176_1224,rolling_shadow_price_exchange::lagrangian_balanced,20260801,18686,RealTimeInference,RegionC,RegionC,1207,72420,72687,267,7,20,1212
w1176_1224,rolling_shadow_price_exchange::lagrangian_balanced,20260801,18726,BatchInference,RegionF,RegionF,1206,72360,72731,371,13,80,2406
w1176_1224,rolling_shadow_price_exchange::lagrangian_balanced,20260801,18750,BatchInference,RegionD,RegionF,1221,73260,73325,65,4,80,2406
w1176_1224,rolling_shadow_price_exchange::lagrangian_balanced,20260801,18762,BatchInference,RegionB,RegionB,1223,73380,73606,226,19,80,2406
w1176_1224,rolling_shadow_price_exchange::lagrangian_balanced,20260801,18768,AITraining,RegionD,RegionE,1214,72960,73217,257,41,150,2406
w1176_1224,rolling_shadow_price_exchange::lagrangian_balanced,20260801,18838,BatchInference,RegionF,RegionE,1189,71340,71426,86,7,80,2406
w1176_1224,rolling_shadow_price_exchange::lagrangian_balanced,20260801,18906,AITraining,RegionD,RegionE,1211,73440,73628,188,114,150,2406
w1176_1224,rolling_shadow_price_exchange::lagrangian_balanced,20260801,18932,BatchInference,RegionB,RegionB,1211,72660,72854,194,15,80,2406
w1176_1224,rolling_shadow_price_exchange::lagrangian_balanced,20260801,18988,RealTimeInference,RegionC,RegionC,1187,71220,71557,337,7,20,1193
w1176_1224,rolling_shadow_price_exchange::lagrangian_balanced,20260801,19070,BatchInference,RegionB,RegionB,1200,72000,72321,321,5,80,2406
w1176_1224,rolling_shadow_price_exchange::lagrangian_balanced,20260801,19197,BatchInference,RegionD,RegionF,1202,72120,72215,95,10,80,2406
w1176_1224,rolling_shadow_price_exchange::lagrangian_balanced,20260801,19233,RealTimeInference,RegionA,RegionA,1181,70860,71072,212,4,20,1185
w1176_1224,rolling_shadow_price_exchange::lagrangian_balanced,20260801,19421,BatchInference,RegionE,RegionE,1185,71100,71310,210,13,80,2406
w1176_1224,rolling_shadow_price_exchange::lagrangian_balanced,20260801,19450,RealTimeInference,RegionA,RegionA,1219,73140,73467,327,4,20,1225
w1176_1224,rolling_shadow_price_exchange::lagrangian_balanced,20260801,19473,AITraining,RegionF,RegionF,1183,70980,71127,147,32,150,2406
w1176_1224,rolling_shadow_price_exchange::lagrangian_balanced,20260801,19521,BatchInference,RegionA,RegionC,1198,71880,72144,264,15,80,2406
w1176_1224,rolling_shadow_price_exchange::lagrangian_balanced,20260801,19576,AITraining,RegionD,RegionE,1190,71640,71901,261,22,150,2406
w1176_1224,rolling_shadow_price_exchange::lagrangian_balanced,20260801,19621,AITraining,RegionD,RegionF,1209,72840,72937,97,83,150,2406
w1176_1224,rolling_shadow_price_exchange::lagrangian_balanced,20260801,19769,AITraining,RegionF,RegionF,1209,72540,72577,37,126,150,2406
w1176_1224,rolling_shadow_price_exchange::lagrangian_balanced,20260801,19875,BatchInference,RegionA,RegionC,1210,72720,72966,246,21,80,2406
w1176_1224,rolling_shadow_price_exchange::lagrangian_balanced,20260801,19900,RealTimeInference,RegionC,RegionC,1206,72360,72646,286,7,20,1211
w1176_1224,rolling_shadow_price_exchange::lagrangian_balanced,20260801,19917,BatchInference,RegionC,RegionC,1181,70860,71020,160,8,80,2406
w1176_1224,rolling_shadow_price_exchange::lagrangian_balanced,20260801,19925,RealTimeInference,RegionC,RegionC,1187,71220,71234,14,6,20,1188
w1176_1224,rolling_shadow_price_exchange::lagrangian_balanced,20260801,20078,BatchInference,RegionA,RegionC,1201,72060,72090,30,15,80,2406
w1176_1224,rolling_shadow_price_exchange::lagrangian_balanced,20260801,20141,RealTimeInference,RegionB,RegionB,1193,71580,71611,31,2,20,1194
w1176_1224,rolling_shadow_price_exchange::lagrangian_balanced,20260801,20310,RealTimeInference,RegionB,RegionB,1204,72240,72595,355,3,20,1210
w1176_1224,rolling_shadow_price_exchange::lagrangian_balanced,20260801,20319,AITraining,RegionF,RegionF,1189,71340,71626,286,35,150,2406
w1176_1224,rolling_shadow_price_exchange::lagrangian_balanced,20260801,20341,RealTimeInference,RegionA,RegionA,1181,70860,70941,81,2,20,1183
w1176_1224,rolling_shadow_price_exchange::lagrangian_balanced,20260801,20378,RealTimeInference,RegionC,RegionC,1186,71160,71322,162,7,20,1189
w1176_1224,rolling_shadow_price_exchange::lagrangian_balanced,20260801,20436,AITraining,RegionE,RegionE,1217,73020,73400,380,62,150,2406
w1176_1224,rolling_shadow_price_exchange::lagrangian_balanced,20260801,20446,RealTimeInference,RegionA,RegionA,1204,72240,72291,51,3,20,1205
w1176_1224,rolling_shadow_price_exchange::lagrangian_balanced,20260801,20448,BatchInference,RegionC,RegionC,1196,71760,71994,234,10,80,2406
w1176_1224,rolling_shadow_price_exchange::lagrangian_balanced,20260801,20565,AITraining,RegionD,RegionE,1210,72840,73140,300,73,150,2406
w1176_1224,rolling_shadow_price_exchange::lagrangian_balanced,20260801,20637,AITraining,RegionD,RegionF,1215,72900,72958,58,73,150,2406
w1176_1224,rolling_shadow_price_exchange::lagrangian_balanced,20260801,20699,BatchInference,RegionD,RegionE,1177,70620,70839,219,17,80,2406
w1176_1224,rolling_shadow_price_exchange::lagrangian_balanced,20260801,20705,BatchInference,RegionD,RegionF,1212,72780,73021,241,17,80,2406
w1176_1224,rolling_shadow_price_exchange::lagrangian_balanced,20260801,20907,RealTimeInference,RegionB,RegionB,1208,72480,72702,222,7,20,1212
w1176_1224,rolling_shadow_price_exchange::lagrangian_balanced,20260801,20925,RealTimeInference,RegionA,RegionA,1192,71520,71918,398,1,20,1199
w1176_1224,rolling_shadow_price_exchange::lagrangian_balanced,20260801,20980,BatchInference,RegionC,RegionC,1217,73320,73639,319,20,80,2406
w1176_1224,rolling_shadow_price_exchange::lagrangian_balanced,20260801,21028,RealTimeInference,RegionC,RegionC,1196,71760,71786,26,3,20,1197
w1176_1224,rolling_shadow_price_exchange::lagrangian_balanced,20260801,21038,BatchInference,RegionB,RegionB,1185,71100,71306,206,9,80,2406
w1176_1224,rolling_shadow_price_exchange::lagrangian_balanced,20260801,21079,AITraining,RegionE,RegionE,1218,73080,73286,206,48,150,2406
w1176_1224,rolling_shadow_price_exchange::lagrangian_balanced,20260801,21102,BatchInference,RegionA,RegionC,1204,72240,72481,241,22,80,2406
w1176_1224,rolling_shadow_price_exchange::lagrangian_balanced,20260801,21184,RealTimeInference,RegionB,RegionB,1197,71820,72158,338,7,20,1203
w1176_1224,rolling_shadow_price_exchange::lagrangian_balanced,20260801,21302,AITraining,RegionE,RegionE,1203,72180,72495,315,108,150,2406
w1176_1224,rolling_shadow_price_exchange::lagrangian_balanced,20260801,21403,BatchInference,RegionA,RegionC,1207,72420,72445,25,15,80,2406
w1176_1224,rolling_shadow_price_exchange::lagrangian_balanced,20260801,21426,AITraining,RegionE,RegionE,1188,71280,71576,296,27,150,2406
w1176_1224,rolling_shadow_price_exchange::lagrangian_balanced,20260801,21470,BatchInference,RegionB,RegionB,1179,70740,70968,228,16,80,2406
w1176_1224,rolling_shadow_price_exchange::lagrangian_balanced,20260801,21496,AITraining,RegionD,RegionD,1195,72000,72345,345,45,150,2406
w1176_1224,rolling_shadow_price_exchange::lagrangian_balanced,20260801,21592,RealTimeInference,RegionC,RegionC,1215,72900,73132,232,5,20,1219
w1176_1224,rolling_shadow_price_exchange::lagrangian_balanced,20260801,21596,AITraining,RegionD,RegionE,1193,71700,71743,43,91,150,2406
w1176_1224,rolling_shadow_price_exchange::lagrangian_balanced,20260801,21602,RealTimeInference,RegionA,RegionA,1179,70740,70799,59,2,20,1180
w1176_1224,rolling_shadow_price_exchange::lagrangian_balanced,20260801,21628,BatchInference,RegionB,RegionB,1186,71160,71238,78,16,80,2406
w1176_1224,rolling_shadow_price_exchange::lagrangian_balanced,20260801,21645,RealTimeInference,RegionD,RegionD,1199,71940,72126,186,1,20,1203
w1176_1224,rolling_shadow_price_exchange::lagrangian_balanced,20260801,21810,AITraining,RegionB,RegionC,1185,71100,71198,98,56,150,2406
w1176_1224,rolling_shadow_price_exchange::lagrangian_balanced,20260801,21876,RealTimeInference,RegionA,RegionA,1179,70740,70833,93,4,20,1181
w1176_1224,rolling_shadow_price_exchange::lagrangian_balanced,20260801,21890,AITraining,RegionD,RegionD,1218,73419,73800,381,42,150,2406
w1176_1224,rolling_shadow_price_exchange::lagrangian_balanced,20260801,21921,RealTimeInference,RegionF,RegionF,1180,70800,70839,39,7,20,1181
w1176_1224,rolling_shadow_price_exchange::lagrangian_balanced,20260801,21966,BatchInference,RegionE,RegionE,1188,71280,71604,324,17,80,2406
w1176_1224,rolling_shadow_price_exchange::lagrangian_balanced,20260801,22000,RealTimeInference,RegionA,RegionA,1184,71040,71434,394,6,20,1191
w1176_1224,rolling_shadow_price_exchange::lagrangian_balanced,20260801,22068,AITraining,RegionD,RegionF,1204,72540,72686,146,74,150,2406
w1176_1224,rolling_shadow_price_exchange::lagrangian_balanced,20260801,22109,RealTimeInference,RegionB,RegionB,1221,73260,73361,101,4,20,1223
w1176_1224,rolling_shadow_price_exchange::lagrangian_balanced,20260801,22179,RealTimeInference,RegionA,RegionA,1204,72240,72268,28,4,20,1205
w1176_1224,rolling_shadow_price_exchange::lagrangian_balanced,20260801,22220,BatchInference,RegionD,RegionF,1188,71280,71320,40,11,80,2406
w1176_1224,rolling_shadow_price_exchange::lagrangian_balanced,20260801,22254,AITraining,RegionE,RegionE,1192,71520,71712,192,96,150,2406
w1176_1224,rolling_shadow_price_exchange::lagrangian_balanced,20260801,22265,AITraining,RegionD,RegionE,1204,72540,72858,318,109,150,2406
w1176_1224,rolling_shadow_price_exchange::lagrangian_balanced,20260801,22306,BatchInference,RegionD,RegionD,1219,73140,73150,10,11,80,2406
w1176_1224,rolling_shadow_price_exchange::lagrangian_balanced,20260801,22402,AITraining,RegionD,RegionE,1183,71340,71682,342,37,150,2406
w1176_1224,rolling_shadow_price_exchange::lagrangian_balanced,20260801,22545,AITraining,RegionC,RegionC,1201,72180,72387,207,74,150,2406
w1176_1224,rolling_shadow_price_exchange::lagrangian_balanced,20260801,22623,BatchInference,RegionF,RegionE,1195,71700,71744,44,22,80,2406
w1176_1224,rolling_shadow_price_exchange::lagrangian_balanced,20260801,22675,AITraining,RegionF,RegionF,1216,72960,72974,14,18,150,2406
w1176_1224,rolling_shadow_price_exchange::lagrangian_balanced,20260801,22708,BatchInference,RegionF,RegionF,1200,72000,72231,231,16,80,2406
w1176_1224,rolling_shadow_price_exchange::lagrangian_balanced,20260801,22742,AITraining,RegionC,RegionB,1220,73440,73628,188,33,150,2406
w1176_1224,rolling_shadow_price_exchange::lagrangian_balanced,20260801,22831,AITraining,RegionE,RegionE,1185,71100,71238,138,87,150,2406
w1176_1224,rolling_shadow_price_exchange::lagrangian_balanced,20260801,22834,RealTimeInference,RegionA,RegionA,1220,73200,73428,228,4,20,1224
w1176_1224,rolling_shadow_price_exchange::lagrangian_balanced,20260801,22900,BatchInference,RegionB,RegionC,1196,71760,72006,246,7,80,2406
w1176_1224,rolling_shadow_price_exchange::lagrangian_balanced,20260801,22971,RealTimeInference,RegionA,RegionA,1209,72540,72921,381,3,20,1216
w1176_1224,rolling_shadow_price_exchange::lagrangian_balanced,20260801,23009,RealTimeInference,RegionC,RegionC,1203,72180,72445,265,3,20,1208
w1176_1224,rolling_shadow_price_exchange::lagrangian_balanced,20260801,23036,BatchInference,RegionF,RegionF,1203,72180,72569,389,10,80,2406
w1176_1224,rolling_shadow_price_exchange::lagrangian_balanced,20260801,23046,AITraining,RegionD,RegionE,1203,72600,72819,219,126,150,2406
w1176_1224,rolling_shadow_price_exchange::lagrangian_balanced,20260801,23068,BatchInference,RegionE,RegionE,1188,71280,71457,177,13,80,2406
w1176_1224,rolling_shadow_price_exchange::lagrangian_balanced,20260801,23232,BatchInference,RegionE,RegionE,1196,71760,71828,68,20,80,2406
w1176_1224,rolling_shadow_price_exchange::lagrangian_balanced,20260801,23242,AITraining,RegionD,RegionE,1185,71100,71212,112,27,150,2406
w1176_1224,rolling_shadow_price_exchange::lagrangian_balanced,20260801,23272,RealTimeInference,RegionE,RegionE,1188,71280,71374,94,1,20,1190
w1176_1224,rolling_shadow_price_exchange::lagrangian_balanced,20260801,23287,RealTimeInference,RegionA,RegionA,1213,72780,72799,19,6,20,1214
w1176_1224,rolling_shadow_price_exchange::lagrangian_balanced,20260801,23350,RealTimeInference,RegionC,RegionC,1209,72540,72875,335,5,20,1215
w1176_1224,rolling_shadow_price_exchange::lagrangian_balanced,20260801,23372,RealTimeInference,RegionA,RegionA,1177,70620,70746,126,2,20,1180
w1176_1224,rolling_shadow_price_exchange::lagrangian_balanced,20260801,23573,BatchInference,RegionE,RegionE,1185,71100,71261,161,7,80,2406
w1176_1224,rolling_shadow_price_exchange::lagrangian_balanced,20260801,23578,RealTimeInference,RegionB,RegionB,1202,72120,72316,196,4,20,1206
w1176_1224,rolling_shadow_price_exchange::lagrangian_balanced,20260801,23596,AITraining,RegionD,RegionF,1204,72600,72906,306,34,150,2406
w1176_1224,rolling_shadow_price_exchange::lagrangian_balanced,20260801,23651,BatchInference,RegionD,RegionF,1214,72840,72884,44,7,80,2406
w1176_1224,rolling_shadow_price_exchange::lagrangian_balanced,20260801,23745,RealTimeInference,RegionA,RegionA,1190,71400,71539,139,7,20,1193
w1176_1224,rolling_shadow_price_exchange::lagrangian_balanced,20260801,23833,AITraining,RegionD,RegionF,1213,72780,72802,22,47,150,2406
w1176_1224,rolling_shadow_price_exchange::lagrangian_balanced,20260801,23893,AITraining,RegionE,RegionE,1219,73140,73264,124,20,150,2406
w1176_1224,rolling_shadow_price_exchange::lagrangian_balanced,20260801,23912,AITraining,RegionE,RegionE,1187,71220,71464,244,98,150,2406
w1176_1224,rolling_shadow_price_exchange::lagrangian_balanced,20260801,23921,BatchInference,RegionE,RegionE,1190,71400,71418,18,11,80,2406
w1176_1224,rolling_shadow_price_exchange::lagrangian_balanced,20260801,23968,BatchInference,RegionA,RegionC,1200,72000,72138,138,7,80,2406
w1176_1224,rolling_shadow_price_exchange::lagrangian_balanced,20260801,23972,AITraining,RegionE,RegionE,1218,73080,73124,44,51,150,2406
w1176_1224,rolling_shadow_price_exchange::lagrangian_balanced,20260801,24011,RealTimeInference,RegionB,RegionB,1187,71220,71399,179,7,20,1190
w1176_1224,rolling_shadow_price_exchange::lagrangian_balanced,20260801,24030,AITraining,RegionD,RegionD,1218,73422,73800,378,55,150,2406
w1176_1224,rolling_shadow_price_exchange::lagrangian_balanced,20260801,24042,BatchInference,RegionB,RegionC,1221,73260,73497,237,6,80,2406
w1176_1224,rolling_shadow_price_exchange::lagrangian_balanced,20260801,24078,BatchInference,RegionE,RegionE,1197,71820,71992,172,18,80,2406
w1176_1224,rolling_shadow_price_exchange::lagrangian_balanced,20260801,24157,AITraining,RegionF,RegionF,1211,72660,72673,13,65,150,2406
w1176_1224,rolling_shadow_price_exchange::lagrangian_balanced,20260801,24171,BatchInference,RegionF,RegionF,1188,71280,71585,305,4,80,2406
w1176_1224,rolling_shadow_price_exchange::lagrangian_balanced,20260801,24174,RealTimeInference,RegionB,RegionB,1180,70800,71037,237,3,20,1184
w1176_1224,rolling_shadow_price_exchange::lagrangian_balanced,20260801,24177,RealTimeInference,RegionD,RegionD,1186,71160,71206,46,1,20,1187
w1176_1224,rolling_shadow_price_exchange::lagrangian_balanced,20260801,24281,AITraining,RegionF,RegionF,1197,71820,72104,284,87,150,2406
w1176_1224,rolling_shadow_price_exchange::lagrangian_balanced,20260801,24295,BatchInference,RegionF,RegionF,1186,71160,71415,255,5,80,2406
w1176_1224,rolling_shadow_price_exchange::lagrangian_balanced,20260801,24339,RealTimeInference,RegionB,RegionB,1182,70920,71142,222,4,20,1186
w1176_1224,rolling_shadow_price_exchange::lagrangian_balanced,20260801,24381,AITraining,RegionA,RegionB,1195,71760,72129,369,22,150,2406
w1176_1224,rolling_shadow_price_exchange::lagrangian_balanced,20260801,24430,RealTimeInference,RegionB,RegionB,1215,72900,73086,186,7,20,1219
w1176_1224,rolling_shadow_price_exchange::lagrangian_balanced,20260801,24565,BatchInference,RegionA,RegionC,1193,71580,71946,366,11,80,2406
w1176_1224,rolling_shadow_price_exchange::lagrangian_balanced,20260801,24569,AITraining,RegionE,RegionE,1199,72000,72391,391,46,150,2406
w1176_1224,rolling_shadow_price_exchange::lagrangian_balanced,20260801,24574,AITraining,RegionD,RegionF,1185,71160,71487,327,18,150,2406
w1176_1224,rolling_shadow_price_exchange::lagrangian_balanced,20260801,24656,RealTimeInference,RegionE,RegionE,1191,71460,71526,66,2,20,1193
w1176_1224,rolling_shadow_price_exchange::lagrangian_balanced,20260801,24690,AITraining,RegionC,RegionC,1211,72660,72763,103,36,150,2406
w1176_1224,rolling_shadow_price_exchange::lagrangian_balanced,20260801,24877,AITraining,RegionE,RegionE,1179,70740,71132,392,62,150,2406
w1176_1224,rolling_shadow_price_exchange::lagrangian_balanced,20260801,24881,RealTimeInference,RegionA,RegionA,1190,71400,71435,35,7,20,1191
w1176_1224,rolling_shadow_price_exchange::lagrangian_balanced,20260801,24982,AITraining,RegionE,RegionE,1177,70620,70636,16,56,150,2406
w1176_1224,rolling_shadow_price_exchange::lagrangian_balanced,20260801,24992,BatchInference,RegionA,RegionA,1209,72540,72820,280,5,80,2406
w1176_1224,rolling_shadow_price_exchange::lagrangian_balanced,20260801,25080,BatchInference,RegionD,RegionF,1207,72840,73198,358,21,80,2406
w1176_1224,rolling_shadow_price_exchange::lagrangian_balanced,20260801,25115,AITraining,RegionF,RegionF,1222,73320,73482,162,98,150,2406
w1176_1224,rolling_shadow_price_exchange::lagrangian_balanced,20260801,25116,RealTimeInference,RegionA,RegionA,1222,73320,73360,40,2,20,1223
w1176_1224,rolling_shadow_price_exchange::lagrangian_balanced,20260801,25144,BatchInference,RegionB,RegionB,1205,72300,72663,363,13,80,2406
w1176_1224,rolling_shadow_price_exchange::lagrangian_balanced,20260801,25172,RealTimeInference,RegionB,RegionB,1199,71940,72182,242,1,20,1204
w1176_1224,rolling_shadow_price_exchange::lagrangian_balanced,20260801,25177,RealTimeInference,RegionB,RegionB,1211,72660,72905,245,5,20,1216
w1176_1224,rolling_shadow_price_exchange::lagrangian_balanced,20260801,25247,AITraining,RegionA,RegionC,1184,71040,71381,341,19,150,2406
w1176_1224,rolling_shadow_price_exchange::lagrangian_balanced,20260801,25442,RealTimeInference,RegionC,RegionC,1206,72360,72717,357,7,20,1212
w1176_1224,rolling_shadow_price_exchange::lagrangian_balanced,20260801,25493,RealTimeInference,RegionB,RegionB,1185,71100,71485,385,3,20,1192
w1176_1224,rolling_shadow_price_exchange::lagrangian_balanced,20260801,25556,BatchInference,RegionA,RegionC,1186,71160,71557,397,17,80,2406
w1176_1224,rolling_shadow_price_exchange::lagrangian_balanced,20260801,25572,RealTimeInference,RegionB,RegionB,1201,72060,72103,43,6,20,1202
w1176_1224,rolling_shadow_price_exchange::lagrangian_balanced,20260801,25577,RealTimeInference,RegionA,RegionA,1207,72420,72761,341,7,20,1213
w1176_1224,rolling_shadow_price_exchange::lagrangian_balanced,20260801,25681,AITraining,RegionD,RegionE,1177,70860,71253,393,42,150,2406
w1176_1224,rolling_shadow_price_exchange::lagrangian_balanced,20260801,25718,BatchInference,RegionE,RegionE,1223,73380,73684,304,21,80,2406
w1176_1224,rolling_shadow_price_exchange::lagrangian_balanced,20260801,25778,RealTimeInference,RegionF,RegionF,1216,72960,73300,340,6,20,1222
w1176_1224,rolling_shadow_price_exchange::lagrangian_balanced,20260801,25784,AITraining,RegionF,RegionE,1176,70560,70612,52,106,150,2406
w1176_1224,rolling_shadow_price_exchange::lagrangian_balanced,20260801,25909,RealTimeInference,RegionE,RegionE,1176,70560,70954,394,1,20,1183
w1176_1224,rolling_shadow_price_exchange::lagrangian_balanced,20260801,26008,AITraining,RegionA,RegionB,1221,73559,73800,241,126,150,2406
w1176_1224,rolling_shadow_price_exchange::lagrangian_balanced,20260801,26065,BatchInference,RegionD,RegionE,1176,70560,70882,322,10,80,2406
w1176_1224,rolling_shadow_price_exchange::lagrangian_balanced,20260801,26079,RealTimeInference,RegionC,RegionC,1211,72660,72688,28,6,20,1212
w1176_1224,rolling_shadow_price_exchange::lagrangian_balanced,20260801,26086,BatchInference,RegionF,RegionF,1194,71640,71932,292,12,80,2406
w1176_1224,rolling_shadow_price_exchange::lagrangian_balanced,20260801,26119,AITraining,RegionF,RegionE,1197,71820,71862,42,45,150,2406
w1176_1224,rolling_shadow_price_exchange::lagrangian_balanced,20260801,26189,AITraining,RegionE,RegionE,1223,73440,73664,224,54,150,2406
w1176_1224,rolling_shadow_price_exchange::lagrangian_balanced,20260801,26288,RealTimeInference,RegionC,RegionC,1216,72960,73179,219,3,20,1220
w1176_1224,rolling_shadow_price_exchange::lagrangian_balanced,20260801,26359,RealTimeInference,RegionB,RegionB,1203,72180,72505,325,4,20,1209
w1176_1224,rolling_shadow_price_exchange::lagrangian_balanced,20260801,26494,AITraining,RegionC,RegionC,1198,71880,72149,269,18,150,2406
w1176_1224,rolling_shadow_price_exchange::lagrangian_balanced,20260801,26737,AITraining,RegionD,RegionF,1189,71520,71594,74,40,150,2406
w1176_1224,rolling_shadow_price_exchange::lagrangian_balanced,20260801,26738,BatchInference,RegionB,RegionC,1177,70620,70940,320,14,80,2406
w1176_1224,rolling_shadow_price_exchange::lagrangian_balanced,20260801,26777,BatchInference,RegionB,RegionC,1193,71580,71705,125,18,80,2406
w1176_1224,rolling_shadow_price_exchange::lagrangian_balanced,20260801,26780,BatchInference,RegionD,RegionF,1210,72840,73220,380,15,80,2406
w1176_1224,rolling_shadow_price_exchange::lagrangian_balanced,20260801,26782,RealTimeInference,RegionA,RegionA,1214,72840,73163,323,2,20,1220
w1176_1224,rolling_shadow_price_exchange::lagrangian_balanced,20260801,26804,AITraining,RegionD,RegionE,1217,73500,73779,279,103,150,2406
w1176_1224,rolling_shadow_price_exchange::lagrangian_balanced,20260801,26808,BatchInference,RegionA,RegionA,1210,72600,72793,193,16,80,2406
w1176_1224,rolling_shadow_price_exchange::lagrangian_balanced,20260801,26882,AITraining,RegionD,RegionF,1185,71160,71356,196,89,150,2406
w1176_1224,rolling_shadow_price_exchange::lagrangian_balanced,20260801,26895,BatchInference,RegionB,RegionB,1201,72060,72299,239,4,80,2406
w1176_1224,rolling_shadow_price_exchange::lagrangian_balanced,20260801,26979,RealTimeInference,RegionA,RegionA,1221,73260,73540,280,1,20,1226
w1176_1224,rolling_shadow_price_exchange::lagrangian_balanced,20260801,27134,BatchInference,RegionD,RegionF,1194,71640,71936,296,14,80,2406
w1176_1224,rolling_shadow_price_exchange::lagrangian_balanced,20260801,27154,AITraining,RegionF,RegionE,1195,71700,71794,94,75,150,2406
w1176_1224,rolling_shadow_price_exchange::lagrangian_balanced,20260801,27175,BatchInference,RegionF,RegionF,1191,71460,71515,55,17,80,2406
w1176_1224,rolling_shadow_price_exchange::lagrangian_balanced,20260801,27203,BatchInference,RegionB,RegionC,1195,71700,71753,53,16,80,2406
w1176_1224,rolling_shadow_price_exchange::lagrangian_balanced,20260801,27242,RealTimeInference,RegionA,RegionA,1192,71520,71640,120,3,20,1194
w1176_1224,rolling_shadow_price_exchange::lagrangian_balanced,20260801,27298,RealTimeInference,RegionC,RegionC,1216,72960,73095,135,7,20,1219
w1176_1224,rolling_shadow_price_exchange::lagrangian_balanced,20260801,27366,BatchInference,RegionA,RegionC,1216,72960,73281,321,22,80,2406
w1176_1224,rolling_shadow_price_exchange::lagrangian_balanced,20260801,27530,BatchInference,RegionA,RegionC,1197,71820,72110,290,10,80,2406
w1176_1224,rolling_shadow_price_exchange::lagrangian_balanced,20260801,27591,BatchInference,RegionB,RegionB,1209,72540,72690,150,11,80,2406
w1176_1224,rolling_shadow_price_exchange::lagrangian_balanced,20260801,27596,RealTimeInference,RegionA,RegionA,1215,72900,73137,237,7,20,1219
w1176_1224,rolling_shadow_price_exchange::lagrangian_balanced,20260801,27703,RealTimeInference,RegionB,RegionB,1191,71460,71821,361,2,20,1198
w1176_1224,rolling_shadow_price_exchange::lagrangian_balanced,20260801,27766,RealTimeInference,RegionA,RegionA,1207,72420,72688,268,6,20,1212
w1176_1224,rolling_shadow_price_exchange::lagrangian_balanced,20260801,27772,AITraining,RegionF,RegionF,1188,71280,71578,298,124,150,2406
w1176_1224,rolling_shadow_price_exchange::lagrangian_balanced,20260801,27886,AITraining,RegionD,RegionE,1210,72960,73121,161,85,150,2406
w1176_1224,rolling_shadow_price_exchange::lagrangian_balanced,20260801,27966,AITraining,RegionE,RegionE,1219,73140,73150,10,105,150,2406
w1176_1224,rolling_shadow_price_exchange::lagrangian_balanced,20260801,28026,RealTimeInference,RegionC,RegionC,1176,70560,70840,280,7,20,1181
w1176_1224,rolling_shadow_price_exchange::lagrangian_balanced,20260801,28028,BatchInference,RegionF,RegionE,1183,70980,71064,84,18,80,2406
w1176_1224,rolling_shadow_price_exchange::lagrangian_balanced,20260801,28079,BatchInference,RegionE,RegionE,1178,70680,70927,247,11,80,2406
w1176_1224,rolling_shadow_price_exchange::lagrangian_balanced,20260801,28132,AITraining,RegionF,RegionF,1199,71940,72012,72,49,150,2406
w1176_1224,rolling_shadow_price_exchange::lagrangian_balanced,20260801,28217,BatchInference,RegionE,RegionE,1176,70560,70869,309,5,80,2406
w1176_1224,rolling_shadow_price_exchange::lagrangian_balanced,20260801,28245,BatchInference,RegionA,RegionC,1216,72960,73280,320,14,80,2406
w1176_1224,rolling_shadow_price_exchange::lagrangian_balanced,20260801,28256,AITraining,RegionF,RegionF,1183,70980,70996,16,48,150,2406
w1176_1224,rolling_shadow_price_exchange::lagrangian_balanced,20260801,28271,RealTimeInference,RegionA,RegionA,1185,71100,71422,322,6,20,1191
w1176_1224,rolling_shadow_price_exchange::lagrangian_balanced,20260801,28293,AITraining,RegionD,RegionE,1177,70620,70927,307,79,150,2406
w1176_1224,rolling_shadow_price_exchange::lagrangian_balanced,20260801,28294,BatchInference,RegionC,RegionC,1220,73200,73379,179,5,80,2406
w1176_1224,rolling_shadow_price_exchange::lagrangian_balanced,20260801,28297,RealTimeInference,RegionA,RegionA,1176,70560,70797,237,5,20,1180
w1176_1224,rolling_shadow_price_exchange::lagrangian_balanced,20260801,28364,AITraining,RegionD,RegionF,1193,72000,72306,306,53,150,2406
w1176_1224,rolling_shadow_price_exchange::lagrangian_balanced,20260801,28407,AITraining,RegionF,RegionF,1220,73200,73434,234,44,150,2406
w1176_1224,rolling_shadow_price_exchange::lagrangian_balanced,20260801,28479,BatchInference,RegionD,RegionE,1187,71520,71880,360,21,80,2406
w1176_1224,rolling_shadow_price_exchange::lagrangian_balanced,20260801,28482,AITraining,RegionD,RegionE,1217,73080,73163,83,99,150,2406
w1176_1224,rolling_shadow_price_exchange::lagrangian_balanced,20260801,28494,AITraining,RegionA,RegionC,1201,72060,72171,111,43,150,2406
w1176_1224,rolling_shadow_price_exchange::lagrangian_balanced,20260801,28657,AITraining,RegionF,RegionE,1179,70980,71154,174,91,150,2406
w1176_1224,rolling_shadow_price_exchange::lagrangian_balanced,20260801,28731,AITraining,RegionD,RegionD,1183,71160,71421,261,124,150,2406
w1176_1224,rolling_shadow_price_exchange::lagrangian_balanced,20260801,28759,AITraining,RegionD,RegionF,1204,72540,72804,264,72,150,2406
w1176_1224,rolling_shadow_price_exchange::lagrangian_balanced,20260801,28804,AITraining,RegionD,RegionF,1206,72600,72812,212,125,150,2406
w1176_1224,rolling_shadow_price_exchange::lagrangian_balanced,20260801,28814,BatchInference,RegionE,RegionE,1205,72300,72426,126,23,80,2406
w1176_1224,rolling_shadow_price_exchange::lagrangian_balanced,20260801,28904,RealTimeInference,RegionB,RegionB,1219,73140,73301,161,6,20,1222
w1176_1224,rolling_shadow_price_exchange::lagrangian_balanced,20260801,28929,BatchInference,RegionB,RegionC,1222,73320,73435,115,16,80,2406
w1176_1224,rolling_shadow_price_exchange::lagrangian_balanced,20260801,29042,BatchInference,RegionD,RegionF,1212,72780,72999,219,21,80,2406
w1176_1224,rolling_shadow_price_exchange::lagrangian_balanced,20260801,29086,AITraining,RegionD,RegionF,1206,72420,72511,91,58,150,2406
w1176_1224,rolling_shadow_price_exchange::lagrangian_balanced,20260801,29181,AITraining,RegionF,RegionF,1184,71040,71293,253,36,150,2406
w1176_1224,rolling_shadow_price_exchange::lagrangian_balanced,20260801,29339,RealTimeInference,RegionC,RegionC,1191,71460,71555,95,3,20,1193
w1176_1224,rolling_shadow_price_exchange::lagrangian_balanced,20260801,29458,BatchInference,RegionF,RegionF,1180,70800,70886,86,22,80,2406
w1176_1224,rolling_shadow_price_exchange::lagrangian_balanced,20260801,29461,AITraining,RegionD,RegionE,1194,71640,71968,328,30,150,2406
w1176_1224,rolling_shadow_price_exchange::lagrangian_balanced,20260801,29511,BatchInference,RegionA,RegionC,1198,71880,71910,30,19,80,2406
w1176_1224,rolling_shadow_price_exchange::lagrangian_balanced,20260801,29576,BatchInference,RegionF,RegionF,1200,72000,72037,37,12,80,2406
w1176_1224,rolling_shadow_price_exchange::lagrangian_balanced,20260801,29622,BatchInference,RegionF,RegionF,1203,72180,72240,60,19,80,2406
w1176_1224,rolling_shadow_price_exchange::lagrangian_balanced,20260801,29636,RealTimeInference,RegionA,RegionA,1204,72240,72390,150,6,20,1207
w1176_1224,rolling_shadow_price_exchange::lagrangian_balanced,20260801,29653,AITraining,RegionE,RegionE,1192,71520,71658,138,34,150,2406
w1176_1224,rolling_shadow_price_exchange::lagrangian_balanced,20260801,29755,RealTimeInference,RegionA,RegionA,1213,72780,73179,399,7,20,1220
w1176_1224,rolling_shadow_price_exchange::lagrangian_balanced,20260801,29799,RealTimeInference,RegionF,RegionF,1215,72900,73000,100,4,20,1217
w1176_1224,rolling_shadow_price_exchange::lagrangian_balanced,20260801,29826,RealTimeInference,RegionA,RegionA,1222,73320,73585,265,1,20,1227
w1176_1224,rolling_shadow_price_exchange::lagrangian_balanced,20260801,29832,AITraining,RegionA,RegionB,1207,72720,72977,257,41,150,2406
w1176_1224,rolling_shadow_price_exchange::lagrangian_balanced,20260801,29862,BatchInference,RegionD,RegionF,1201,72240,72333,93,22,80,2406
w1176_1224,rolling_shadow_price_exchange::lagrangian_balanced,20260801,29872,AITraining,RegionC,RegionC,1191,71460,71598,138,55,150,2406
w1176_1224,rolling_shadow_price_exchange::lagrangian_balanced,20260801,29922,AITraining,RegionE,RegionE,1205,72300,72384,84,24,150,2406
w1176_1224,rolling_shadow_price_exchange::lagrangian_balanced,20260801,30033,AITraining,RegionE,RegionE,1199,71940,72323,383,42,150,2406
w1176_1224,rolling_shadow_price_exchange::lagrangian_balanced,20260801,30044,RealTimeInference,RegionA,RegionA,1191,71460,71833,373,1,20,1198
w1176_1224,rolling_shadow_price_exchange::lagrangian_balanced,20260801,30047,RealTimeInference,RegionC,RegionC,1206,72360,72640,280,1,20,1211
w1176_1224,rolling_shadow_price_exchange::lagrangian_balanced,20260801,30056,RealTimeInference,RegionA,RegionA,1190,71400,71756,356,4,20,1196
w1176_1224,rolling_shadow_price_exchange::lagrangian_balanced,20260801,30088,BatchInference,RegionA,RegionC,1195,71700,71738,38,15,80,2406
w1176_1224,rolling_shadow_price_exchange::lagrangian_balanced,20260801,30119,RealTimeInference,RegionC,RegionC,1210,72600,72882,282,6,20,1215
w1176_1224,rolling_shadow_price_exchange::lagrangian_balanced,20260801,30187,BatchInference,RegionA,RegionC,1216,72960,73070,110,5,80,2406
w1176_1224,rolling_shadow_price_exchange::lagrangian_balanced,20260801,30188,RealTimeInference,RegionA,RegionA,1222,73320,73711,391,2,20,1229
w1176_1224,rolling_shadow_price_exchange::lagrangian_balanced,20260801,30228,RealTimeInference,RegionB,RegionB,1211,72660,72973,313,3,20,1217
w1176_1224,rolling_shadow_price_exchange::lagrangian_balanced,20260801,30256,AITraining,RegionE,RegionE,1201,72060,72261,201,86,150,2406
w1176_1224,rolling_shadow_price_exchange::lagrangian_balanced,20260801,30290,AITraining,RegionF,RegionF,1191,71460,71601,141,63,150,2406
w1176_1224,rolling_shadow_price_exchange::lagrangian_balanced,20260801,30384,AITraining,RegionD,RegionD,1203,72180,72462,282,64,150,2406
w1176_1224,rolling_shadow_price_exchange::lagrangian_balanced,20260801,30392,RealTimeInference,RegionB,RegionB,1191,71460,71757,297,2,20,1196
w1176_1224,rolling_shadow_price_exchange::lagrangian_balanced,20260801,30396,AITraining,RegionF,RegionF,1206,72360,72624,264,78,150,2406
w1176_1224,rolling_shadow_price_exchange::lagrangian_balanced,20260801,30501,RealTimeInference,RegionA,RegionA,1179,70740,70814,74,4,20,1181
w1176_1224,rolling_shadow_price_exchange::lagrangian_balanced,20260801,30553,RealTimeInference,RegionD,RegionD,1192,71520,71860,340,4,20,1198
w1176_1224,rolling_shadow_price_exchange::lagrangian_balanced,20260801,30579,BatchInference,RegionF,RegionF,1191,71460,71493,33,22,80,2406
w1176_1224,rolling_shadow_price_exchange::lagrangian_balanced,20260801,30596,BatchInference,RegionC,RegionC,1215,72900,73223,323,9,80,2406
w1176_1224,rolling_shadow_price_exchange::lagrangian_balanced,20260801,30634,BatchInference,RegionB,RegionB,1207,72420,72781,361,23,80,2406
w1176_1224,rolling_shadow_price_exchange::lagrangian_balanced,20260801,30663,RealTimeInference,RegionC,RegionC,1205,72300,72475,175,7,20,1208
w1176_1224,rolling_shadow_price_exchange::lagrangian_balanced,20260801,30668,BatchInference,RegionC,RegionC,1183,70980,71248,268,14,80,2406
w1176_1224,rolling_shadow_price_exchange::lagrangian_balanced,20260801,30707,BatchInference,RegionC,RegionC,1197,71820,72172,352,12,80,2406
w1176_1224,rolling_shadow_price_exchange::lagrangian_balanced,20260801,30751,RealTimeInference,RegionA,RegionA,1181,70860,71185,325,4,20,1187
w1176_1224,rolling_shadow_price_exchange::lagrangian_balanced,20260801,30756,AITraining,RegionF,RegionF,1183,70980,71372,392,113,150,2406
w1176_1224,rolling_shadow_price_exchange::lagrangian_balanced,20260801,30786,BatchInference,RegionC,RegionC,1196,71760,71842,82,7,80,2406
w1176_1224,rolling_shadow_price_exchange::lagrangian_balanced,20260801,30908,AITraining,RegionA,RegionB,1185,71100,71342,242,42,150,2406
w1176_1224,rolling_shadow_price_exchange::lagrangian_balanced,20260801,30910,BatchInference,RegionB,RegionB,1186,71160,71513,353,12,80,2406
w1176_1224,rolling_shadow_price_exchange::lagrangian_balanced,20260801,30967,BatchInference,RegionA,RegionB,1207,72420,72698,278,15,80,2406
w1176_1224,rolling_shadow_price_exchange::lagrangian_balanced,20260801,30974,AITraining,RegionC,RegionC,1184,71160,71477,317,126,150,2406
w1176_1224,rolling_shadow_price_exchange::lagrangian_balanced,20260801,30993,BatchInference,RegionA,RegionC,1195,71700,71875,175,4,80,2406
w1176_1224,rolling_shadow_price_exchange::lagrangian_balanced,20260801,31021,BatchInference,RegionB,RegionB,1208,72480,72752,272,15,80,2406
w1176_1224,rolling_shadow_price_exchange::lagrangian_balanced,20260801,31063,RealTimeInference,RegionC,RegionC,1204,72240,72525,285,3,20,1209
w1176_1224,rolling_shadow_price_exchange::lagrangian_balanced,20260801,31091,AITraining,RegionF,RegionF,1201,72060,72147,87,107,150,2406
w1176_1224,rolling_shadow_price_exchange::lagrangian_balanced,20260801,31134,AITraining,RegionE,RegionE,1191,71460,71654,194,90,150,2406
w1176_1224,rolling_shadow_price_exchange::lagrangian_balanced,20260801,31135,AITraining,RegionE,RegionE,1184,71040,71311,271,60,150,2406
w1176_1224,rolling_shadow_price_exchange::lagrangian_balanced,20260801,31140,AITraining,RegionD,RegionE,1197,71820,71844,24,115,150,2406
w1176_1224,rolling_shadow_price_exchange::lagrangian_balanced,20260801,31143,BatchInference,RegionE,RegionE,1191,71460,71731,271,23,80,2406
w1176_1224,rolling_shadow_price_exchange::lagrangian_balanced,20260801,31144,RealTimeInference,RegionA,RegionA,1202,72120,72251,131,3,20,1205
w1176_1224,rolling_shadow_price_exchange::lagrangian_balanced,20260801,31257,AITraining,RegionD,RegionF,1211,73421,73800,379,118,150,2406
w1176_1224,rolling_shadow_price_exchange::lagrangian_balanced,20260801,31281,BatchInference,RegionF,RegionF,1200,72000,72256,256,21,80,2406
w1176_1224,rolling_shadow_price_exchange::lagrangian_balanced,20260801,31333,RealTimeInference,RegionC,RegionC,1197,71820,72134,314,2,20,1203
w1176_1224,rolling_shadow_price_exchange::lagrangian_balanced,20260801,31335,BatchInference,RegionA,RegionC,1203,72180,72381,201,8,80,2406
w1176_1224,rolling_shadow_price_exchange::lagrangian_balanced,20260801,31413,BatchInference,RegionA,RegionB,1205,72300,72375,75,12,80,2406
w1176_1224,rolling_shadow_price_exchange::lagrangian_balanced,20260801,31462,AITraining,RegionE,RegionE,1188,71280,71677,397,28,150,2406
w1176_1224,rolling_shadow_price_exchange::lagrangian_balanced,20260801,31560,RealTimeInference,RegionB,RegionB,1185,71100,71330,230,1,20,1189
w1176_1224,rolling_shadow_price_exchange::lagrangian_balanced,20260801,31632,BatchInference,RegionC,RegionC,1202,72120,72405,285,18,80,2406
w1176_1224,rolling_shadow_price_exchange::lagrangian_balanced,20260801,31698,BatchInference,RegionC,RegionC,1193,71580,71627,47,19,80,2406
w1176_1224,rolling_shadow_price_exchange::lagrangian_balanced,20260801,31879,AITraining,RegionB,RegionC,1185,71100,71155,55,67,150,2406
w1176_1224,rolling_shadow_price_exchange::lagrangian_balanced,20260801,31910,RealTimeInference,RegionC,RegionC,1184,71040,71426,386,1,20,1191
w1176_1224,rolling_shadow_price_exchange::lagrangian_balanced,20260801,31937,BatchInference,RegionF,RegionF,1223,73380,73736,356,15,80,2406
w1176_1224,rolling_shadow_price_exchange::lagrangian_balanced,20260801,32072,BatchInference,RegionC,RegionC,1176,70560,70673,113,13,80,2406
w1176_1224,rolling_shadow_price_exchange::lagrangian_balanced,20260801,32076,BatchInference,RegionA,RegionB,1181,70860,70981,121,23,80,2406
w1176_1224,rolling_shadow_price_exchange::lagrangian_balanced,20260801,32120,RealTimeInference,RegionC,RegionC,1208,72480,72599,119,4,20,1210
w1176_1224,rolling_shadow_price_exchange::lagrangian_balanced,20260801,32209,AITraining,RegionD,RegionF,1188,71520,71624,104,101,150,2406
w1176_1224,rolling_shadow_price_exchange::lagrangian_balanced,20260801,32265,RealTimeInference,RegionD,RegionD,1184,71040,71283,243,6,20,1189
w1176_1224,rolling_shadow_price_exchange::lagrangian_balanced,20260801,32324,AITraining,RegionF,RegionF,1190,71400,71521,121,91,150,2406
w1176_1224,rolling_shadow_price_exchange::lagrangian_balanced,20260801,32364,BatchInference,RegionA,RegionB,1181,70860,71143,283,18,80,2406
w1176_1224,rolling_shadow_price_exchange::lagrangian_balanced,20260801,32476,AITraining,RegionB,RegionB,1200,72000,72335,335,104,150,2406
w1176_1224,rolling_shadow_price_exchange::lagrangian_balanced,20260801,32490,AITraining,RegionD,RegionF,1223,73500,73717,217,101,150,2406
w1176_1224,rolling_shadow_price_exchange::lagrangian_balanced,20260801,32534,BatchInference,RegionF,RegionF,1205,72300,72433,133,14,80,2406
w1176_1224,rolling_shadow_price_exchange::lagrangian_balanced,20260801,32602,AITraining,RegionD,RegionE,1220,73260,73378,118,67,150,2406
w1176_1224,rolling_shadow_price_exchange::lagrangian_balanced,20260801,32611,AITraining,RegionE,RegionE,1215,72900,73106,206,77,150,2406
w1176_1224,rolling_shadow_price_exchange::lagrangian_balanced,20260801,32659,AITraining,RegionF,RegionF,1206,72360,72399,39,102,150,2406
w1176_1224,rolling_shadow_price_exchange::lagrangian_balanced,20260801,32780,BatchInference,RegionC,RegionC,1209,72540,72553,13,15,80,2406
w1176_1224,rolling_shadow_price_exchange::lagrangian_balanced,20260801,32845,BatchInference,RegionB,RegionC,1219,73320,73636,316,19,80,2406
w1176_1224,rolling_shadow_price_exchange::lagrangian_balanced,20260801,32944,RealTimeInference,RegionB,RegionB,1200,72000,72217,217,1,20,1204
w1176_1224,rolling_shadow_price_exchange::lagrangian_balanced,20260801,32989,RealTimeInference,RegionA,RegionA,1188,71280,71452,172,7,20,1191
w1176_1224,rolling_shadow_price_exchange::lagrangian_balanced,20260801,33114,RealTimeInference,RegionB,RegionB,1222,73320,73459,139,2,20,1225
w1176_1224,rolling_shadow_price_exchange::lagrangian_balanced,20260801,33276,AITraining,RegionA,RegionC,1221,73320,73503,183,43,150,2406
w1176_1224,rolling_shadow_price_exchange::lagrangian_balanced,20260801,33344,BatchInference,RegionC,RegionC,1187,71220,71348,128,8,80,2406
w1176_1224,rolling_shadow_price_exchange::lagrangian_balanced,20260801,33493,RealTimeInference,RegionA,RegionA,1200,72000,72369,369,5,20,1207
w1176_1224,rolling_shadow_price_exchange::lagrangian_balanced,20260801,33611,AITraining,RegionC,RegionC,1200,72000,72279,279,16,150,2406
w1176_1224,rolling_shadow_price_exchange::lagrangian_balanced,20260801,33767,RealTimeInference,RegionD,RegionD,1202,72120,72474,354,7,20,1208
w1176_1224,rolling_shadow_price_exchange::lagrangian_balanced,20260801,33781,AITraining,RegionA,RegionB,1186,71160,71250,90,44,150,2406
w1176_1224,rolling_shadow_price_exchange::lagrangian_balanced,20260801,33787,BatchInference,RegionF,RegionF,1211,72660,72858,198,19,80,2406
w1176_1224,rolling_shadow_price_exchange::lagrangian_balanced,20260801,33956,BatchInference,RegionD,RegionD,1221,73260,73490,230,17,80,2406
w1176_1224,rolling_shadow_price_exchange::lagrangian_balanced,20260801,33980,BatchInference,RegionB,RegionC,1218,73080,73389,309,15,80,2406
w1176_1224,rolling_shadow_price_exchange::lagrangian_balanced,20260801,34088,RealTimeInference,RegionC,RegionC,1198,71880,72186,306,3,20,1204
w1176_1224,rolling_shadow_price_exchange::lagrangian_balanced,20260801,34146,AITraining,RegionE,RegionE,1210,72600,72757,157,35,150,2406
w1176_1224,rolling_shadow_price_exchange::lagrangian_balanced,20260801,34234,RealTimeInference,RegionA,RegionA,1212,72720,72791,71,6,20,1214
w1176_1224,rolling_shadow_price_exchange::lagrangian_balanced,20260801,34268,BatchInference,RegionB,RegionB,1185,71100,71451,351,16,80,2406
w1176_1224,rolling_shadow_price_exchange::lagrangian_balanced,20260801,34273,BatchInference,RegionA,RegionB,1202,72120,72202,82,5,80,2406
w1176_1224,rolling_shadow_price_exchange::lagrangian_balanced,20260801,34292,BatchInference,RegionF,RegionF,1222,73320,73562,242,11,80,2406
w1176_1224,rolling_shadow_price_exchange::lagrangian_balanced,20260801,34343,AITraining,RegionE,RegionE,1203,72180,72278,98,27,150,2406
w1176_1224,rolling_shadow_price_exchange::lagrangian_balanced,20260801,34444,BatchInference,RegionA,RegionB,1180,70800,71081,281,20,80,2406
w1176_1224,rolling_shadow_price_exchange::lagrangian_balanced,20260801,34452,AITraining,RegionD,RegionE,1196,71760,71991,231,25,150,2406
w1176_1224,rolling_shadow_price_exchange::lagrangian_balanced,20260801,34482,AITraining,RegionF,RegionF,1212,72720,73042,322,34,150,2406
w1176_1224,rolling_shadow_price_exchange::lagrangian_balanced,20260801,34483,RealTimeInference,RegionA,RegionA,1201,72060,72259,199,6,20,1205
w1176_1224,rolling_shadow_price_exchange::lagrangian_balanced,20260801,34579,AITraining,RegionE,RegionE,1192,71520,71700,180,41,150,2406
w1176_1224,rolling_shadow_price_exchange::lagrangian_balanced,20260801,34582,AITraining,RegionC,RegionC,1185,71100,71424,324,58,150,2406
w1176_1224,rolling_shadow_price_exchange::lagrangian_balanced,20260801,34696,RealTimeInference,RegionB,RegionB,1176,70560,70652,92,4,20,1178
w1176_1224,rolling_shadow_price_exchange::lagrangian_balanced,20260801,34718,BatchInference,RegionF,RegionF,1189,71340,71705,365,10,80,2406
w1176_1224,rolling_shadow_price_exchange::lagrangian_balanced,20260801,34743,BatchInference,RegionD,RegionD,1192,71520,71530,10,18,80,2406
w1176_1224,rolling_shadow_price_exchange::lagrangian_balanced,20260801,34788,AITraining,RegionE,RegionE,1180,70800,70817,17,40,150,2406
w1176_1224,rolling_shadow_price_exchange::lagrangian_balanced,20260801,34802,RealTimeInference,RegionC,RegionC,1194,71640,71974,334,6,20,1200
w1176_1224,rolling_shadow_price_exchange::lagrangian_balanced,20260801,34821,AITraining,RegionE,RegionE,1190,71400,71706,306,119,150,2406
w1176_1224,rolling_shadow_price_exchange::lagrangian_balanced,20260801,34832,AITraining,RegionD,RegionE,1187,71520,71604,84,111,150,2406
w1176_1224,rolling_shadow_price_exchange::lagrangian_balanced,20260801,35019,AITraining,RegionF,RegionE,1208,72780,73075,295,114,150,2406
w1176_1224,rolling_shadow_price_exchange::lagrangian_balanced,20260801,35032,RealTimeInference,RegionC,RegionC,1182,70920,71003,83,2,20,1184
w1176_1224,rolling_shadow_price_exchange::lagrangian_balanced,20260801,35039,BatchInference,RegionE,RegionE,1202,72120,72338,218,20,80,2406
w1176_1224,rolling_shadow_price_exchange::lagrangian_balanced,20260801,35042,RealTimeInference,RegionA,RegionA,1212,72720,72862,142,7,20,1215
w1176_1224,rolling_shadow_price_exchange::lagrangian_balanced,20260801,35060,RealTimeInference,RegionA,RegionA,1221,73260,73384,124,4,20,1224
w1176_1224,rolling_shadow_price_exchange::lagrangian_balanced,20260801,35090,AITraining,RegionE,RegionE,1187,71220,71566,346,111,150,2406
w1176_1224,rolling_shadow_price_exchange::lagrangian_balanced,20260801,35103,RealTimeInference,RegionB,RegionB,1179,70740,70776,36,3,20,1180
w1176_1224,rolling_shadow_price_exchange::lagrangian_balanced,20260801,35171,AITraining,RegionF,RegionF,1208,72480,72777,297,27,150,2406
w1176_1224,rolling_shadow_price_exchange::lagrangian_balanced,20260801,35189,AITraining,RegionE,RegionE,1194,71820,71994,174,77,150,2406
w1176_1224,rolling_shadow_price_exchange::lagrangian_balanced,20260801,35219,AITraining,RegionD,RegionF,1178,70680,70788,108,19,150,2406
w1176_1224,rolling_shadow_price_exchange::lagrangian_balanced,20260801,35236,RealTimeInference,RegionC,RegionC,1218,73080,73410,330,3,20,1224
w1176_1224,rolling_shadow_price_exchange::lagrangian_balanced,20260801,35296,AITraining,RegionF,RegionE,1218,73080,73154,74,62,150,2406
w1176_1224,rolling_shadow_price_exchange::lagrangian_balanced,20260801,35328,BatchInference,RegionE,RegionE,1209,72540,72856,316,16,80,2406
w1176_1224,rolling_shadow_price_exchange::lagrangian_balanced,20260801,35333,BatchInference,RegionD,RegionD,1197,71820,72104,284,16,80,2406
w1176_1224,rolling_shadow_price_exchange::lagrangian_balanced,20260801,35376,BatchInference,RegionA,RegionC,1217,73020,73119,99,8,80,2406
w1176_1224,rolling_shadow_price_exchange::lagrangian_balanced,20260801,35465,RealTimeInference,RegionC,RegionC,1209,72540,72588,48,5,20,1210
w1176_1224,rolling_shadow_price_exchange::lagrangian_balanced,20260801,35503,RealTimeInference,RegionB,RegionB,1222,73320,73503,183,3,20,1226
w1176_1224,rolling_shadow_price_exchange::lagrangian_balanced,20260801,35716,AITraining,RegionA,RegionC,1215,73504,73800,296,123,150,2406
w1176_1224,rolling_shadow_price_exchange::lagrangian_balanced,20260801,35740,RealTimeInference,RegionC,RegionC,1181,70860,71041,181,4,20,1185
w1176_1224,rolling_shadow_price_exchange::lagrangian_balanced,20260801,35747,AITraining,RegionF,RegionE,1181,71100,71284,184,113,150,2406
w1176_1224,rolling_shadow_price_exchange::lagrangian_balanced,20260801,35775,BatchInference,RegionA,RegionC,1194,71640,71719,79,18,80,2406
w1176_1224,rolling_shadow_price_exchange::lagrangian_balanced,20260801,35790,RealTimeInference,RegionA,RegionA,1196,71760,71844,84,7,20,1198
w1176_1224,rolling_shadow_price_exchange::lagrangian_balanced,20260801,35803,AITraining,RegionD,RegionF,1201,72060,72422,362,83,150,2406
w1176_1224,rolling_shadow_price_exchange::lagrangian_balanced,20260801,35852,BatchInference,RegionE,RegionE,1210,72600,72817,217,11,80,2406
w1176_1224,rolling_shadow_price_exchange::lagrangian_balanced,20260801,35886,AITraining,RegionF,RegionF,1208,72540,72694,154,105,150,2406
w1176_1224,rolling_shadow_price_exchange::lagrangian_balanced,20260801,35917,AITraining,RegionE,RegionE,1216,73499,73800,301,66,150,2406
w1176_1224,rolling_shadow_price_exchange::lagrangian_balanced,20260801,35996,RealTimeInference,RegionC,RegionC,1185,71100,71404,304,1,20,1191
w1176_1224,rolling_shadow_price_exchange::lagrangian_balanced,20260801,36004,BatchInference,RegionF,RegionF,1192,71520,71638,118,19,80,2406
w1176_1224,rolling_shadow_price_exchange::lagrangian_balanced,20260801,36023,BatchInference,RegionE,RegionE,1179,70740,70761,21,14,80,2406
w1176_1224,rolling_shadow_price_exchange::lagrangian_balanced,20260801,36058,BatchInference,RegionA,RegionB,1198,71880,72164,284,5,80,2406
w1176_1224,rolling_shadow_price_exchange::lagrangian_balanced,20260801,36085,RealTimeInference,RegionA,RegionA,1213,72780,73109,329,5,20,1219
w1176_1224,rolling_shadow_price_exchange::lagrangian_balanced,20260801,36098,RealTimeInference,RegionA,RegionA,1191,71460,71479,19,5,20,1192
w1176_1224,rolling_shadow_price_exchange::lagrangian_balanced,20260801,36126,BatchInference,RegionC,RegionC,1181,70860,70960,100,10,80,2406
w1176_1224,rolling_shadow_price_exchange::lagrangian_balanced,20260801,36130,RealTimeInference,RegionA,RegionA,1196,71760,72136,376,4,20,1203
w1176_1224,rolling_shadow_price_exchange::lagrangian_balanced,20260801,36145,AITraining,RegionD,RegionE,1192,71640,71740,100,27,150,2406
w1176_1224,rolling_shadow_price_exchange::lagrangian_balanced,20260801,36152,RealTimeInference,RegionB,RegionB,1220,73200,73293,93,2,20,1222
w1176_1224,rolling_shadow_price_exchange::lagrangian_balanced,20260801,36183,RealTimeInference,RegionA,RegionA,1222,73320,73396,76,1,20,1224
w1176_1224,rolling_shadow_price_exchange::lagrangian_balanced,20260801,36225,AITraining,RegionE,RegionE,1204,72240,72423,183,27,150,2406
w1176_1224,rolling_shadow_price_exchange::lagrangian_balanced,20260801,36284,RealTimeInference,RegionB,RegionB,1223,73380,73737,357,1,20,1229
w1176_1224,rolling_shadow_price_exchange::lagrangian_balanced,20260801,36367,AITraining,RegionD,RegionF,1187,71520,71604,84,95,150,2406
w1176_1224,rolling_shadow_price_exchange::lagrangian_balanced,20260801,36474,AITraining,RegionE,RegionE,1223,73380,73425,45,95,150,2406
w1176_1224,rolling_shadow_price_exchange::lagrangian_balanced,20260801,36492,AITraining,RegionD,RegionF,1212,72720,72777,57,110,150,2406
w1176_1224,rolling_shadow_price_exchange::lagrangian_balanced,20260801,36537,AITraining,RegionD,RegionF,1182,70920,71004,84,127,150,2406
w1176_1224,rolling_shadow_price_exchange::lagrangian_balanced,20260801,36587,RealTimeInference,RegionC,RegionC,1223,73380,73640,260,4,20,1228
w1176_1224,rolling_shadow_price_exchange::lagrangian_balanced,20260801,36605,AITraining,RegionE,RegionE,1222,73320,73468,148,117,150,2406
w1176_1224,rolling_shadow_price_exchange::lagrangian_balanced,20260801,36624,BatchInference,RegionC,RegionC,1202,72120,72159,39,13,80,2406
w1176_1224,rolling_shadow_price_exchange::lagrangian_balanced,20260801,36669,BatchInference,RegionB,RegionB,1182,70920,71273,353,16,80,2406
w1176_1224,rolling_shadow_price_exchange::lagrangian_balanced,20260801,36692,BatchInference,RegionE,RegionE,1216,72960,73299,339,22,80,2406
w1176_1224,rolling_shadow_price_exchange::lagrangian_balanced,20260801,36693,RealTimeInference,RegionF,RegionF,1217,73020,73336,316,3,20,1223
w1176_1224,rolling_shadow_price_exchange::lagrangian_balanced,20260801,36695,RealTimeInference,RegionA,RegionA,1182,70920,71076,156,4,20,1185
w1176_1224,rolling_shadow_price_exchange::lagrangian_balanced,20260801,36701,BatchInference,RegionA,RegionC,1216,72960,73160,200,14,80,2406
w1176_1224,rolling_shadow_price_exchange::lagrangian_balanced,20260801,36788,RealTimeInference,RegionB,RegionB,1188,71280,71389,109,2,20,1190
w1176_1224,rolling_shadow_price_exchange::lagrangian_balanced,20260801,36834,RealTimeInference,RegionB,RegionB,1206,72360,72427,67,7,20,1208
w1176_1224,rolling_shadow_price_exchange::lagrangian_balanced,20260801,36855,BatchInference,RegionD,RegionF,1197,71820,71968,148,17,80,2406
w1176_1224,rolling_shadow_price_exchange::lagrangian_balanced,20260801,36903,BatchInference,RegionF,RegionF,1210,72600,72648,48,5,80,2406
w1176_1224,rolling_shadow_price_exchange::lagrangian_balanced,20260801,37144,RealTimeInference,RegionC,RegionC,1197,71820,71941,121,4,20,1200
w1176_1224,rolling_shadow_price_exchange::lagrangian_balanced,20260801,37242,BatchInference,RegionD,RegionF,1177,70620,70913,293,4,80,2406
w1176_1224,rolling_shadow_price_exchange::lagrangian_balanced,20260801,37256,AITraining,RegionF,RegionF,1201,72060,72401,341,21,150,2406
w1176_1224,rolling_shadow_price_exchange::lagrangian_balanced,20260801,37262,AITraining,RegionE,RegionE,1214,72840,73031,191,29,150,2406
w1176_1224,rolling_shadow_price_exchange::lagrangian_balanced,20260801,37341,RealTimeInference,RegionC,RegionC,1213,72780,72931,151,5,20,1216
w1176_1224,rolling_shadow_price_exchange::lagrangian_balanced,20260801,37403,AITraining,RegionD,RegionF,1180,70800,71120,320,47,150,2406
w1176_1224,rolling_shadow_price_exchange::lagrangian_balanced,20260801,37410,BatchInference,RegionB,RegionC,1196,71880,72203,323,17,80,2406
w1176_1224,rolling_shadow_price_exchange::lagrangian_balanced,20260801,37440,RealTimeInference,RegionC,RegionC,1218,73080,73338,258,3,20,1223
w1176_1224,rolling_shadow_price_exchange::lagrangian_balanced,20260801,37442,BatchInference,RegionA,RegionC,1217,73020,73233,213,15,80,2406
w1176_1224,rolling_shadow_price_exchange::lagrangian_balanced,20260801,37476,RealTimeInference,RegionA,RegionA,1216,72960,73208,248,7,20,1221
w1176_1224,rolling_shadow_price_exchange::lagrangian_balanced,20260801,37502,RealTimeInference,RegionA,RegionA,1194,71640,71718,78,1,20,1196
w1176_1224,rolling_shadow_price_exchange::lagrangian_balanced,20260801,37504,RealTimeInference,RegionB,RegionB,1183,70980,71066,86,7,20,1185
w1176_1224,rolling_shadow_price_exchange::lagrangian_balanced,20260801,37509,AITraining,RegionD,RegionF,1204,72300,72375,75,67,150,2406
w1176_1224,rolling_shadow_price_exchange::lagrangian_balanced,20260801,37562,AITraining,RegionD,RegionE,1178,70680,71039,359,83,150,2406
w1176_1224,rolling_shadow_price_exchange::lagrangian_balanced,20260801,37579,AITraining,RegionA,RegionC,1211,72720,72997,277,57,150,2406
w1176_1224,rolling_shadow_price_exchange::lagrangian_balanced,20260801,37691,BatchInference,RegionA,RegionC,1221,73320,73388,68,22,80,2406
w1176_1224,rolling_shadow_price_exchange::lagrangian_balanced,20260801,37701,RealTimeInference,RegionB,RegionB,1176,70560,70752,192,2,20,1180
w1176_1224,rolling_shadow_price_exchange::lagrangian_balanced,20260801,37709,AITraining,RegionF,RegionF,1206,72360,72724,364,73,150,2406
w1176_1224,rolling_shadow_price_exchange::lagrangian_balanced,20260801,37734,RealTimeInference,RegionC,RegionC,1206,72360,72561,201,5,20,1210
w1176_1224,rolling_shadow_price_exchange::lagrangian_balanced,20260801,37774,RealTimeInference,RegionC,RegionC,1198,71880,72120,240,1,20,1202
w1176_1224,rolling_shadow_price_exchange::lagrangian_balanced,20260801,37809,BatchInference,RegionA,RegionB,1190,71400,71685,285,9,80,2406
w1176_1224,rolling_shadow_price_exchange::lagrangian_balanced,20260801,37853,BatchInference,RegionE,RegionE,1181,70860,71210,350,13,80,2406
w1176_1224,rolling_shadow_price_exchange::lagrangian_balanced,20260801,37878,AITraining,RegionE,RegionE,1176,70560,70689,129,119,150,2406
w1176_1224,rolling_shadow_price_exchange::lagrangian_balanced,20260801,37937,AITraining,RegionE,RegionE,1222,73320,73544,224,37,150,2406
w1176_1224,rolling_shadow_price_exchange::lagrangian_balanced,20260801,38036,AITraining,RegionE,RegionE,1216,72960,72994,34,50,150,2406
w1176_1224,rolling_shadow_price_exchange::lagrangian_balanced,20260801,38078,RealTimeInference,RegionA,RegionA,1219,73140,73343,203,1,20,1223
w1176_1224,rolling_shadow_price_exchange::lagrangian_balanced,20260801,38080,BatchInference,RegionC,RegionC,1217,73020,73210,190,11,80,2406
w1176_1224,rolling_shadow_price_exchange::lagrangian_balanced,20260801,38086,AITraining,RegionD,RegionF,1191,71520,71697,177,66,150,2406
w1176_1224,rolling_shadow_price_exchange::lagrangian_balanced,20260801,38161,RealTimeInference,RegionC,RegionC,1221,73260,73464,204,7,20,1225
w1176_1224,rolling_shadow_price_exchange::lagrangian_balanced,20260801,38196,RealTimeInference,RegionA,RegionA,1205,72300,72643,343,1,20,1211
w1176_1224,rolling_shadow_price_exchange::lagrangian_balanced,20260801,38226,RealTimeInference,RegionC,RegionC,1193,71580,71651,71,2,20,1195
w1176_1224,rolling_shadow_price_exchange::lagrangian_balanced,20260801,38292,RealTimeInference,RegionC,RegionC,1203,72180,72480,300,3,20,1208
w1176_1224,rolling_shadow_price_exchange::lagrangian_balanced,20260801,38317,AITraining,RegionE,RegionE,1211,72660,72822,162,75,150,2406
w1176_1224,rolling_shadow_price_exchange::lagrangian_balanced,20260801,38341,BatchInference,RegionB,RegionC,1218,73080,73314,234,17,80,2406
w1176_1224,rolling_shadow_price_exchange::lagrangian_balanced,20260801,38414,BatchInference,RegionB,RegionB,1205,72300,72456,156,7,80,2406
w1176_1224,rolling_shadow_price_exchange::lagrangian_balanced,20260801,38488,RealTimeInference,RegionB,RegionB,1179,70740,70872,132,1,20,1182
w1176_1224,rolling_shadow_price_exchange::lagrangian_balanced,20260801,38527,AITraining,RegionE,RegionE,1203,72180,72569,389,104,150,2406
w1176_1224,rolling_shadow_price_exchange::lagrangian_balanced,20260801,38632,BatchInference,RegionD,RegionE,1176,70560,70598,38,23,80,2406
w1176_1224,rolling_shadow_price_exchange::lagrangian_balanced,20260801,38652,AITraining,RegionE,RegionE,1210,72600,72613,13,77,150,2406
w1176_1224,rolling_shadow_price_exchange::lagrangian_balanced,20260801,38697,AITraining,RegionD,RegionF,1192,71520,71764,244,50,150,2406
w1176_1224,rolling_shadow_price_exchange::lagrangian_balanced,20260801,38707,BatchInference,RegionA,RegionC,1217,73020,73342,322,19,80,2406
w1176_1224,rolling_shadow_price_exchange::lagrangian_balanced,20260801,38718,BatchInference,RegionD,RegionE,1192,71640,71820,180,16,80,2406
w1176_1224,rolling_shadow_price_exchange::lagrangian_balanced,20260801,38762,AITraining,RegionD,RegionF,1192,71520,71795,275,49,150,2406
w1176_1224,rolling_shadow_price_exchange::lagrangian_balanced,20260801,38848,AITraining,RegionE,RegionE,1215,72900,72929,29,99,150,2406
w1176_1224,rolling_shadow_price_exchange::lagrangian_balanced,20260801,38973,AITraining,RegionE,RegionE,1193,71580,71691,111,40,150,2406
w1176_1224,rolling_shadow_price_exchange::lagrangian_balanced,20260801,39030,AITraining,RegionD,RegionD,1182,71160,71455,295,120,150,2406
w1176_1224,rolling_shadow_price_exchange::lagrangian_balanced,20260801,39051,BatchInference,RegionC,RegionC,1189,71340,71480,140,8,80,2406
w1176_1224,rolling_shadow_price_exchange::lagrangian_balanced,20260801,39168,AITraining,RegionD,RegionE,1179,70860,71072,212,101,150,2406
w1176_1224,rolling_shadow_price_exchange::lagrangian_balanced,20260801,39179,RealTimeInference,RegionE,RegionE,1213,72780,72986,206,6,20,1217
w1176_1224,rolling_shadow_price_exchange::lagrangian_balanced,20260801,39267,AITraining,RegionD,RegionF,1217,73020,73057,37,27,150,2406
w1176_1224,rolling_shadow_price_exchange::lagrangian_balanced,20260801,39270,RealTimeInference,RegionC,RegionC,1201,72060,72213,153,3,20,1204
w1176_1224,rolling_shadow_price_exchange::lagrangian_balanced,20260801,39286,AITraining,RegionD,RegionF,1197,71820,72098,278,60,150,2406
w1176_1224,rolling_shadow_price_exchange::lagrangian_balanced,20260801,39361,AITraining,RegionE,RegionE,1219,73140,73437,297,51,150,2406
w1176_1224,rolling_shadow_price_exchange::lagrangian_balanced,20260801,39403,BatchInference,RegionA,RegionB,1212,72720,73026,306,4,80,2406
w1176_1224,rolling_shadow_price_exchange::lagrangian_balanced,20260801,39431,RealTimeInference,RegionB,RegionB,1209,72540,72659,119,5,20,1211
w1176_1224,rolling_shadow_price_exchange::lagrangian_balanced,20260801,39436,BatchInference,RegionA,RegionC,1209,72600,72895,295,19,80,2406
w1176_1224,rolling_shadow_price_exchange::lagrangian_balanced,20260801,39481,AITraining,RegionA,RegionC,1186,71280,71465,185,89,150,2406
w1176_1224,rolling_shadow_price_exchange::lagrangian_balanced,20260801,39621,RealTimeInference,RegionA,RegionA,1208,72480,72843,363,6,20,1215
w1176_1224,rolling_shadow_price_exchange::lagrangian_balanced,20260801,39732,BatchInference,RegionB,RegionB,1190,71400,71742,342,8,80,2406
w1176_1224,rolling_shadow_price_exchange::lagrangian_balanced,20260801,39771,BatchInference,RegionB,RegionC,1194,71880,72276,396,22,80,2406
w1176_1224,rolling_shadow_price_exchange::lagrangian_balanced,20260801,39835,AITraining,RegionF,RegionF,1222,73380,73603,223,64,150,2406
w1176_1224,rolling_shadow_price_exchange::lagrangian_balanced,20260801,39946,BatchInference,RegionF,RegionF,1189,71340,71568,228,4,80,2406
w1176_1224,rolling_shadow_price_exchange::lagrangian_balanced,20260801,39995,AITraining,RegionD,RegionF,1193,72000,72343,343,47,150,2406
w1176_1224,rolling_shadow_price_exchange::lagrangian_balanced,20260801,40007,BatchInference,RegionA,RegionB,1201,72060,72179,119,12,80,2406
w1176_1224,rolling_shadow_price_exchange::lagrangian_balanced,20260801,40047,RealTimeInference,RegionA,RegionA,1216,72960,73036,76,6,20,1218
w1176_1224,rolling_shadow_price_exchange::lagrangian_balanced,20260801,40066,BatchInference,RegionA,RegionC,1217,73020,73139,119,11,80,2406
w1176_1224,rolling_shadow_price_exchange::lagrangian_balanced,20260801,40069,RealTimeInference,RegionB,RegionB,1208,72480,72778,298,2,20,1213
w1176_1224,rolling_shadow_price_exchange::lagrangian_balanced,20260801,40100,RealTimeInference,RegionB,RegionB,1188,71280,71352,72,2,20,1190
w1176_1224,rolling_shadow_price_exchange::lagrangian_balanced,20260801,40129,RealTimeInference,RegionC,RegionC,1206,72360,72747,387,5,20,1213
w1176_1224,rolling_shadow_price_exchange::lagrangian_balanced,20260801,40158,BatchInference,RegionB,RegionB,1189,71340,71623,283,17,80,2406
w1176_1224,rolling_shadow_price_exchange::lagrangian_balanced,20260801,40280,RealTimeInference,RegionC,RegionC,1211,72660,72986,326,6,20,1217
w1176_1224,rolling_shadow_price_exchange::lagrangian_balanced,20260801,40370,AITraining,RegionE,RegionE,1223,73380,73491,111,61,150,2406
w1176_1224,rolling_shadow_price_exchange::lagrangian_balanced,20260801,40414,AITraining,RegionD,RegionE,1203,72420,72540,120,85,150,2406
w1176_1224,rolling_shadow_price_exchange::lagrangian_balanced,20260801,40501,BatchInference,RegionC,RegionC,1187,71220,71429,209,11,80,2406
w1176_1224,rolling_shadow_price_exchange::lagrangian_balanced,20260801,40568,AITraining,RegionE,RegionE,1177,70680,70980,300,113,150,2406
w1176_1224,rolling_shadow_price_exchange::lagrangian_balanced,20260801,40569,AITraining,RegionF,RegionF,1179,70740,70812,72,124,150,2406
w1176_1224,rolling_shadow_price_exchange::lagrangian_balanced,20260801,40574,BatchInference,RegionD,RegionF,1213,72780,72860,80,17,80,2406
w1176_1224,rolling_shadow_price_exchange::lagrangian_balanced,20260801,40576,RealTimeInference,RegionE,RegionE,1187,71220,71318,98,1,20,1189
w1176_1224,rolling_shadow_price_exchange::lagrangian_balanced,20260801,40658,RealTimeInference,RegionB,RegionB,1199,71940,72250,310,1,20,1205
w1176_1224,rolling_shadow_price_exchange::lagrangian_balanced,20260801,40810,AITraining,RegionE,RegionE,1187,71220,71458,238,125,150,2406
w1176_1224,rolling_shadow_price_exchange::lagrangian_balanced,20260801,40927,RealTimeInference,RegionB,RegionB,1194,71640,71966,326,5,20,1200
w1176_1224,rolling_shadow_price_exchange::lagrangian_balanced,20260801,40956,BatchInference,RegionE,RegionE,1195,71700,71902,202,21,80,2406
w1176_1224,rolling_shadow_price_exchange::lagrangian_balanced,20260801,40974,BatchInference,RegionD,RegionE,1218,73080,73117,37,11,80,2406
w1176_1224,rolling_shadow_price_exchange::lagrangian_balanced,20260801,40978,AITraining,RegionD,RegionE,1191,71520,71801,281,49,150,2406
w1176_1224,rolling_shadow_price_exchange::lagrangian_balanced,20260801,40981,BatchInference,RegionD,RegionE,1207,72420,72470,50,5,80,2406
w1176_1224,rolling_shadow_price_exchange::lagrangian_balanced,20260801,41059,BatchInference,RegionD,RegionF,1216,72960,73054,94,11,80,2406
w1176_1224,rolling_shadow_price_exchange::lagrangian_balanced,20260801,41177,AITraining,RegionE,RegionE,1197,71820,72137,317,77,150,2406
w1176_1224,rolling_shadow_price_exchange::lagrangian_balanced,20260801,41374,RealTimeInference,RegionB,RegionB,1190,71400,71486,86,7,20,1192
w1176_1224,rolling_shadow_price_exchange::lagrangian_balanced,20260801,41420,AITraining,RegionE,RegionE,1222,73320,73488,168,90,150,2406
w1176_1224,rolling_shadow_price_exchange::lagrangian_balanced,20260801,41431,RealTimeInference,RegionA,RegionA,1211,72660,72883,223,1,20,1215
w1176_1224,rolling_shadow_price_exchange::lagrangian_balanced,20260801,41457,BatchInference,RegionB,RegionC,1190,71400,71775,375,19,80,2406
w1176_1224,rolling_shadow_price_exchange::lagrangian_balanced,20260801,41472,BatchInference,RegionC,RegionC,1191,71460,71487,27,20,80,2406
w1176_1224,rolling_shadow_price_exchange::lagrangian_balanced,20260801,41483,AITraining,RegionD,RegionF,1195,72180,72453,273,103,150,2406
w1176_1224,rolling_shadow_price_exchange::lagrangian_balanced,20260801,41485,AITraining,RegionE,RegionE,1199,72000,72399,399,60,150,2406
w1176_1224,rolling_shadow_price_exchange::lagrangian_balanced,20260801,41638,BatchInference,RegionE,RegionE,1203,72180,72468,288,19,80,2406
w1176_1224,rolling_shadow_price_exchange::lagrangian_balanced,20260801,41720,AITraining,RegionD,RegionE,1214,73500,73746,246,118,150,2406
w1176_1224,rolling_shadow_price_exchange::lagrangian_balanced,20260801,41741,AITraining,RegionE,RegionE,1180,70800,70973,173,73,150,2406
w1176_1224,rolling_shadow_price_exchange::lagrangian_balanced,20260801,41769,BatchInference,RegionE,RegionE,1188,71280,71427,147,13,80,2406
w1176_1224,rolling_shadow_price_exchange::lagrangian_balanced,20260801,41779,BatchInference,RegionB,RegionC,1201,72060,72157,97,20,80,2406
w1176_1224,rolling_shadow_price_exchange::lagrangian_balanced,20260801,41801,AITraining,RegionE,RegionE,1186,71160,71347,187,82,150,2406
w1176_1224,rolling_shadow_price_exchange::lagrangian_balanced,20260801,41858,BatchInference,RegionB,RegionC,1203,72180,72417,237,9,80,2406
w1176_1224,rolling_shadow_price_exchange::lagrangian_balanced,20260801,41899,BatchInference,RegionD,RegionF,1215,72900,73036,136,18,80,2406
w1176_1224,rolling_shadow_price_exchange::lagrangian_balanced,20260801,41940,BatchInference,RegionE,RegionE,1208,72480,72830,350,9,80,2406
w1176_1224,rolling_shadow_price_exchange::lagrangian_balanced,20260801,42010,RealTimeInference,RegionB,RegionB,1216,72960,73272,312,7,20,1222
w1176_1224,rolling_shadow_price_exchange::lagrangian_balanced,20260801,42023,BatchInference,RegionC,RegionC,1212,72720,72992,272,5,80,2406
w1176_1224,rolling_shadow_price_exchange::lagrangian_balanced,20260801,42027,BatchInference,RegionA,RegionC,1179,70740,71064,324,23,80,2406
w1176_1224,rolling_shadow_price_exchange::lagrangian_balanced,20260801,42162,BatchInference,RegionD,RegionD,1201,72060,72306,246,16,80,2406
w1176_1224,rolling_shadow_price_exchange::lagrangian_balanced,20260801,42175,BatchInference,RegionD,RegionF,1197,71820,72032,212,16,80,2406
w1176_1224,rolling_shadow_price_exchange::lagrangian_balanced,20260801,42205,RealTimeInference,RegionA,RegionA,1195,71700,71789,89,3,20,1197
w1176_1224,rolling_shadow_price_exchange::lagrangian_balanced,20260801,42213,RealTimeInference,RegionB,RegionB,1202,72120,72277,157,2,20,1205
w1176_1224,rolling_shadow_price_exchange::lagrangian_balanced,20260801,42298,RealTimeInference,RegionB,RegionB,1195,71700,71929,229,7,20,1199
w1176_1224,rolling_shadow_price_exchange::lagrangian_balanced,20260801,42362,RealTimeInference,RegionA,RegionA,1221,73260,73371,111,3,20,1223
w1176_1224,rolling_shadow_price_exchange::lagrangian_balanced,20260801,42593,BatchInference,RegionC,RegionC,1200,72000,72128,128,13,80,2406
w1176_1224,rolling_shadow_price_exchange::lagrangian_balanced,20260801,42602,AITraining,RegionF,RegionE,1194,71640,71826,186,22,150,2406
w1176_1224,rolling_shadow_price_exchange::lagrangian_balanced,20260801,42657,RealTimeInference,RegionA,RegionA,1203,72180,72406,226,4,20,1207
w1176_1224,rolling_shadow_price_exchange::lagrangian_balanced,20260801,42707,BatchInference,RegionE,RegionE,1215,72900,73157,257,9,80,2406
w1176_1224,rolling_shadow_price_exchange::lagrangian_balanced,20260801,42730,AITraining,RegionD,RegionE,1183,71340,71677,337,107,150,2406
w1176_1224,rolling_shadow_price_exchange::lagrangian_balanced,20260801,42739,RealTimeInference,RegionC,RegionC,1211,72660,72681,21,5,20,1212
w1176_1224,rolling_shadow_price_exchange::lagrangian_balanced,20260801,42749,BatchInference,RegionB,RegionC,1219,73140,73181,41,19,80,2406
w1176_1224,rolling_shadow_price_exchange::lagrangian_balanced,20260801,42799,BatchInference,RegionE,RegionE,1183,70980,71340,360,23,80,2406
w1176_1224,rolling_shadow_price_exchange::lagrangian_balanced,20260801,42809,AITraining,RegionD,RegionD,1222,73320,73719,399,25,150,2406
w1176_1224,rolling_shadow_price_exchange::lagrangian_balanced,20260801,42820,RealTimeInference,RegionA,RegionA,1214,72840,72950,110,4,20,1216
w1176_1224,rolling_shadow_price_exchange::lagrangian_balanced,20260801,42868,BatchInference,RegionB,RegionB,1210,72600,72712,112,12,80,2406
w1176_1224,rolling_shadow_price_exchange::lagrangian_balanced,20260801,42877,BatchInference,RegionD,RegionF,1207,72420,72537,117,14,80,2406
w1176_1224,rolling_shadow_price_exchange::lagrangian_balanced,20260801,42954,AITraining,RegionD,RegionE,1196,71760,71792,32,101,150,2406
w1176_1224,rolling_shadow_price_exchange::lagrangian_balanced,20260801,42989,BatchInference,RegionE,RegionE,1201,72060,72365,305,13,80,2406
w1176_1224,rolling_shadow_price_exchange::lagrangian_balanced,20260801,43128,AITraining,RegionF,RegionE,1181,71280,71502,222,64,150,2406
w1176_1224,rolling_shadow_price_exchange::lagrangian_balanced,20260801,43442,AITraining,RegionF,RegionE,1176,70560,70735,175,106,150,2406
w1176_1224,rolling_shadow_price_exchange::lagrangian_balanced,20260801,43476,AITraining,RegionA,RegionC,1179,70740,70984,244,73,150,2406
w1176_1224,rolling_shadow_price_exchange::lagrangian_balanced,20260801,43637,BatchInference,RegionD,RegionF,1219,73140,73517,377,13,80,2406
w1176_1224,rolling_shadow_price_exchange::lagrangian_balanced,20260801,43646,AITraining,RegionF,RegionF,1213,72780,72923,143,42,150,2406
w1176_1224,rolling_shadow_price_exchange::lagrangian_balanced,20260801,43737,AITraining,RegionF,RegionF,1218,73417,73800,383,101,150,2406
w1176_1224,rolling_shadow_price_exchange::lagrangian_balanced,20260801,43752,BatchInference,RegionA,RegionB,1180,70800,70953,153,15,80,2406
w1176_1224,rolling_shadow_price_exchange::lagrangian_balanced,20260801,43776,BatchInference,RegionE,RegionE,1219,73140,73324,184,4,80,2406
w1176_1224,rolling_shadow_price_exchange::lagrangian_balanced,20260801,43799,RealTimeInference,RegionA,RegionA,1219,73140,73268,128,5,20,1222
w1176_1224,rolling_shadow_price_exchange::lagrangian_balanced,20260801,43804,AITraining,RegionA,RegionA,1191,72600,72915,315,96,150,2406
w1176_1224,rolling_shadow_price_exchange::lagrangian_balanced,20260801,43847,AITraining,RegionE,RegionE,1185,71100,71466,366,88,150,2406
w1176_1224,rolling_shadow_price_exchange::lagrangian_balanced,20260801,43866,RealTimeInference,RegionB,RegionB,1217,73020,73105,85,6,20,1219
w1176_1224,rolling_shadow_price_exchange::lagrangian_balanced,20260801,43940,RealTimeInference,RegionC,RegionC,1179,70740,70851,111,2,20,1181
w1176_1224,rolling_shadow_price_exchange::lagrangian_balanced,20260801,43947,BatchInference,RegionE,RegionE,1218,73080,73314,234,11,80,2406
w1176_1224,rolling_shadow_price_exchange::lagrangian_balanced,20260801,44054,RealTimeInference,RegionA,RegionA,1188,71280,71543,263,1,20,1193
w1176_1224,rolling_shadow_price_exchange::lagrangian_balanced,20260801,44058,AITraining,RegionF,RegionE,1217,73020,73203,183,35,150,2406
w1176_1224,rolling_shadow_price_exchange::lagrangian_balanced,20260801,44075,AITraining,RegionD,RegionF,1178,70680,70710,30,42,150,2406
w1176_1224,rolling_shadow_price_exchange::lagrangian_balanced,20260801,44111,AITraining,RegionF,RegionF,1195,71700,72040,340,32,150,2406
w1176_1224,rolling_shadow_price_exchange::lagrangian_balanced,20260801,44115,AITraining,RegionD,RegionF,1197,71820,71948,128,19,150,2406
w1176_1224,rolling_shadow_price_exchange::lagrangian_balanced,20260801,44217,BatchInference,RegionA,RegionB,1176,70560,70871,311,9,80,2406
w1176_1224,rolling_shadow_price_exchange::lagrangian_balanced,20260801,44240,BatchInference,RegionC,RegionC,1190,71400,71417,17,8,80,2406
w1176_1224,rolling_shadow_price_exchange::lagrangian_balanced,20260801,44284,AITraining,RegionD,RegionF,1190,71520,71733,213,18,150,2406
w1176_1224,rolling_shadow_price_exchange::lagrangian_balanced,20260801,44354,BatchInference,RegionF,RegionF,1193,71580,71732,152,17,80,2406
w1176_1224,rolling_shadow_price_exchange::lagrangian_balanced,20260801,44368,RealTimeInference,RegionA,RegionA,1178,70680,70843,163,7,20,1181
w1176_1224,rolling_shadow_price_exchange::lagrangian_balanced,20260801,44451,BatchInference,RegionD,RegionD,1188,71280,71511,231,17,80,2406
w1176_1224,rolling_shadow_price_exchange::lagrangian_balanced,20260801,44546,AITraining,RegionD,RegionD,1223,73616,73800,184,126,150,2406
w1176_1224,rolling_shadow_price_exchange::lagrangian_balanced,20260801,44590,AITraining,RegionF,RegionE,1191,71820,72120,300,71,150,2406
w1176_1224,rolling_shadow_price_exchange::lagrangian_balanced,20260801,44692,AITraining,RegionD,RegionE,1183,70980,71043,63,45,150,2406
w1176_1224,rolling_shadow_price_exchange::lagrangian_balanced,20260801,44739,RealTimeInference,RegionB,RegionB,1192,71520,71648,128,2,20,1195
w1176_1224,rolling_shadow_price_exchange::lagrangian_balanced,20260801,44754,AITraining,RegionF,RegionE,1193,71580,71773,193,57,150,2406
w1176_1224,rolling_shadow_price_exchange::lagrangian_balanced,20260801,44798,RealTimeInference,RegionB,RegionB,1217,73020,73080,60,2,20,1218
w1176_1224,rolling_shadow_price_exchange::lagrangian_balanced,20260801,44803,RealTimeInference,RegionA,RegionA,1194,71640,71926,286,4,20,1199
w1176_1224,rolling_shadow_price_exchange::lagrangian_balanced,20260801,44862,AITraining,RegionD,RegionE,1211,72720,72758,38,39,150,2406
w1176_1224,rolling_shadow_price_exchange::lagrangian_balanced,20260801,44879,AITraining,RegionF,RegionF,1194,72180,72545,365,80,150,2406
w1176_1224,rolling_shadow_price_exchange::lagrangian_balanced,20260801,44950,RealTimeInference,RegionC,RegionC,1200,72000,72355,355,1,20,1206
w1176_1224,rolling_shadow_price_exchange::lagrangian_balanced,20260801,44999,BatchInference,RegionB,RegionB,1212,72720,72771,51,7,80,2406
w1176_1224,rolling_shadow_price_exchange::lagrangian_balanced,20260801,45023,BatchInference,RegionE,RegionE,1190,71400,71526,126,19,80,2406
w1176_1224,rolling_shadow_price_exchange::lagrangian_balanced,20260801,45042,RealTimeInference,RegionC,RegionC,1186,71160,71492,332,3,20,1192
w1176_1224,rolling_shadow_price_exchange::lagrangian_balanced,20260801,45080,AITraining,RegionE,RegionE,1199,71940,72317,377,42,150,2406
w1176_1224,rolling_shadow_price_exchange::lagrangian_balanced,20260801,45103,RealTimeInference,RegionA,RegionA,1183,70980,71224,244,3,20,1188
w1176_1224,rolling_shadow_price_exchange::lagrangian_balanced,20260801,45358,AITraining,RegionF,RegionF,1182,70920,71228,308,81,150,2406
w1176_1224,rolling_shadow_price_exchange::lagrangian_balanced,20260801,45387,BatchInference,RegionB,RegionC,1207,72420,72498,78,20,80,2406
w1176_1224,rolling_shadow_price_exchange::lagrangian_balanced,20260801,45408,AITraining,RegionE,RegionE,1187,71220,71279,59,58,150,2406
w1176_1224,rolling_shadow_price_exchange::lagrangian_balanced,20260801,45430,AITraining,RegionF,RegionF,1183,71100,71358,258,118,150,2406
w1176_1224,rolling_shadow_price_exchange::lagrangian_balanced,20260801,45467,BatchInference,RegionD,RegionE,1194,71640,71846,206,9,80,2406
w1176_1224,rolling_shadow_price_exchange::lagrangian_balanced,20260801,45505,AITraining,RegionD,RegionF,1176,70560,70870,310,46,150,2406
w1176_1224,rolling_shadow_price_exchange::lagrangian_balanced,20260801,45520,BatchInference,RegionD,RegionD,1198,71880,72041,161,14,80,2406
w1176_1224,rolling_shadow_price_exchange::lagrangian_balanced,20260801,45585,RealTimeInference,RegionB,RegionB,1201,72060,72126,66,3,20,1203
w1176_1224,rolling_shadow_price_exchange::lagrangian_balanced,20260801,45651,AITraining,RegionE,RegionE,1191,71460,71559,99,37,150,2406
w1176_1224,rolling_shadow_price_exchange::lagrangian_balanced,20260801,45652,AITraining,RegionF,RegionF,1193,71580,71618,38,18,150,2406
w1176_1224,rolling_shadow_price_exchange::lagrangian_balanced,20260801,45666,BatchInference,RegionF,RegionF,1183,70980,71280,300,5,80,2406
w1176_1224,rolling_shadow_price_exchange::lagrangian_balanced,20260801,45701,AITraining,RegionD,RegionE,1203,72540,72882,342,118,150,2406
w1176_1224,rolling_shadow_price_exchange::lagrangian_balanced,20260801,45790,AITraining,RegionF,RegionE,1179,70740,70790,50,113,150,2406
w1176_1224,rolling_shadow_price_exchange::lagrangian_balanced,20260801,45831,AITraining,RegionB,RegionC,1216,72960,73052,92,45,150,2406
w1176_1224,rolling_shadow_price_exchange::lagrangian_balanced,20260801,45888,RealTimeInference,RegionC,RegionC,1213,72780,73170,390,7,20,1220
w1176_1224,rolling_shadow_price_exchange::lagrangian_balanced,20260801,45997,AITraining,RegionD,RegionF,1217,73406,73800,394,116,150,2406
w1176_1224,rolling_shadow_price_exchange::lagrangian_balanced,20260801,46104,AITraining,RegionE,RegionE,1212,72720,72963,243,34,150,2406
w1176_1224,rolling_shadow_price_exchange::lagrangian_balanced,20260801,46141,AITraining,RegionD,RegionE,1219,73140,73354,214,31,150,2406
w1176_1224,rolling_shadow_price_exchange::lagrangian_balanced,20260801,46145,AITraining,RegionF,RegionF,1182,70920,71114,194,69,150,2406
w1176_1224,rolling_shadow_price_exchange::lagrangian_balanced,20260801,46155,BatchInference,RegionC,RegionC,1190,71400,71450,50,14,80,2406
w1176_1224,rolling_shadow_price_exchange::lagrangian_balanced,20260801,46179,RealTimeInference,RegionA,RegionA,1199,71940,72030,90,4,20,1201
w1176_1224,rolling_shadow_price_exchange::lagrangian_balanced,20260801,46236,AITraining,RegionF,RegionE,1178,70980,71210,230,90,150,2406
w1176_1224,rolling_shadow_price_exchange::lagrangian_balanced,20260801,46268,RealTimeInference,RegionC,RegionC,1223,73380,73609,229,2,20,1227
w1176_1224,rolling_shadow_price_exchange::lagrangian_balanced,20260801,46414,AITraining,RegionF,RegionF,1201,72060,72227,167,70,150,2406
w1176_1224,rolling_shadow_price_exchange::lagrangian_balanced,20260801,46438,RealTimeInference,RegionB,RegionB,1182,70920,71282,362,1,20,1189
w1176_1224,rolling_shadow_price_exchange::lagrangian_balanced,20260801,46596,BatchInference,RegionD,RegionE,1199,72060,72278,218,12,80,2406
w1176_1224,rolling_shadow_price_exchange::lagrangian_balanced,20260801,46636,AITraining,RegionF,RegionE,1214,73560,73750,190,102,150,2406
w1176_1224,rolling_shadow_price_exchange::lagrangian_balanced,20260801,46690,RealTimeInference,RegionA,RegionA,1216,72960,73332,372,7,20,1223
w1176_1224,rolling_shadow_price_exchange::lagrangian_balanced,20260801,46753,AITraining,RegionE,RegionE,1202,72120,72302,182,35,150,2406
w1176_1224,rolling_shadow_price_exchange::lagrangian_balanced,20260801,46790,RealTimeInference,RegionA,RegionA,1210,72600,72925,325,4,20,1216
w1176_1224,rolling_shadow_price_exchange::lagrangian_balanced,20260801,46809,AITraining,RegionD,RegionF,1217,73020,73045,25,49,150,2406
w1176_1224,rolling_shadow_price_exchange::lagrangian_balanced,20260801,46847,BatchInference,RegionF,RegionF,1206,72360,72634,274,21,80,2406
w1176_1224,rolling_shadow_price_exchange::lagrangian_balanced,20260801,46925,RealTimeInference,RegionC,RegionC,1211,72660,72967,307,7,20,1217
w1176_1224,rolling_shadow_price_exchange::lagrangian_balanced,20260801,46993,AITraining,RegionD,RegionF,1186,71160,71533,373,62,150,2406
w1176_1224,rolling_shadow_price_exchange::lagrangian_balanced,20260801,47002,BatchInference,RegionD,RegionE,1182,70920,71031,111,15,80,2406
w1176_1224,rolling_shadow_price_exchange::lagrangian_balanced,20260801,47046,AITraining,RegionD,RegionF,1213,72900,73293,393,88,150,2406
w1176_1224,rolling_shadow_price_exchange::lagrangian_balanced,20260801,47057,BatchInference,RegionF,RegionF,1185,71100,71261,161,8,80,2406
w1176_1224,rolling_shadow_price_exchange::lagrangian_balanced,20260801,47185,BatchInference,RegionC,RegionC,1215,72900,73011,111,19,80,2406
w1176_1224,rolling_shadow_price_exchange::lagrangian_balanced,20260801,47294,BatchInference,RegionA,RegionB,1183,71040,71361,321,16,80,2406
w1176_1224,rolling_shadow_price_exchange::lagrangian_balanced,20260801,47393,AITraining,RegionD,RegionE,1192,71880,72169,289,126,150,2406
w1176_1224,rolling_shadow_price_exchange::lagrangian_balanced,20260801,47445,AITraining,RegionC,RegionC,1210,72600,72630,30,95,150,2406
w1176_1224,rolling_shadow_price_exchange::lagrangian_balanced,20260801,47529,BatchInference,RegionF,RegionF,1198,71880,72158,278,9,80,2406
w1176_1224,rolling_shadow_price_exchange::lagrangian_balanced,20260801,47636,AITraining,RegionD,RegionD,1195,71880,72224,344,30,150,2406
w1176_1224,rolling_shadow_price_exchange::lagrangian_balanced,20260801,47681,AITraining,RegionB,RegionC,1195,72000,72091,91,93,150,2406
w1176_1224,rolling_shadow_price_exchange::lagrangian_balanced,20260801,47701,BatchInference,RegionA,RegionC,1217,73020,73362,342,18,80,2406
w1176_1224,rolling_shadow_price_exchange::lagrangian_balanced,20260801,47709,BatchInference,RegionB,RegionB,1193,71580,71590,10,15,80,2406
w1176_1224,rolling_shadow_price_exchange::lagrangian_balanced,20260801,47740,RealTimeInference,RegionA,RegionA,1222,73320,73433,113,2,20,1224
w1176_1224,rolling_shadow_price_exchange::lagrangian_balanced,20260801,47754,BatchInference,RegionB,RegionC,1219,73260,73499,239,22,80,2406
w1176_1224,rolling_shadow_price_exchange::lagrangian_balanced,20260801,47767,BatchInference,RegionB,RegionB,1210,72600,72713,113,5,80,2406
w1176_1224,rolling_shadow_price_exchange::lagrangian_balanced,20260801,47950,RealTimeInference,RegionA,RegionA,1182,70920,70947,27,6,20,1183
w1176_1224,rolling_shadow_price_exchange::lagrangian_balanced,20260801,47956,AITraining,RegionA,RegionC,1206,72660,72983,323,71,150,2406
w1176_1224,rolling_shadow_price_exchange::lagrangian_balanced,20260801,47965,RealTimeInference,RegionB,RegionB,1205,72300,72488,188,3,20,1209
w1176_1224,rolling_shadow_price_exchange::lagrangian_balanced,20260801,47971,AITraining,RegionD,RegionF,1216,72960,73059,99,41,150,2406
w1176_1224,rolling_shadow_price_exchange::lagrangian_balanced,20260801,48022,BatchInference,RegionA,RegionB,1188,71280,71354,74,22,80,2406
w1176_1224,rolling_shadow_price_exchange::lagrangian_balanced,20260801,48041,AITraining,RegionF,RegionF,1202,72120,72170,50,92,150,2406
w1176_1224,rolling_shadow_price_exchange::lagrangian_balanced,20260801,48058,BatchInference,RegionD,RegionE,1189,71340,71363,23,7,80,2406
w1176_1224,rolling_shadow_price_exchange::lagrangian_balanced,20260801,48145,BatchInference,RegionE,RegionE,1218,73080,73395,315,13,80,2406
w1176_1224,rolling_shadow_price_exchange::lagrangian_balanced,20260801,48194,RealTimeInference,RegionA,RegionA,1195,71700,71824,124,7,20,1198
w1176_1224,rolling_shadow_price_exchange::lagrangian_balanced,20260801,48218,AITraining,RegionF,RegionE,1213,73534,73800,266,73,150,2406
w1176_1224,rolling_shadow_price_exchange::lagrangian_balanced,20260801,48277,AITraining,RegionF,RegionF,1185,71160,71243,83,113,150,2406
w1176_1224,rolling_shadow_price_exchange::lagrangian_balanced,20260801,48378,RealTimeInference,RegionA,RegionA,1221,73260,73366,106,3,20,1223
w1176_1224,rolling_shadow_price_exchange::lagrangian_balanced,20260801,48384,RealTimeInference,RegionA,RegionA,1208,72480,72712,232,5,20,1212
w1176_1224,rolling_shadow_price_exchange::lagrangian_balanced,20260801,48412,AITraining,RegionE,RegionE,1206,72360,72682,322,107,150,2406
w1176_1224,rolling_shadow_price_exchange::lagrangian_balanced,20260801,48447,AITraining,RegionF,RegionF,1222,73320,73618,298,44,150,2406
w1176_1224,rolling_shadow_price_exchange::lagrangian_balanced,20260801,48558,AITraining,RegionF,RegionF,1189,71340,71730,390,92,150,2406
w1176_1224,rolling_shadow_price_exchange::lagrangian_balanced,20260801,48574,RealTimeInference,RegionA,RegionA,1181,70860,70956,96,6,20,1183
w1176_1224,rolling_shadow_price_exchange::lagrangian_balanced,20260801,48609,AITraining,RegionE,RegionE,1186,71160,71217,57,106,150,2406
w1176_1224,rolling_shadow_price_exchange::lagrangian_balanced,20260801,48631,AITraining,RegionF,RegionF,1178,70680,71001,321,28,150,2406
w1176_1224,rolling_shadow_price_exchange::lagrangian_balanced,20260801,48639,RealTimeInference,RegionA,RegionA,1184,71040,71137,97,7,20,1186
w1176_1224,rolling_shadow_price_exchange::lagrangian_balanced,20260801,48697,AITraining,RegionF,RegionF,1223,73413,73800,387,91,150,2406
w1176_1224,rolling_shadow_price_exchange::lagrangian_balanced,20260801,48745,RealTimeInference,RegionA,RegionA,1192,71520,71782,262,5,20,1197
w1176_1224,rolling_shadow_price_exchange::lagrangian_balanced,20260801,48751,BatchInference,RegionB,RegionB,1203,72180,72383,203,9,80,2406
w1176_1224,rolling_shadow_price_exchange::lagrangian_balanced,20260801,48831,BatchInference,RegionC,RegionC,1210,72600,72934,334,13,80,2406
w1176_1224,rolling_shadow_price_exchange::lagrangian_balanced,20260801,48899,AITraining,RegionF,RegionE,1181,70860,71162,302,114,150,2406
w1176_1224,rolling_shadow_price_exchange::lagrangian_balanced,20260801,48903,BatchInference,RegionB,RegionB,1183,70980,71082,102,13,80,2406
w1176_1224,rolling_shadow_price_exchange::lagrangian_balanced,20260801,48922,AITraining,RegionD,RegionF,1180,70800,70844,44,112,150,2406
w1176_1224,rolling_shadow_price_exchange::lagrangian_balanced,20260801,48943,BatchInference,RegionC,RegionC,1177,70620,71015,395,7,80,2406
w1176_1224,rolling_shadow_price_exchange::lagrangian_balanced,20260801,48961,AITraining,RegionD,RegionD,1222,73320,73643,323,28,150,2406
w1176_1224,rolling_shadow_price_exchange::lagrangian_balanced,20260801,48963,BatchInference,RegionC,RegionC,1221,73260,73314,54,5,80,2406
w1176_1224,rolling_shadow_price_exchange::lagrangian_balanced,20260801,48970,BatchInference,RegionD,RegionF,1211,72840,73177,337,19,80,2406
w1176_1224,rolling_shadow_price_exchange::lagrangian_balanced,20260801,49008,AITraining,RegionD,RegionE,1210,72900,73146,246,31,150,2406
w1176_1224,rolling_shadow_price_exchange::lagrangian_balanced,20260801,49015,AITraining,RegionD,RegionD,1221,73320,73599,279,21,150,2406
w1176_1224,rolling_shadow_price_exchange::lagrangian_balanced,20260801,49023,RealTimeInference,RegionC,RegionC,1181,70860,71164,304,3,20,1187
w1176_1224,rolling_shadow_price_exchange::lagrangian_balanced,20260801,49155,BatchInference,RegionE,RegionE,1213,72780,73139,359,9,80,2406
w1176_1224,rolling_shadow_price_exchange::lagrangian_balanced,20260801,49174,BatchInference,RegionD,RegionF,1211,72660,73041,381,23,80,2406
w1176_1224,rolling_shadow_price_exchange::lagrangian_balanced,20260801,49377,BatchInference,RegionD,RegionD,1202,72120,72456,336,18,80,2406
w1176_1224,rolling_shadow_price_exchange::lagrangian_balanced,20260801,49393,AITraining,RegionB,RegionC,1206,72780,72969,189,95,150,2406
w1176_1224,rolling_shadow_price_exchange::lagrangian_balanced,20260801,49597,BatchInference,RegionA,RegionC,1215,72900,73255,355,4,80,2406
w1176_1224,rolling_shadow_price_exchange::lagrangian_balanced,20260801,49697,BatchInference,RegionC,RegionC,1187,71220,71520,300,5,80,2406
w1176_1224,rolling_shadow_price_exchange::lagrangian_balanced,20260801,49727,RealTimeInference,RegionA,RegionA,1219,73140,73329,189,7,20,1223
w1176_1224,rolling_shadow_price_exchange::lagrangian_balanced,20260801,49759,AITraining,RegionF,RegionF,1213,72780,73135,355,93,150,2406
w1176_1224,rolling_shadow_price_exchange::lagrangian_balanced,20260801,49821,AITraining,RegionD,RegionF,1196,71880,72057,177,109,150,2406
w1176_1224,rolling_shadow_price_exchange::lagrangian_balanced,20260801,49948,RealTimeInference,RegionC,RegionC,1182,70920,71181,261,4,20,1187
w1176_1224,rolling_shadow_price_exchange::lagrangian_balanced,20260801,49976,BatchInference,RegionF,RegionE,1217,73020,73150,130,8,80,2406
w2328_2400,rolling_shadow_price_exchange::lagrangian_balanced,20260801,56,AITraining,RegionE,RegionE,2394,143640,143880,240,19,150,2406
w2328_2400,rolling_shadow_price_exchange::lagrangian_balanced,20260801,57,BatchInference,RegionE,RegionE,2390,143400,143580,180,16,80,2406
w2328_2400,rolling_shadow_price_exchange::lagrangian_balanced,20260801,116,RealTimeInference,RegionC,RegionC,2338,140280,140519,239,6,20,2342
w2328_2400,rolling_shadow_price_exchange::lagrangian_balanced,20260801,150,RealTimeInference,RegionF,RegionF,2372,142320,142383,63,6,20,2374
w2328_2400,rolling_shadow_price_exchange::lagrangian_balanced,20260801,165,BatchInference,RegionB,RegionB,2390,143400,143505,105,18,80,2406
w2328_2400,rolling_shadow_price_exchange::lagrangian_balanced,20260801,205,BatchInference,RegionB,RegionB,2385,143100,143395,295,6,80,2406
w2328_2400,rolling_shadow_price_exchange::lagrangian_balanced,20260801,235,RealTimeInference,RegionE,RegionE,2378,142680,142708,28,2,20,2379
w2328_2400,rolling_shadow_price_exchange::lagrangian_balanced,20260801,259,AITraining,RegionE,RegionE,2331,139860,140097,237,116,150,2406
w2328_2400,rolling_shadow_price_exchange::lagrangian_balanced,20260801,279,AITraining,RegionE,RegionE,2357,141420,141430,10,88,150,2406
w2328_2400,rolling_shadow_price_exchange::lagrangian_balanced,20260801,315,BatchInference,RegionA,RegionC,2392,143520,143607,87,17,80,2406
w2328_2400,rolling_shadow_price_exchange::lagrangian_balanced,20260801,358,RealTimeInference,RegionC,RegionC,2370,142200,142544,344,1,20,2376
w2328_2400,rolling_shadow_price_exchange::lagrangian_balanced,20260801,384,BatchInference,RegionD,RegionE,2334,140040,140214,174,6,80,2406
w2328_2400,rolling_shadow_price_exchange::lagrangian_balanced,20260801,403,BatchInference,RegionD,RegionF,2382,142920,143047,127,13,80,2406
w2328_2400,rolling_shadow_price_exchange::lagrangian_balanced,20260801,438,RealTimeInference,RegionC,RegionC,2363,141780,141971,191,3,20,2367
w2328_2400,rolling_shadow_price_exchange::lagrangian_balanced,20260801,448,BatchInference,RegionC,RegionC,2329,139740,139960,220,22,80,2406
w2328_2400,rolling_shadow_price_exchange::lagrangian_balanced,20260801,470,AITraining,RegionF,RegionE,2331,139860,139876,16,70,150,2406
w2328_2400,rolling_shadow_price_exchange::lagrangian_balanced,20260801,482,RealTimeInference,RegionB,RegionB,2356,141360,141733,373,4,20,2363
w2328_2400,rolling_shadow_price_exchange::lagrangian_balanced,20260801,535,AITraining,RegionE,RegionE,2375,142500,142880,380,22,150,2406
w2328_2400,rolling_shadow_price_exchange::lagrangian_balanced,20260801,583,BatchInference,RegionA,RegionB,2388,143280,143515,235,12,80,2406
w2328_2400,rolling_shadow_price_exchange::lagrangian_balanced,20260801,614,RealTimeInference,RegionC,RegionC,2373,142380,142715,335,5,20,2379
w2328_2400,rolling_shadow_price_exchange::lagrangian_balanced,20260801,701,BatchInference,RegionF,RegionF,2397,143820,143925,105,21,80,2406
w2328_2400,rolling_shadow_price_exchange::lagrangian_balanced,20260801,737,BatchInference,RegionC,RegionC,2351,141060,141128,68,9,80,2406
w2328_2400,rolling_shadow_price_exchange::lagrangian_balanced,20260801,785,BatchInference,RegionE,RegionE,2358,141480,141760,280,14,80,2406
w2328_2400,rolling_shadow_price_exchange::lagrangian_balanced,20260801,786,BatchInference,RegionF,RegionE,2348,140880,141030,150,7,80,2406
w2328_2400,rolling_shadow_price_exchange::lagrangian_balanced,20260801,830,BatchInference,RegionD,RegionF,2341,140520,140845,325,16,80,2406
w2328_2400,rolling_shadow_price_exchange::lagrangian_balanced,20260801,884,BatchInference,RegionF,RegionF,2336,140160,140174,14,22,80,2406
w2328_2400,rolling_shadow_price_exchange::lagrangian_balanced,20260801,929,RealTimeInference,RegionC,RegionC,2337,140220,140377,157,1,20,2340
w2328_2400,rolling_shadow_price_exchange::lagrangian_balanced,20260801,1026,AITraining,RegionE,RegionE,2344,140640,140706,66,123,150,2406
w2328_2400,rolling_shadow_price_exchange::lagrangian_balanced,20260801,1033,BatchInference,RegionD,RegionE,2354,141300,141353,53,16,80,2406
w2328_2400,rolling_shadow_price_exchange::lagrangian_balanced,20260801,1055,AITraining,RegionF,RegionF,2378,142680,143019,339,113,150,2406
w2328_2400,rolling_shadow_price_exchange::lagrangian_balanced,20260801,1060,RealTimeInference,RegionC,RegionC,2362,141720,142023,303,4,20,2368
w2328_2400,rolling_shadow_price_exchange::lagrangian_balanced,20260801,1087,BatchInference,RegionE,RegionE,2366,141960,142070,110,19,80,2406
w2328_2400,rolling_shadow_price_exchange::lagrangian_balanced,20260801,1096,RealTimeInference,RegionA,RegionA,2389,143340,143630,290,1,20,2394
w2328_2400,rolling_shadow_price_exchange::lagrangian_balanced,20260801,1106,RealTimeInference,RegionC,RegionC,2335,140100,140272,172,2,20,2338
w2328_2400,rolling_shadow_price_exchange::lagrangian_balanced,20260801,1136,BatchInference,RegionB,RegionB,2390,143400,143582,182,12,80,2406
w2328_2400,rolling_shadow_price_exchange::lagrangian_balanced,20260801,1139,BatchInference,RegionE,RegionE,2369,142140,142269,129,22,80,2406
w2328_2400,rolling_shadow_price_exchange::lagrangian_balanced,20260801,1146,RealTimeInference,RegionC,RegionC,2345,140700,140905,205,6,20,2349
w2328_2400,rolling_shadow_price_exchange::lagrangian_balanced,20260801,1201,RealTimeInference,RegionA,RegionA,2351,141060,141196,136,6,20,2354
w2328_2400,rolling_shadow_price_exchange::lagrangian_balanced,20260801,1234,BatchInference,RegionB,RegionB,2385,143100,143434,334,9,80,2406
w2328_2400,rolling_shadow_price_exchange::lagrangian_balanced,20260801,1235,AITraining,RegionD,RegionE,2346,140820,141005,185,23,150,2406
w2328_2400,rolling_shadow_price_exchange::lagrangian_balanced,20260801,1259,RealTimeInference,RegionA,RegionA,2345,140700,141009,309,6,20,2351
w2328_2400,rolling_shadow_price_exchange::lagrangian_balanced,20260801,1264,AITraining,RegionF,RegionF,2388,143280,143562,282,113,150,2406
w2328_2400,rolling_shadow_price_exchange::lagrangian_balanced,20260801,1314,AITraining,RegionD,RegionE,2359,141840,142207,367,98,150,2406
w2328_2400,rolling_shadow_price_exchange::lagrangian_balanced,20260801,1315,BatchInference,RegionD,RegionE,2365,141900,142054,154,19,80,2406
w2328_2400,rolling_shadow_price_exchange::lagrangian_balanced,20260801,1371,AITraining,RegionC,RegionC,2392,144000,144335,335,18,150,2406
w2328_2400,rolling_shadow_price_exchange::lagrangian_balanced,20260801,1455,AITraining,RegionF,RegionF,2399,143940,144104,164,37,150,2406
w2328_2400,rolling_shadow_price_exchange::lagrangian_balanced,20260801,1480,RealTimeInference,RegionC,RegionC,2342,140520,140661,141,5,20,2345
w2328_2400,rolling_shadow_price_exchange::lagrangian_balanced,20260801,1540,AITraining,RegionF,RegionF,2377,142620,142912,292,98,150,2406
w2328_2400,rolling_shadow_price_exchange::lagrangian_balanced,20260801,1541,AITraining,RegionA,RegionA,2356,141420,141442,22,95,150,2406
w2328_2400,rolling_shadow_price_exchange::lagrangian_balanced,20260801,1623,RealTimeInference,RegionB,RegionB,2345,140700,140846,146,6,20,2348
w2328_2400,rolling_shadow_price_exchange::lagrangian_balanced,20260801,1640,RealTimeInference,RegionA,RegionA,2335,140100,140218,118,5,20,2337
w2328_2400,rolling_shadow_price_exchange::lagrangian_balanced,20260801,1645,BatchInference,RegionF,RegionE,2345,140700,140862,162,13,80,2406
w2328_2400,rolling_shadow_price_exchange::lagrangian_balanced,20260801,1664,BatchInference,RegionE,RegionE,2383,142980,143111,131,14,80,2406
w2328_2400,rolling_shadow_price_exchange::lagrangian_balanced,20260801,1777,BatchInference,RegionA,RegionC,2361,141660,141957,297,17,80,2406
w2328_2400,rolling_shadow_price_exchange::lagrangian_balanced,20260801,1843,RealTimeInference,RegionA,RegionA,2394,143640,143689,49,1,20,2395
w2328_2400,rolling_shadow_price_exchange::lagrangian_balanced,20260801,1914,RealTimeInference,RegionD,RegionD,2358,141480,141594,114,2,20,2360
w2328_2400,rolling_shadow_price_exchange::lagrangian_balanced,20260801,1953,AITraining,RegionF,RegionF,2346,140760,140957,197,80,150,2406
w2328_2400,rolling_shadow_price_exchange::lagrangian_balanced,20260801,1977,BatchInference,RegionC,RegionC,2367,142020,142246,226,20,80,2406
w2328_2400,rolling_shadow_price_exchange::lagrangian_balanced,20260801,2000,BatchInference,RegionA,RegionA,2341,140460,140733,273,12,80,2406
w2328_2400,rolling_shadow_price_exchange::lagrangian_balanced,20260801,2034,AITraining,RegionD,RegionE,2339,140340,140563,223,100,150,2406
w2328_2400,rolling_shadow_price_exchange::lagrangian_balanced,20260801,2035,AITraining,RegionD,RegionF,2340,140400,140618,218,60,150,2406
w2328_2400,rolling_shadow_price_exchange::lagrangian_balanced,20260801,2055,AITraining,RegionD,RegionE,2386,144060,144220,160,116,150,2406
w2328_2400,rolling_shadow_price_exchange::lagrangian_balanced,20260801,2087,AITraining,RegionD,RegionF,2329,139740,139994,254,31,150,2406
w2328_2400,rolling_shadow_price_exchange::lagrangian_balanced,20260801,2107,RealTimeInference,RegionA,RegionA,2343,140580,140774,194,5,20,2347
w2328_2400,rolling_shadow_price_exchange::lagrangian_balanced,20260801,2146,AITraining,RegionD,RegionF,2343,140580,140914,334,40,150,2406
w2328_2400,rolling_shadow_price_exchange::lagrangian_balanced,20260801,2167,AITraining,RegionD,RegionF,2390,144060,144309,249,57,150,2406
w2328_2400,rolling_shadow_price_exchange::lagrangian_balanced,20260801,2176,BatchInference,RegionE,RegionE,2332,139920,140149,229,9,80,2406
w2328_2400,rolling_shadow_price_exchange::lagrangian_balanced,20260801,2184,RealTimeInference,RegionA,RegionA,2360,141600,141698,98,1,20,2362
w2328_2400,rolling_shadow_price_exchange::lagrangian_balanced,20260801,2248,RealTimeInference,RegionC,RegionC,2351,141060,141266,206,5,20,2355
w2328_2400,rolling_shadow_price_exchange::lagrangian_balanced,20260801,2287,AITraining,RegionF,RegionE,2361,141900,142112,212,126,150,2406
w2328_2400,rolling_shadow_price_exchange::lagrangian_balanced,20260801,2308,BatchInference,RegionF,RegionF,2347,140820,141142,322,18,80,2406
w2328_2400,rolling_shadow_price_exchange::lagrangian_balanced,20260801,2351,AITraining,RegionE,RegionE,2369,142800,143175,375,127,150,2406
w2328_2400,rolling_shadow_price_exchange::lagrangian_balanced,20260801,2374,BatchInference,RegionA,RegionB,2387,143220,143259,39,7,80,2406
w2328_2400,rolling_shadow_price_exchange::lagrangian_balanced,20260801,2412,RealTimeInference,RegionC,RegionC,2392,143520,143776,256,2,20,2397
w2328_2400,rolling_shadow_price_exchange::lagrangian_balanced,20260801,2419,BatchInference,RegionF,RegionE,2345,140700,141086,386,15,80,2406
w2328_2400,rolling_shadow_price_exchange::lagrangian_balanced,20260801,2473,AITraining,RegionC,RegionC,2398,144000,144350,350,16,150,2406
w2328_2400,rolling_shadow_price_exchange::lagrangian_balanced,20260801,2491,RealTimeInference,RegionC,RegionC,2345,140700,141099,399,3,20,2352
w2328_2400,rolling_shadow_price_exchange::lagrangian_balanced,20260801,2508,RealTimeInference,RegionB,RegionB,2378,142680,142959,279,1,20,2383
w2328_2400,rolling_shadow_price_exchange::lagrangian_balanced,20260801,2517,AITraining,RegionF,RegionE,2392,143580,143744,164,30,150,2406
w2328_2400,rolling_shadow_price_exchange::lagrangian_balanced,20260801,2537,AITraining,RegionF,RegionE,2371,142260,142376,116,35,150,2406
w2328_2400,rolling_shadow_price_exchange::lagrangian_balanced,20260801,2597,RealTimeInference,RegionA,RegionA,2344,140640,140872,232,3,20,2348
w2328_2400,rolling_shadow_price_exchange::lagrangian_balanced,20260801,2632,BatchInference,RegionB,RegionC,2359,141540,141838,298,10,80,2406
w2328_2400,rolling_shadow_price_exchange::lagrangian_balanced,20260801,2648,BatchInference,RegionE,RegionE,2397,143820,144011,191,19,80,2406
w2328_2400,rolling_shadow_price_exchange::lagrangian_balanced,20260801,2732,RealTimeInference,RegionB,RegionB,2349,140940,141255,315,7,20,2355
w2328_2400,rolling_shadow_price_exchange::lagrangian_balanced,20260801,2747,BatchInference,RegionF,RegionF,2353,141180,141229,49,6,80,2406
w2328_2400,rolling_shadow_price_exchange::lagrangian_balanced,20260801,2751,RealTimeInference,RegionB,RegionB,2362,141720,141927,207,7,20,2366
w2328_2400,rolling_shadow_price_exchange::lagrangian_balanced,20260801,2763,BatchInference,RegionB,RegionB,2379,142740,142965,225,15,80,2406
w2328_2400,rolling_shadow_price_exchange::lagrangian_balanced,20260801,2776,RealTimeInference,RegionA,RegionA,2340,140400,140788,388,2,20,2347
w2328_2400,rolling_shadow_price_exchange::lagrangian_balanced,20260801,2777,RealTimeInference,RegionB,RegionB,2358,141480,141592,112,3,20,2360
w2328_2400,rolling_shadow_price_exchange::lagrangian_balanced,20260801,2804,AITraining,RegionE,RegionE,2358,141480,141534,54,85,150,2406
w2328_2400,rolling_shadow_price_exchange::lagrangian_balanced,20260801,2814,BatchInference,RegionA,RegionA,2341,140460,140603,143,20,80,2406
w2328_2400,rolling_shadow_price_exchange::lagrangian_balanced,20260801,3007,AITraining,RegionE,RegionE,2361,141660,141799,139,70,150,2406
w2328_2400,rolling_shadow_price_exchange::lagrangian_balanced,20260801,3034,AITraining,RegionE,RegionE,2337,140220,140255,35,38,150,2406
w2328_2400,rolling_shadow_price_exchange::lagrangian_balanced,20260801,3048,BatchInference,RegionE,RegionE,2360,141600,141759,159,9,80,2406
w2328_2400,rolling_shadow_price_exchange::lagrangian_balanced,20260801,3050,RealTimeInference,RegionA,RegionA,2360,141600,141708,108,7,20,2362
w2328_2400,rolling_shadow_price_exchange::lagrangian_balanced,20260801,3065,BatchInference,RegionB,RegionB,2356,141360,141702,342,21,80,2406
w2328_2400,rolling_shadow_price_exchange::lagrangian_balanced,20260801,3071,BatchInference,RegionB,RegionB,2340,140400,140617,217,13,80,2406
w2328_2400,rolling_shadow_price_exchange::lagrangian_balanced,20260801,3080,AITraining,RegionE,RegionE,2340,140400,140658,258,102,150,2406
w2328_2400,rolling_shadow_price_exchange::lagrangian_balanced,20260801,3086,AITraining,RegionE,RegionE,2359,141540,141753,213,91,150,2406
w2328_2400,rolling_shadow_price_exchange::lagrangian_balanced,20260801,3113,BatchInference,RegionD,RegionF,2387,143220,143594,374,15,80,2406
w2328_2400,rolling_shadow_price_exchange::lagrangian_balanced,20260801,3201,BatchInference,RegionA,RegionA,2342,140520,140571,51,23,80,2406
w2328_2400,rolling_shadow_price_exchange::lagrangian_balanced,20260801,3266,RealTimeInference,RegionA,RegionA,2367,142020,142039,19,6,20,2368
w2328_2400,rolling_shadow_price_exchange::lagrangian_balanced,20260801,3272,AITraining,RegionF,RegionF,2344,140640,140855,215,68,150,2406
w2328_2400,rolling_shadow_price_exchange::lagrangian_balanced,20260801,3274,BatchInference,RegionB,RegionB,2371,142260,142387,127,4,80,2406
w2328_2400,rolling_shadow_price_exchange::lagrangian_balanced,20260801,3287,RealTimeInference,RegionA,RegionA,2340,140400,140539,139,4,20,2343
w2328_2400,rolling_shadow_price_exchange::lagrangian_balanced,20260801,3316,AITraining,RegionE,RegionE,2330,139800,140154,354,27,150,2406
w2328_2400,rolling_shadow_price_exchange::lagrangian_balanced,20260801,3337,RealTimeInference,RegionC,RegionC,2338,140280,140417,137,2,20,2341
w2328_2400,rolling_shadow_price_exchange::lagrangian_balanced,20260801,3368,RealTimeInference,RegionB,RegionB,2365,141900,142295,395,5,20,2372
w2328_2400,rolling_shadow_price_exchange::lagrangian_balanced,20260801,3414,BatchInference,RegionD,RegionD,2353,141180,141246,66,20,80,2406
w2328_2400,rolling_shadow_price_exchange::lagrangian_balanced,20260801,3432,AITraining,RegionD,RegionD,2351,141120,141313,193,56,150,2406
w2328_2400,rolling_shadow_price_exchange::lagrangian_balanced,20260801,3444,RealTimeInference,RegionA,RegionA,2378,142680,142783,103,7,20,2380
w2328_2400,rolling_shadow_price_exchange::lagrangian_balanced,20260801,3449,AITraining,RegionF,RegionF,2367,142020,142158,138,35,150,2406
w2328_2400,rolling_shadow_price_exchange::lagrangian_balanced,20260801,3452,BatchInference,RegionB,RegionC,2335,140100,140389,289,16,80,2406
w2328_2400,rolling_shadow_price_exchange::lagrangian_balanced,20260801,3455,RealTimeInference,RegionC,RegionC,2386,143160,143332,172,1,20,2389
w2328_2400,rolling_shadow_price_exchange::lagrangian_balanced,20260801,3494,AITraining,RegionF,RegionF,2360,141600,141800,200,21,150,2406
w2328_2400,rolling_shadow_price_exchange::lagrangian_balanced,20260801,3498,RealTimeInference,RegionB,RegionB,2376,142560,142631,71,2,20,2378
w2328_2400,rolling_shadow_price_exchange::lagrangian_balanced,20260801,3512,BatchInference,RegionC,RegionC,2350,141000,141326,326,5,80,2406
w2328_2400,rolling_shadow_price_exchange::lagrangian_balanced,20260801,3545,RealTimeInference,RegionB,RegionB,2366,141960,142295,335,4,20,2372
w2328_2400,rolling_shadow_price_exchange::lagrangian_balanced,20260801,3566,BatchInference,RegionE,RegionE,2392,143520,143574,54,9,80,2406
w2328_2400,rolling_shadow_price_exchange::lagrangian_balanced,20260801,3618,BatchInference,RegionD,RegionD,2353,141180,141543,363,17,80,2406
w2328_2400,rolling_shadow_price_exchange::lagrangian_balanced,20260801,3657,RealTimeInference,RegionB,RegionB,2373,142380,142507,127,7,20,2376
w2328_2400,rolling_shadow_price_exchange::lagrangian_balanced,20260801,3674,AITraining,RegionD,RegionF,2359,141540,141701,161,81,150,2406
w2328_2400,rolling_shadow_price_exchange::lagrangian_balanced,20260801,3727,AITraining,RegionD,RegionF,2374,142440,142531,91,125,150,2406
w2328_2400,rolling_shadow_price_exchange::lagrangian_balanced,20260801,3736,BatchInference,RegionD,RegionF,2396,143760,144156,396,19,80,2406
w2328_2400,rolling_shadow_price_exchange::lagrangian_balanced,20260801,3746,RealTimeInference,RegionA,RegionA,2329,139740,139797,57,2,20,2330
w2328_2400,rolling_shadow_price_exchange::lagrangian_balanced,20260801,3763,BatchInference,RegionE,RegionE,2373,142380,142588,208,17,80,2406
w2328_2400,rolling_shadow_price_exchange::lagrangian_balanced,20260801,3782,AITraining,RegionE,RegionE,2390,143400,143746,346,89,150,2406
w2328_2400,rolling_shadow_price_exchange::lagrangian_balanced,20260801,3809,AITraining,RegionF,RegionF,2376,142560,142658,98,32,150,2406
w2328_2400,rolling_shadow_price_exchange::lagrangian_balanced,20260801,3844,BatchInference,RegionA,RegionC,2370,142200,142496,296,10,80,2406
w2328_2400,rolling_shadow_price_exchange::lagrangian_balanced,20260801,3862,BatchInference,RegionF,RegionF,2353,141180,141449,269,22,80,2406
w2328_2400,rolling_shadow_price_exchange::lagrangian_balanced,20260801,3928,BatchInference,RegionF,RegionE,2397,143820,144002,182,4,80,2406
w2328_2400,rolling_shadow_price_exchange::lagrangian_balanced,20260801,3946,AITraining,RegionE,RegionE,2356,141360,141374,14,21,150,2406
w2328_2400,rolling_shadow_price_exchange::lagrangian_balanced,20260801,3948,RealTimeInference,RegionF,RegionF,2382,142920,143250,330,1,20,2388
w2328_2400,rolling_shadow_price_exchange::lagrangian_balanced,20260801,4014,AITraining,RegionB,RegionB,2335,140220,140525,305,34,150,2406
w2328_2400,rolling_shadow_price_exchange::lagrangian_balanced,20260801,4060,BatchInference,RegionA,RegionC,2383,142980,143148,168,8,80,2406
w2328_2400,rolling_shadow_price_exchange::lagrangian_balanced,20260801,4113,BatchInference,RegionA,RegionC,2391,143460,143712,252,15,80,2406
w2328_2400,rolling_shadow_price_exchange::lagrangian_balanced,20260801,4135,BatchInference,RegionC,RegionC,2345,140700,140967,267,22,80,2406
w2328_2400,rolling_shadow_price_exchange::lagrangian_balanced,20260801,4149,AITraining,RegionE,RegionE,2368,142080,142451,371,88,150,2406
w2328_2400,rolling_shadow_price_exchange::lagrangian_balanced,20260801,4164,RealTimeInference,RegionD,RegionD,2362,141720,142033,313,2,20,2368
w2328_2400,rolling_shadow_price_exchange::lagrangian_balanced,20260801,4202,AITraining,RegionE,RegionE,2377,142620,142900,280,94,150,2406
w2328_2400,rolling_shadow_price_exchange::lagrangian_balanced,20260801,4256,BatchInference,RegionF,RegionF,2358,141480,141582,102,14,80,2406
w2328_2400,rolling_shadow_price_exchange::lagrangian_balanced,20260801,4316,RealTimeInference,RegionA,RegionA,2377,142620,142882,262,5,20,2382
w2328_2400,rolling_shadow_price_exchange::lagrangian_balanced,20260801,4353,AITraining,RegionE,RegionE,2398,143880,144102,222,21,150,2406
w2328_2400,rolling_shadow_price_exchange::lagrangian_balanced,20260801,4354,RealTimeInference,RegionC,RegionC,2390,143400,143757,357,4,20,2396
w2328_2400,rolling_shadow_price_exchange::lagrangian_balanced,20260801,4371,BatchInference,RegionC,RegionC,2331,139860,140194,334,19,80,2406
w2328_2400,rolling_shadow_price_exchange::lagrangian_balanced,20260801,4416,AITraining,RegionD,RegionE,2328,139680,140067,387,86,150,2406
w2328_2400,rolling_shadow_price_exchange::lagrangian_balanced,20260801,4418,BatchInference,RegionD,RegionD,2398,143880,144134,254,11,80,2406
w2328_2400,rolling_shadow_price_exchange::lagrangian_balanced,20260801,4466,AITraining,RegionF,RegionF,2370,142320,142628,308,36,150,2406
w2328_2400,rolling_shadow_price_exchange::lagrangian_balanced,20260801,4474,BatchInference,RegionA,RegionB,2360,141600,141869,269,6,80,2406
w2328_2400,rolling_shadow_price_exchange::lagrangian_balanced,20260801,4590,RealTimeInference,RegionC,RegionC,2382,142920,143127,207,5,20,2386
w2328_2400,rolling_shadow_price_exchange::lagrangian_balanced,20260801,4594,BatchInference,RegionC,RegionC,2346,140760,141102,342,16,80,2406
w2328_2400,rolling_shadow_price_exchange::lagrangian_balanced,20260801,4599,AITraining,RegionD,RegionF,2385,143100,143230,130,34,150,2406
w2328_2400,rolling_shadow_price_exchange::lagrangian_balanced,20260801,4611,BatchInference,RegionA,RegionC,2393,143580,143703,123,15,80,2406
w2328_2400,rolling_shadow_price_exchange::lagrangian_balanced,20260801,4626,BatchInference,RegionB,RegionB,2341,140460,140720,260,16,80,2406
w2328_2400,rolling_shadow_price_exchange::lagrangian_balanced,20260801,4670,RealTimeInference,RegionA,RegionA,2373,142380,142676,296,2,20,2378
w2328_2400,rolling_shadow_price_exchange::lagrangian_balanced,20260801,4800,RealTimeInference,RegionC,RegionC,2342,140520,140636,116,3,20,2344
w2328_2400,rolling_shadow_price_exchange::lagrangian_balanced,20260801,4848,BatchInference,RegionB,RegionC,2394,143640,143856,216,17,80,2406
w2328_2400,rolling_shadow_price_exchange::lagrangian_balanced,20260801,4851,BatchInference,RegionD,RegionF,2390,143400,143630,230,8,80,2406
w2328_2400,rolling_shadow_price_exchange::lagrangian_balanced,20260801,4886,RealTimeInference,RegionF,RegionF,2398,143880,144080,200,3,20,2402
w2328_2400,rolling_shadow_price_exchange::lagrangian_balanced,20260801,4930,AITraining,RegionE,RegionE,2391,143460,143812,352,50,150,2406
w2328_2400,rolling_shadow_price_exchange::lagrangian_balanced,20260801,4943,RealTimeInference,RegionC,RegionC,2391,143460,143640,180,4,20,2394
w2328_2400,rolling_shadow_price_exchange::lagrangian_balanced,20260801,4971,BatchInference,RegionF,RegionF,2375,142500,142702,202,7,80,2406
w2328_2400,rolling_shadow_price_exchange::lagrangian_balanced,20260801,4986,RealTimeInference,RegionA,RegionA,2365,141900,142285,385,5,20,2372
w2328_2400,rolling_shadow_price_exchange::lagrangian_balanced,20260801,4999,AITraining,RegionD,RegionE,2350,141300,141696,396,28,150,2406
w2328_2400,rolling_shadow_price_exchange::lagrangian_balanced,20260801,5005,BatchInference,RegionA,RegionB,2332,139920,140188,268,13,80,2406
w2328_2400,rolling_shadow_price_exchange::lagrangian_balanced,20260801,5029,RealTimeInference,RegionC,RegionC,2355,141300,141585,285,4,20,2360
w2328_2400,rolling_shadow_price_exchange::lagrangian_balanced,20260801,5048,AITraining,RegionE,RegionE,2329,139740,140034,294,29,150,2406
w2328_2400,rolling_shadow_price_exchange::lagrangian_balanced,20260801,5138,RealTimeInference,RegionB,RegionB,2396,143760,144076,316,1,20,2402
w2328_2400,rolling_shadow_price_exchange::lagrangian_balanced,20260801,5229,AITraining,RegionD,RegionE,2368,142440,142581,141,69,150,2406
w2328_2400,rolling_shadow_price_exchange::lagrangian_balanced,20260801,5243,RealTimeInference,RegionB,RegionB,2345,140700,141046,346,1,20,2351
w2328_2400,rolling_shadow_price_exchange::lagrangian_balanced,20260801,5272,RealTimeInference,RegionC,RegionC,2398,143880,144141,261,4,20,2403
w2328_2400,rolling_shadow_price_exchange::lagrangian_balanced,20260801,5277,AITraining,RegionE,RegionE,2385,143100,143188,88,64,150,2406
w2328_2400,rolling_shadow_price_exchange::lagrangian_balanced,20260801,5312,AITraining,RegionF,RegionF,2342,140520,140830,310,21,150,2406
w2328_2400,rolling_shadow_price_exchange::lagrangian_balanced,20260801,5333,RealTimeInference,RegionA,RegionA,2359,141540,141888,348,4,20,2365
w2328_2400,rolling_shadow_price_exchange::lagrangian_balanced,20260801,5347,BatchInference,RegionB,RegionB,2363,141780,141825,45,6,80,2406
w2328_2400,rolling_shadow_price_exchange::lagrangian_balanced,20260801,5366,BatchInference,RegionA,RegionC,2350,141000,141295,295,16,80,2406
w2328_2400,rolling_shadow_price_exchange::lagrangian_balanced,20260801,5396,BatchInference,RegionD,RegionF,2357,141720,141976,256,15,80,2406
w2328_2400,rolling_shadow_price_exchange::lagrangian_balanced,20260801,5420,AITraining,RegionD,RegionE,2346,140760,140922,162,60,150,2406
w2328_2400,rolling_shadow_price_exchange::lagrangian_balanced,20260801,5426,BatchInference,RegionB,RegionB,2340,140400,140721,321,9,80,2406
w2328_2400,rolling_shadow_price_exchange::lagrangian_balanced,20260801,5435,AITraining,RegionE,RegionE,2395,143820,143997,177,116,150,2406
w2328_2400,rolling_shadow_price_exchange::lagrangian_balanced,20260801,5442,RealTimeInference,RegionC,RegionC,2355,141300,141584,284,6,20,2360
w2328_2400,rolling_shadow_price_exchange::lagrangian_balanced,20260801,5501,BatchInference,RegionE,RegionE,2343,140580,140627,47,20,80,2406
w2328_2400,rolling_shadow_price_exchange::lagrangian_balanced,20260801,5562,RealTimeInference,RegionA,RegionA,2329,139740,140115,375,7,20,2336
w2328_2400,rolling_shadow_price_exchange::lagrangian_balanced,20260801,5663,RealTimeInference,RegionB,RegionB,2393,143580,143835,255,6,20,2398
w2328_2400,rolling_shadow_price_exchange::lagrangian_balanced,20260801,5727,AITraining,RegionD,RegionF,2389,143340,143479,139,82,150,2406
w2328_2400,rolling_shadow_price_exchange::lagrangian_balanced,20260801,5825,AITraining,RegionC,RegionC,2366,141960,142307,347,45,150,2406
w2328_2400,rolling_shadow_price_exchange::lagrangian_balanced,20260801,5845,AITraining,RegionD,RegionE,2382,142980,143071,91,26,150,2406
w2328_2400,rolling_shadow_price_exchange::lagrangian_balanced,20260801,5897,RealTimeInference,RegionA,RegionA,2335,140100,140245,145,2,20,2338
w2328_2400,rolling_shadow_price_exchange::lagrangian_balanced,20260801,5938,BatchInference,RegionB,RegionB,2361,141660,141747,87,9,80,2406
w2328_2400,rolling_shadow_price_exchange::lagrangian_balanced,20260801,5945,RealTimeInference,RegionB,RegionB,2329,139740,139868,128,2,20,2332
w2328_2400,rolling_shadow_price_exchange::lagrangian_balanced,20260801,6005,BatchInference,RegionD,RegionE,2336,140160,140193,33,15,80,2406
w2328_2400,rolling_shadow_price_exchange::lagrangian_balanced,20260801,6008,RealTimeInference,RegionA,RegionA,2369,142140,142357,217,2,20,2373
w2328_2400,rolling_shadow_price_exchange::lagrangian_balanced,20260801,6019,AITraining,RegionE,RegionE,2369,142140,142498,358,21,150,2406
w2328_2400,rolling_shadow_price_exchange::lagrangian_balanced,20260801,6026,AITraining,RegionF,RegionF,2362,141720,141781,61,72,150,2406
w2328_2400,rolling_shadow_price_exchange::lagrangian_balanced,20260801,6052,AITraining,RegionF,RegionF,2380,142800,143097,297,92,150,2406
w2328_2400,rolling_shadow_price_exchange::lagrangian_balanced,20260801,6077,RealTimeInference,RegionB,RegionB,2366,141960,142320,360,2,20,2372
w2328_2400,rolling_shadow_price_exchange::lagrangian_balanced,20260801,6086,AITraining,RegionF,RegionF,2363,141780,141808,28,44,150,2406
w2328_2400,rolling_shadow_price_exchange::lagrangian_balanced,20260801,6094,RealTimeInference,RegionA,RegionA,2342,140520,140685,165,3,20,2345
w2328_2400,rolling_shadow_price_exchange::lagrangian_balanced,20260801,6106,AITraining,RegionF,RegionE,2373,142740,143082,342,36,150,2406
w2328_2400,rolling_shadow_price_exchange::lagrangian_balanced,20260801,6196,RealTimeInference,RegionC,RegionC,2360,141600,141613,13,3,20,2361
w2328_2400,rolling_shadow_price_exchange::lagrangian_balanced,20260801,6198,RealTimeInference,RegionA,RegionA,2358,141480,141755,275,3,20,2363
w2328_2400,rolling_shadow_price_exchange::lagrangian_balanced,20260801,6232,RealTimeInference,RegionA,RegionA,2389,143340,143700,360,5,20,2395
w2328_2400,rolling_shadow_price_exchange::lagrangian_balanced,20260801,6235,RealTimeInference,RegionB,RegionB,2392,143520,143624,104,1,20,2394
w2328_2400,rolling_shadow_price_exchange::lagrangian_balanced,20260801,6239,RealTimeInference,RegionA,RegionA,2367,142020,142282,262,5,20,2372
w2328_2400,rolling_shadow_price_exchange::lagrangian_balanced,20260801,6295,RealTimeInference,RegionC,RegionC,2356,141360,141634,274,6,20,2361
w2328_2400,rolling_shadow_price_exchange::lagrangian_balanced,20260801,6323,BatchInference,RegionA,RegionB,2388,143280,143422,142,5,80,2406
w2328_2400,rolling_shadow_price_exchange::lagrangian_balanced,20260801,6392,BatchInference,RegionD,RegionF,2397,143820,144107,287,5,80,2406
w2328_2400,rolling_shadow_price_exchange::lagrangian_balanced,20260801,6423,RealTimeInference,RegionA,RegionA,2377,142620,142883,263,7,20,2382
w2328_2400,rolling_shadow_price_exchange::lagrangian_balanced,20260801,6438,AITraining,RegionE,RegionE,2394,143700,143997,297,98,150,2406
w2328_2400,rolling_shadow_price_exchange::lagrangian_balanced,20260801,6481,RealTimeInference,RegionA,RegionA,2377,142620,143007,387,6,20,2384
w2328_2400,rolling_shadow_price_exchange::lagrangian_balanced,20260801,6507,AITraining,RegionC,RegionC,2378,142680,143001,321,17,150,2406
w2328_2400,rolling_shadow_price_exchange::lagrangian_balanced,20260801,6508,BatchInference,RegionB,RegionC,2394,143760,144059,299,23,80,2406
w2328_2400,rolling_shadow_price_exchange::lagrangian_balanced,20260801,6528,AITraining,RegionD,RegionD,2350,141120,141348,228,60,150,2406
w2328_2400,rolling_shadow_price_exchange::lagrangian_balanced,20260801,6546,RealTimeInference,RegionA,RegionA,2336,140160,140538,378,2,20,2343
w2328_2400,rolling_shadow_price_exchange::lagrangian_balanced,20260801,6553,RealTimeInference,RegionA,RegionA,2331,139860,140048,188,2,20,2335
w2328_2400,rolling_shadow_price_exchange::lagrangian_balanced,20260801,6565,AITraining,RegionF,RegionF,2356,141360,141629,269,117,150,2406
w2328_2400,rolling_shadow_price_exchange::lagrangian_balanced,20260801,6669,BatchInference,RegionE,RegionE,2345,140700,140810,110,16,80,2406
w2328_2400,rolling_shadow_price_exchange::lagrangian_balanced,20260801,6678,BatchInference,RegionA,RegionA,2339,140340,140573,233,13,80,2406
w2328_2400,rolling_shadow_price_exchange::lagrangian_balanced,20260801,6693,RealTimeInference,RegionB,RegionB,2373,142380,142657,277,7,20,2378
w2328_2400,rolling_shadow_price_exchange::lagrangian_balanced,20260801,6706,BatchInference,RegionC,RegionC,2375,142500,142585,85,4,80,2406
w2328_2400,rolling_shadow_price_exchange::lagrangian_balanced,20260801,6719,BatchInference,RegionC,RegionC,2336,140160,140464,304,12,80,2406
w2328_2400,rolling_shadow_price_exchange::lagrangian_balanced,20260801,6750,RealTimeInference,RegionA,RegionA,2356,141360,141481,121,6,20,2359
w2328_2400,rolling_shadow_price_exchange::lagrangian_balanced,20260801,6764,RealTimeInference,RegionA,RegionA,2332,139920,140242,322,2,20,2338
w2328_2400,rolling_shadow_price_exchange::lagrangian_balanced,20260801,6767,AITraining,RegionF,RegionF,2395,143700,143742,42,29,150,2406
w2328_2400,rolling_shadow_price_exchange::lagrangian_balanced,20260801,6774,RealTimeInference,RegionC,RegionC,2359,141540,141827,287,2,20,2364
w2328_2400,rolling_shadow_price_exchange::lagrangian_balanced,20260801,6812,AITraining,RegionE,RegionE,2374,142440,142584,144,87,150,2406
w2328_2400,rolling_shadow_price_exchange::lagrangian_balanced,20260801,6819,BatchInference,RegionD,RegionF,2355,141660,142024,364,16,80,2406
w2328_2400,rolling_shadow_price_exchange::lagrangian_balanced,20260801,6837,BatchInference,RegionC,RegionC,2339,140340,140495,155,10,80,2406
w2328_2400,rolling_shadow_price_exchange::lagrangian_balanced,20260801,6876,AITraining,RegionD,RegionF,2391,143970,144360,390,52,150,2406
w2328_2400,rolling_shadow_price_exchange::lagrangian_balanced,20260801,6956,AITraining,RegionE,RegionE,2360,141600,141804,204,73,150,2406
w2328_2400,rolling_shadow_price_exchange::lagrangian_balanced,20260801,7052,BatchInference,RegionB,RegionB,2357,141420,141747,327,22,80,2406
w2328_2400,rolling_shadow_price_exchange::lagrangian_balanced,20260801,7165,RealTimeInference,RegionB,RegionB,2397,143820,144098,278,5,20,2402
w2328_2400,rolling_shadow_price_exchange::lagrangian_balanced,20260801,7167,AITraining,RegionE,RegionE,2329,139740,139915,175,22,150,2406
w2328_2400,rolling_shadow_price_exchange::lagrangian_balanced,20260801,7194,AITraining,RegionF,RegionE,2359,141540,141606,66,40,150,2406
w2328_2400,rolling_shadow_price_exchange::lagrangian_balanced,20260801,7325,RealTimeInference,RegionC,RegionC,2338,140280,140318,38,5,20,2339
w2328_2400,rolling_shadow_price_exchange::lagrangian_balanced,20260801,7330,BatchInference,RegionD,RegionE,2348,140880,140922,42,16,80,2406
w2328_2400,rolling_shadow_price_exchange::lagrangian_balanced,20260801,7363,RealTimeInference,RegionB,RegionB,2340,140400,140437,37,4,20,2341
w2328_2400,rolling_shadow_price_exchange::lagrangian_balanced,20260801,7372,AITraining,RegionF,RegionF,2395,144114,144360,246,104,150,2406
w2328_2400,rolling_shadow_price_exchange::lagrangian_balanced,20260801,7383,RealTimeInference,RegionC,RegionC,2337,140220,140372,152,3,20,2340
w2328_2400,rolling_shadow_price_exchange::lagrangian_balanced,20260801,7403,BatchInference,RegionD,RegionD,2376,142560,142934,374,10,80,2406
w2328_2400,rolling_shadow_price_exchange::lagrangian_balanced,20260801,7409,RealTimeInference,RegionB,RegionB,2337,140220,140530,310,6,20,2343
w2328_2400,rolling_shadow_price_exchange::lagrangian_balanced,20260801,7413,RealTimeInference,RegionA,RegionA,2331,139860,139983,123,6,20,2334
w2328_2400,rolling_shadow_price_exchange::lagrangian_balanced,20260801,7453,BatchInference,RegionB,RegionB,2374,142440,142490,50,10,80,2406
w2328_2400,rolling_shadow_price_exchange::lagrangian_balanced,20260801,7484,RealTimeInference,RegionA,RegionA,2393,143580,143817,237,3,20,2397
w2328_2400,rolling_shadow_price_exchange::lagrangian_balanced,20260801,7505,BatchInference,RegionB,RegionB,2332,139920,140227,307,10,80,2406
w2328_2400,rolling_shadow_price_exchange::lagrangian_balanced,20260801,7530,RealTimeInference,RegionA,RegionA,2398,143880,143950,70,5,20,2400
w2328_2400,rolling_shadow_price_exchange::lagrangian_balanced,20260801,7541,BatchInference,RegionD,RegionF,2331,139860,140101,241,6,80,2406
w2328_2400,rolling_shadow_price_exchange::lagrangian_balanced,20260801,7542,RealTimeInference,RegionD,RegionD,2382,142920,142961,41,7,20,2383
w2328_2400,rolling_shadow_price_exchange::lagrangian_balanced,20260801,7626,BatchInference,RegionD,RegionE,2345,140700,140899,199,16,80,2406
w2328_2400,rolling_shadow_price_exchange::lagrangian_balanced,20260801,7650,BatchInference,RegionB,RegionB,2354,141240,141293,53,4,80,2406
w2328_2400,rolling_shadow_price_exchange::lagrangian_balanced,20260801,7664,AITraining,RegionE,RegionE,2356,141360,141597,237,37,150,2406
w2328_2400,rolling_shadow_price_exchange::lagrangian_balanced,20260801,7678,AITraining,RegionE,RegionE,2362,141720,141931,211,26,150,2406
w2328_2400,rolling_shadow_price_exchange::lagrangian_balanced,20260801,7702,AITraining,RegionD,RegionD,2368,142560,142946,386,76,150,2406
w2328_2400,rolling_shadow_price_exchange::lagrangian_balanced,20260801,7766,AITraining,RegionB,RegionB,2339,140340,140609,269,40,150,2406
w2328_2400,rolling_shadow_price_exchange::lagrangian_balanced,20260801,7779,AITraining,RegionA,RegionB,2364,141840,142025,185,49,150,2406
w2328_2400,rolling_shadow_price_exchange::lagrangian_balanced,20260801,7791,RealTimeInference,RegionC,RegionC,2343,140580,140731,151,1,20,2346
w2328_2400,rolling_shadow_price_exchange::lagrangian_balanced,20260801,7794,AITraining,RegionD,RegionF,2364,141840,142205,365,33,150,2406
w2328_2400,rolling_shadow_price_exchange::lagrangian_balanced,20260801,7857,AITraining,RegionF,RegionF,2399,143940,144017,77,115,150,2406
w2328_2400,rolling_shadow_price_exchange::lagrangian_balanced,20260801,7874,BatchInference,RegionC,RegionC,2396,143760,143787,27,21,80,2406
w2328_2400,rolling_shadow_price_exchange::lagrangian_balanced,20260801,7890,RealTimeInference,RegionE,RegionE,2399,143940,144205,265,4,20,2404
w2328_2400,rolling_shadow_price_exchange::lagrangian_balanced,20260801,7902,BatchInference,RegionE,RegionE,2376,142560,142586,26,11,80,2406
w2328_2400,rolling_shadow_price_exchange::lagrangian_balanced,20260801,7906,BatchInference,RegionB,RegionC,2348,140880,141235,355,13,80,2406
w2328_2400,rolling_shadow_price_exchange::lagrangian_balanced,20260801,7956,AITraining,RegionA,RegionB,2335,140100,140216,116,105,150,2406
w2328_2400,rolling_shadow_price_exchange::lagrangian_balanced,20260801,7973,AITraining,RegionE,RegionE,2379,142740,142807,67,70,150,2406
w2328_2400,rolling_shadow_price_exchange::lagrangian_balanced,20260801,7974,BatchInference,RegionE,RegionE,2357,141420,141536,116,5,80,2406
w2328_2400,rolling_shadow_price_exchange::lagrangian_balanced,20260801,7983,AITraining,RegionC,RegionC,2371,142260,142625,365,95,150,2406
w2328_2400,rolling_shadow_price_exchange::lagrangian_balanced,20260801,7991,BatchInference,RegionB,RegionB,2352,141120,141204,84,4,80,2406
w2328_2400,rolling_shadow_price_exchange::lagrangian_balanced,20260801,8103,BatchInference,RegionC,RegionC,2339,140340,140713,373,18,80,2406
w2328_2400,rolling_shadow_price_exchange::lagrangian_balanced,20260801,8132,BatchInference,RegionE,RegionE,2336,140160,140179,19,7,80,2406
w2328_2400,rolling_shadow_price_exchange::lagrangian_balanced,20260801,8171,RealTimeInference,RegionC,RegionC,2329,139740,139925,185,2,20,2333
w2328_2400,rolling_shadow_price_exchange::lagrangian_balanced,20260801,8294,BatchInference,RegionC,RegionC,2395,143700,143762,62,8,80,2406
w2328_2400,rolling_shadow_price_exchange::lagrangian_balanced,20260801,8325,AITraining,RegionD,RegionF,2349,141000,141318,318,92,150,2406
w2328_2400,rolling_shadow_price_exchange::lagrangian_balanced,20260801,8347,RealTimeInference,RegionB,RegionB,2342,140520,140753,233,2,20,2346
w2328_2400,rolling_shadow_price_exchange::lagrangian_balanced,20260801,8353,RealTimeInference,RegionB,RegionB,2386,143160,143235,75,5,20,2388
w2328_2400,rolling_shadow_price_exchange::lagrangian_balanced,20260801,8461,BatchInference,RegionA,RegionC,2364,141840,141884,44,13,80,2406
w2328_2400,rolling_shadow_price_exchange::lagrangian_balanced,20260801,8464,AITraining,RegionD,RegionE,2344,140700,140805,105,87,150,2406
w2328_2400,rolling_shadow_price_exchange::lagrangian_balanced,20260801,8583,RealTimeInference,RegionB,RegionB,2335,140100,140184,84,4,20,2337
w2328_2400,rolling_shadow_price_exchange::lagrangian_balanced,20260801,8623,BatchInference,RegionD,RegionD,2374,142440,142717,277,10,80,2406
w2328_2400,rolling_shadow_price_exchange::lagrangian_balanced,20260801,8687,RealTimeInference,RegionB,RegionB,2363,141780,142023,243,2,20,2368
w2328_2400,rolling_shadow_price_exchange::lagrangian_balanced,20260801,8745,BatchInference,RegionB,RegionB,2398,143880,144006,126,21,80,2406
w2328_2400,rolling_shadow_price_exchange::lagrangian_balanced,20260801,8760,AITraining,RegionE,RegionE,2390,143400,143675,275,44,150,2406
w2328_2400,rolling_shadow_price_exchange::lagrangian_balanced,20260801,8784,RealTimeInference,RegionA,RegionA,2336,140160,140238,78,4,20,2338
w2328_2400,rolling_shadow_price_exchange::lagrangian_balanced,20260801,8845,AITraining,RegionE,RegionE,2351,141060,141143,83,118,150,2406
w2328_2400,rolling_shadow_price_exchange::lagrangian_balanced,20260801,8911,RealTimeInference,RegionB,RegionB,2337,140220,140531,311,1,20,2343
w2328_2400,rolling_shadow_price_exchange::lagrangian_balanced,20260801,8915,AITraining,RegionD,RegionF,2392,143520,143569,49,97,150,2406
w2328_2400,rolling_shadow_price_exchange::lagrangian_balanced,20260801,8931,BatchInference,RegionD,RegionF,2374,142680,143060,380,9,80,2406
w2328_2400,rolling_shadow_price_exchange::lagrangian_balanced,20260801,8961,BatchInference,RegionB,RegionB,2341,140460,140520,60,9,80,2406
w2328_2400,rolling_shadow_price_exchange::lagrangian_balanced,20260801,8972,RealTimeInference,RegionD,RegionD,2398,143880,144126,246,2,20,2403
w2328_2400,rolling_shadow_price_exchange::lagrangian_balanced,20260801,9028,BatchInference,RegionC,RegionC,2365,141900,142103,203,15,80,2406
w2328_2400,rolling_shadow_price_exchange::lagrangian_balanced,20260801,9164,AITraining,RegionD,RegionF,2342,140520,140853,333,39,150,2406
w2328_2400,rolling_shadow_price_exchange::lagrangian_balanced,20260801,9168,RealTimeInference,RegionC,RegionC,2387,143220,143361,141,3,20,2390
w2328_2400,rolling_shadow_price_exchange::lagrangian_balanced,20260801,9249,BatchInference,RegionA,RegionA,2342,140520,140718,198,8,80,2406
w2328_2400,rolling_shadow_price_exchange::lagrangian_balanced,20260801,9254,RealTimeInference,RegionC,RegionC,2373,142380,142750,370,2,20,2380
w2328_2400,rolling_shadow_price_exchange::lagrangian_balanced,20260801,9267,BatchInference,RegionE,RegionE,2376,142560,142582,22,7,80,2406
w2328_2400,rolling_shadow_price_exchange::lagrangian_balanced,20260801,9387,RealTimeInference,RegionA,RegionA,2330,139800,140036,236,7,20,2334
w2328_2400,rolling_shadow_price_exchange::lagrangian_balanced,20260801,9395,BatchInference,RegionB,RegionC,2362,141720,141999,279,13,80,2406
w2328_2400,rolling_shadow_price_exchange::lagrangian_balanced,20260801,9415,AITraining,RegionD,RegionD,2376,142560,142648,88,119,150,2406
w2328_2400,rolling_shadow_price_exchange::lagrangian_balanced,20260801,9480,AITraining,RegionD,RegionD,2352,141300,141505,205,115,150,2406
w2328_2400,rolling_shadow_price_exchange::lagrangian_balanced,20260801,9535,AITraining,RegionE,RegionE,2387,143220,143558,338,58,150,2406
w2328_2400,rolling_shadow_price_exchange::lagrangian_balanced,20260801,9536,RealTimeInference,RegionC,RegionC,2357,141420,141600,180,3,20,2360
w2328_2400,rolling_shadow_price_exchange::lagrangian_balanced,20260801,9542,AITraining,RegionF,RegionF,2341,140460,140619,159,94,150,2406
w2328_2400,rolling_shadow_price_exchange::lagrangian_balanced,20260801,9572,AITraining,RegionD,RegionD,2398,143996,144360,364,123,150,2406
w2328_2400,rolling_shadow_price_exchange::lagrangian_balanced,20260801,9585,RealTimeInference,RegionB,RegionB,2381,142860,142982,122,7,20,2384
w2328_2400,rolling_shadow_price_exchange::lagrangian_balanced,20260801,9591,AITraining,RegionD,RegionD,2378,142680,142871,191,27,150,2406
w2328_2400,rolling_shadow_price_exchange::lagrangian_balanced,20260801,9621,RealTimeInference,RegionC,RegionC,2399,143940,144020,80,6,20,2401
w2328_2400,rolling_shadow_price_exchange::lagrangian_balanced,20260801,9635,AITraining,RegionF,RegionF,2360,141660,141934,274,100,150,2406
w2328_2400,rolling_shadow_price_exchange::lagrangian_balanced,20260801,9661,RealTimeInference,RegionE,RegionE,2362,141720,141797,77,2,20,2364
w2328_2400,rolling_shadow_price_exchange::lagrangian_balanced,20260801,9690,AITraining,RegionD,RegionF,2340,140400,140583,183,103,150,2406
w2328_2400,rolling_shadow_price_exchange::lagrangian_balanced,20260801,9716,AITraining,RegionD,RegionF,2358,141540,141649,109,81,150,2406
w2328_2400,rolling_shadow_price_exchange::lagrangian_balanced,20260801,9778,AITraining,RegionF,RegionE,2355,141540,141634,94,99,150,2406
w2328_2400,rolling_shadow_price_exchange::lagrangian_balanced,20260801,9845,AITraining,RegionF,RegionF,2379,142740,142795,55,102,150,2406
w2328_2400,rolling_shadow_price_exchange::lagrangian_balanced,20260801,9850,BatchInference,RegionE,RegionE,2387,143220,143564,344,13,80,2406
w2328_2400,rolling_shadow_price_exchange::lagrangian_balanced,20260801,9852,AITraining,RegionB,RegionC,2346,141060,141164,104,93,150,2406
w2328_2400,rolling_shadow_price_exchange::lagrangian_balanced,20260801,9854,AITraining,RegionD,RegionF,2345,141120,141493,373,77,150,2406
w2328_2400,rolling_shadow_price_exchange::lagrangian_balanced,20260801,9861,AITraining,RegionD,RegionF,2329,139740,139987,247,37,150,2406
w2328_2400,rolling_shadow_price_exchange::lagrangian_balanced,20260801,9866,BatchInference,RegionA,RegionB,2332,139920,140148,228,15,80,2406
w2328_2400,rolling_shadow_price_exchange::lagrangian_balanced,20260801,9899,BatchInference,RegionB,RegionC,2346,140760,141016,256,14,80,2406
w2328_2400,rolling_shadow_price_exchange::lagrangian_balanced,20260801,9907,BatchInference,RegionC,RegionC,2340,140400,140703,303,8,80,2406
w2328_2400,rolling_shadow_price_exchange::lagrangian_balanced,20260801,9936,RealTimeInference,RegionC,RegionC,2385,143100,143191,91,5,20,2387
w2328_2400,rolling_shadow_price_exchange::lagrangian_balanced,20260801,10040,BatchInference,RegionD,RegionF,2332,139920,140032,112,12,80,2406
w2328_2400,rolling_shadow_price_exchange::lagrangian_balanced,20260801,10043,RealTimeInference,RegionA,RegionA,2337,140220,140238,18,2,20,2338
w2328_2400,rolling_shadow_price_exchange::lagrangian_balanced,20260801,10081,AITraining,RegionF,RegionF,2353,141180,141357,177,88,150,2406
w2328_2400,rolling_shadow_price_exchange::lagrangian_balanced,20260801,10085,AITraining,RegionE,RegionE,2362,141780,142174,394,119,150,2406
w2328_2400,rolling_shadow_price_exchange::lagrangian_balanced,20260801,10113,AITraining,RegionF,RegionF,2359,141660,141973,313,96,150,2406
w2328_2400,rolling_shadow_price_exchange::lagrangian_balanced,20260801,10116,AITraining,RegionD,RegionE,2345,140700,140819,119,96,150,2406
w2328_2400,rolling_shadow_price_exchange::lagrangian_balanced,20260801,10184,BatchInference,RegionD,RegionF,2390,143400,143567,167,15,80,2406
w2328_2400,rolling_shadow_price_exchange::lagrangian_balanced,20260801,10275,AITraining,RegionE,RegionE,2386,143160,143285,125,38,150,2406
w2328_2400,rolling_shadow_price_exchange::lagrangian_balanced,20260801,10284,BatchInference,RegionF,RegionF,2396,143760,143897,137,14,80,2406
w2328_2400,rolling_shadow_price_exchange::lagrangian_balanced,20260801,10306,AITraining,RegionD,RegionF,2384,143040,143312,272,68,150,2406
w2328_2400,rolling_shadow_price_exchange::lagrangian_balanced,20260801,10308,RealTimeInference,RegionB,RegionB,2338,140280,140442,162,7,20,2341
w2328_2400,rolling_shadow_price_exchange::lagrangian_balanced,20260801,10317,RealTimeInference,RegionE,RegionE,2373,142380,142670,290,2,20,2378
w2328_2400,rolling_shadow_price_exchange::lagrangian_balanced,20260801,10330,AITraining,RegionF,RegionE,2330,139800,139872,72,45,150,2406
w2328_2400,rolling_shadow_price_exchange::lagrangian_balanced,20260801,10342,AITraining,RegionF,RegionF,2350,141120,141482,362,82,150,2406
w2328_2400,rolling_shadow_price_exchange::lagrangian_balanced,20260801,10346,RealTimeInference,RegionB,RegionB,2336,140160,140326,166,6,20,2339
w2328_2400,rolling_shadow_price_exchange::lagrangian_balanced,20260801,10348,RealTimeInference,RegionC,RegionC,2364,141840,142004,164,7,20,2367
w2328_2400,rolling_shadow_price_exchange::lagrangian_balanced,20260801,10356,RealTimeInference,RegionC,RegionC,2361,141660,141866,206,2,20,2365
w2328_2400,rolling_shadow_price_exchange::lagrangian_balanced,20260801,10396,RealTimeInference,RegionF,RegionF,2361,141660,142034,374,1,20,2368
w2328_2400,rolling_shadow_price_exchange::lagrangian_balanced,20260801,10405,RealTimeInference,RegionB,RegionB,2330,139800,140075,275,6,20,2335
w2328_2400,rolling_shadow_price_exchange::lagrangian_balanced,20260801,10407,RealTimeInference,RegionC,RegionC,2389,143340,143482,142,7,20,2392
w2328_2400,rolling_shadow_price_exchange::lagrangian_balanced,20260801,10504,BatchInference,RegionC,RegionC,2396,143760,143829,69,4,80,2406
w2328_2400,rolling_shadow_price_exchange::lagrangian_balanced,20260801,10547,BatchInference,RegionA,RegionB,2338,140280,140661,381,23,80,2406
w2328_2400,rolling_shadow_price_exchange::lagrangian_balanced,20260801,10554,AITraining,RegionB,RegionB,2328,139680,140066,386,44,150,2406
w2328_2400,rolling_shadow_price_exchange::lagrangian_balanced,20260801,10570,BatchInference,RegionC,RegionC,2341,140460,140500,40,15,80,2406
w2328_2400,rolling_shadow_price_exchange::lagrangian_balanced,20260801,10622,BatchInference,RegionC,RegionC,2379,142740,143074,334,23,80,2406
w2328_2400,rolling_shadow_price_exchange::lagrangian_balanced,20260801,10640,BatchInference,RegionA,RegionB,2375,142500,142567,67,6,80,2406
w2328_2400,rolling_shadow_price_exchange::lagrangian_balanced,20260801,10654,AITraining,RegionD,RegionE,2358,141840,142195,355,116,150,2406
w2328_2400,rolling_shadow_price_exchange::lagrangian_balanced,20260801,10704,AITraining,RegionF,RegionF,2382,142920,142985,65,110,150,2406
w2328_2400,rolling_shadow_price_exchange::lagrangian_balanced,20260801,10735,RealTimeInference,RegionC,RegionC,2344,140640,140714,74,2,20,2346
w2328_2400,rolling_shadow_price_exchange::lagrangian_balanced,20260801,10794,RealTimeInference,RegionC,RegionC,2366,141960,142102,142,6,20,2369
w2328_2400,rolling_shadow_price_exchange::lagrangian_balanced,20260801,10886,BatchInference,RegionD,RegionE,2370,142200,142311,111,15,80,2406
w2328_2400,rolling_shadow_price_exchange::lagrangian_balanced,20260801,10910,AITraining,RegionD,RegionE,2367,142500,142628,128,108,150,2406
w2328_2400,rolling_shadow_price_exchange::lagrangian_balanced,20260801,11000,RealTimeInference,RegionA,RegionA,2341,140460,140617,157,4,20,2344
w2328_2400,rolling_shadow_price_exchange::lagrangian_balanced,20260801,11034,AITraining,RegionD,RegionD,2353,141180,141383,203,24,150,2406
w2328_2400,rolling_shadow_price_exchange::lagrangian_balanced,20260801,11070,RealTimeInference,RegionC,RegionC,2332,139920,139958,38,2,20,2333
w2328_2400,rolling_shadow_price_exchange::lagrangian_balanced,20260801,11078,AITraining,RegionF,RegionF,2351,141060,141124,64,119,150,2406
w2328_2400,rolling_shadow_price_exchange::lagrangian_balanced,20260801,11182,RealTimeInference,RegionC,RegionC,2371,142260,142586,326,1,20,2377
w2328_2400,rolling_shadow_price_exchange::lagrangian_balanced,20260801,11202,AITraining,RegionF,RegionF,2365,141900,142266,366,41,150,2406
w2328_2400,rolling_shadow_price_exchange::lagrangian_balanced,20260801,11204,BatchInference,RegionA,RegionA,2339,140340,140703,363,20,80,2406
w2328_2400,rolling_shadow_price_exchange::lagrangian_balanced,20260801,11216,BatchInference,RegionA,RegionB,2379,142740,143047,307,20,80,2406
w2328_2400,rolling_shadow_price_exchange::lagrangian_balanced,20260801,11235,AITraining,RegionF,RegionE,2345,141240,141537,297,120,150,2406
w2328_2400,rolling_shadow_price_exchange::lagrangian_balanced,20260801,11282,AITraining,RegionB,RegionC,2346,141120,141230,110,117,150,2406
w2328_2400,rolling_shadow_price_exchange::lagrangian_balanced,20260801,11304,AITraining,RegionD,RegionF,2383,143040,143110,70,112,150,2406
w2328_2400,rolling_shadow_price_exchange::lagrangian_balanced,20260801,11326,BatchInference,RegionE,RegionE,2364,141840,142054,214,17,80,2406
w2328_2400,rolling_shadow_price_exchange::lagrangian_balanced,20260801,11351,BatchInference,RegionD,RegionF,2394,143640,143901,261,16,80,2406
w2328_2400,rolling_shadow_price_exchange::lagrangian_balanced,20260801,11360,RealTimeInference,RegionE,RegionE,2384,143040,143434,394,3,20,2391
w2328_2400,rolling_shadow_price_exchange::lagrangian_balanced,20260801,11383,BatchInference,RegionC,RegionC,2380,142800,142911,111,22,80,2406
w2328_2400,rolling_shadow_price_exchange::lagrangian_balanced,20260801,11414,AITraining,RegionD,RegionE,2338,140520,140634,114,75,150,2406
w2328_2400,rolling_shadow_price_exchange::lagrangian_balanced,20260801,11509,RealTimeInference,RegionC,RegionC,2364,141840,141900,60,7,20,2365
w2328_2400,rolling_shadow_price_exchange::lagrangian_balanced,20260801,11532,RealTimeInference,RegionA,RegionA,2349,140940,140976,36,5,20,2350
w2328_2400,rolling_shadow_price_exchange::lagrangian_balanced,20260801,11623,RealTimeInference,RegionA,RegionA,2338,140280,140307,27,7,20,2339
w2328_2400,rolling_shadow_price_exchange::lagrangian_balanced,20260801,11630,BatchInference,RegionA,RegionC,2329,139740,140077,337,8,80,2406
w2328_2400,rolling_shadow_price_exchange::lagrangian_balanced,20260801,11672,AITraining,RegionE,RegionE,2362,141780,141837,57,62,150,2406
w2328_2400,rolling_shadow_price_exchange::lagrangian_balanced,20260801,11678,AITraining,RegionD,RegionF,2341,140460,140528,68,120,150,2406
w2328_2400,rolling_shadow_price_exchange::lagrangian_balanced,20260801,11685,AITraining,RegionE,RegionE,2368,142080,142399,319,33,150,2406
w2328_2400,rolling_shadow_price_exchange::lagrangian_balanced,20260801,11704,BatchInference,RegionB,RegionB,2344,140640,140707,67,6,80,2406
w2328_2400,rolling_shadow_price_exchange::lagrangian_balanced,20260801,11723,RealTimeInference,RegionA,RegionA,2331,139860,140095,235,7,20,2335
w2328_2400,rolling_shadow_price_exchange::lagrangian_balanced,20260801,11749,BatchInference,RegionB,RegionB,2332,139920,140040,120,14,80,2406
w2328_2400,rolling_shadow_price_exchange::lagrangian_balanced,20260801,11753,BatchInference,RegionE,RegionE,2368,142080,142462,382,15,80,2406
w2328_2400,rolling_shadow_price_exchange::lagrangian_balanced,20260801,11755,RealTimeInference,RegionA,RegionA,2354,141240,141274,34,2,20,2355
w2328_2400,rolling_shadow_price_exchange::lagrangian_balanced,20260801,11770,RealTimeInference,RegionB,RegionB,2338,140280,140417,137,7,20,2341
w2328_2400,rolling_shadow_price_exchange::lagrangian_balanced,20260801,11780,BatchInference,RegionF,RegionF,2398,143880,143915,35,21,80,2406
w2328_2400,rolling_shadow_price_exchange::lagrangian_balanced,20260801,11826,AITraining,RegionF,RegionE,2373,142860,143054,194,127,150,2406
w2328_2400,rolling_shadow_price_exchange::lagrangian_balanced,20260801,11834,BatchInference,RegionB,RegionC,2386,143160,143512,352,19,80,2406
w2328_2400,rolling_shadow_price_exchange::lagrangian_balanced,20260801,11877,RealTimeInference,RegionC,RegionC,2382,142920,143003,83,7,20,2384
w2328_2400,rolling_shadow_price_exchange::lagrangian_balanced,20260801,11917,BatchInference,RegionE,RegionE,2348,140880,141278,398,21,80,2406
w2328_2400,rolling_shadow_price_exchange::lagrangian_balanced,20260801,11961,AITraining,RegionE,RegionE,2376,142560,142806,246,111,150,2406
w2328_2400,rolling_shadow_price_exchange::lagrangian_balanced,20260801,11993,BatchInference,RegionC,RegionC,2382,142920,143156,236,15,80,2406
w2328_2400,rolling_shadow_price_exchange::lagrangian_balanced,20260801,12010,BatchInference,RegionA,RegionC,2350,141000,141102,102,12,80,2406
w2328_2400,rolling_shadow_price_exchange::lagrangian_balanced,20260801,12025,RealTimeInference,RegionA,RegionA,2387,143220,143259,39,2,20,2388
w2328_2400,rolling_shadow_price_exchange::lagrangian_balanced,20260801,12033,RealTimeInference,RegionB,RegionB,2334,140040,140125,85,5,20,2336
w2328_2400,rolling_shadow_price_exchange::lagrangian_balanced,20260801,12157,RealTimeInference,RegionB,RegionB,2372,142320,142493,173,6,20,2375
w2328_2400,rolling_shadow_price_exchange::lagrangian_balanced,20260801,12170,BatchInference,RegionC,RegionC,2338,140280,140312,32,14,80,2406
w2328_2400,rolling_shadow_price_exchange::lagrangian_balanced,20260801,12181,AITraining,RegionC,RegionC,2381,142860,143002,142,68,150,2406
w2328_2400,rolling_shadow_price_exchange::lagrangian_balanced,20260801,12184,BatchInference,RegionD,RegionD,2393,143580,143595,15,5,80,2406
w2328_2400,rolling_shadow_price_exchange::lagrangian_balanced,20260801,12204,AITraining,RegionE,RegionE,2347,140820,140842,22,29,150,2406
w2328_2400,rolling_shadow_price_exchange::lagrangian_balanced,20260801,12318,AITraining,RegionA,RegionC,2339,140460,140577,117,116,150,2406
w2328_2400,rolling_shadow_price_exchange::lagrangian_balanced,20260801,12363,RealTimeInference,RegionC,RegionC,2357,141420,141702,282,5,20,2362
w2328_2400,rolling_shadow_price_exchange::lagrangian_balanced,20260801,12367,RealTimeInference,RegionB,RegionB,2355,141300,141361,61,3,20,2357
w2328_2400,rolling_shadow_price_exchange::lagrangian_balanced,20260801,12373,RealTimeInference,RegionB,RegionB,2365,141900,142093,193,7,20,2369
w2328_2400,rolling_shadow_price_exchange::lagrangian_balanced,20260801,12390,AITraining,RegionF,RegionE,2338,140280,140479,199,117,150,2406
w2328_2400,rolling_shadow_price_exchange::lagrangian_balanced,20260801,12397,AITraining,RegionA,RegionB,2391,143460,143497,37,101,150,2406
w2328_2400,rolling_shadow_price_exchange::lagrangian_balanced,20260801,12424,RealTimeInference,RegionA,RegionA,2346,140760,140837,77,4,20,2348
w2328_2400,rolling_shadow_price_exchange::lagrangian_balanced,20260801,12427,BatchInference,RegionD,RegionE,2363,141840,142054,214,14,80,2406
w2328_2400,rolling_shadow_price_exchange::lagrangian_balanced,20260801,12431,BatchInference,RegionB,RegionC,2396,143760,143957,197,17,80,2406
w2328_2400,rolling_shadow_price_exchange::lagrangian_balanced,20260801,12443,RealTimeInference,RegionA,RegionA,2357,141420,141660,240,1,20,2361
w2328_2400,rolling_shadow_price_exchange::lagrangian_balanced,20260801,12444,RealTimeInference,RegionA,RegionA,2394,143640,143909,269,1,20,2399
w2328_2400,rolling_shadow_price_exchange::lagrangian_balanced,20260801,12447,RealTimeInference,RegionC,RegionC,2349,140940,141044,104,4,20,2351
w2328_2400,rolling_shadow_price_exchange::lagrangian_balanced,20260801,12452,RealTimeInference,RegionB,RegionB,2350,141000,141198,198,7,20,2354
w2328_2400,rolling_shadow_price_exchange::lagrangian_balanced,20260801,12481,RealTimeInference,RegionC,RegionC,2395,143700,143875,175,5,20,2398
w2328_2400,rolling_shadow_price_exchange::lagrangian_balanced,20260801,12522,AITraining,RegionC,RegionC,2371,142440,142482,42,91,150,2406
w2328_2400,rolling_shadow_price_exchange::lagrangian_balanced,20260801,12594,BatchInference,RegionA,RegionB,2352,141120,141246,126,9,80,2406
w2328_2400,rolling_shadow_price_exchange::lagrangian_balanced,20260801,12619,RealTimeInference,RegionC,RegionC,2339,140340,140425,85,4,20,2341
w2328_2400,rolling_shadow_price_exchange::lagrangian_balanced,20260801,12648,RealTimeInference,RegionA,RegionA,2332,139920,140195,275,2,20,2337
w2328_2400,rolling_shadow_price_exchange::lagrangian_balanced,20260801,12684,RealTimeInference,RegionC,RegionC,2355,141300,141464,164,4,20,2358
w2328_2400,rolling_shadow_price_exchange::lagrangian_balanced,20260801,12706,RealTimeInference,RegionA,RegionA,2342,140520,140675,155,7,20,2345
w2328_2400,rolling_shadow_price_exchange::lagrangian_balanced,20260801,12712,BatchInference,RegionA,RegionC,2339,140340,140519,179,10,80,2406
w2328_2400,rolling_shadow_price_exchange::lagrangian_balanced,20260801,12723,RealTimeInference,RegionC,RegionC,2351,141060,141166,106,7,20,2353
w2328_2400,rolling_shadow_price_exchange::lagrangian_balanced,20260801,12744,AITraining,RegionF,RegionF,2341,140460,140606,146,97,150,2406
w2328_2400,rolling_shadow_price_exchange::lagrangian_balanced,20260801,12755,AITraining,RegionE,RegionE,2383,142980,143163,183,51,150,2406
w2328_2400,rolling_shadow_price_exchange::lagrangian_balanced,20260801,12779,RealTimeInference,RegionA,RegionA,2348,140880,141269,389,4,20,2355
w2328_2400,rolling_shadow_price_exchange::lagrangian_balanced,20260801,12791,BatchInference,RegionA,RegionA,2383,142980,143032,52,4,80,2406
w2328_2400,rolling_shadow_price_exchange::lagrangian_balanced,20260801,12905,BatchInference,RegionC,RegionC,2354,141240,141281,41,4,80,2406
w2328_2400,rolling_shadow_price_exchange::lagrangian_balanced,20260801,13015,RealTimeInference,RegionA,RegionA,2367,142020,142401,381,2,20,2374
w2328_2400,rolling_shadow_price_exchange::lagrangian_balanced,20260801,13030,RealTimeInference,RegionB,RegionB,2367,142020,142073,53,1,20,2368
w2328_2400,rolling_shadow_price_exchange::lagrangian_balanced,20260801,13174,RealTimeInference,RegionB,RegionB,2394,143640,143650,10,6,20,2395
w2328_2400,rolling_shadow_price_exchange::lagrangian_balanced,20260801,13217,RealTimeInference,RegionA,RegionA,2345,140700,140925,225,7,20,2349
w2328_2400,rolling_shadow_price_exchange::lagrangian_balanced,20260801,13250,AITraining,RegionB,RegionC,2344,141300,141696,396,47,150,2406
w2328_2400,rolling_shadow_price_exchange::lagrangian_balanced,20260801,13251,RealTimeInference,RegionA,RegionA,2395,143700,143747,47,6,20,2396
w2328_2400,rolling_shadow_price_exchange::lagrangian_balanced,20260801,13318,RealTimeInference,RegionB,RegionB,2339,140340,140355,15,1,20,2340
w2328_2400,rolling_shadow_price_exchange::lagrangian_balanced,20260801,13331,RealTimeInference,RegionB,RegionB,2383,142980,143029,49,1,20,2384
w2328_2400,rolling_shadow_price_exchange::lagrangian_balanced,20260801,13376,AITraining,RegionD,RegionE,2394,143640,143783,143,53,150,2406
w2328_2400,rolling_shadow_price_exchange::lagrangian_balanced,20260801,13381,RealTimeInference,RegionA,RegionA,2398,143880,144005,125,6,20,2401
w2328_2400,rolling_shadow_price_exchange::lagrangian_balanced,20260801,13397,BatchInference,RegionC,RegionC,2333,139980,140304,324,6,80,2406
w2328_2400,rolling_shadow_price_exchange::lagrangian_balanced,20260801,13484,BatchInference,RegionE,RegionE,2335,140100,140268,168,13,80,2406
w2328_2400,rolling_shadow_price_exchange::lagrangian_balanced,20260801,13505,RealTimeInference,RegionE,RegionE,2382,142920,143177,257,6,20,2387
w2328_2400,rolling_shadow_price_exchange::lagrangian_balanced,20260801,13528,AITraining,RegionD,RegionE,2339,140520,140712,192,42,150,2406
w2328_2400,rolling_shadow_price_exchange::lagrangian_balanced,20260801,13554,BatchInference,RegionC,RegionC,2353,141180,141212,32,19,80,2406
w2328_2400,rolling_shadow_price_exchange::lagrangian_balanced,20260801,13563,RealTimeInference,RegionC,RegionC,2345,140700,141058,358,1,20,2351
w2328_2400,rolling_shadow_price_exchange::lagrangian_balanced,20260801,13584,RealTimeInference,RegionA,RegionA,2366,141960,142185,225,7,20,2370
w2328_2400,rolling_shadow_price_exchange::lagrangian_balanced,20260801,13587,AITraining,RegionD,RegionE,2381,143280,143672,392,23,150,2406
w2328_2400,rolling_shadow_price_exchange::lagrangian_balanced,20260801,13661,AITraining,RegionE,RegionE,2373,142380,142513,133,41,150,2406
w2328_2400,rolling_shadow_price_exchange::lagrangian_balanced,20260801,13701,BatchInference,RegionE,RegionE,2334,140040,140186,146,19,80,2406
w2328_2400,rolling_shadow_price_exchange::lagrangian_balanced,20260801,13721,BatchInference,RegionF,RegionF,2334,140040,140365,325,20,80,2406
w2328_2400,rolling_shadow_price_exchange::lagrangian_balanced,20260801,13747,AITraining,RegionF,RegionF,2389,143340,143736,396,41,150,2406
w2328_2400,rolling_shadow_price_exchange::lagrangian_balanced,20260801,13784,AITraining,RegionD,RegionF,2354,141660,141882,222,19,150,2406
w2328_2400,rolling_shadow_price_exchange::lagrangian_balanced,20260801,13798,RealTimeInference,RegionB,RegionB,2335,140100,140123,23,1,20,2336
w2328_2400,rolling_shadow_price_exchange::lagrangian_balanced,20260801,13803,RealTimeInference,RegionB,RegionB,2328,139680,139998,318,3,20,2334
w2328_2400,rolling_shadow_price_exchange::lagrangian_balanced,20260801,13832,RealTimeInference,RegionC,RegionC,2357,141420,141700,280,6,20,2362
w2328_2400,rolling_shadow_price_exchange::lagrangian_balanced,20260801,13836,AITraining,RegionD,RegionF,2391,143460,143844,384,40,150,2406
w2328_2400,rolling_shadow_price_exchange::lagrangian_balanced,20260801,13951,AITraining,RegionF,RegionE,2344,140640,140896,256,57,150,2406
w2328_2400,rolling_shadow_price_exchange::lagrangian_balanced,20260801,13958,BatchInference,RegionA,RegionB,2360,141600,141920,320,6,80,2406
w2328_2400,rolling_shadow_price_exchange::lagrangian_balanced,20260801,14049,BatchInference,RegionF,RegionF,2343,140580,140595,15,12,80,2406
w2328_2400,rolling_shadow_price_exchange::lagrangian_balanced,20260801,14064,RealTimeInference,RegionA,RegionA,2345,140700,140734,34,5,20,2346
w2328_2400,rolling_shadow_price_exchange::lagrangian_balanced,20260801,14067,AITraining,RegionE,RegionE,2357,141420,141768,348,19,150,2406
w2328_2400,rolling_shadow_price_exchange::lagrangian_balanced,20260801,14110,RealTimeInference,RegionA,RegionA,2356,141360,141386,26,1,20,2357
w2328_2400,rolling_shadow_price_exchange::lagrangian_balanced,20260801,14166,BatchInference,RegionD,RegionF,2331,139860,140045,185,17,80,2406
w2328_2400,rolling_shadow_price_exchange::lagrangian_balanced,20260801,14176,BatchInference,RegionB,RegionC,2349,140940,141204,264,11,80,2406
w2328_2400,rolling_shadow_price_exchange::lagrangian_balanced,20260801,14181,RealTimeInference,RegionA,RegionA,2337,140220,140523,303,6,20,2343
w2328_2400,rolling_shadow_price_exchange::lagrangian_balanced,20260801,14183,AITraining,RegionD,RegionD,2352,141120,141396,276,53,150,2406
w2328_2400,rolling_shadow_price_exchange::lagrangian_balanced,20260801,14234,BatchInference,RegionA,RegionB,2355,141300,141352,52,20,80,2406
w2328_2400,rolling_shadow_price_exchange::lagrangian_balanced,20260801,14248,RealTimeInference,RegionA,RegionA,2350,141000,141306,306,6,20,2356
w2328_2400,rolling_shadow_price_exchange::lagrangian_balanced,20260801,14304,AITraining,RegionF,RegionF,2369,142380,142718,338,67,150,2406
w2328_2400,rolling_shadow_price_exchange::lagrangian_balanced,20260801,14305,RealTimeInference,RegionD,RegionD,2391,143460,143740,280,2,20,2396
w2328_2400,rolling_shadow_price_exchange::lagrangian_balanced,20260801,14322,RealTimeInference,RegionB,RegionB,2347,140820,140979,159,7,20,2350
w2328_2400,rolling_shadow_price_exchange::lagrangian_balanced,20260801,14327,BatchInference,RegionB,RegionC,2394,143640,143973,333,21,80,2406
w2328_2400,rolling_shadow_price_exchange::lagrangian_balanced,20260801,14397,AITraining,RegionF,RegionE,2347,140820,140985,165,26,150,2406
w2328_2400,rolling_shadow_price_exchange::lagrangian_balanced,20260801,14405,BatchInference,RegionA,RegionB,2379,142740,142895,155,18,80,2406
w2328_2400,rolling_shadow_price_exchange::lagrangian_balanced,20260801,14419,AITraining,RegionD,RegionD,2379,143100,143486,386,104,150,2406
w2328_2400,rolling_shadow_price_exchange::lagrangian_balanced,20260801,14507,BatchInference,RegionD,RegionF,2353,141300,141503,203,12,80,2406
w2328_2400,rolling_shadow_price_exchange::lagrangian_balanced,20260801,14548,BatchInference,RegionF,RegionF,2344,140640,140790,150,9,80,2406
w2328_2400,rolling_shadow_price_exchange::lagrangian_balanced,20260801,14578,AITraining,RegionE,RegionE,2396,143880,144255,375,31,150,2406
w2328_2400,rolling_shadow_price_exchange::lagrangian_balanced,20260801,14619,AITraining,RegionF,RegionF,2394,143963,144360,397,117,150,2406
w2328_2400,rolling_shadow_price_exchange::lagrangian_balanced,20260801,14622,BatchInference,RegionB,RegionB,2386,143160,143380,220,23,80,2406
w2328_2400,rolling_shadow_price_exchange::lagrangian_balanced,20260801,14647,BatchInference,RegionA,RegionB,2376,142560,142634,74,11,80,2406
w2328_2400,rolling_shadow_price_exchange::lagrangian_balanced,20260801,14669,RealTimeInference,RegionB,RegionB,2385,143100,143377,277,6,20,2390
w2328_2400,rolling_shadow_price_exchange::lagrangian_balanced,20260801,14749,AITraining,RegionE,RegionE,2389,143340,143529,189,97,150,2406
w2328_2400,rolling_shadow_price_exchange::lagrangian_balanced,20260801,14754,BatchInference,RegionB,RegionB,2346,140760,140796,36,14,80,2406
w2328_2400,rolling_shadow_price_exchange::lagrangian_balanced,20260801,14772,BatchInference,RegionA,RegionB,2382,142920,143227,307,12,80,2406
w2328_2400,rolling_shadow_price_exchange::lagrangian_balanced,20260801,14780,AITraining,RegionD,RegionE,2377,142920,143189,269,32,150,2406
w2328_2400,rolling_shadow_price_exchange::lagrangian_balanced,20260801,14782,RealTimeInference,RegionB,RegionB,2361,141660,141705,45,7,20,2362
w2328_2400,rolling_shadow_price_exchange::lagrangian_balanced,20260801,14800,RealTimeInference,RegionB,RegionB,2366,141960,142308,348,3,20,2372
w2328_2400,rolling_shadow_price_exchange::lagrangian_balanced,20260801,14837,RealTimeInference,RegionA,RegionA,2368,142080,142193,113,4,20,2370
w2328_2400,rolling_shadow_price_exchange::lagrangian_balanced,20260801,14844,AITraining,RegionB,RegionC,2396,144000,144249,249,51,150,2406
w2328_2400,rolling_shadow_price_exchange::lagrangian_balanced,20260801,14847,BatchInference,RegionC,RegionC,2345,140700,140880,180,7,80,2406
w2328_2400,rolling_shadow_price_exchange::lagrangian_balanced,20260801,14868,AITraining,RegionF,RegionF,2396,143880,144267,387,22,150,2406
w2328_2400,rolling_shadow_price_exchange::lagrangian_balanced,20260801,14887,BatchInference,RegionD,RegionF,2368,142080,142317,237,4,80,2406
w2328_2400,rolling_shadow_price_exchange::lagrangian_balanced,20260801,14941,RealTimeInference,RegionC,RegionC,2365,141900,142226,326,6,20,2371
w2328_2400,rolling_shadow_price_exchange::lagrangian_balanced,20260801,14969,AITraining,RegionC,RegionC,2335,140100,140175,75,24,150,2406
w2328_2400,rolling_shadow_price_exchange::lagrangian_balanced,20260801,15071,AITraining,RegionE,RegionE,2358,141480,141879,399,84,150,2406
w2328_2400,rolling_shadow_price_exchange::lagrangian_balanced,20260801,15076,AITraining,RegionD,RegionF,2343,140580,140776,196,78,150,2406
w2328_2400,rolling_shadow_price_exchange::lagrangian_balanced,20260801,15079,RealTimeInference,RegionD,RegionD,2358,141480,141671,191,6,20,2362
w2328_2400,rolling_shadow_price_exchange::lagrangian_balanced,20260801,15175,RealTimeInference,RegionB,RegionB,2396,143760,143935,175,6,20,2399
w2328_2400,rolling_shadow_price_exchange::lagrangian_balanced,20260801,15185,RealTimeInference,RegionA,RegionA,2382,142920,142973,53,1,20,2383
w2328_2400,rolling_shadow_price_exchange::lagrangian_balanced,20260801,15221,RealTimeInference,RegionB,RegionB,2357,141420,141542,122,2,20,2360
w2328_2400,rolling_shadow_price_exchange::lagrangian_balanced,20260801,15242,BatchInference,RegionE,RegionE,2399,143940,144183,243,7,80,2406
w2328_2400,rolling_shadow_price_exchange::lagrangian_balanced,20260801,15257,RealTimeInference,RegionA,RegionA,2333,139980,140342,362,3,20,2340
w2328_2400,rolling_shadow_price_exchange::lagrangian_balanced,20260801,15297,BatchInference,RegionA,RegionC,2366,141960,142156,196,14,80,2406
w2328_2400,rolling_shadow_price_exchange::lagrangian_balanced,20260801,15303,BatchInference,RegionA,RegionC,2369,142140,142259,119,19,80,2406
w2328_2400,rolling_shadow_price_exchange::lagrangian_balanced,20260801,15319,RealTimeInference,RegionB,RegionB,2357,141420,141539,119,5,20,2359
w2328_2400,rolling_shadow_price_exchange::lagrangian_balanced,20260801,15363,AITraining,RegionD,RegionF,2360,141600,141729,129,93,150,2406
w2328_2400,rolling_shadow_price_exchange::lagrangian_balanced,20260801,15430,RealTimeInference,RegionB,RegionB,2329,139740,139866,126,1,20,2332
w2328_2400,rolling_shadow_price_exchange::lagrangian_balanced,20260801,15433,BatchInference,RegionF,RegionE,2372,142320,142448,128,17,80,2406
w2328_2400,rolling_shadow_price_exchange::lagrangian_balanced,20260801,15509,RealTimeInference,RegionB,RegionB,2374,142440,142775,335,3,20,2380
w2328_2400,rolling_shadow_price_exchange::lagrangian_balanced,20260801,15546,AITraining,RegionC,RegionC,2342,140520,140700,180,69,150,2406
w2328_2400,rolling_shadow_price_exchange::lagrangian_balanced,20260801,15559,BatchInference,RegionA,RegionB,2335,140100,140324,224,20,80,2406
w2328_2400,rolling_shadow_price_exchange::lagrangian_balanced,20260801,15624,BatchInference,RegionA,RegionC,2343,140580,140914,334,8,80,2406
w2328_2400,rolling_shadow_price_exchange::lagrangian_balanced,20260801,15666,RealTimeInference,RegionB,RegionB,2334,140040,140417,377,3,20,2341
w2328_2400,rolling_shadow_price_exchange::lagrangian_balanced,20260801,15675,AITraining,RegionF,RegionE,2390,144180,144359,179,87,150,2406
w2328_2400,rolling_shadow_price_exchange::lagrangian_balanced,20260801,15694,AITraining,RegionE,RegionE,2386,143160,143332,172,63,150,2406
w2328_2400,rolling_shadow_price_exchange::lagrangian_balanced,20260801,15695,RealTimeInference,RegionC,RegionC,2341,140460,140569,109,4,20,2343
w2328_2400,rolling_shadow_price_exchange::lagrangian_balanced,20260801,15721,RealTimeInference,RegionC,RegionC,2341,140460,140756,296,4,20,2346
w2328_2400,rolling_shadow_price_exchange::lagrangian_balanced,20260801,15737,AITraining,RegionD,RegionE,2351,141480,141770,290,32,150,2406
w2328_2400,rolling_shadow_price_exchange::lagrangian_balanced,20260801,15869,BatchInference,RegionB,RegionC,2338,140280,140395,115,18,80,2406
w2328_2400,rolling_shadow_price_exchange::lagrangian_balanced,20260801,15916,AITraining,RegionE,RegionE,2397,143820,144023,203,81,150,2406
w2328_2400,rolling_shadow_price_exchange::lagrangian_balanced,20260801,15921,AITraining,RegionD,RegionF,2394,144120,144355,235,127,150,2406
w2328_2400,rolling_shadow_price_exchange::lagrangian_balanced,20260801,16024,RealTimeInference,RegionF,RegionF,2392,143520,143721,201,1,20,2396
w2328_2400,rolling_shadow_price_exchange::lagrangian_balanced,20260801,16041,RealTimeInference,RegionB,RegionB,2394,143640,143695,55,5,20,2395
w2328_2400,rolling_shadow_price_exchange::lagrangian_balanced,20260801,16089,BatchInference,RegionF,RegionF,2361,141660,141716,56,4,80,2406
w2328_2400,rolling_shadow_price_exchange::lagrangian_balanced,20260801,16109,BatchInference,RegionF,RegionE,2389,143340,143515,175,7,80,2406
w2328_2400,rolling_shadow_price_exchange::lagrangian_balanced,20260801,16116,BatchInference,RegionA,RegionB,2382,142920,143240,320,7,80,2406
w2328_2400,rolling_shadow_price_exchange::lagrangian_balanced,20260801,16146,AITraining,RegionE,RegionE,2378,142680,142698,18,60,150,2406
w2328_2400,rolling_shadow_price_exchange::lagrangian_balanced,20260801,16206,BatchInference,RegionD,RegionF,2372,142320,142483,163,13,80,2406
w2328_2400,rolling_shadow_price_exchange::lagrangian_balanced,20260801,16252,AITraining,RegionE,RegionE,2359,141540,141851,311,69,150,2406
w2328_2400,rolling_shadow_price_exchange::lagrangian_balanced,20260801,16269,RealTimeInference,RegionA,RegionA,2367,142020,142376,356,4,20,2373
w2328_2400,rolling_shadow_price_exchange::lagrangian_balanced,20260801,16274,BatchInference,RegionA,RegionB,2388,143280,143643,363,21,80,2406
w2328_2400,rolling_shadow_price_exchange::lagrangian_balanced,20260801,16277,RealTimeInference,RegionB,RegionB,2334,140040,140144,104,5,20,2336
w2328_2400,rolling_shadow_price_exchange::lagrangian_balanced,20260801,16313,RealTimeInference,RegionA,RegionA,2365,141900,142228,328,1,20,2371
w2328_2400,rolling_shadow_price_exchange::lagrangian_balanced,20260801,16319,RealTimeInference,RegionE,RegionE,2331,139860,139944,84,4,20,2333
w2328_2400,rolling_shadow_price_exchange::lagrangian_balanced,20260801,16340,AITraining,RegionD,RegionF,2373,142500,142658,158,74,150,2406
w2328_2400,rolling_shadow_price_exchange::lagrangian_balanced,20260801,16345,BatchInference,RegionF,RegionF,2393,143580,143774,194,9,80,2406
w2328_2400,rolling_shadow_price_exchange::lagrangian_balanced,20260801,16373,AITraining,RegionD,RegionF,2361,141660,141845,185,104,150,2406
w2328_2400,rolling_shadow_price_exchange::lagrangian_balanced,20260801,16405,AITraining,RegionB,RegionC,2367,142560,142871,311,49,150,2406
w2328_2400,rolling_shadow_price_exchange::lagrangian_balanced,20260801,16494,BatchInference,RegionD,RegionF,2395,143700,143861,161,22,80,2406
w2328_2400,rolling_shadow_price_exchange::lagrangian_balanced,20260801,16513,AITraining,RegionE,RegionE,2390,143400,143750,350,107,150,2406
w2328_2400,rolling_shadow_price_exchange::lagrangian_balanced,20260801,16655,AITraining,RegionD,RegionE,2328,139740,140072,332,127,150,2406
w2328_2400,rolling_shadow_price_exchange::lagrangian_balanced,20260801,16659,BatchInference,RegionE,RegionE,2346,140760,140990,230,13,80,2406
w2328_2400,rolling_shadow_price_exchange::lagrangian_balanced,20260801,16696,RealTimeInference,RegionB,RegionB,2373,142380,142455,75,6,20,2375
w2328_2400,rolling_shadow_price_exchange::lagrangian_balanced,20260801,16699,AITraining,RegionF,RegionE,2393,144240,144342,102,127,150,2406
w2328_2400,rolling_shadow_price_exchange::lagrangian_balanced,20260801,16724,RealTimeInference,RegionC,RegionC,2365,141900,141945,45,1,20,2366
w2328_2400,rolling_shadow_price_exchange::lagrangian_balanced,20260801,16733,AITraining,RegionB,RegionC,2332,140400,140693,293,106,150,2406
w2328_2400,rolling_shadow_price_exchange::lagrangian_balanced,20260801,16844,RealTimeInference,RegionF,RegionF,2399,143940,143991,51,1,20,2400
w2328_2400,rolling_shadow_price_exchange::lagrangian_balanced,20260801,16854,AITraining,RegionE,RegionE,2348,140880,141227,347,35,150,2406
w2328_2400,rolling_shadow_price_exchange::lagrangian_balanced,20260801,16882,AITraining,RegionF,RegionE,2332,139920,140302,382,98,150,2406
w2328_2400,rolling_shadow_price_exchange::lagrangian_balanced,20260801,16887,RealTimeInference,RegionB,RegionB,2345,140700,140894,194,6,20,2349
w2328_2400,rolling_shadow_price_exchange::lagrangian_balanced,20260801,16898,AITraining,RegionD,RegionE,2336,140280,140400,120,73,150,2406
w2328_2400,rolling_shadow_price_exchange::lagrangian_balanced,20260801,16950,RealTimeInference,RegionA,RegionA,2384,143040,143192,152,6,20,2387
w2328_2400,rolling_shadow_price_exchange::lagrangian_balanced,20260801,17044,BatchInference,RegionC,RegionC,2389,143340,143376,36,6,80,2406
w2328_2400,rolling_shadow_price_exchange::lagrangian_balanced,20260801,17052,RealTimeInference,RegionC,RegionC,2398,143880,143913,33,2,20,2399
w2328_2400,rolling_shadow_price_exchange::lagrangian_balanced,20260801,17097,AITraining,RegionE,RegionE,2347,140820,141160,340,31,150,2406
w2328_2400,rolling_shadow_price_exchange::lagrangian_balanced,20260801,17116,BatchInference,RegionC,RegionC,2352,141120,141145,25,4,80,2406
w2328_2400,rolling_shadow_price_exchange::lagrangian_balanced,20260801,17139,AITraining,RegionF,RegionF,2350,141000,141233,233,80,150,2406
w2328_2400,rolling_shadow_price_exchange::lagrangian_balanced,20260801,17142,RealTimeInference,RegionB,RegionB,2373,142380,142713,333,3,20,2379
w2328_2400,rolling_shadow_price_exchange::lagrangian_balanced,20260801,17181,AITraining,RegionD,RegionE,2387,143280,143382,102,82,150,2406
w2328_2400,rolling_shadow_price_exchange::lagrangian_balanced,20260801,17183,AITraining,RegionE,RegionE,2368,142320,142661,341,46,150,2406
w2328_2400,rolling_shadow_price_exchange::lagrangian_balanced,20260801,17192,RealTimeInference,RegionA,RegionA,2347,140820,140889,69,1,20,2349
w2328_2400,rolling_shadow_price_exchange::lagrangian_balanced,20260801,17233,AITraining,RegionD,RegionF,2390,143400,143628,228,122,150,2406
w2328_2400,rolling_shadow_price_exchange::lagrangian_balanced,20260801,17234,BatchInference,RegionC,RegionC,2374,142440,142565,125,5,80,2406
w2328_2400,rolling_shadow_price_exchange::lagrangian_balanced,20260801,17239,BatchInference,RegionB,RegionB,2359,141540,141744,204,20,80,2406
w2328_2400,rolling_shadow_price_exchange::lagrangian_balanced,20260801,17249,AITraining,RegionE,RegionE,2361,141660,141953,293,115,150,2406
w2328_2400,rolling_shadow_price_exchange::lagrangian_balanced,20260801,17253,RealTimeInference,RegionA,RegionA,2375,142500,142614,114,1,20,2377
w2328_2400,rolling_shadow_price_exchange::lagrangian_balanced,20260801,17336,AITraining,RegionF,RegionF,2362,141720,142109,389,29,150,2406
w2328_2400,rolling_shadow_price_exchange::lagrangian_balanced,20260801,17346,RealTimeInference,RegionB,RegionB,2360,141600,141652,52,2,20,2361
w2328_2400,rolling_shadow_price_exchange::lagrangian_balanced,20260801,17348,AITraining,RegionF,RegionF,2365,141900,142281,381,84,150,2406
w2328_2400,rolling_shadow_price_exchange::lagrangian_balanced,20260801,17378,AITraining,RegionD,RegionE,2339,140340,140647,307,74,150,2406
w2328_2400,rolling_shadow_price_exchange::lagrangian_balanced,20260801,17387,RealTimeInference,RegionC,RegionC,2346,140760,141115,355,2,20,2352
w2328_2400,rolling_shadow_price_exchange::lagrangian_balanced,20260801,17421,BatchInference,RegionF,RegionF,2398,143880,144021,141,15,80,2406
w2328_2400,rolling_shadow_price_exchange::lagrangian_balanced,20260801,17444,AITraining,RegionD,RegionF,2355,141720,142107,387,46,150,2406
w2328_2400,rolling_shadow_price_exchange::lagrangian_balanced,20260801,17460,RealTimeInference,RegionD,RegionD,2340,140400,140459,59,5,20,2341
w2328_2400,rolling_shadow_price_exchange::lagrangian_balanced,20260801,17466,BatchInference,RegionE,RegionE,2380,142800,143031,231,20,80,2406
w2328_2400,rolling_shadow_price_exchange::lagrangian_balanced,20260801,17520,RealTimeInference,RegionA,RegionA,2353,141180,141506,326,2,20,2359
w2328_2400,rolling_shadow_price_exchange::lagrangian_balanced,20260801,17539,BatchInference,RegionF,RegionF,2338,140280,140419,139,17,80,2406
w2328_2400,rolling_shadow_price_exchange::lagrangian_balanced,20260801,17542,AITraining,RegionD,RegionD,2353,141240,141526,286,96,150,2406
w2328_2400,rolling_shadow_price_exchange::lagrangian_balanced,20260801,17564,AITraining,RegionF,RegionE,2334,140100,140427,327,59,150,2406
w2328_2400,rolling_shadow_price_exchange::lagrangian_balanced,20260801,17673,AITraining,RegionD,RegionF,2392,143963,144360,397,124,150,2406
w2328_2400,rolling_shadow_price_exchange::lagrangian_balanced,20260801,17674,AITraining,RegionE,RegionE,2333,139980,140116,136,86,150,2406
w2328_2400,rolling_shadow_price_exchange::lagrangian_balanced,20260801,17782,RealTimeInference,RegionF,RegionF,2372,142320,142571,251,2,20,2377
w2328_2400,rolling_shadow_price_exchange::lagrangian_balanced,20260801,17813,AITraining,RegionE,RegionE,2350,141060,141223,163,110,150,2406
w2328_2400,rolling_shadow_price_exchange::lagrangian_balanced,20260801,17820,RealTimeInference,RegionC,RegionC,2376,142560,142635,75,1,20,2378
w2328_2400,rolling_shadow_price_exchange::lagrangian_balanced,20260801,17864,AITraining,RegionD,RegionF,2378,143040,143142,102,120,150,2406
w2328_2400,rolling_shadow_price_exchange::lagrangian_balanced,20260801,17898,AITraining,RegionE,RegionE,2391,143460,143619,159,78,150,2406
w2328_2400,rolling_shadow_price_exchange::lagrangian_balanced,20260801,17910,BatchInference,RegionC,RegionC,2351,141060,141070,10,17,80,2406
w2328_2400,rolling_shadow_price_exchange::lagrangian_balanced,20260801,17916,RealTimeInference,RegionB,RegionB,2350,141000,141343,343,4,20,2356
w2328_2400,rolling_shadow_price_exchange::lagrangian_balanced,20260801,17938,BatchInference,RegionE,RegionE,2398,143880,144136,256,23,80,2406
w2328_2400,rolling_shadow_price_exchange::lagrangian_balanced,20260801,17991,AITraining,RegionF,RegionF,2388,143280,143416,136,26,150,2406
w2328_2400,rolling_shadow_price_exchange::lagrangian_balanced,20260801,18052,AITraining,RegionD,RegionE,2341,141240,141542,302,121,150,2406
w2328_2400,rolling_shadow_price_exchange::lagrangian_balanced,20260801,18061,BatchInference,RegionC,RegionC,2388,143280,143584,304,9,80,2406
w2328_2400,rolling_shadow_price_exchange::lagrangian_balanced,20260801,18108,BatchInference,RegionD,RegionD,2371,142260,142592,332,23,80,2406
w2328_2400,rolling_shadow_price_exchange::lagrangian_balanced,20260801,18185,BatchInference,RegionC,RegionC,2347,140820,141214,394,6,80,2406
w2328_2400,rolling_shadow_price_exchange::lagrangian_balanced,20260801,18201,BatchInference,RegionE,RegionE,2376,142560,142600,40,16,80,2406
w2328_2400,rolling_shadow_price_exchange::lagrangian_balanced,20260801,18219,AITraining,RegionE,RegionE,2347,140820,141016,196,112,150,2406
w2328_2400,rolling_shadow_price_exchange::lagrangian_balanced,20260801,18282,AITraining,RegionD,RegionF,2336,140160,140425,265,16,150,2406
w2328_2400,rolling_shadow_price_exchange::lagrangian_balanced,20260801,18295,AITraining,RegionD,RegionF,2366,141960,142249,289,52,150,2406
w2328_2400,rolling_shadow_price_exchange::lagrangian_balanced,20260801,18301,AITraining,RegionC,RegionC,2343,140580,140619,39,41,150,2406
w2328_2400,rolling_shadow_price_exchange::lagrangian_balanced,20260801,18318,RealTimeInference,RegionC,RegionC,2356,141360,141447,87,7,20,2358
w2328_2400,rolling_shadow_price_exchange::lagrangian_balanced,20260801,18321,RealTimeInference,RegionA,RegionA,2328,139680,139888,208,1,20,2332
w2328_2400,rolling_shadow_price_exchange::lagrangian_balanced,20260801,18325,AITraining,RegionF,RegionF,2385,143100,143307,207,58,150,2406
w2328_2400,rolling_shadow_price_exchange::lagrangian_balanced,20260801,18346,BatchInference,RegionF,RegionF,2344,140640,140872,232,10,80,2406
w2328_2400,rolling_shadow_price_exchange::lagrangian_balanced,20260801,18367,BatchInference,RegionA,RegionC,2391,143460,143806,346,19,80,2406
w2328_2400,rolling_shadow_price_exchange::lagrangian_balanced,20260801,18394,RealTimeInference,RegionA,RegionA,2396,143760,144086,326,3,20,2402
w2328_2400,rolling_shadow_price_exchange::lagrangian_balanced,20260801,18427,BatchInference,RegionB,RegionB,2378,142680,142947,267,18,80,2406
w2328_2400,rolling_shadow_price_exchange::lagrangian_balanced,20260801,18438,RealTimeInference,RegionF,RegionF,2361,141660,141712,52,6,20,2362
w2328_2400,rolling_shadow_price_exchange::lagrangian_balanced,20260801,18498,BatchInference,RegionA,RegionC,2363,141780,142022,242,19,80,2406
w2328_2400,rolling_shadow_price_exchange::lagrangian_balanced,20260801,18546,BatchInference,RegionC,RegionC,2364,141840,141900,60,15,80,2406
w2328_2400,rolling_shadow_price_exchange::lagrangian_balanced,20260801,18621,BatchInference,RegionF,RegionF,2348,140880,141194,314,4,80,2406
w2328_2400,rolling_shadow_price_exchange::lagrangian_balanced,20260801,18644,AITraining,RegionD,RegionF,2365,141900,141990,90,86,150,2406
w2328_2400,rolling_shadow_price_exchange::lagrangian_balanced,20260801,18687,RealTimeInference,RegionE,RegionE,2391,143460,143547,87,5,20,2393
w2328_2400,rolling_shadow_price_exchange::lagrangian_balanced,20260801,18713,AITraining,RegionF,RegionF,2380,142800,142865,65,38,150,2406
w2328_2400,rolling_shadow_price_exchange::lagrangian_balanced,20260801,18720,AITraining,RegionF,RegionE,2381,142980,143032,52,120,150,2406
w2328_2400,rolling_shadow_price_exchange::lagrangian_balanced,20260801,18826,BatchInference,RegionA,RegionC,2392,143520,143792,272,17,80,2406
w2328_2400,rolling_shadow_price_exchange::lagrangian_balanced,20260801,18847,BatchInference,RegionB,RegionC,2391,143460,143731,271,8,80,2406
w2328_2400,rolling_shadow_price_exchange::lagrangian_balanced,20260801,18869,BatchInference,RegionD,RegionF,2386,143160,143426,266,7,80,2406
w2328_2400,rolling_shadow_price_exchange::lagrangian_balanced,20260801,18905,BatchInference,RegionA,RegionC,2381,142860,143111,251,12,80,2406
w2328_2400,rolling_shadow_price_exchange::lagrangian_balanced,20260801,18909,BatchInference,RegionE,RegionE,2334,140040,140092,52,5,80,2406
w2328_2400,rolling_shadow_price_exchange::lagrangian_balanced,20260801,19000,RealTimeInference,RegionC,RegionC,2344,140640,140893,253,7,20,2349
w2328_2400,rolling_shadow_price_exchange::lagrangian_balanced,20260801,19001,RealTimeInference,RegionC,RegionC,2358,141480,141849,369,2,20,2365
w2328_2400,rolling_shadow_price_exchange::lagrangian_balanced,20260801,19061,RealTimeInference,RegionF,RegionF,2375,142500,142805,305,1,20,2381
w2328_2400,rolling_shadow_price_exchange::lagrangian_balanced,20260801,19172,RealTimeInference,RegionC,RegionC,2398,143880,144079,199,6,20,2402
w2328_2400,rolling_shadow_price_exchange::lagrangian_balanced,20260801,19174,RealTimeInference,RegionA,RegionA,2349,140940,141074,134,3,20,2352
w2328_2400,rolling_shadow_price_exchange::lagrangian_balanced,20260801,19190,AITraining,RegionE,RegionE,2360,141600,141639,39,116,150,2406
w2328_2400,rolling_shadow_price_exchange::lagrangian_balanced,20260801,19196,BatchInference,RegionD,RegionE,2359,141540,141649,109,23,80,2406
w2328_2400,rolling_shadow_price_exchange::lagrangian_balanced,20260801,19257,BatchInference,RegionE,RegionE,2362,141720,141993,273,14,80,2406
w2328_2400,rolling_shadow_price_exchange::lagrangian_balanced,20260801,19264,RealTimeInference,RegionD,RegionD,2386,143160,143360,200,4,20,2390
w2328_2400,rolling_shadow_price_exchange::lagrangian_balanced,20260801,19266,RealTimeInference,RegionA,RegionA,2361,141660,141671,11,2,20,2362
w2328_2400,rolling_shadow_price_exchange::lagrangian_balanced,20260801,19289,AITraining,RegionE,RegionE,2398,143880,144241,361,121,150,2406
w2328_2400,rolling_shadow_price_exchange::lagrangian_balanced,20260801,19364,AITraining,RegionD,RegionF,2354,141240,141379,139,61,150,2406
w2328_2400,rolling_shadow_price_exchange::lagrangian_balanced,20260801,19387,AITraining,RegionE,RegionE,2392,143580,143806,226,104,150,2406
w2328_2400,rolling_shadow_price_exchange::lagrangian_balanced,20260801,19430,RealTimeInference,RegionA,RegionA,2343,140580,140611,31,1,20,2344
w2328_2400,rolling_shadow_price_exchange::lagrangian_balanced,20260801,19440,BatchInference,RegionE,RegionE,2382,142920,143044,124,23,80,2406
w2328_2400,rolling_shadow_price_exchange::lagrangian_balanced,20260801,19510,AITraining,RegionD,RegionF,2338,140280,140296,16,67,150,2406
w2328_2400,rolling_shadow_price_exchange::lagrangian_balanced,20260801,19557,AITraining,RegionE,RegionE,2337,140220,140327,107,34,150,2406
w2328_2400,rolling_shadow_price_exchange::lagrangian_balanced,20260801,19584,AITraining,RegionE,RegionE,2387,143220,143569,349,43,150,2406
w2328_2400,rolling_shadow_price_exchange::lagrangian_balanced,20260801,19590,AITraining,RegionE,RegionE,2353,141180,141439,259,43,150,2406
w2328_2400,rolling_shadow_price_exchange::lagrangian_balanced,20260801,19648,BatchInference,RegionC,RegionC,2361,141660,141833,173,21,80,2406
w2328_2400,rolling_shadow_price_exchange::lagrangian_balanced,20260801,19682,BatchInference,RegionD,RegionF,2390,143400,143714,314,11,80,2406
w2328_2400,rolling_shadow_price_exchange::lagrangian_balanced,20260801,19684,BatchInference,RegionF,RegionF,2378,142680,142801,121,9,80,2406
w2328_2400,rolling_shadow_price_exchange::lagrangian_balanced,20260801,19693,RealTimeInference,RegionA,RegionA,2386,143160,143232,72,4,20,2388
w2328_2400,rolling_shadow_price_exchange::lagrangian_balanced,20260801,19728,BatchInference,RegionD,RegionE,2340,140520,140829,309,10,80,2406
w2328_2400,rolling_shadow_price_exchange::lagrangian_balanced,20260801,19802,RealTimeInference,RegionE,RegionE,2370,142200,142342,142,3,20,2373
w2328_2400,rolling_shadow_price_exchange::lagrangian_balanced,20260801,19991,BatchInference,RegionE,RegionE,2350,141000,141297,297,15,80,2406
w2328_2400,rolling_shadow_price_exchange::lagrangian_balanced,20260801,19995,BatchInference,RegionB,RegionB,2360,141600,141692,92,11,80,2406
w2328_2400,rolling_shadow_price_exchange::lagrangian_balanced,20260801,20035,BatchInference,RegionC,RegionC,2337,140220,140509,289,13,80,2406
w2328_2400,rolling_shadow_price_exchange::lagrangian_balanced,20260801,20040,AITraining,RegionD,RegionE,2344,140700,140847,147,19,150,2406
w2328_2400,rolling_shadow_price_exchange::lagrangian_balanced,20260801,20139,AITraining,RegionD,RegionE,2381,143220,143425,205,71,150,2406
w2328_2400,rolling_shadow_price_exchange::lagrangian_balanced,20260801,20148,RealTimeInference,RegionC,RegionC,2336,140160,140274,114,4,20,2338
w2328_2400,rolling_shadow_price_exchange::lagrangian_balanced,20260801,20152,RealTimeInference,RegionA,RegionA,2357,141420,141666,246,5,20,2362
w2328_2400,rolling_shadow_price_exchange::lagrangian_balanced,20260801,20235,AITraining,RegionF,RegionF,2345,141000,141339,339,53,150,2406
w2328_2400,rolling_shadow_price_exchange::lagrangian_balanced,20260801,20312,BatchInference,RegionD,RegionD,2396,143760,144008,248,16,80,2406
w2328_2400,rolling_shadow_price_exchange::lagrangian_balanced,20260801,20316,AITraining,RegionD,RegionF,2343,141120,141518,398,65,150,2406
w2328_2400,rolling_shadow_price_exchange::lagrangian_balanced,20260801,20336,BatchInference,RegionB,RegionB,2352,141120,141440,320,22,80,2406
w2328_2400,rolling_shadow_price_exchange::lagrangian_balanced,20260801,20392,AITraining,RegionF,RegionF,2377,142620,142955,335,110,150,2406
w2328_2400,rolling_shadow_price_exchange::lagrangian_balanced,20260801,20402,AITraining,RegionD,RegionD,2371,143160,143494,334,119,150,2406
w2328_2400,rolling_shadow_price_exchange::lagrangian_balanced,20260801,20403,BatchInference,RegionD,RegionF,2388,143280,143519,239,14,80,2406
w2328_2400,rolling_shadow_price_exchange::lagrangian_balanced,20260801,20535,AITraining,RegionE,RegionE,2352,141180,141563,383,120,150,2406
w2328_2400,rolling_shadow_price_exchange::lagrangian_balanced,20260801,20536,RealTimeInference,RegionC,RegionC,2341,140460,140588,128,2,20,2344
w2328_2400,rolling_shadow_price_exchange::lagrangian_balanced,20260801,20632,BatchInference,RegionC,RegionC,2386,143160,143344,184,14,80,2406
w2328_2400,rolling_shadow_price_exchange::lagrangian_balanced,20260801,20666,RealTimeInference,RegionC,RegionC,2366,141960,142205,245,4,20,2371
w2328_2400,rolling_shadow_price_exchange::lagrangian_balanced,20260801,20712,RealTimeInference,RegionC,RegionC,2361,141660,141866,206,1,20,2365
w2328_2400,rolling_shadow_price_exchange::lagrangian_balanced,20260801,20761,AITraining,RegionC,RegionC,2330,139800,139991,191,107,150,2406
w2328_2400,rolling_shadow_price_exchange::lagrangian_balanced,20260801,20786,AITraining,RegionF,RegionF,2370,142200,142531,331,62,150,2406
w2328_2400,rolling_shadow_price_exchange::lagrangian_balanced,20260801,20794,AITraining,RegionD,RegionF,2367,142020,142348,328,81,150,2406
w2328_2400,rolling_shadow_price_exchange::lagrangian_balanced,20260801,20797,RealTimeInference,RegionB,RegionB,2364,141840,142076,236,5,20,2368
w2328_2400,rolling_shadow_price_exchange::lagrangian_balanced,20260801,20798,RealTimeInference,RegionC,RegionC,2328,139680,139961,281,3,20,2333
w2328_2400,rolling_shadow_price_exchange::lagrangian_balanced,20260801,20799,BatchInference,RegionF,RegionF,2397,143820,144024,204,14,80,2406
w2328_2400,rolling_shadow_price_exchange::lagrangian_balanced,20260801,20824,RealTimeInference,RegionC,RegionC,2337,140220,140513,293,2,20,2342
w2328_2400,rolling_shadow_price_exchange::lagrangian_balanced,20260801,20826,RealTimeInference,RegionA,RegionA,2371,142260,142657,397,4,20,2378
w2328_2400,rolling_shadow_price_exchange::lagrangian_balanced,20260801,20865,BatchInference,RegionF,RegionE,2345,140700,141068,368,5,80,2406
w2328_2400,rolling_shadow_price_exchange::lagrangian_balanced,20260801,20915,RealTimeInference,RegionB,RegionB,2337,140220,140569,349,4,20,2343
w2328_2400,rolling_shadow_price_exchange::lagrangian_balanced,20260801,20956,RealTimeInference,RegionC,RegionC,2336,140160,140369,209,5,20,2340
w2328_2400,rolling_shadow_price_exchange::lagrangian_balanced,20260801,20964,AITraining,RegionB,RegionC,2380,143280,143490,210,112,150,2406
w2328_2400,rolling_shadow_price_exchange::lagrangian_balanced,20260801,20965,RealTimeInference,RegionA,RegionA,2377,142620,142778,158,2,20,2380
w2328_2400,rolling_shadow_price_exchange::lagrangian_balanced,20260801,20989,BatchInference,RegionF,RegionE,2362,141840,142099,259,20,80,2406
w2328_2400,rolling_shadow_price_exchange::lagrangian_balanced,20260801,21050,AITraining,RegionD,RegionF,2361,141660,141833,173,28,150,2406
w2328_2400,rolling_shadow_price_exchange::lagrangian_balanced,20260801,21067,AITraining,RegionF,RegionE,2369,142320,142678,358,47,150,2406
w2328_2400,rolling_shadow_price_exchange::lagrangian_balanced,20260801,21081,AITraining,RegionF,RegionF,2366,141960,142157,197,121,150,2406
w2328_2400,rolling_shadow_price_exchange::lagrangian_balanced,20260801,21103,RealTimeInference,RegionA,RegionA,2383,142980,143088,108,7,20,2385
w2328_2400,rolling_shadow_price_exchange::lagrangian_balanced,20260801,21128,AITraining,RegionB,RegionB,2335,140100,140170,70,106,150,2406
w2328_2400,rolling_shadow_price_exchange::lagrangian_balanced,20260801,21169,AITraining,RegionD,RegionD,2350,141120,141363,243,60,150,2406
w2328_2400,rolling_shadow_price_exchange::lagrangian_balanced,20260801,21228,BatchInference,RegionB,RegionC,2370,142200,142352,152,5,80,2406
w2328_2400,rolling_shadow_price_exchange::lagrangian_balanced,20260801,21242,RealTimeInference,RegionB,RegionB,2390,143400,143466,66,1,20,2392
w2328_2400,rolling_shadow_price_exchange::lagrangian_balanced,20260801,21316,AITraining,RegionE,RegionE,2348,140880,141017,137,62,150,2406
w2328_2400,rolling_shadow_price_exchange::lagrangian_balanced,20260801,21318,BatchInference,RegionA,RegionC,2349,140940,141180,240,15,80,2406
w2328_2400,rolling_shadow_price_exchange::lagrangian_balanced,20260801,21356,AITraining,RegionF,RegionF,2388,143280,143588,308,125,150,2406
w2328_2400,rolling_shadow_price_exchange::lagrangian_balanced,20260801,21371,AITraining,RegionC,RegionC,2338,140280,140600,320,50,150,2406
w2328_2400,rolling_shadow_price_exchange::lagrangian_balanced,20260801,21384,AITraining,RegionC,RegionC,2377,142620,142838,218,110,150,2406
w2328_2400,rolling_shadow_price_exchange::lagrangian_balanced,20260801,21400,RealTimeInference,RegionB,RegionB,2399,143940,144041,101,1,20,2401
w2328_2400,rolling_shadow_price_exchange::lagrangian_balanced,20260801,21428,RealTimeInference,RegionC,RegionC,2387,143220,143362,142,5,20,2390
w2328_2400,rolling_shadow_price_exchange::lagrangian_balanced,20260801,21451,AITraining,RegionD,RegionE,2394,143700,143953,253,34,150,2406
w2328_2400,rolling_shadow_price_exchange::lagrangian_balanced,20260801,21512,AITraining,RegionE,RegionE,2369,142140,142535,395,55,150,2406
w2328_2400,rolling_shadow_price_exchange::lagrangian_balanced,20260801,21522,BatchInference,RegionA,RegionB,2331,139860,140214,354,5,80,2406
w2328_2400,rolling_shadow_price_exchange::lagrangian_balanced,20260801,21631,AITraining,RegionF,RegionF,2371,142320,142681,361,31,150,2406
w2328_2400,rolling_shadow_price_exchange::lagrangian_balanced,20260801,21637,BatchInference,RegionD,RegionD,2355,141300,141544,244,8,80,2406
w2328_2400,rolling_shadow_price_exchange::lagrangian_balanced,20260801,21651,BatchInference,RegionE,RegionE,2375,142500,142862,362,16,80,2406
w2328_2400,rolling_shadow_price_exchange::lagrangian_balanced,20260801,21725,AITraining,RegionB,RegionB,2342,140520,140640,120,77,150,2406
w2328_2400,rolling_shadow_price_exchange::lagrangian_balanced,20260801,21730,AITraining,RegionF,RegionF,2397,143820,144109,289,49,150,2406
w2328_2400,rolling_shadow_price_exchange::lagrangian_balanced,20260801,21770,BatchInference,RegionF,RegionE,2347,140820,140957,137,6,80,2406
w2328_2400,rolling_shadow_price_exchange::lagrangian_balanced,20260801,21792,RealTimeInference,RegionA,RegionA,2392,143520,143836,316,4,20,2398
w2328_2400,rolling_shadow_price_exchange::lagrangian_balanced,20260801,21829,AITraining,RegionF,RegionF,2355,141300,141649,349,26,150,2406
w2328_2400,rolling_shadow_price_exchange::lagrangian_balanced,20260801,21837,AITraining,RegionD,RegionF,2388,143340,143596,256,59,150,2406
w2328_2400,rolling_shadow_price_exchange::lagrangian_balanced,20260801,21897,RealTimeInference,RegionA,RegionA,2393,143580,143672,92,3,20,2395
w2328_2400,rolling_shadow_price_exchange::lagrangian_balanced,20260801,22017,BatchInference,RegionD,RegionF,2330,139800,140008,208,7,80,2406
w2328_2400,rolling_shadow_price_exchange::lagrangian_balanced,20260801,22020,BatchInference,RegionA,RegionC,2375,142500,142540,40,7,80,2406
w2328_2400,rolling_shadow_price_exchange::lagrangian_balanced,20260801,22087,BatchInference,RegionB,RegionB,2372,142320,142698,378,12,80,2406
w2328_2400,rolling_shadow_price_exchange::lagrangian_balanced,20260801,22090,RealTimeInference,RegionC,RegionC,2338,140280,140513,233,4,20,2342
w2328_2400,rolling_shadow_price_exchange::lagrangian_balanced,20260801,22133,BatchInference,RegionB,RegionC,2372,142320,142468,148,22,80,2406
w2328_2400,rolling_shadow_price_exchange::lagrangian_balanced,20260801,22136,BatchInference,RegionE,RegionE,2398,143880,143959,79,7,80,2406
w2328_2400,rolling_shadow_price_exchange::lagrangian_balanced,20260801,22150,RealTimeInference,RegionC,RegionC,2375,142500,142645,145,4,20,2378
w2328_2400,rolling_shadow_price_exchange::lagrangian_balanced,20260801,22171,BatchInference,RegionA,RegionB,2356,141360,141480,120,17,80,2406
w2328_2400,rolling_shadow_price_exchange::lagrangian_balanced,20260801,22175,AITraining,RegionE,RegionE,2383,142980,143371,391,112,150,2406
w2328_2400,rolling_shadow_price_exchange::lagrangian_balanced,20260801,22240,AITraining,RegionE,RegionE,2348,140880,141053,173,59,150,2406
w2328_2400,rolling_shadow_price_exchange::lagrangian_balanced,20260801,22310,RealTimeInference,RegionA,RegionA,2365,141900,142112,212,1,20,2369
w2328_2400,rolling_shadow_price_exchange::lagrangian_balanced,20260801,22360,RealTimeInference,RegionD,RegionD,2398,143880,143891,11,6,20,2399
w2328_2400,rolling_shadow_price_exchange::lagrangian_balanced,20260801,22423,AITraining,RegionE,RegionE,2334,140040,140257,217,110,150,2406
w2328_2400,rolling_shadow_price_exchange::lagrangian_balanced,20260801,22462,BatchInference,RegionC,RegionC,2381,142860,142998,138,23,80,2406
w2328_2400,rolling_shadow_price_exchange::lagrangian_balanced,20260801,22508,BatchInference,RegionC,RegionC,2354,141240,141279,39,22,80,2406
w2328_2400,rolling_shadow_price_exchange::lagrangian_balanced,20260801,22520,RealTimeInference,RegionA,RegionA,2333,139980,140311,331,6,20,2339
w2328_2400,rolling_shadow_price_exchange::lagrangian_balanced,20260801,22576,AITraining,RegionF,RegionF,2395,143700,143885,185,16,150,2406
w2328_2400,rolling_shadow_price_exchange::lagrangian_balanced,20260801,22636,RealTimeInference,RegionF,RegionF,2377,142620,142870,250,2,20,2382
w2328_2400,rolling_shadow_price_exchange::lagrangian_balanced,20260801,22683,BatchInference,RegionA,RegionC,2371,142260,142291,31,20,80,2406
w2328_2400,rolling_shadow_price_exchange::lagrangian_balanced,20260801,22705,AITraining,RegionE,RegionE,2385,143100,143235,135,80,150,2406
w2328_2400,rolling_shadow_price_exchange::lagrangian_balanced,20260801,22706,RealTimeInference,RegionC,RegionC,2391,143460,143505,45,2,20,2392
w2328_2400,rolling_shadow_price_exchange::lagrangian_balanced,20260801,22773,BatchInference,RegionE,RegionE,2329,139740,139934,194,20,80,2406
w2328_2400,rolling_shadow_price_exchange::lagrangian_balanced,20260801,22797,RealTimeInference,RegionB,RegionB,2341,140460,140573,113,4,20,2343
w2328_2400,rolling_shadow_price_exchange::lagrangian_balanced,20260801,22803,BatchInference,RegionC,RegionC,2337,140220,140538,318,22,80,2406
w2328_2400,rolling_shadow_price_exchange::lagrangian_balanced,20260801,22852,AITraining,RegionF,RegionE,2386,144015,144360,345,62,150,2406
w2328_2400,rolling_shadow_price_exchange::lagrangian_balanced,20260801,22871,BatchInference,RegionE,RegionE,2381,142860,143089,229,7,80,2406
w2328_2400,rolling_shadow_price_exchange::lagrangian_balanced,20260801,22890,RealTimeInference,RegionC,RegionC,2384,143040,143148,108,3,20,2386
w2328_2400,rolling_shadow_price_exchange::lagrangian_balanced,20260801,22926,BatchInference,RegionA,RegionB,2377,142620,142828,208,19,80,2406
w2328_2400,rolling_shadow_price_exchange::lagrangian_balanced,20260801,22937,AITraining,RegionF,RegionF,2386,143160,143297,137,52,150,2406
w2328_2400,rolling_shadow_price_exchange::lagrangian_balanced,20260801,22947,RealTimeInference,RegionB,RegionB,2372,142320,142349,29,6,20,2373
w2328_2400,rolling_shadow_price_exchange::lagrangian_balanced,20260801,23014,RealTimeInference,RegionB,RegionB,2375,142500,142527,27,4,20,2376
w2328_2400,rolling_shadow_price_exchange::lagrangian_balanced,20260801,23024,BatchInference,RegionA,RegionC,2344,140640,141028,388,21,80,2406
w2328_2400,rolling_shadow_price_exchange::lagrangian_balanced,20260801,23025,RealTimeInference,RegionA,RegionA,2350,141000,141011,11,1,20,2351
w2328_2400,rolling_shadow_price_exchange::lagrangian_balanced,20260801,23029,RealTimeInference,RegionC,RegionC,2352,141120,141148,28,3,20,2353
w2328_2400,rolling_shadow_price_exchange::lagrangian_balanced,20260801,23047,RealTimeInference,RegionB,RegionB,2365,141900,141945,45,6,20,2366
w2328_2400,rolling_shadow_price_exchange::lagrangian_balanced,20260801,23074,AITraining,RegionF,RegionE,2328,139680,139696,16,120,150,2406
w2328_2400,rolling_shadow_price_exchange::lagrangian_balanced,20260801,23127,AITraining,RegionF,RegionF,2348,141000,141330,330,69,150,2406
w2328_2400,rolling_shadow_price_exchange::lagrangian_balanced,20260801,23146,RealTimeInference,RegionC,RegionC,2387,143220,143553,333,3,20,2393
w2328_2400,rolling_shadow_price_exchange::lagrangian_balanced,20260801,23189,RealTimeInference,RegionA,RegionA,2337,140220,140533,313,1,20,2343
w2328_2400,rolling_shadow_price_exchange::lagrangian_balanced,20260801,23192,RealTimeInference,RegionC,RegionC,2342,140520,140791,271,3,20,2347
w2328_2400,rolling_shadow_price_exchange::lagrangian_balanced,20260801,23200,AITraining,RegionF,RegionF,2374,142440,142660,220,37,150,2406
w2328_2400,rolling_shadow_price_exchange::lagrangian_balanced,20260801,23259,BatchInference,RegionF,RegionF,2338,140280,140490,210,16,80,2406
w2328_2400,rolling_shadow_price_exchange::lagrangian_balanced,20260801,23307,AITraining,RegionD,RegionE,2343,140580,140870,290,83,150,2406
w2328_2400,rolling_shadow_price_exchange::lagrangian_balanced,20260801,23326,BatchInference,RegionA,RegionA,2354,141240,141481,241,4,80,2406
w2328_2400,rolling_shadow_price_exchange::lagrangian_balanced,20260801,23331,BatchInference,RegionF,RegionF,2371,142260,142446,186,23,80,2406
w2328_2400,rolling_shadow_price_exchange::lagrangian_balanced,20260801,23364,RealTimeInference,RegionE,RegionE,2392,143520,143635,115,5,20,2394
w2328_2400,rolling_shadow_price_exchange::lagrangian_balanced,20260801,23381,BatchInference,RegionD,RegionE,2394,143640,143880,240,15,80,2406
w2328_2400,rolling_shadow_price_exchange::lagrangian_balanced,20260801,23390,BatchInference,RegionF,RegionF,2344,140640,140763,123,15,80,2406
w2328_2400,rolling_shadow_price_exchange::lagrangian_balanced,20260801,23421,AITraining,RegionE,RegionE,2398,143880,144144,264,19,150,2406
w2328_2400,rolling_shadow_price_exchange::lagrangian_balanced,20260801,23424,RealTimeInference,RegionA,RegionA,2379,142740,143137,397,5,20,2386
w2328_2400,rolling_shadow_price_exchange::lagrangian_balanced,20260801,23470,BatchInference,RegionA,RegionC,2355,141300,141514,214,23,80,2406
w2328_2400,rolling_shadow_price_exchange::lagrangian_balanced,20260801,23479,AITraining,RegionD,RegionF,2377,143040,143171,131,113,150,2406
w2328_2400,rolling_shadow_price_exchange::lagrangian_balanced,20260801,23513,BatchInference,RegionD,RegionF,2365,141900,142288,388,18,80,2406
w2328_2400,rolling_shadow_price_exchange::lagrangian_balanced,20260801,23514,AITraining,RegionF,RegionF,2385,143100,143331,231,76,150,2406
w2328_2400,rolling_shadow_price_exchange::lagrangian_balanced,20260801,23544,RealTimeInference,RegionB,RegionB,2393,143580,143715,135,1,20,2396
w2328_2400,rolling_shadow_price_exchange::lagrangian_balanced,20260801,23594,RealTimeInference,RegionA,RegionA,2332,139920,139943,23,4,20,2333
w2328_2400,rolling_shadow_price_exchange::lagrangian_balanced,20260801,23667,BatchInference,RegionA,RegionB,2386,143160,143473,313,15,80,2406
w2328_2400,rolling_shadow_price_exchange::lagrangian_balanced,20260801,23682,RealTimeInference,RegionB,RegionB,2396,143760,144037,277,7,20,2401
w2328_2400,rolling_shadow_price_exchange::lagrangian_balanced,20260801,23708,RealTimeInference,RegionB,RegionB,2387,143220,143320,100,7,20,2389
w2328_2400,rolling_shadow_price_exchange::lagrangian_balanced,20260801,23760,RealTimeInference,RegionA,RegionA,2370,142200,142244,44,5,20,2371
w2328_2400,rolling_shadow_price_exchange::lagrangian_balanced,20260801,23772,BatchInference,RegionA,RegionC,2353,141240,141533,293,22,80,2406
w2328_2400,rolling_shadow_price_exchange::lagrangian_balanced,20260801,23791,AITraining,RegionB,RegionB,2328,139740,140113,373,70,150,2406
w2328_2400,rolling_shadow_price_exchange::lagrangian_balanced,20260801,23836,AITraining,RegionF,RegionF,2340,140400,140782,382,75,150,2406
w2328_2400,rolling_shadow_price_exchange::lagrangian_balanced,20260801,23849,BatchInference,RegionF,RegionE,2347,140820,141139,319,5,80,2406
w2328_2400,rolling_shadow_price_exchange::lagrangian_balanced,20260801,23890,RealTimeInference,RegionA,RegionA,2385,143100,143387,287,5,20,2390
w2328_2400,rolling_shadow_price_exchange::lagrangian_balanced,20260801,23916,AITraining,RegionC,RegionC,2332,139920,140072,152,76,150,2406
w2328_2400,rolling_shadow_price_exchange::lagrangian_balanced,20260801,23920,RealTimeInference,RegionC,RegionC,2351,141060,141174,114,4,20,2353
w2328_2400,rolling_shadow_price_exchange::lagrangian_balanced,20260801,23936,AITraining,RegionD,RegionF,2389,143340,143570,230,127,150,2406
w2328_2400,rolling_shadow_price_exchange::lagrangian_balanced,20260801,24001,AITraining,RegionB,RegionB,2361,141660,141702,42,113,150,2406
w2328_2400,rolling_shadow_price_exchange::lagrangian_balanced,20260801,24018,BatchInference,RegionD,RegionF,2346,140760,141118,358,18,80,2406
w2328_2400,rolling_shadow_price_exchange::lagrangian_balanced,20260801,24039,RealTimeInference,RegionC,RegionC,2347,140820,141077,257,3,20,2352
w2328_2400,rolling_shadow_price_exchange::lagrangian_balanced,20260801,24073,AITraining,RegionB,RegionC,2395,143940,144032,92,110,150,2406
w2328_2400,rolling_shadow_price_exchange::lagrangian_balanced,20260801,24162,BatchInference,RegionD,RegionF,2351,141420,141793,373,11,80,2406
w2328_2400,rolling_shadow_price_exchange::lagrangian_balanced,20260801,24190,RealTimeInference,RegionC,RegionC,2343,140580,140837,257,7,20,2348
w2328_2400,rolling_shadow_price_exchange::lagrangian_balanced,20260801,24242,RealTimeInference,RegionC,RegionC,2341,140460,140639,179,1,20,2344
w2328_2400,rolling_shadow_price_exchange::lagrangian_balanced,20260801,24255,BatchInference,RegionE,RegionE,2397,143820,143946,126,20,80,2406
w2328_2400,rolling_shadow_price_exchange::lagrangian_balanced,20260801,24257,RealTimeInference,RegionA,RegionA,2336,140160,140440,280,3,20,2341
w2328_2400,rolling_shadow_price_exchange::lagrangian_balanced,20260801,24277,AITraining,RegionD,RegionE,2332,140100,140426,326,34,150,2406
w2328_2400,rolling_shadow_price_exchange::lagrangian_balanced,20260801,24337,BatchInference,RegionB,RegionB,2331,139860,140214,354,12,80,2406
w2328_2400,rolling_shadow_price_exchange::lagrangian_balanced,20260801,24340,AITraining,RegionF,RegionF,2349,141000,141333,333,35,150,2406
w2328_2400,rolling_shadow_price_exchange::lagrangian_balanced,20260801,24445,AITraining,RegionF,RegionF,2356,141360,141376,16,96,150,2406
w2328_2400,rolling_shadow_price_exchange::lagrangian_balanced,20260801,24477,BatchInference,RegionD,RegionE,2393,143580,143648,68,16,80,2406
w2328_2400,rolling_shadow_price_exchange::lagrangian_balanced,20260801,24505,AITraining,RegionF,RegionF,2348,141000,141115,115,109,150,2406
w2328_2400,rolling_shadow_price_exchange::lagrangian_balanced,20260801,24537,RealTimeInference,RegionC,RegionC,2357,141420,141573,153,6,20,2360
w2328_2400,rolling_shadow_price_exchange::lagrangian_balanced,20260801,24568,RealTimeInference,RegionB,RegionB,2378,142680,142825,145,4,20,2381
w2328_2400,rolling_shadow_price_exchange::lagrangian_balanced,20260801,24572,BatchInference,RegionA,RegionC,2390,143400,143703,303,9,80,2406
w2328_2400,rolling_shadow_price_exchange::lagrangian_balanced,20260801,24641,BatchInference,RegionD,RegionF,2383,142980,143064,84,12,80,2406
w2328_2400,rolling_shadow_price_exchange::lagrangian_balanced,20260801,24662,RealTimeInference,RegionC,RegionC,2369,142140,142424,284,3,20,2374
w2328_2400,rolling_shadow_price_exchange::lagrangian_balanced,20260801,24699,BatchInference,RegionC,RegionC,2351,141060,141331,271,6,80,2406
w2328_2400,rolling_shadow_price_exchange::lagrangian_balanced,20260801,24714,RealTimeInference,RegionC,RegionC,2380,142800,143125,325,5,20,2386
w2328_2400,rolling_shadow_price_exchange::lagrangian_balanced,20260801,24748,RealTimeInference,RegionE,RegionE,2384,143040,143227,187,1,20,2388
w2328_2400,rolling_shadow_price_exchange::lagrangian_balanced,20260801,24752,RealTimeInference,RegionB,RegionB,2345,140700,140867,167,1,20,2348
w2328_2400,rolling_shadow_price_exchange::lagrangian_balanced,20260801,24774,BatchInference,RegionF,RegionF,2380,142800,142904,104,16,80,2406
w2328_2400,rolling_shadow_price_exchange::lagrangian_balanced,20260801,24809,RealTimeInference,RegionA,RegionA,2348,140880,141036,156,5,20,2351
w2328_2400,rolling_shadow_price_exchange::lagrangian_balanced,20260801,24919,AITraining,RegionA,RegionC,2344,140640,140781,141,102,150,2406
w2328_2400,rolling_shadow_price_exchange::lagrangian_balanced,20260801,24927,BatchInference,RegionB,RegionB,2336,140160,140324,164,21,80,2406
w2328_2400,rolling_shadow_price_exchange::lagrangian_balanced,20260801,24949,BatchInference,RegionD,RegionF,2386,143160,143221,61,16,80,2406
w2328_2400,rolling_shadow_price_exchange::lagrangian_balanced,20260801,24995,BatchInference,RegionD,RegionF,2396,143760,143823,63,10,80,2406
w2328_2400,rolling_shadow_price_exchange::lagrangian_balanced,20260801,25000,RealTimeInference,RegionB,RegionB,2387,143220,143319,99,6,20,2389
w2328_2400,rolling_shadow_price_exchange::lagrangian_balanced,20260801,25011,BatchInference,RegionA,RegionC,2362,141720,141982,262,5,80,2406
w2328_2400,rolling_shadow_price_exchange::lagrangian_balanced,20260801,25021,RealTimeInference,RegionB,RegionB,2357,141420,141768,348,7,20,2363
w2328_2400,rolling_shadow_price_exchange::lagrangian_balanced,20260801,25136,RealTimeInference,RegionA,RegionA,2328,139680,139894,214,4,20,2332
w2328_2400,rolling_shadow_price_exchange::lagrangian_balanced,20260801,25164,RealTimeInference,RegionB,RegionB,2338,140280,140467,187,1,20,2342
w2328_2400,rolling_shadow_price_exchange::lagrangian_balanced,20260801,25215,RealTimeInference,RegionA,RegionA,2391,143460,143666,206,5,20,2395
w2328_2400,rolling_shadow_price_exchange::lagrangian_balanced,20260801,25277,BatchInference,RegionD,RegionE,2373,142740,143006,266,15,80,2406
w2328_2400,rolling_shadow_price_exchange::lagrangian_balanced,20260801,25281,BatchInference,RegionB,RegionB,2355,141300,141465,165,21,80,2406
w2328_2400,rolling_shadow_price_exchange::lagrangian_balanced,20260801,25368,AITraining,RegionD,RegionE,2373,142380,142609,229,89,150,2406
w2328_2400,rolling_shadow_price_exchange::lagrangian_balanced,20260801,25378,AITraining,RegionF,RegionF,2364,141840,141858,18,118,150,2406
w2328_2400,rolling_shadow_price_exchange::lagrangian_balanced,20260801,25398,AITraining,RegionA,RegionC,2374,142440,142465,25,108,150,2406
w2328_2400,rolling_shadow_price_exchange::lagrangian_balanced,20260801,25400,RealTimeInference,RegionB,RegionB,2350,141000,141315,315,2,20,2356
w2328_2400,rolling_shadow_price_exchange::lagrangian_balanced,20260801,25416,BatchInference,RegionE,RegionE,2357,141420,141436,16,4,80,2406
w2328_2400,rolling_shadow_price_exchange::lagrangian_balanced,20260801,25467,RealTimeInference,RegionB,RegionB,2385,143100,143272,172,6,20,2388
w2328_2400,rolling_shadow_price_exchange::lagrangian_balanced,20260801,25628,AITraining,RegionC,RegionC,2360,141600,141850,250,26,150,2406
w2328_2400,rolling_shadow_price_exchange::lagrangian_balanced,20260801,25631,BatchInference,RegionD,RegionE,2392,143580,143863,283,18,80,2406
w2328_2400,rolling_shadow_price_exchange::lagrangian_balanced,20260801,25661,RealTimeInference,RegionA,RegionA,2345,140700,140845,145,7,20,2348
w2328_2400,rolling_shadow_price_exchange::lagrangian_balanced,20260801,25757,BatchInference,RegionE,RegionE,2377,142620,142942,322,17,80,2406
w2328_2400,rolling_shadow_price_exchange::lagrangian_balanced,20260801,25763,AITraining,RegionE,RegionE,2391,143520,143810,290,114,150,2406
w2328_2400,rolling_shadow_price_exchange::lagrangian_balanced,20260801,25795,AITraining,RegionE,RegionE,2390,143400,143503,103,46,150,2406
w2328_2400,rolling_shadow_price_exchange::lagrangian_balanced,20260801,25811,RealTimeInference,RegionA,RegionA,2334,140040,140280,240,4,20,2338
w2328_2400,rolling_shadow_price_exchange::lagrangian_balanced,20260801,25839,RealTimeInference,RegionA,RegionA,2378,142680,143009,329,1,20,2384
w2328_2400,rolling_shadow_price_exchange::lagrangian_balanced,20260801,25896,BatchInference,RegionF,RegionF,2367,142020,142228,208,4,80,2406
w2328_2400,rolling_shadow_price_exchange::lagrangian_balanced,20260801,26019,BatchInference,RegionD,RegionF,2332,139920,140194,274,22,80,2406
w2328_2400,rolling_shadow_price_exchange::lagrangian_balanced,20260801,26045,BatchInference,RegionD,RegionF,2347,140820,141044,224,18,80,2406
w2328_2400,rolling_shadow_price_exchange::lagrangian_balanced,20260801,26084,AITraining,RegionE,RegionE,2344,140640,140671,31,120,150,2406
w2328_2400,rolling_shadow_price_exchange::lagrangian_balanced,20260801,26088,RealTimeInference,RegionA,RegionA,2371,142260,142366,106,4,20,2373
w2328_2400,rolling_shadow_price_exchange::lagrangian_balanced,20260801,26136,AITraining,RegionE,RegionE,2390,143400,143452,52,120,150,2406
w2328_2400,rolling_shadow_price_exchange::lagrangian_balanced,20260801,26171,BatchInference,RegionF,RegionE,2329,139740,139938,198,18,80,2406
w2328_2400,rolling_shadow_price_exchange::lagrangian_balanced,20260801,26177,BatchInference,RegionE,RegionE,2364,141840,142117,277,10,80,2406
w2328_2400,rolling_shadow_price_exchange::lagrangian_balanced,20260801,26216,BatchInference,RegionE,RegionE,2357,141420,141621,201,9,80,2406
w2328_2400,rolling_shadow_price_exchange::lagrangian_balanced,20260801,26237,BatchInference,RegionF,RegionF,2353,141180,141421,241,22,80,2406
w2328_2400,rolling_shadow_price_exchange::lagrangian_balanced,20260801,26242,RealTimeInference,RegionC,RegionC,2353,141180,141310,130,4,20,2356
w2328_2400,rolling_shadow_price_exchange::lagrangian_balanced,20260801,26302,RealTimeInference,RegionC,RegionC,2370,142200,142400,200,3,20,2374
w2328_2400,rolling_shadow_price_exchange::lagrangian_balanced,20260801,26313,BatchInference,RegionC,RegionC,2360,141600,141837,237,13,80,2406
w2328_2400,rolling_shadow_price_exchange::lagrangian_balanced,20260801,26316,BatchInference,RegionF,RegionF,2351,141060,141327,267,21,80,2406
w2328_2400,rolling_shadow_price_exchange::lagrangian_balanced,20260801,26320,RealTimeInference,RegionB,RegionB,2356,141360,141619,259,3,20,2361
w2328_2400,rolling_shadow_price_exchange::lagrangian_balanced,20260801,26369,BatchInference,RegionA,RegionC,2334,140040,140101,61,12,80,2406
w2328_2400,rolling_shadow_price_exchange::lagrangian_balanced,20260801,26377,BatchInference,RegionB,RegionB,2376,142560,142946,386,17,80,2406
w2328_2400,rolling_shadow_price_exchange::lagrangian_balanced,20260801,26438,RealTimeInference,RegionB,RegionB,2345,140700,140993,293,2,20,2350
w2328_2400,rolling_shadow_price_exchange::lagrangian_balanced,20260801,26447,BatchInference,RegionF,RegionF,2364,141840,141991,151,7,80,2406
w2328_2400,rolling_shadow_price_exchange::lagrangian_balanced,20260801,26569,RealTimeInference,RegionB,RegionB,2384,143040,143106,66,5,20,2386
w2328_2400,rolling_shadow_price_exchange::lagrangian_balanced,20260801,26584,AITraining,RegionF,RegionF,2380,142920,142984,64,125,150,2406
w2328_2400,rolling_shadow_price_exchange::lagrangian_balanced,20260801,26590,AITraining,RegionF,RegionF,2385,143100,143395,295,27,150,2406
w2328_2400,rolling_shadow_price_exchange::lagrangian_balanced,20260801,26658,RealTimeInference,RegionA,RegionA,2354,141240,141493,253,6,20,2359
w2328_2400,rolling_shadow_price_exchange::lagrangian_balanced,20260801,26684,AITraining,RegionB,RegionB,2340,140400,140600,200,23,150,2406
w2328_2400,rolling_shadow_price_exchange::lagrangian_balanced,20260801,26754,AITraining,RegionF,RegionF,2369,142440,142776,336,101,150,2406
w2328_2400,rolling_shadow_price_exchange::lagrangian_balanced,20260801,26779,RealTimeInference,RegionB,RegionB,2384,143040,143145,105,2,20,2386
w2328_2400,rolling_shadow_price_exchange::lagrangian_balanced,20260801,26783,BatchInference,RegionA,RegionB,2377,142620,142758,138,16,80,2406
w2328_2400,rolling_shadow_price_exchange::lagrangian_balanced,20260801,26788,BatchInference,RegionF,RegionF,2386,143160,143477,317,12,80,2406
w2328_2400,rolling_shadow_price_exchange::lagrangian_balanced,20260801,26836,RealTimeInference,RegionA,RegionA,2396,143760,144032,272,7,20,2401
w2328_2400,rolling_shadow_price_exchange::lagrangian_balanced,20260801,26852,RealTimeInference,RegionC,RegionC,2349,140940,141163,223,2,20,2353
w2328_2400,rolling_shadow_price_exchange::lagrangian_balanced,20260801,26856,AITraining,RegionD,RegionF,2371,142380,142665,285,65,150,2406
w2328_2400,rolling_shadow_price_exchange::lagrangian_balanced,20260801,26930,RealTimeInference,RegionB,RegionB,2364,141840,141962,122,1,20,2367
w2328_2400,rolling_shadow_price_exchange::lagrangian_balanced,20260801,27016,BatchInference,RegionD,RegionE,2378,142680,142751,71,23,80,2406
w2328_2400,rolling_shadow_price_exchange::lagrangian_balanced,20260801,27030,AITraining,RegionF,RegionF,2374,142440,142495,55,54,150,2406
w2328_2400,rolling_shadow_price_exchange::lagrangian_balanced,20260801,27065,BatchInference,RegionA,RegionC,2343,140580,140632,52,22,80,2406
w2328_2400,rolling_shadow_price_exchange::lagrangian_balanced,20260801,27082,AITraining,RegionF,RegionF,2359,141600,141840,240,78,150,2406
w2328_2400,rolling_shadow_price_exchange::lagrangian_balanced,20260801,27109,AITraining,RegionF,RegionE,2384,144000,144300,300,99,150,2406
w2328_2400,rolling_shadow_price_exchange::lagrangian_balanced,20260801,27287,BatchInference,RegionA,RegionA,2340,140400,140706,306,7,80,2406
w2328_2400,rolling_shadow_price_exchange::lagrangian_balanced,20260801,27293,AITraining,RegionF,RegionE,2388,144040,144360,320,50,150,2406
w2328_2400,rolling_shadow_price_exchange::lagrangian_balanced,20260801,27301,BatchInference,RegionA,RegionC,2392,143520,143712,192,5,80,2406
w2328_2400,rolling_shadow_price_exchange::lagrangian_balanced,20260801,27404,AITraining,RegionF,RegionE,2337,140220,140361,141,94,150,2406
w2328_2400,rolling_shadow_price_exchange::lagrangian_balanced,20260801,27485,RealTimeInference,RegionA,RegionA,2393,143580,143726,146,5,20,2396
w2328_2400,rolling_shadow_price_exchange::lagrangian_balanced,20260801,27487,RealTimeInference,RegionB,RegionB,2355,141300,141579,279,2,20,2360
w2328_2400,rolling_shadow_price_exchange::lagrangian_balanced,20260801,27509,AITraining,RegionF,RegionF,2377,142620,143011,391,113,150,2406
w2328_2400,rolling_shadow_price_exchange::lagrangian_balanced,20260801,27547,BatchInference,RegionD,RegionF,2397,143820,143878,58,17,80,2406
w2328_2400,rolling_shadow_price_exchange::lagrangian_balanced,20260801,27576,BatchInference,RegionA,RegionC,2347,140820,141195,375,5,80,2406
w2328_2400,rolling_shadow_price_exchange::lagrangian_balanced,20260801,27589,RealTimeInference,RegionA,RegionA,2329,139740,140136,396,1,20,2336
w2328_2400,rolling_shadow_price_exchange::lagrangian_balanced,20260801,27636,RealTimeInference,RegionA,RegionA,2388,143280,143534,254,7,20,2393
w2328_2400,rolling_shadow_price_exchange::lagrangian_balanced,20260801,27637,AITraining,RegionD,RegionE,2391,143460,143491,31,50,150,2406
w2328_2400,rolling_shadow_price_exchange::lagrangian_balanced,20260801,27713,AITraining,RegionF,RegionF,2387,143220,143312,92,87,150,2406
w2328_2400,rolling_shadow_price_exchange::lagrangian_balanced,20260801,27716,RealTimeInference,RegionB,RegionB,2345,140700,140849,149,3,20,2348
w2328_2400,rolling_shadow_price_exchange::lagrangian_balanced,20260801,27744,AITraining,RegionE,RegionE,2374,142440,142689,249,87,150,2406
w2328_2400,rolling_shadow_price_exchange::lagrangian_balanced,20260801,27752,RealTimeInference,RegionD,RegionD,2358,141480,141531,51,4,20,2359
w2328_2400,rolling_shadow_price_exchange::lagrangian_balanced,20260801,27851,AITraining,RegionA,RegionC,2370,142440,142666,226,74,150,2406
w2328_2400,rolling_shadow_price_exchange::lagrangian_balanced,20260801,27875,BatchInference,RegionD,RegionF,2334,140040,140292,252,8,80,2406
w2328_2400,rolling_shadow_price_exchange::lagrangian_balanced,20260801,27919,BatchInference,RegionB,RegionB,2339,140340,140491,151,11,80,2406
w2328_2400,rolling_shadow_price_exchange::lagrangian_balanced,20260801,27964,AITraining,RegionD,RegionE,2396,143760,144145,385,25,150,2406
w2328_2400,rolling_shadow_price_exchange::lagrangian_balanced,20260801,28097,RealTimeInference,RegionB,RegionB,2354,141240,141390,150,7,20,2357
w2328_2400,rolling_shadow_price_exchange::lagrangian_balanced,20260801,28123,AITraining,RegionD,RegionF,2385,143100,143287,187,30,150,2406
w2328_2400,rolling_shadow_price_exchange::lagrangian_balanced,20260801,28150,BatchInference,RegionD,RegionF,2347,140820,141104,284,15,80,2406
w2328_2400,rolling_shadow_price_exchange::lagrangian_balanced,20260801,28161,BatchInference,RegionB,RegionC,2381,142860,143113,253,4,80,2406
w2328_2400,rolling_shadow_price_exchange::lagrangian_balanced,20260801,28165,BatchInference,RegionE,RegionE,2387,143220,143245,25,13,80,2406
w2328_2400,rolling_shadow_price_exchange::lagrangian_balanced,20260801,28255,RealTimeInference,RegionB,RegionB,2367,142020,142248,228,4,20,2371
w2328_2400,rolling_shadow_price_exchange::lagrangian_balanced,20260801,28324,BatchInference,RegionA,RegionB,2375,142500,142736,236,20,80,2406
w2328_2400,rolling_shadow_price_exchange::lagrangian_balanced,20260801,28375,RealTimeInference,RegionC,RegionC,2356,141360,141497,137,2,20,2359
w2328_2400,rolling_shadow_price_exchange::lagrangian_balanced,20260801,28388,AITraining,RegionF,RegionE,2385,144000,144288,288,85,150,2406
w2328_2400,rolling_shadow_price_exchange::lagrangian_balanced,20260801,28392,RealTimeInference,RegionB,RegionB,2372,142320,142705,385,6,20,2379
w2328_2400,rolling_shadow_price_exchange::lagrangian_balanced,20260801,28433,RealTimeInference,RegionC,RegionC,2333,139980,140170,190,1,20,2337
w2328_2400,rolling_shadow_price_exchange::lagrangian_balanced,20260801,28488,BatchInference,RegionA,RegionC,2392,143520,143559,39,14,80,2406
w2328_2400,rolling_shadow_price_exchange::lagrangian_balanced,20260801,28562,AITraining,RegionD,RegionF,2355,141720,142054,334,48,150,2406
w2328_2400,rolling_shadow_price_exchange::lagrangian_balanced,20260801,28656,RealTimeInference,RegionC,RegionC,2396,143760,143840,80,4,20,2398
w2328_2400,rolling_shadow_price_exchange::lagrangian_balanced,20260801,28664,AITraining,RegionF,RegionF,2393,143580,143955,375,96,150,2406
w2328_2400,rolling_shadow_price_exchange::lagrangian_balanced,20260801,28667,RealTimeInference,RegionB,RegionB,2380,142800,142872,72,6,20,2382
w2328_2400,rolling_shadow_price_exchange::lagrangian_balanced,20260801,28692,RealTimeInference,RegionA,RegionA,2388,143280,143538,258,3,20,2393
w2328_2400,rolling_shadow_price_exchange::lagrangian_balanced,20260801,28751,BatchInference,RegionB,RegionB,2359,141540,141551,11,22,80,2406
w2328_2400,rolling_shadow_price_exchange::lagrangian_balanced,20260801,28753,AITraining,RegionE,RegionE,2396,143760,143865,105,74,150,2406
w2328_2400,rolling_shadow_price_exchange::lagrangian_balanced,20260801,28777,RealTimeInference,RegionA,RegionA,2344,140640,140911,271,7,20,2349
w2328_2400,rolling_shadow_price_exchange::lagrangian_balanced,20260801,28923,BatchInference,RegionC,RegionC,2392,143520,143631,111,14,80,2406
w2328_2400,rolling_shadow_price_exchange::lagrangian_balanced,20260801,28952,RealTimeInference,RegionC,RegionC,2387,143220,143343,123,7,20,2390
w2328_2400,rolling_shadow_price_exchange::lagrangian_balanced,20260801,28986,RealTimeInference,RegionA,RegionA,2331,139860,140208,348,3,20,2337
w2328_2400,rolling_shadow_price_exchange::lagrangian_balanced,20260801,28993,AITraining,RegionC,RegionC,2364,141840,141972,132,109,150,2406
w2328_2400,rolling_shadow_price_exchange::lagrangian_balanced,20260801,28999,BatchInference,RegionA,RegionB,2332,139920,140130,210,16,80,2406
w2328_2400,rolling_shadow_price_exchange::lagrangian_balanced,20260801,29009,AITraining,RegionE,RegionE,2337,140220,140492,272,17,150,2406
w2328_2400,rolling_shadow_price_exchange::lagrangian_balanced,20260801,29054,BatchInference,RegionC,RegionC,2372,142320,142426,106,17,80,2406
w2328_2400,rolling_shadow_price_exchange::lagrangian_balanced,20260801,29096,RealTimeInference,RegionC,RegionC,2358,141480,141673,193,6,20,2362
w2328_2400,rolling_shadow_price_exchange::lagrangian_balanced,20260801,29128,BatchInference,RegionD,RegionD,2352,141120,141488,368,17,80,2406
w2328_2400,rolling_shadow_price_exchange::lagrangian_balanced,20260801,29139,BatchInference,RegionB,RegionB,2330,139800,140079,279,14,80,2406
w2328_2400,rolling_shadow_price_exchange::lagrangian_balanced,20260801,29141,BatchInference,RegionD,RegionF,2350,141000,141072,72,12,80,2406
w2328_2400,rolling_shadow_price_exchange::lagrangian_balanced,20260801,29188,AITraining,RegionF,RegionF,2372,142380,142587,207,27,150,2406
w2328_2400,rolling_shadow_price_exchange::lagrangian_balanced,20260801,29239,RealTimeInference,RegionB,RegionB,2386,143160,143401,241,2,20,2391
w2328_2400,rolling_shadow_price_exchange::lagrangian_balanced,20260801,29243,AITraining,RegionD,RegionF,2343,140580,140817,237,83,150,2406
w2328_2400,rolling_shadow_price_exchange::lagrangian_balanced,20260801,29275,BatchInference,RegionA,RegionC,2374,142440,142530,90,8,80,2406
w2328_2400,rolling_shadow_price_exchange::lagrangian_balanced,20260801,29291,AITraining,RegionE,RegionE,2340,140400,140666,266,63,150,2406
w2328_2400,rolling_shadow_price_exchange::lagrangian_balanced,20260801,29306,BatchInference,RegionE,RegionE,2387,143220,143256,36,20,80,2406
w2328_2400,rolling_shadow_price_exchange::lagrangian_balanced,20260801,29364,AITraining,RegionE,RegionE,2390,143460,143537,77,111,150,2406
w2328_2400,rolling_shadow_price_exchange::lagrangian_balanced,20260801,29402,BatchInference,RegionC,RegionC,2384,143040,143228,188,17,80,2406
w2328_2400,rolling_shadow_price_exchange::lagrangian_balanced,20260801,29406,AITraining,RegionB,RegionC,2375,142500,142515,15,80,150,2406
w2328_2400,rolling_shadow_price_exchange::lagrangian_balanced,20260801,29425,AITraining,RegionF,RegionF,2378,142680,142913,233,98,150,2406
w2328_2400,rolling_shadow_price_exchange::lagrangian_balanced,20260801,29525,RealTimeInference,RegionA,RegionA,2349,140940,141295,355,4,20,2355
w2328_2400,rolling_shadow_price_exchange::lagrangian_balanced,20260801,29527,RealTimeInference,RegionB,RegionB,2346,140760,141006,246,1,20,2351
w2328_2400,rolling_shadow_price_exchange::lagrangian_balanced,20260801,29589,RealTimeInference,RegionE,RegionE,2377,142620,142681,61,5,20,2379
w2328_2400,rolling_shadow_price_exchange::lagrangian_balanced,20260801,29611,RealTimeInference,RegionA,RegionA,2338,140280,140446,166,7,20,2341
w2328_2400,rolling_shadow_price_exchange::lagrangian_balanced,20260801,29651,RealTimeInference,RegionB,RegionB,2382,142920,143204,284,7,20,2387
w2328_2400,rolling_shadow_price_exchange::lagrangian_balanced,20260801,29678,BatchInference,RegionC,RegionC,2360,141600,141654,54,6,80,2406
w2328_2400,rolling_shadow_price_exchange::lagrangian_balanced,20260801,29716,BatchInference,RegionB,RegionB,2351,141060,141083,23,4,80,2406
w2328_2400,rolling_shadow_price_exchange::lagrangian_balanced,20260801,29746,AITraining,RegionF,RegionE,2369,142140,142361,221,20,150,2406
w2328_2400,rolling_shadow_price_exchange::lagrangian_balanced,20260801,29758,RealTimeInference,RegionC,RegionC,2380,142800,143169,369,7,20,2387
w2328_2400,rolling_shadow_price_exchange::lagrangian_balanced,20260801,29763,RealTimeInference,RegionB,RegionB,2355,141300,141664,364,3,20,2362
w2328_2400,rolling_shadow_price_exchange::lagrangian_balanced,20260801,29772,RealTimeInference,RegionC,RegionC,2348,140880,141148,268,1,20,2353
w2328_2400,rolling_shadow_price_exchange::lagrangian_balanced,20260801,29773,RealTimeInference,RegionA,RegionA,2387,143220,143327,107,6,20,2389
w2328_2400,rolling_shadow_price_exchange::lagrangian_balanced,20260801,29779,BatchInference,RegionF,RegionF,2376,142560,142896,336,17,80,2406
w2328_2400,rolling_shadow_price_exchange::lagrangian_balanced,20260801,29785,BatchInference,RegionE,RegionE,2377,142620,142952,332,17,80,2406
w2328_2400,rolling_shadow_price_exchange::lagrangian_balanced,20260801,29787,BatchInference,RegionA,RegionC,2397,143820,144070,250,7,80,2406
w2328_2400,rolling_shadow_price_exchange::lagrangian_balanced,20260801,29792,BatchInference,RegionF,RegionF,2343,140580,140912,332,16,80,2406
w2328_2400,rolling_shadow_price_exchange::lagrangian_balanced,20260801,29793,AITraining,RegionB,RegionC,2348,141000,141130,130,68,150,2406
w2328_2400,rolling_shadow_price_exchange::lagrangian_balanced,20260801,29812,RealTimeInference,RegionE,RegionE,2360,141600,141648,48,1,20,2361
w2328_2400,rolling_shadow_price_exchange::lagrangian_balanced,20260801,29846,AITraining,RegionC,RegionC,2340,140400,140730,330,29,150,2406
w2328_2400,rolling_shadow_price_exchange::lagrangian_balanced,20260801,29857,BatchInference,RegionE,RegionE,2346,140760,140903,143,19,80,2406
w2328_2400,rolling_shadow_price_exchange::lagrangian_balanced,20260801,29940,AITraining,RegionD,RegionE,2371,142260,142351,91,37,150,2406
w2328_2400,rolling_shadow_price_exchange::lagrangian_balanced,20260801,29945,BatchInference,RegionB,RegionB,2357,141420,141786,366,15,80,2406
w2328_2400,rolling_shadow_price_exchange::lagrangian_balanced,20260801,29967,AITraining,RegionE,RegionE,2350,141000,141136,136,124,150,2406
w2328_2400,rolling_shadow_price_exchange::lagrangian_balanced,20260801,30025,RealTimeInference,RegionB,RegionB,2343,140580,140972,392,4,20,2350
w2328_2400,rolling_shadow_price_exchange::lagrangian_balanced,20260801,30111,RealTimeInference,RegionB,RegionB,2360,141600,141645,45,2,20,2361
w2328_2400,rolling_shadow_price_exchange::lagrangian_balanced,20260801,30124,AITraining,RegionE,RegionE,2354,141240,141515,275,96,150,2406
w2328_2400,rolling_shadow_price_exchange::lagrangian_balanced,20260801,30149,RealTimeInference,RegionA,RegionA,2351,141060,141287,227,4,20,2355
w2328_2400,rolling_shadow_price_exchange::lagrangian_balanced,20260801,30177,BatchInference,RegionD,RegionF,2363,141780,142010,230,5,80,2406
w2328_2400,rolling_shadow_price_exchange::lagrangian_balanced,20260801,30183,RealTimeInference,RegionB,RegionB,2375,142500,142704,204,2,20,2379
w2328_2400,rolling_shadow_price_exchange::lagrangian_balanced,20260801,30199,BatchInference,RegionF,RegionF,2390,143400,143774,374,15,80,2406
w2328_2400,rolling_shadow_price_exchange::lagrangian_balanced,20260801,30207,AITraining,RegionD,RegionD,2380,142800,142893,93,33,150,2406
w2328_2400,rolling_shadow_price_exchange::lagrangian_balanced,20260801,30238,RealTimeInference,RegionD,RegionD,2379,142740,143031,291,6,20,2384
w2328_2400,rolling_shadow_price_exchange::lagrangian_balanced,20260801,30265,RealTimeInference,RegionA,RegionA,2340,140400,140432,32,2,20,2341
w2328_2400,rolling_shadow_price_exchange::lagrangian_balanced,20260801,30444,AITraining,RegionD,RegionF,2375,142560,142609,49,41,150,2406
w2328_2400,rolling_shadow_price_exchange::lagrangian_balanced,20260801,30449,AITraining,RegionB,RegionC,2398,143880,143896,16,44,150,2406
w2328_2400,rolling_shadow_price_exchange::lagrangian_balanced,20260801,30452,AITraining,RegionE,RegionE,2391,143580,143778,198,55,150,2406
w2328_2400,rolling_shadow_price_exchange::lagrangian_balanced,20260801,30532,AITraining,RegionE,RegionE,2369,142140,142209,69,71,150,2406
w2328_2400,rolling_shadow_price_exchange::lagrangian_balanced,20260801,30583,AITraining,RegionE,RegionE,2387,143220,143454,234,121,150,2406
w2328_2400,rolling_shadow_price_exchange::lagrangian_balanced,20260801,30610,RealTimeInference,RegionB,RegionB,2398,143880,144041,161,7,20,2401
w2328_2400,rolling_shadow_price_exchange::lagrangian_balanced,20260801,30708,RealTimeInference,RegionB,RegionB,2379,142740,143124,384,1,20,2386
w2328_2400,rolling_shadow_price_exchange::lagrangian_balanced,20260801,30715,BatchInference,RegionD,RegionD,2396,143760,144079,319,14,80,2406
w2328_2400,rolling_shadow_price_exchange::lagrangian_balanced,20260801,30778,BatchInference,RegionB,RegionB,2339,140340,140514,174,5,80,2406
w2328_2400,rolling_shadow_price_exchange::lagrangian_balanced,20260801,30877,AITraining,RegionD,RegionE,2369,142140,142189,49,111,150,2406
w2328_2400,rolling_shadow_price_exchange::lagrangian_balanced,20260801,30900,AITraining,RegionF,RegionF,2383,142980,143111,131,36,150,2406
w2328_2400,rolling_shadow_price_exchange::lagrangian_balanced,20260801,30966,RealTimeInference,RegionC,RegionC,2368,142080,142186,106,3,20,2370
w2328_2400,rolling_shadow_price_exchange::lagrangian_balanced,20260801,31011,AITraining,RegionF,RegionF,2391,143460,143581,121,58,150,2406
w2328_2400,rolling_shadow_price_exchange::lagrangian_balanced,20260801,31067,BatchInference,RegionB,RegionC,2372,142320,142586,266,7,80,2406
w2328_2400,rolling_shadow_price_exchange::lagrangian_balanced,20260801,31076,AITraining,RegionE,RegionE,2394,143640,144022,382,67,150,2406
w2328_2400,rolling_shadow_price_exchange::lagrangian_balanced,20260801,31178,RealTimeInference,RegionA,RegionA,2329,139740,140027,287,4,20,2334
w2328_2400,rolling_shadow_price_exchange::lagrangian_balanced,20260801,31191,AITraining,RegionD,RegionF,2382,142920,143075,155,65,150,2406
w2328_2400,rolling_shadow_price_exchange::lagrangian_balanced,20260801,31195,AITraining,RegionF,RegionF,2358,141480,141689,209,37,150,2406
w2328_2400,rolling_shadow_price_exchange::lagrangian_balanced,20260801,31225,BatchInference,RegionB,RegionB,2332,139920,140048,128,22,80,2406
w2328_2400,rolling_shadow_price_exchange::lagrangian_balanced,20260801,31331,BatchInference,RegionC,RegionC,2379,142740,142825,85,5,80,2406
w2328_2400,rolling_shadow_price_exchange::lagrangian_balanced,20260801,31339,RealTimeInference,RegionC,RegionC,2339,140340,140411,71,7,20,2341
w2328_2400,rolling_shadow_price_exchange::lagrangian_balanced,20260801,31347,AITraining,RegionF,RegionF,2340,140400,140657,257,56,150,2406
w2328_2400,rolling_shadow_price_exchange::lagrangian_balanced,20260801,31366,AITraining,RegionF,RegionE,2333,140100,140263,163,64,150,2406
w2328_2400,rolling_shadow_price_exchange::lagrangian_balanced,20260801,31390,AITraining,RegionE,RegionE,2360,141600,141796,196,109,150,2406
w2328_2400,rolling_shadow_price_exchange::lagrangian_balanced,20260801,31395,BatchInference,RegionB,RegionC,2363,141780,142080,300,9,80,2406
w2328_2400,rolling_shadow_price_exchange::lagrangian_balanced,20260801,31449,RealTimeInference,RegionB,RegionB,2356,141360,141628,268,2,20,2361
w2328_2400,rolling_shadow_price_exchange::lagrangian_balanced,20260801,31450,AITraining,RegionE,RegionE,2337,140220,140597,377,69,150,2406
w2328_2400,rolling_shadow_price_exchange::lagrangian_balanced,20260801,31480,AITraining,RegionD,RegionD,2381,143160,143461,301,84,150,2406
w2328_2400,rolling_shadow_price_exchange::lagrangian_balanced,20260801,31492,RealTimeInference,RegionA,RegionA,2375,142500,142858,358,4,20,2381
w2328_2400,rolling_shadow_price_exchange::lagrangian_balanced,20260801,31511,BatchInference,RegionF,RegionF,2335,140100,140336,236,21,80,2406
w2328_2400,rolling_shadow_price_exchange::lagrangian_balanced,20260801,31539,AITraining,RegionD,RegionD,2379,142740,142817,77,103,150,2406
w2328_2400,rolling_shadow_price_exchange::lagrangian_balanced,20260801,31576,BatchInference,RegionF,RegionF,2360,141600,141710,110,9,80,2406
w2328_2400,rolling_shadow_price_exchange::lagrangian_balanced,20260801,31579,AITraining,RegionD,RegionE,2328,140100,140442,342,49,150,2406
w2328_2400,rolling_shadow_price_exchange::lagrangian_balanced,20260801,31600,RealTimeInference,RegionB,RegionB,2376,142560,142863,303,3,20,2382
w2328_2400,rolling_shadow_price_exchange::lagrangian_balanced,20260801,31617,RealTimeInference,RegionA,RegionA,2371,142260,142362,102,7,20,2373
w2328_2400,rolling_shadow_price_exchange::lagrangian_balanced,20260801,31620,AITraining,RegionE,RegionE,2328,139680,139727,47,37,150,2406
w2328_2400,rolling_shadow_price_exchange::lagrangian_balanced,20260801,31637,AITraining,RegionD,RegionE,2350,141000,141049,49,39,150,2406
w2328_2400,rolling_shadow_price_exchange::lagrangian_balanced,20260801,31680,RealTimeInference,RegionC,RegionC,2342,140520,140917,397,3,20,2349
w2328_2400,rolling_shadow_price_exchange::lagrangian_balanced,20260801,31688,BatchInference,RegionF,RegionF,2391,143460,143578,118,21,80,2406
w2328_2400,rolling_shadow_price_exchange::lagrangian_balanced,20260801,31709,AITraining,RegionD,RegionF,2387,143220,143368,148,44,150,2406
w2328_2400,rolling_shadow_price_exchange::lagrangian_balanced,20260801,31710,AITraining,RegionD,RegionF,2377,142920,143034,114,64,150,2406
w2328_2400,rolling_shadow_price_exchange::lagrangian_balanced,20260801,31748,RealTimeInference,RegionA,RegionA,2393,143580,143912,332,4,20,2399
w2328_2400,rolling_shadow_price_exchange::lagrangian_balanced,20260801,31767,BatchInference,RegionA,RegionC,2346,140760,140878,118,18,80,2406
w2328_2400,rolling_shadow_price_exchange::lagrangian_balanced,20260801,31788,AITraining,RegionD,RegionD,2379,142740,143089,349,81,150,2406
w2328_2400,rolling_shadow_price_exchange::lagrangian_balanced,20260801,31816,AITraining,RegionD,RegionF,2358,141540,141559,19,94,150,2406
w2328_2400,rolling_shadow_price_exchange::lagrangian_balanced,20260801,31882,BatchInference,RegionC,RegionC,2366,141960,142016,56,16,80,2406
w2328_2400,rolling_shadow_price_exchange::lagrangian_balanced,20260801,31902,RealTimeInference,RegionB,RegionB,2353,141180,141360,180,3,20,2356
w2328_2400,rolling_shadow_price_exchange::lagrangian_balanced,20260801,31907,BatchInference,RegionB,RegionB,2341,140460,140681,221,6,80,2406
w2328_2400,rolling_shadow_price_exchange::lagrangian_balanced,20260801,31953,BatchInference,RegionB,RegionB,2387,143220,143529,309,19,80,2406
w2328_2400,rolling_shadow_price_exchange::lagrangian_balanced,20260801,31955,BatchInference,RegionD,RegionF,2385,143160,143327,167,16,80,2406
w2328_2400,rolling_shadow_price_exchange::lagrangian_balanced,20260801,32037,AITraining,RegionD,RegionF,2355,141480,141518,38,45,150,2406
w2328_2400,rolling_shadow_price_exchange::lagrangian_balanced,20260801,32093,AITraining,RegionE,RegionE,2351,141060,141366,306,93,150,2406
w2328_2400,rolling_shadow_price_exchange::lagrangian_balanced,20260801,32107,RealTimeInference,RegionC,RegionC,2384,143040,143225,185,3,20,2388
w2328_2400,rolling_shadow_price_exchange::lagrangian_balanced,20260801,32162,RealTimeInference,RegionA,RegionA,2389,143340,143455,115,2,20,2391
w2328_2400,rolling_shadow_price_exchange::lagrangian_balanced,20260801,32172,AITraining,RegionE,RegionE,2340,140400,140497,97,112,150,2406
w2328_2400,rolling_shadow_price_exchange::lagrangian_balanced,20260801,32175,RealTimeInference,RegionA,RegionA,2332,139920,140011,91,6,20,2334
w2328_2400,rolling_shadow_price_exchange::lagrangian_balanced,20260801,32240,RealTimeInference,RegionA,RegionA,2352,141120,141449,329,2,20,2358
w2328_2400,rolling_shadow_price_exchange::lagrangian_balanced,20260801,32241,AITraining,RegionD,RegionF,2395,143700,143714,14,112,150,2406
w2328_2400,rolling_shadow_price_exchange::lagrangian_balanced,20260801,32261,AITraining,RegionD,RegionD,2354,141240,141315,75,114,150,2406
w2328_2400,rolling_shadow_price_exchange::lagrangian_balanced,20260801,32277,RealTimeInference,RegionC,RegionC,2328,139680,139899,219,7,20,2332
w2328_2400,rolling_shadow_price_exchange::lagrangian_balanced,20260801,32333,AITraining,RegionD,RegionE,2328,139680,139873,193,56,150,2406
w2328_2400,rolling_shadow_price_exchange::lagrangian_balanced,20260801,32420,BatchInference,RegionD,RegionF,2388,143280,143623,343,19,80,2406
w2328_2400,rolling_shadow_price_exchange::lagrangian_balanced,20260801,32440,BatchInference,RegionD,RegionE,2328,139680,139845,165,13,80,2406
w2328_2400,rolling_shadow_price_exchange::lagrangian_balanced,20260801,32451,AITraining,RegionD,RegionE,2348,140880,140908,28,26,150,2406
w2328_2400,rolling_shadow_price_exchange::lagrangian_balanced,20260801,32461,RealTimeInference,RegionC,RegionC,2360,141600,141903,303,3,20,2366
w2328_2400,rolling_shadow_price_exchange::lagrangian_balanced,20260801,32465,RealTimeInference,RegionB,RegionB,2386,143160,143304,144,6,20,2389
w2328_2400,rolling_shadow_price_exchange::lagrangian_balanced,20260801,32510,BatchInference,RegionB,RegionB,2340,140400,140478,78,9,80,2406
w2328_2400,rolling_shadow_price_exchange::lagrangian_balanced,20260801,32652,RealTimeInference,RegionD,RegionD,2337,140220,140469,249,5,20,2342
w2328_2400,rolling_shadow_price_exchange::lagrangian_balanced,20260801,32656,AITraining,RegionE,RegionE,2387,143220,143558,338,76,150,2406
w2328_2400,rolling_shadow_price_exchange::lagrangian_balanced,20260801,32694,BatchInference,RegionB,RegionB,2333,139980,140316,336,10,80,2406
w2328_2400,rolling_shadow_price_exchange::lagrangian_balanced,20260801,32719,RealTimeInference,RegionA,RegionA,2387,143220,143329,109,3,20,2389
w2328_2400,rolling_shadow_price_exchange::lagrangian_balanced,20260801,32744,AITraining,RegionF,RegionF,2356,141360,141533,173,18,150,2406
w2328_2400,rolling_shadow_price_exchange::lagrangian_balanced,20260801,32760,AITraining,RegionD,RegionF,2336,140160,140283,123,34,150,2406
w2328_2400,rolling_shadow_price_exchange::lagrangian_balanced,20260801,32787,RealTimeInference,RegionB,RegionB,2351,141060,141186,126,7,20,2354
w2328_2400,rolling_shadow_price_exchange::lagrangian_balanced,20260801,32788,RealTimeInference,RegionC,RegionC,2363,141780,142018,238,2,20,2367
w2328_2400,rolling_shadow_price_exchange::lagrangian_balanced,20260801,32810,AITraining,RegionA,RegionB,2336,140400,140605,205,109,150,2406
w2328_2400,rolling_shadow_price_exchange::lagrangian_balanced,20260801,32826,AITraining,RegionD,RegionE,2339,140520,140700,180,36,150,2406
w2328_2400,rolling_shadow_price_exchange::lagrangian_balanced,20260801,32831,RealTimeInference,RegionA,RegionA,2352,141120,141232,112,2,20,2354
w2328_2400,rolling_shadow_price_exchange::lagrangian_balanced,20260801,32894,AITraining,RegionF,RegionE,2382,143040,143132,92,70,150,2406
w2328_2400,rolling_shadow_price_exchange::lagrangian_balanced,20260801,32917,RealTimeInference,RegionA,RegionA,2392,143520,143693,173,2,20,2395
w2328_2400,rolling_shadow_price_exchange::lagrangian_balanced,20260801,32923,BatchInference,RegionB,RegionB,2328,139680,139996,316,18,80,2406
w2328_2400,rolling_shadow_price_exchange::lagrangian_balanced,20260801,33006,RealTimeInference,RegionC,RegionC,2365,141900,142153,253,7,20,2370
w2328_2400,rolling_shadow_price_exchange::lagrangian_balanced,20260801,33021,RealTimeInference,RegionA,RegionA,2349,140940,141189,249,7,20,2354
w2328_2400,rolling_shadow_price_exchange::lagrangian_balanced,20260801,33118,RealTimeInference,RegionE,RegionE,2342,140520,140667,147,3,20,2345
w2328_2400,rolling_shadow_price_exchange::lagrangian_balanced,20260801,33123,RealTimeInference,RegionC,RegionC,2345,140700,140985,285,6,20,2350
w2328_2400,rolling_shadow_price_exchange::lagrangian_balanced,20260801,33171,AITraining,RegionA,RegionA,2339,140340,140402,62,96,150,2406
w2328_2400,rolling_shadow_price_exchange::lagrangian_balanced,20260801,33249,AITraining,RegionF,RegionE,2367,142440,142620,180,71,150,2406
w2328_2400,rolling_shadow_price_exchange::lagrangian_balanced,20260801,33321,BatchInference,RegionF,RegionE,2368,142140,142429,289,13,80,2406
w2328_2400,rolling_shadow_price_exchange::lagrangian_balanced,20260801,33356,BatchInference,RegionB,RegionB,2387,143220,143422,202,14,80,2406
w2328_2400,rolling_shadow_price_exchange::lagrangian_balanced,20260801,33387,AITraining,RegionF,RegionE,2337,140460,140768,308,49,150,2406
w2328_2400,rolling_shadow_price_exchange::lagrangian_balanced,20260801,33418,AITraining,RegionE,RegionE,2378,142740,142977,237,122,150,2406
w2328_2400,rolling_shadow_price_exchange::lagrangian_balanced,20260801,33422,BatchInference,RegionB,RegionB,2376,142560,142931,371,9,80,2406
w2328_2400,rolling_shadow_price_exchange::lagrangian_balanced,20260801,33424,AITraining,RegionE,RegionE,2351,141120,141477,357,56,150,2406
w2328_2400,rolling_shadow_price_exchange::lagrangian_balanced,20260801,33478,BatchInference,RegionE,RegionE,2384,143040,143196,156,6,80,2406
w2328_2400,rolling_shadow_price_exchange::lagrangian_balanced,20260801,33519,AITraining,RegionB,RegionC,2344,140640,140795,155,80,150,2406
w2328_2400,rolling_shadow_price_exchange::lagrangian_balanced,20260801,33573,BatchInference,RegionB,RegionC,2391,143460,143545,85,21,80,2406
w2328_2400,rolling_shadow_price_exchange::lagrangian_balanced,20260801,33576,RealTimeInference,RegionC,RegionC,2337,140220,140563,343,6,20,2343
w2328_2400,rolling_shadow_price_exchange::lagrangian_balanced,20260801,33589,BatchInference,RegionE,RegionE,2387,143220,143507,287,22,80,2406
w2328_2400,rolling_shadow_price_exchange::lagrangian_balanced,20260801,33596,RealTimeInference,RegionC,RegionC,2358,141480,141550,70,6,20,2360
w2328_2400,rolling_shadow_price_exchange::lagrangian_balanced,20260801,33605,BatchInference,RegionB,RegionB,2386,143160,143254,94,9,80,2406
w2328_2400,rolling_shadow_price_exchange::lagrangian_balanced,20260801,33622,BatchInference,RegionE,RegionE,2336,140160,140327,167,7,80,2406
w2328_2400,rolling_shadow_price_exchange::lagrangian_balanced,20260801,33625,RealTimeInference,RegionA,RegionA,2347,140820,140849,29,6,20,2348
w2328_2400,rolling_shadow_price_exchange::lagrangian_balanced,20260801,33696,RealTimeInference,RegionA,RegionA,2362,141720,142036,316,1,20,2368
w2328_2400,rolling_shadow_price_exchange::lagrangian_balanced,20260801,33741,BatchInference,RegionF,RegionF,2379,142740,142998,258,9,80,2406
w2328_2400,rolling_shadow_price_exchange::lagrangian_balanced,20260801,33742,RealTimeInference,RegionA,RegionA,2376,142560,142715,155,3,20,2379
w2328_2400,rolling_shadow_price_exchange::lagrangian_balanced,20260801,33750,BatchInference,RegionB,RegionB,2343,140580,140652,72,11,80,2406
w2328_2400,rolling_shadow_price_exchange::lagrangian_balanced,20260801,33770,AITraining,RegionD,RegionD,2398,144000,144140,140,88,150,2406
w2328_2400,rolling_shadow_price_exchange::lagrangian_balanced,20260801,33771,BatchInference,RegionC,RegionC,2358,141480,141639,159,7,80,2406
w2328_2400,rolling_shadow_price_exchange::lagrangian_balanced,20260801,33779,AITraining,RegionE,RegionE,2389,143340,143646,306,31,150,2406
w2328_2400,rolling_shadow_price_exchange::lagrangian_balanced,20260801,33785,BatchInference,RegionD,RegionF,2386,143160,143272,112,20,80,2406
w2328_2400,rolling_shadow_price_exchange::lagrangian_balanced,20260801,33793,BatchInference,RegionE,RegionE,2358,141480,141624,144,22,80,2406
w2328_2400,rolling_shadow_price_exchange::lagrangian_balanced,20260801,33839,BatchInference,RegionE,RegionE,2378,142680,142713,33,21,80,2406
w2328_2400,rolling_shadow_price_exchange::lagrangian_balanced,20260801,33863,RealTimeInference,RegionB,RegionB,2372,142320,142353,33,5,20,2373
w2328_2400,rolling_shadow_price_exchange::lagrangian_balanced,20260801,33893,AITraining,RegionC,RegionC,2353,141180,141257,77,44,150,2406
w2328_2400,rolling_shadow_price_exchange::lagrangian_balanced,20260801,33900,RealTimeInference,RegionA,RegionA,2356,141360,141746,386,6,20,2363
w2328_2400,rolling_shadow_price_exchange::lagrangian_balanced,20260801,33909,BatchInference,RegionD,RegionE,2372,142320,142335,15,10,80,2406
w2328_2400,rolling_shadow_price_exchange::lagrangian_balanced,20260801,33967,BatchInference,RegionB,RegionB,2340,140400,140722,322,6,80,2406
w2328_2400,rolling_shadow_price_exchange::lagrangian_balanced,20260801,34066,BatchInference,RegionC,RegionC,2355,141300,141473,173,10,80,2406
w2328_2400,rolling_shadow_price_exchange::lagrangian_balanced,20260801,34102,AITraining,RegionF,RegionF,2369,142140,142192,52,20,150,2406
w2328_2400,rolling_shadow_price_exchange::lagrangian_balanced,20260801,34117,BatchInference,RegionB,RegionC,2397,143820,143860,40,19,80,2406
w2328_2400,rolling_shadow_price_exchange::lagrangian_balanced,20260801,34128,RealTimeInference,RegionE,RegionE,2349,140940,141087,147,1,20,2352
w2328_2400,rolling_shadow_price_exchange::lagrangian_balanced,20260801,34140,RealTimeInference,RegionC,RegionC,2342,140520,140856,336,7,20,2348
w2328_2400,rolling_shadow_price_exchange::lagrangian_balanced,20260801,34149,BatchInference,RegionA,RegionB,2383,142980,143080,100,13,80,2406
w2328_2400,rolling_shadow_price_exchange::lagrangian_balanced,20260801,34159,AITraining,RegionE,RegionE,2346,140760,141149,389,41,150,2406
w2328_2400,rolling_shadow_price_exchange::lagrangian_balanced,20260801,34185,BatchInference,RegionD,RegionF,2339,140340,140461,121,16,80,2406
w2328_2400,rolling_shadow_price_exchange::lagrangian_balanced,20260801,34201,AITraining,RegionB,RegionB,2384,143160,143276,116,78,150,2406
w2328_2400,rolling_shadow_price_exchange::lagrangian_balanced,20260801,34315,BatchInference,RegionC,RegionC,2368,142080,142254,174,10,80,2406
w2328_2400,rolling_shadow_price_exchange::lagrangian_balanced,20260801,34363,BatchInference,RegionE,RegionE,2360,141600,141962,362,16,80,2406
w2328_2400,rolling_shadow_price_exchange::lagrangian_balanced,20260801,34369,BatchInference,RegionD,RegionF,2385,143100,143398,298,18,80,2406
w2328_2400,rolling_shadow_price_exchange::lagrangian_balanced,20260801,34377,AITraining,RegionF,RegionE,2383,143040,143084,44,46,150,2406
w2328_2400,rolling_shadow_price_exchange::lagrangian_balanced,20260801,34381,BatchInference,RegionC,RegionC,2361,141660,141841,181,17,80,2406
w2328_2400,rolling_shadow_price_exchange::lagrangian_balanced,20260801,34417,BatchInference,RegionF,RegionF,2341,140460,140821,361,11,80,2406
w2328_2400,rolling_shadow_price_exchange::lagrangian_balanced,20260801,34439,RealTimeInference,RegionA,RegionA,2394,143640,143944,304,2,20,2400
w2328_2400,rolling_shadow_price_exchange::lagrangian_balanced,20260801,34531,RealTimeInference,RegionB,RegionB,2390,143400,143746,346,7,20,2396
w2328_2400,rolling_shadow_price_exchange::lagrangian_balanced,20260801,34620,BatchInference,RegionF,RegionF,2357,141420,141809,389,20,80,2406
w2328_2400,rolling_shadow_price_exchange::lagrangian_balanced,20260801,34638,AITraining,RegionE,RegionE,2339,140340,140513,173,18,150,2406
w2328_2400,rolling_shadow_price_exchange::lagrangian_balanced,20260801,34647,AITraining,RegionB,RegionC,2389,143400,143538,138,59,150,2406
w2328_2400,rolling_shadow_price_exchange::lagrangian_balanced,20260801,34652,AITraining,RegionF,RegionF,2355,141300,141587,287,95,150,2406
w2328_2400,rolling_shadow_price_exchange::lagrangian_balanced,20260801,34654,RealTimeInference,RegionA,RegionA,2367,142020,142202,182,1,20,2371
w2328_2400,rolling_shadow_price_exchange::lagrangian_balanced,20260801,34705,RealTimeInference,RegionD,RegionD,2342,140520,140546,26,1,20,2343
w2328_2400,rolling_shadow_price_exchange::lagrangian_balanced,20260801,34757,BatchInference,RegionE,RegionE,2328,139680,139963,283,7,80,2406
w2328_2400,rolling_shadow_price_exchange::lagrangian_balanced,20260801,34829,RealTimeInference,RegionC,RegionC,2334,140040,140076,36,3,20,2335
w2328_2400,rolling_shadow_price_exchange::lagrangian_balanced,20260801,34834,AITraining,RegionE,RegionE,2383,142980,143197,217,123,150,2406
w2328_2400,rolling_shadow_price_exchange::lagrangian_balanced,20260801,34852,AITraining,RegionD,RegionE,2335,140100,140136,36,50,150,2406
w2328_2400,rolling_shadow_price_exchange::lagrangian_balanced,20260801,34856,BatchInference,RegionF,RegionF,2361,141660,142044,384,11,80,2406
w2328_2400,rolling_shadow_price_exchange::lagrangian_balanced,20260801,34873,RealTimeInference,RegionB,RegionB,2368,142080,142237,157,3,20,2371
w2328_2400,rolling_shadow_price_exchange::lagrangian_balanced,20260801,34936,RealTimeInference,RegionA,RegionA,2352,141120,141363,243,2,20,2357
w2328_2400,rolling_shadow_price_exchange::lagrangian_balanced,20260801,34989,BatchInference,RegionA,RegionC,2381,142860,143062,202,13,80,2406
w2328_2400,rolling_shadow_price_exchange::lagrangian_balanced,20260801,35013,BatchInference,RegionE,RegionE,2377,142620,142966,346,9,80,2406
w2328_2400,rolling_shadow_price_exchange::lagrangian_balanced,20260801,35044,BatchInference,RegionD,RegionE,2353,141480,141687,207,23,80,2406
w2328_2400,rolling_shadow_price_exchange::lagrangian_balanced,20260801,35065,AITraining,RegionF,RegionF,2366,141960,142211,251,77,150,2406
w2328_2400,rolling_shadow_price_exchange::lagrangian_balanced,20260801,35085,RealTimeInference,RegionC,RegionC,2344,140640,140660,20,4,20,2345
w2328_2400,rolling_shadow_price_exchange::lagrangian_balanced,20260801,35087,BatchInference,RegionA,RegionA,2331,139860,139880,20,10,80,2406
w2328_2400,rolling_shadow_price_exchange::lagrangian_balanced,20260801,35139,AITraining,RegionB,RegionB,2358,141480,141497,17,47,150,2406
w2328_2400,rolling_shadow_price_exchange::lagrangian_balanced,20260801,35181,RealTimeInference,RegionB,RegionB,2391,143460,143712,252,4,20,2396
w2328_2400,rolling_shadow_price_exchange::lagrangian_balanced,20260801,35185,AITraining,RegionB,RegionC,2375,142500,142680,180,95,150,2406
w2328_2400,rolling_shadow_price_exchange::lagrangian_balanced,20260801,35202,RealTimeInference,RegionC,RegionC,2381,142860,143036,176,5,20,2384
w2328_2400,rolling_shadow_price_exchange::lagrangian_balanced,20260801,35298,RealTimeInference,RegionA,RegionA,2383,142980,143239,259,6,20,2388
w2328_2400,rolling_shadow_price_exchange::lagrangian_balanced,20260801,35335,AITraining,RegionF,RegionF,2376,142560,142753,193,34,150,2406
w2328_2400,rolling_shadow_price_exchange::lagrangian_balanced,20260801,35404,AITraining,RegionD,RegionE,2372,142320,142396,76,108,150,2406
w2328_2400,rolling_shadow_price_exchange::lagrangian_balanced,20260801,35439,AITraining,RegionF,RegionF,2363,141780,141912,132,74,150,2406
w2328_2400,rolling_shadow_price_exchange::lagrangian_balanced,20260801,35450,BatchInference,RegionC,RegionC,2381,142860,142981,121,14,80,2406
w2328_2400,rolling_shadow_price_exchange::lagrangian_balanced,20260801,35469,AITraining,RegionD,RegionF,2350,141420,141583,163,45,150,2406
w2328_2400,rolling_shadow_price_exchange::lagrangian_balanced,20260801,35506,BatchInference,RegionA,RegionB,2375,142500,142802,302,11,80,2406
w2328_2400,rolling_shadow_price_exchange::lagrangian_balanced,20260801,35507,BatchInference,RegionA,RegionC,2381,142860,142968,108,18,80,2406
w2328_2400,rolling_shadow_price_exchange::lagrangian_balanced,20260801,35539,AITraining,RegionA,RegionB,2340,140580,140700,120,114,150,2406
w2328_2400,rolling_shadow_price_exchange::lagrangian_balanced,20260801,35543,RealTimeInference,RegionC,RegionC,2366,141960,141987,27,1,20,2367
w2328_2400,rolling_shadow_price_exchange::lagrangian_balanced,20260801,35544,RealTimeInference,RegionC,RegionC,2387,143220,143426,206,7,20,2391
w2328_2400,rolling_shadow_price_exchange::lagrangian_balanced,20260801,35545,AITraining,RegionF,RegionF,2388,143280,143363,83,31,150,2406
w2328_2400,rolling_shadow_price_exchange::lagrangian_balanced,20260801,35571,AITraining,RegionF,RegionF,2385,143100,143226,126,111,150,2406
w2328_2400,rolling_shadow_price_exchange::lagrangian_balanced,20260801,35576,BatchInference,RegionD,RegionE,2332,139920,139965,45,6,80,2406
w2328_2400,rolling_shadow_price_exchange::lagrangian_balanced,20260801,35587,AITraining,RegionD,RegionE,2368,142440,142650,210,73,150,2406
w2328_2400,rolling_shadow_price_exchange::lagrangian_balanced,20260801,35595,BatchInference,RegionD,RegionE,2328,139680,139980,300,13,80,2406
w2328_2400,rolling_shadow_price_exchange::lagrangian_balanced,20260801,35632,BatchInference,RegionB,RegionC,2348,140880,141082,202,12,80,2406
w2328_2400,rolling_shadow_price_exchange::lagrangian_balanced,20260801,35649,RealTimeInference,RegionC,RegionC,2337,140220,140324,104,6,20,2339
w2328_2400,rolling_shadow_price_exchange::lagrangian_balanced,20260801,35687,BatchInference,RegionD,RegionF,2337,140220,140367,147,4,80,2406
w2328_2400,rolling_shadow_price_exchange::lagrangian_balanced,20260801,35697,AITraining,RegionC,RegionC,2330,139800,140096,296,116,150,2406
w2328_2400,rolling_shadow_price_exchange::lagrangian_balanced,20260801,35783,RealTimeInference,RegionA,RegionA,2391,143460,143737,277,3,20,2396
w2328_2400,rolling_shadow_price_exchange::lagrangian_balanced,20260801,35918,BatchInference,RegionE,RegionE,2361,141660,141738,78,8,80,2406
w2328_2400,rolling_shadow_price_exchange::lagrangian_balanced,20260801,35957,BatchInference,RegionE,RegionE,2350,141000,141358,358,12,80,2406
w2328_2400,rolling_shadow_price_exchange::lagrangian_balanced,20260801,36080,AITraining,RegionE,RegionE,2347,140820,141216,396,98,150,2406
w2328_2400,rolling_shadow_price_exchange::lagrangian_balanced,20260801,36157,AITraining,RegionD,RegionE,2396,143820,143867,47,86,150,2406
w2328_2400,rolling_shadow_price_exchange::lagrangian_balanced,20260801,36175,RealTimeInference,RegionA,RegionA,2388,143280,143364,84,5,20,2390
w2328_2400,rolling_shadow_price_exchange::lagrangian_balanced,20260801,36215,AITraining,RegionC,RegionB,2349,141180,141520,340,66,150,2406
w2328_2400,rolling_shadow_price_exchange::lagrangian_balanced,20260801,36252,AITraining,RegionE,RegionE,2349,140940,141193,253,72,150,2406
w2328_2400,rolling_shadow_price_exchange::lagrangian_balanced,20260801,36260,AITraining,RegionF,RegionF,2378,142680,142889,209,85,150,2406
w2328_2400,rolling_shadow_price_exchange::lagrangian_balanced,20260801,36287,RealTimeInference,RegionA,RegionA,2338,140280,140418,138,7,20,2341
w2328_2400,rolling_shadow_price_exchange::lagrangian_balanced,20260801,36291,AITraining,RegionE,RegionE,2367,142020,142231,211,110,150,2406
w2328_2400,rolling_shadow_price_exchange::lagrangian_balanced,20260801,36296,BatchInference,RegionC,RegionC,2359,141540,141822,282,14,80,2406
w2328_2400,rolling_shadow_price_exchange::lagrangian_balanced,20260801,36320,BatchInference,RegionA,RegionC,2330,139800,139827,27,15,80,2406
w2328_2400,rolling_shadow_price_exchange::lagrangian_balanced,20260801,36344,RealTimeInference,RegionC,RegionC,2331,139860,140182,322,7,20,2337
w2328_2400,rolling_shadow_price_exchange::lagrangian_balanced,20260801,36369,AITraining,RegionE,RegionE,2387,143220,143318,98,70,150,2406
w2328_2400,rolling_shadow_price_exchange::lagrangian_balanced,20260801,36371,AITraining,RegionF,RegionF,2356,141360,141425,65,76,150,2406
w2328_2400,rolling_shadow_price_exchange::lagrangian_balanced,20260801,36398,RealTimeInference,RegionF,RegionF,2365,141900,142010,110,1,20,2367
w2328_2400,rolling_shadow_price_exchange::lagrangian_balanced,20260801,36400,RealTimeInference,RegionA,RegionA,2328,139680,139827,147,5,20,2331
w2328_2400,rolling_shadow_price_exchange::lagrangian_balanced,20260801,36438,AITraining,RegionB,RegionB,2380,142800,142873,73,30,150,2406
w2328_2400,rolling_shadow_price_exchange::lagrangian_balanced,20260801,36439,BatchInference,RegionB,RegionC,2344,140640,140780,140,7,80,2406
w2328_2400,rolling_shadow_price_exchange::lagrangian_balanced,20260801,36461,AITraining,RegionE,RegionE,2370,142200,142476,276,24,150,2406
w2328_2400,rolling_shadow_price_exchange::lagrangian_balanced,20260801,36480,RealTimeInference,RegionB,RegionB,2348,140880,140967,87,5,20,2350
w2328_2400,rolling_shadow_price_exchange::lagrangian_balanced,20260801,36531,BatchInference,RegionB,RegionB,2350,141000,141134,134,5,80,2406
w2328_2400,rolling_shadow_price_exchange::lagrangian_balanced,20260801,36533,RealTimeInference,RegionB,RegionB,2373,142380,142559,179,2,20,2376
w2328_2400,rolling_shadow_price_exchange::lagrangian_balanced,20260801,36536,AITraining,RegionA,RegionC,2369,142440,142710,270,16,150,2406
w2328_2400,rolling_shadow_price_exchange::lagrangian_balanced,20260801,36542,BatchInference,RegionF,RegionF,2374,142440,142556,116,14,80,2406
w2328_2400,rolling_shadow_price_exchange::lagrangian_balanced,20260801,36543,RealTimeInference,RegionA,RegionA,2339,140340,140445,105,2,20,2341
w2328_2400,rolling_shadow_price_exchange::lagrangian_balanced,20260801,36549,AITraining,RegionA,RegionA,2350,141000,141383,383,103,150,2406
w2328_2400,rolling_shadow_price_exchange::lagrangian_balanced,20260801,36594,BatchInference,RegionE,RegionE,2377,142620,142711,91,12,80,2406
w2328_2400,rolling_shadow_price_exchange::lagrangian_balanced,20260801,36629,RealTimeInference,RegionA,RegionA,2329,139740,139801,61,5,20,2331
w2328_2400,rolling_shadow_price_exchange::lagrangian_balanced,20260801,36634,RealTimeInference,RegionF,RegionF,2385,143100,143405,305,7,20,2391
w2328_2400,rolling_shadow_price_exchange::lagrangian_balanced,20260801,36680,AITraining,RegionF,RegionE,2387,144000,144359,359,118,150,2406
w2328_2400,rolling_shadow_price_exchange::lagrangian_balanced,20260801,36729,BatchInference,RegionC,RegionC,2388,143280,143665,385,9,80,2406
w2328_2400,rolling_shadow_price_exchange::lagrangian_balanced,20260801,36735,RealTimeInference,RegionB,RegionB,2387,143220,143494,274,2,20,2392
w2328_2400,rolling_shadow_price_exchange::lagrangian_balanced,20260801,36801,RealTimeInference,RegionB,RegionB,2372,142320,142365,45,4,20,2373
w2328_2400,rolling_shadow_price_exchange::lagrangian_balanced,20260801,36863,AITraining,RegionF,RegionE,2394,143640,143671,31,101,150,2406
w2328_2400,rolling_shadow_price_exchange::lagrangian_balanced,20260801,36898,RealTimeInference,RegionA,RegionA,2366,141960,142159,199,6,20,2370
w2328_2400,rolling_shadow_price_exchange::lagrangian_balanced,20260801,36902,BatchInference,RegionE,RegionE,2389,143340,143671,331,22,80,2406
w2328_2400,rolling_shadow_price_exchange::lagrangian_balanced,20260801,36910,RealTimeInference,RegionA,RegionA,2352,141120,141145,25,6,20,2353
w2328_2400,rolling_shadow_price_exchange::lagrangian_balanced,20260801,36934,BatchInference,RegionD,RegionE,2382,142920,143092,172,6,80,2406
w2328_2400,rolling_shadow_price_exchange::lagrangian_balanced,20260801,37010,RealTimeInference,RegionA,RegionA,2338,140280,140596,316,2,20,2344
w2328_2400,rolling_shadow_price_exchange::lagrangian_balanced,20260801,37012,AITraining,RegionE,RegionE,2349,140940,141070,130,40,150,2406
w2328_2400,rolling_shadow_price_exchange::lagrangian_balanced,20260801,37033,RealTimeInference,RegionC,RegionC,2390,143400,143693,293,3,20,2395
w2328_2400,rolling_shadow_price_exchange::lagrangian_balanced,20260801,37062,BatchInference,RegionB,RegionB,2399,143940,144088,148,12,80,2406
w2328_2400,rolling_shadow_price_exchange::lagrangian_balanced,20260801,37078,BatchInference,RegionD,RegionF,2379,142920,143195,275,14,80,2406
w2328_2400,rolling_shadow_price_exchange::lagrangian_balanced,20260801,37081,BatchInference,RegionA,RegionC,2397,144093,144360,267,17,80,2406
w2328_2400,rolling_shadow_price_exchange::lagrangian_balanced,20260801,37086,BatchInference,RegionF,RegionF,2349,140940,140966,26,4,80,2406
w2328_2400,rolling_shadow_price_exchange::lagrangian_balanced,20260801,37126,BatchInference,RegionF,RegionF,2356,141360,141486,126,14,80,2406
w2328_2400,rolling_shadow_price_exchange::lagrangian_balanced,20260801,37130,AITraining,RegionE,RegionE,2359,141540,141646,106,33,150,2406
w2328_2400,rolling_shadow_price_exchange::lagrangian_balanced,20260801,37236,BatchInference,RegionE,RegionE,2378,142680,142968,288,21,80,2406
w2328_2400,rolling_shadow_price_exchange::lagrangian_balanced,20260801,37249,BatchInference,RegionD,RegionD,2358,141480,141609,129,5,80,2406
w2328_2400,rolling_shadow_price_exchange::lagrangian_balanced,20260801,37264,AITraining,RegionA,RegionC,2375,142500,142513,13,84,150,2406
w2328_2400,rolling_shadow_price_exchange::lagrangian_balanced,20260801,37312,BatchInference,RegionB,RegionB,2383,142980,143373,393,17,80,2406
w2328_2400,rolling_shadow_price_exchange::lagrangian_balanced,20260801,37359,BatchInference,RegionC,RegionC,2350,141000,141390,390,11,80,2406
w2328_2400,rolling_shadow_price_exchange::lagrangian_balanced,20260801,37363,AITraining,RegionC,RegionC,2350,141000,141061,61,66,150,2406
w2328_2400,rolling_shadow_price_exchange::lagrangian_balanced,20260801,37371,BatchInference,RegionB,RegionC,2354,141240,141351,111,9,80,2406
w2328_2400,rolling_shadow_price_exchange::lagrangian_balanced,20260801,37377,BatchInference,RegionB,RegionB,2362,141720,141748,28,19,80,2406
w2328_2400,rolling_shadow_price_exchange::lagrangian_balanced,20260801,37433,BatchInference,RegionE,RegionE,2364,141840,142103,263,17,80,2406
w2328_2400,rolling_shadow_price_exchange::lagrangian_balanced,20260801,37434,RealTimeInference,RegionE,RegionE,2357,141420,141612,192,6,20,2361
w2328_2400,rolling_shadow_price_exchange::lagrangian_balanced,20260801,37499,BatchInference,RegionE,RegionE,2336,140160,140270,110,10,80,2406
w2328_2400,rolling_shadow_price_exchange::lagrangian_balanced,20260801,37526,RealTimeInference,RegionE,RegionE,2346,140760,141159,399,5,20,2353
w2328_2400,rolling_shadow_price_exchange::lagrangian_balanced,20260801,37553,BatchInference,RegionA,RegionA,2358,141480,141625,145,4,80,2406
w2328_2400,rolling_shadow_price_exchange::lagrangian_balanced,20260801,37560,BatchInference,RegionA,RegionB,2337,140220,140522,302,4,80,2406
w2328_2400,rolling_shadow_price_exchange::lagrangian_balanced,20260801,37566,AITraining,RegionB,RegionC,2374,142440,142785,345,24,150,2406
w2328_2400,rolling_shadow_price_exchange::lagrangian_balanced,20260801,37576,RealTimeInference,RegionB,RegionB,2355,141300,141599,299,1,20,2360
w2328_2400,rolling_shadow_price_exchange::lagrangian_balanced,20260801,37595,RealTimeInference,RegionB,RegionB,2340,140400,140617,217,4,20,2344
w2328_2400,rolling_shadow_price_exchange::lagrangian_balanced,20260801,37668,BatchInference,RegionD,RegionF,2392,143520,143767,247,11,80,2406
w2328_2400,rolling_shadow_price_exchange::lagrangian_balanced,20260801,37688,BatchInference,RegionD,RegionF,2384,143040,143266,226,6,80,2406
w2328_2400,rolling_shadow_price_exchange::lagrangian_balanced,20260801,37758,AITraining,RegionD,RegionF,2398,144060,144347,287,25,150,2406
w2328_2400,rolling_shadow_price_exchange::lagrangian_balanced,20260801,37825,BatchInference,RegionC,RegionC,2359,141540,141630,90,20,80,2406
w2328_2400,rolling_shadow_price_exchange::lagrangian_balanced,20260801,37834,BatchInference,RegionF,RegionF,2394,143640,144039,399,17,80,2406
w2328_2400,rolling_shadow_price_exchange::lagrangian_balanced,20260801,37840,AITraining,RegionF,RegionF,2356,141360,141740,380,118,150,2406
w2328_2400,rolling_shadow_price_exchange::lagrangian_balanced,20260801,37857,AITraining,RegionD,RegionE,2396,143760,143875,115,42,150,2406
w2328_2400,rolling_shadow_price_exchange::lagrangian_balanced,20260801,37918,BatchInference,RegionD,RegionD,2383,142980,143122,142,5,80,2406
w2328_2400,rolling_shadow_price_exchange::lagrangian_balanced,20260801,37920,BatchInference,RegionA,RegionB,2364,141840,142147,307,6,80,2406
w2328_2400,rolling_shadow_price_exchange::lagrangian_balanced,20260801,37934,BatchInference,RegionA,RegionB,2371,142260,142634,374,12,80,2406
w2328_2400,rolling_shadow_price_exchange::lagrangian_balanced,20260801,37949,RealTimeInference,RegionB,RegionB,2368,142080,142144,64,1,20,2370
w2328_2400,rolling_shadow_price_exchange::lagrangian_balanced,20260801,37961,AITraining,RegionD,RegionD,2349,141120,141396,276,64,150,2406
w2328_2400,rolling_shadow_price_exchange::lagrangian_balanced,20260801,38021,RealTimeInference,RegionB,RegionB,2393,143580,143792,212,6,20,2397
w2328_2400,rolling_shadow_price_exchange::lagrangian_balanced,20260801,38048,AITraining,RegionE,RegionE,2332,139920,140172,252,123,150,2406
w2328_2400,rolling_shadow_price_exchange::lagrangian_balanced,20260801,38081,AITraining,RegionE,RegionE,2330,139800,139853,53,71,150,2406
w2328_2400,rolling_shadow_price_exchange::lagrangian_balanced,20260801,38089,AITraining,RegionF,RegionF,2340,140400,140578,178,99,150,2406
w2328_2400,rolling_shadow_price_exchange::lagrangian_balanced,20260801,38104,AITraining,RegionB,RegionC,2368,142080,142124,44,113,150,2406
w2328_2400,rolling_shadow_price_exchange::lagrangian_balanced,20260801,38114,BatchInference,RegionD,RegionE,2355,141300,141318,18,11,80,2406
w2328_2400,rolling_shadow_price_exchange::lagrangian_balanced,20260801,38133,BatchInference,RegionC,RegionC,2343,140580,140919,339,21,80,2406
w2328_2400,rolling_shadow_price_exchange::lagrangian_balanced,20260801,38165,BatchInference,RegionB,RegionB,2399,143940,144225,285,10,80,2406
w2328_2400,rolling_shadow_price_exchange::lagrangian_balanced,20260801,38190,BatchInference,RegionA,RegionB,2373,142440,142692,252,18,80,2406
w2328_2400,rolling_shadow_price_exchange::lagrangian_balanced,20260801,38208,AITraining,RegionF,RegionE,2392,144254,144360,106,122,150,2406
w2328_2400,rolling_shadow_price_exchange::lagrangian_balanced,20260801,38408,AITraining,RegionD,RegionF,2397,143820,143957,137,37,150,2406
w2328_2400,rolling_shadow_price_exchange::lagrangian_balanced,20260801,38417,RealTimeInference,RegionC,RegionC,2366,141960,142201,241,2,20,2371
w2328_2400,rolling_shadow_price_exchange::lagrangian_balanced,20260801,38628,BatchInference,RegionF,RegionF,2373,142380,142728,348,9,80,2406
w2328_2400,rolling_shadow_price_exchange::lagrangian_balanced,20260801,38666,BatchInference,RegionE,RegionE,2367,142020,142220,200,7,80,2406
w2328_2400,rolling_shadow_price_exchange::lagrangian_balanced,20260801,38738,AITraining,RegionE,RegionE,2381,142860,143219,359,85,150,2406
w2328_2400,rolling_shadow_price_exchange::lagrangian_balanced,20260801,38774,RealTimeInference,RegionA,RegionA,2396,143760,143793,33,4,20,2397
w2328_2400,rolling_shadow_price_exchange::lagrangian_balanced,20260801,38786,AITraining,RegionA,RegionC,2396,143962,144360,398,95,150,2406
w2328_2400,rolling_shadow_price_exchange::lagrangian_balanced,20260801,38894,AITraining,RegionE,RegionE,2399,143991,144360,369,115,150,2406
w2328_2400,rolling_shadow_price_exchange::lagrangian_balanced,20260801,38895,RealTimeInference,RegionC,RegionC,2344,140640,141025,385,1,20,2351
w2328_2400,rolling_shadow_price_exchange::lagrangian_balanced,20260801,38899,AITraining,RegionD,RegionE,2334,140460,140581,121,112,150,2406
w2328_2400,rolling_shadow_price_exchange::lagrangian_balanced,20260801,38937,AITraining,RegionB,RegionC,2391,144000,144316,316,31,150,2406
w2328_2400,rolling_shadow_price_exchange::lagrangian_balanced,20260801,38944,AITraining,RegionC,RegionC,2387,143220,143406,186,91,150,2406
w2328_2400,rolling_shadow_price_exchange::lagrangian_balanced,20260801,38948,AITraining,RegionE,RegionE,2361,141660,141952,292,114,150,2406
w2328_2400,rolling_shadow_price_exchange::lagrangian_balanced,20260801,39010,AITraining,RegionD,RegionE,2379,142740,142760,20,86,150,2406
w2328_2400,rolling_shadow_price_exchange::lagrangian_balanced,20260801,39125,RealTimeInference,RegionC,RegionC,2362,141720,141806,86,4,20,2364
w2328_2400,rolling_shadow_price_exchange::lagrangian_balanced,20260801,39130,RealTimeInference,RegionB,RegionB,2340,140400,140630,230,4,20,2344
w2328_2400,rolling_shadow_price_exchange::lagrangian_balanced,20260801,39147,AITraining,RegionB,RegionC,2361,141840,141978,138,108,150,2406
w2328_2400,rolling_shadow_price_exchange::lagrangian_balanced,20260801,39189,AITraining,RegionD,RegionE,2341,140580,140895,315,72,150,2406
w2328_2400,rolling_shadow_price_exchange::lagrangian_balanced,20260801,39199,BatchInference,RegionA,RegionC,2336,140160,140343,183,5,80,2406
w2328_2400,rolling_shadow_price_exchange::lagrangian_balanced,20260801,39232,RealTimeInference,RegionA,RegionA,2370,142200,142460,260,5,20,2375
w2328_2400,rolling_shadow_price_exchange::lagrangian_balanced,20260801,39242,AITraining,RegionE,RegionE,2363,141840,142009,169,23,150,2406
w2328_2400,rolling_shadow_price_exchange::lagrangian_balanced,20260801,39249,RealTimeInference,RegionB,RegionB,2330,139800,139814,14,6,20,2331
w2328_2400,rolling_shadow_price_exchange::lagrangian_balanced,20260801,39262,AITraining,RegionE,RegionE,2378,142680,142706,26,103,150,2406
w2328_2400,rolling_shadow_price_exchange::lagrangian_balanced,20260801,39275,AITraining,RegionE,RegionE,2338,140280,140525,245,63,150,2406
w2328_2400,rolling_shadow_price_exchange::lagrangian_balanced,20260801,39318,BatchInference,RegionA,RegionB,2389,143340,143505,165,21,80,2406
w2328_2400,rolling_shadow_price_exchange::lagrangian_balanced,20260801,39380,RealTimeInference,RegionB,RegionB,2391,143460,143504,44,3,20,2392
w2328_2400,rolling_shadow_price_exchange::lagrangian_balanced,20260801,39396,AITraining,RegionA,RegionC,2336,140160,140402,242,54,150,2406
w2328_2400,rolling_shadow_price_exchange::lagrangian_balanced,20260801,39397,BatchInference,RegionA,RegionB,2390,143400,143788,388,7,80,2406
w2328_2400,rolling_shadow_price_exchange::lagrangian_balanced,20260801,39401,RealTimeInference,RegionC,RegionC,2348,140880,141206,326,1,20,2354
w2328_2400,rolling_shadow_price_exchange::lagrangian_balanced,20260801,39463,BatchInference,RegionB,RegionB,2336,140160,140248,88,21,80,2406
w2328_2400,rolling_shadow_price_exchange::lagrangian_balanced,20260801,39468,BatchInference,RegionA,RegionC,2394,143640,143707,67,16,80,2406
w2328_2400,rolling_shadow_price_exchange::lagrangian_balanced,20260801,39549,RealTimeInference,RegionB,RegionB,2368,142080,142309,229,2,20,2372
w2328_2400,rolling_shadow_price_exchange::lagrangian_balanced,20260801,39573,BatchInference,RegionA,RegionA,2342,140520,140714,194,12,80,2406
w2328_2400,rolling_shadow_price_exchange::lagrangian_balanced,20260801,39590,RealTimeInference,RegionB,RegionB,2348,140880,141227,347,5,20,2354
w2328_2400,rolling_shadow_price_exchange::lagrangian_balanced,20260801,39597,BatchInference,RegionD,RegionF,2386,143160,143495,335,17,80,2406
w2328_2400,rolling_shadow_price_exchange::lagrangian_balanced,20260801,39629,BatchInference,RegionD,RegionD,2397,143820,143839,19,5,80,2406
w2328_2400,rolling_shadow_price_exchange::lagrangian_balanced,20260801,39636,BatchInference,RegionD,RegionF,2339,140340,140534,194,19,80,2406
w2328_2400,rolling_shadow_price_exchange::lagrangian_balanced,20260801,39669,AITraining,RegionE,RegionE,2394,143700,143972,272,77,150,2406
w2328_2400,rolling_shadow_price_exchange::lagrangian_balanced,20260801,39672,RealTimeInference,RegionA,RegionA,2364,141840,141938,98,7,20,2366
w2328_2400,rolling_shadow_price_exchange::lagrangian_balanced,20260801,39674,AITraining,RegionD,RegionF,2351,141420,141698,278,61,150,2406
w2328_2400,rolling_shadow_price_exchange::lagrangian_balanced,20260801,39748,RealTimeInference,RegionC,RegionC,2381,142860,143061,201,1,20,2385
w2328_2400,rolling_shadow_price_exchange::lagrangian_balanced,20260801,39773,AITraining,RegionE,RegionE,2395,143700,143734,34,33,150,2406
w2328_2400,rolling_shadow_price_exchange::lagrangian_balanced,20260801,39788,RealTimeInference,RegionC,RegionC,2399,143940,144203,263,7,20,2404
w2328_2400,rolling_shadow_price_exchange::lagrangian_balanced,20260801,39791,BatchInference,RegionB,RegionC,2377,142620,142907,287,4,80,2406
w2328_2400,rolling_shadow_price_exchange::lagrangian_balanced,20260801,39834,AITraining,RegionF,RegionE,2367,142140,142511,371,17,150,2406
w2328_2400,rolling_shadow_price_exchange::lagrangian_balanced,20260801,39877,AITraining,RegionD,RegionD,2350,141300,141550,250,116,150,2406
w2328_2400,rolling_shadow_price_exchange::lagrangian_balanced,20260801,39919,AITraining,RegionF,RegionF,2337,140220,140264,44,30,150,2406
w2328_2400,rolling_shadow_price_exchange::lagrangian_balanced,20260801,39924,BatchInference,RegionC,RegionC,2382,142920,143076,156,4,80,2406
w2328_2400,rolling_shadow_price_exchange::lagrangian_balanced,20260801,39925,RealTimeInference,RegionC,RegionC,2341,140460,140602,142,5,20,2344
w2328_2400,rolling_shadow_price_exchange::lagrangian_balanced,20260801,39987,RealTimeInference,RegionA,RegionA,2355,141300,141448,148,2,20,2358
w2328_2400,rolling_shadow_price_exchange::lagrangian_balanced,20260801,40092,AITraining,RegionC,RegionC,2357,141420,141615,195,48,150,2406
w2328_2400,rolling_shadow_price_exchange::lagrangian_balanced,20260801,40096,BatchInference,RegionE,RegionE,2332,139920,140298,378,16,80,2406
w2328_2400,rolling_shadow_price_exchange::lagrangian_balanced,20260801,40126,BatchInference,RegionB,RegionB,2340,140400,140672,272,13,80,2406
w2328_2400,rolling_shadow_price_exchange::lagrangian_balanced,20260801,40154,BatchInference,RegionD,RegionF,2365,141900,142282,382,20,80,2406
w2328_2400,rolling_shadow_price_exchange::lagrangian_balanced,20260801,40243,RealTimeInference,RegionA,RegionA,2361,141660,141740,80,4,20,2363
w2328_2400,rolling_shadow_price_exchange::lagrangian_balanced,20260801,40292,RealTimeInference,RegionB,RegionB,2364,141840,142050,210,7,20,2368
w2328_2400,rolling_shadow_price_exchange::lagrangian_balanced,20260801,40341,RealTimeInference,RegionA,RegionA,2396,143760,144146,386,2,20,2403
w2328_2400,rolling_shadow_price_exchange::lagrangian_balanced,20260801,40364,AITraining,RegionE,RegionE,2371,142260,142318,58,69,150,2406
w2328_2400,rolling_shadow_price_exchange::lagrangian_balanced,20260801,40365,RealTimeInference,RegionC,RegionC,2341,140460,140704,244,5,20,2346
w2328_2400,rolling_shadow_price_exchange::lagrangian_balanced,20260801,40375,RealTimeInference,RegionA,RegionA,2398,143880,143960,80,4,20,2400
w2328_2400,rolling_shadow_price_exchange::lagrangian_balanced,20260801,40398,BatchInference,RegionE,RegionE,2335,140100,140167,67,6,80,2406
w2328_2400,rolling_shadow_price_exchange::lagrangian_balanced,20260801,40446,BatchInference,RegionA,RegionB,2387,143220,143252,32,9,80,2406
w2328_2400,rolling_shadow_price_exchange::lagrangian_balanced,20260801,40505,BatchInference,RegionA,RegionB,2396,143760,144140,380,6,80,2406
w2328_2400,rolling_shadow_price_exchange::lagrangian_balanced,20260801,40536,AITraining,RegionF,RegionF,2372,142500,142570,70,124,150,2406
w2328_2400,rolling_shadow_price_exchange::lagrangian_balanced,20260801,40539,BatchInference,RegionB,RegionB,2388,143280,143412,132,10,80,2406
w2328_2400,rolling_shadow_price_exchange::lagrangian_balanced,20260801,40554,RealTimeInference,RegionB,RegionB,2386,143160,143532,372,5,20,2393
w2328_2400,rolling_shadow_price_exchange::lagrangian_balanced,20260801,40558,RealTimeInference,RegionA,RegionA,2362,141720,141794,74,2,20,2364
w2328_2400,rolling_shadow_price_exchange::lagrangian_balanced,20260801,40578,RealTimeInference,RegionA,RegionA,2344,140640,140867,227,1,20,2348
w2328_2400,rolling_shadow_price_exchange::lagrangian_balanced,20260801,40594,RealTimeInference,RegionC,RegionC,2386,143160,143525,365,2,20,2393
w2328_2400,rolling_shadow_price_exchange::lagrangian_balanced,20260801,40599,RealTimeInference,RegionB,RegionB,2395,143700,143750,50,4,20,2396
w2328_2400,rolling_shadow_price_exchange::lagrangian_balanced,20260801,40617,RealTimeInference,RegionA,RegionA,2365,141900,142276,376,2,20,2372
w2328_2400,rolling_shadow_price_exchange::lagrangian_balanced,20260801,40620,AITraining,RegionE,RegionE,2349,140940,141321,381,25,150,2406
w2328_2400,rolling_shadow_price_exchange::lagrangian_balanced,20260801,40713,RealTimeInference,RegionC,RegionC,2352,141120,141286,166,5,20,2355
w2328_2400,rolling_shadow_price_exchange::lagrangian_balanced,20260801,40796,RealTimeInference,RegionB,RegionB,2359,141540,141787,247,2,20,2364
w2328_2400,rolling_shadow_price_exchange::lagrangian_balanced,20260801,40797,RealTimeInference,RegionB,RegionB,2331,139860,139870,10,7,20,2332
w2328_2400,rolling_shadow_price_exchange::lagrangian_balanced,20260801,40798,BatchInference,RegionE,RegionE,2351,141060,141421,361,17,80,2406
w2328_2400,rolling_shadow_price_exchange::lagrangian_balanced,20260801,40802,BatchInference,RegionB,RegionB,2383,142980,143235,255,16,80,2406
w2328_2400,rolling_shadow_price_exchange::lagrangian_balanced,20260801,40831,BatchInference,RegionE,RegionE,2394,143640,143995,355,17,80,2406
w2328_2400,rolling_shadow_price_exchange::lagrangian_balanced,20260801,40898,AITraining,RegionA,RegionB,2380,142800,142972,172,122,150,2406
w2328_2400,rolling_shadow_price_exchange::lagrangian_balanced,20260801,40966,BatchInference,RegionB,RegionB,2399,143940,144245,305,20,80,2406
w2328_2400,rolling_shadow_price_exchange::lagrangian_balanced,20260801,41084,AITraining,RegionD,RegionF,2372,142380,142656,276,70,150,2406
w2328_2400,rolling_shadow_price_exchange::lagrangian_balanced,20260801,41085,BatchInference,RegionC,RegionC,2349,140940,141262,322,14,80,2406
w2328_2400,rolling_shadow_price_exchange::lagrangian_balanced,20260801,41146,AITraining,RegionF,RegionF,2394,143640,143743,103,57,150,2406
w2328_2400,rolling_shadow_price_exchange::lagrangian_balanced,20260801,41155,AITraining,RegionD,RegionE,2331,140160,140455,295,75,150,2406
w2328_2400,rolling_shadow_price_exchange::lagrangian_balanced,20260801,41223,BatchInference,RegionD,RegionF,2340,140520,140777,257,22,80,2406
w2328_2400,rolling_shadow_price_exchange::lagrangian_balanced,20260801,41241,BatchInference,RegionB,RegionB,2342,140520,140605,85,15,80,2406
w2328_2400,rolling_shadow_price_exchange::lagrangian_balanced,20260801,41247,RealTimeInference,RegionA,RegionA,2395,143700,143824,124,3,20,2398
w2328_2400,rolling_shadow_price_exchange::lagrangian_balanced,20260801,41263,RealTimeInference,RegionC,RegionC,2352,141120,141306,186,4,20,2356
w2328_2400,rolling_shadow_price_exchange::lagrangian_balanced,20260801,41298,RealTimeInference,RegionA,RegionA,2383,142980,143301,321,4,20,2389
w2328_2400,rolling_shadow_price_exchange::lagrangian_balanced,20260801,41348,AITraining,RegionE,RegionE,2377,142620,142965,345,71,150,2406
w2328_2400,rolling_shadow_price_exchange::lagrangian_balanced,20260801,41401,BatchInference,RegionD,RegionF,2366,141960,142214,254,22,80,2406
w2328_2400,rolling_shadow_price_exchange::lagrangian_balanced,20260801,41410,AITraining,RegionB,RegionC,2391,143966,144360,394,23,150,2406
w2328_2400,rolling_shadow_price_exchange::lagrangian_balanced,20260801,41413,AITraining,RegionE,RegionE,2377,142620,142872,252,54,150,2406
w2328_2400,rolling_shadow_price_exchange::lagrangian_balanced,20260801,41424,RealTimeInference,RegionA,RegionA,2328,139680,139808,128,3,20,2331
w2328_2400,rolling_shadow_price_exchange::lagrangian_balanced,20260801,41451,RealTimeInference,RegionA,RegionA,2399,143940,144336,396,4,20,2406
w2328_2400,rolling_shadow_price_exchange::lagrangian_balanced,20260801,41513,RealTimeInference,RegionC,RegionC,2381,142860,143003,143,6,20,2384
w2328_2400,rolling_shadow_price_exchange::lagrangian_balanced,20260801,41576,AITraining,RegionD,RegionE,2368,142080,142317,237,38,150,2406
w2328_2400,rolling_shadow_price_exchange::lagrangian_balanced,20260801,41672,BatchInference,RegionA,RegionA,2367,142020,142047,27,9,80,2406
w2328_2400,rolling_shadow_price_exchange::lagrangian_balanced,20260801,41737,AITraining,RegionF,RegionF,2387,143220,143584,364,21,150,2406
w2328_2400,rolling_shadow_price_exchange::lagrangian_balanced,20260801,41816,BatchInference,RegionF,RegionF,2342,140520,140597,77,23,80,2406
w2328_2400,rolling_shadow_price_exchange::lagrangian_balanced,20260801,41872,BatchInference,RegionC,RegionC,2348,141000,141173,173,20,80,2406
w2328_2400,rolling_shadow_price_exchange::lagrangian_balanced,20260801,41891,BatchInference,RegionC,RegionC,2385,143100,143259,159,15,80,2406
w2328_2400,rolling_shadow_price_exchange::lagrangian_balanced,20260801,41926,RealTimeInference,RegionC,RegionC,2376,142560,142781,221,6,20,2380
w2328_2400,rolling_shadow_price_exchange::lagrangian_balanced,20260801,41936,AITraining,RegionD,RegionE,2328,139680,139904,224,97,150,2406
w2328_2400,rolling_shadow_price_exchange::lagrangian_balanced,20260801,41989,AITraining,RegionD,RegionE,2373,142380,142533,153,42,150,2406
w2328_2400,rolling_shadow_price_exchange::lagrangian_balanced,20260801,41990,AITraining,RegionD,RegionE,2393,143580,143605,25,22,150,2406
w2328_2400,rolling_shadow_price_exchange::lagrangian_balanced,20260801,42007,BatchInference,RegionA,RegionB,2388,143280,143444,164,21,80,2406
w2328_2400,rolling_shadow_price_exchange::lagrangian_balanced,20260801,42014,AITraining,RegionD,RegionF,2367,142020,142245,225,21,150,2406
w2328_2400,rolling_shadow_price_exchange::lagrangian_balanced,20260801,42018,AITraining,RegionF,RegionE,2394,143760,143974,214,64,150,2406
w2328_2400,rolling_shadow_price_exchange::lagrangian_balanced,20260801,42039,BatchInference,RegionF,RegionF,2341,140460,140765,305,15,80,2406
w2328_2400,rolling_shadow_price_exchange::lagrangian_balanced,20260801,42046,BatchInference,RegionA,RegionC,2364,141840,141959,119,13,80,2406
w2328_2400,rolling_shadow_price_exchange::lagrangian_balanced,20260801,42088,BatchInference,RegionC,RegionC,2347,140820,141101,281,5,80,2406
w2328_2400,rolling_shadow_price_exchange::lagrangian_balanced,20260801,42141,RealTimeInference,RegionB,RegionB,2355,141300,141383,83,4,20,2357
w2328_2400,rolling_shadow_price_exchange::lagrangian_balanced,20260801,42142,AITraining,RegionE,RegionE,2361,141660,141991,331,50,150,2406
w2328_2400,rolling_shadow_price_exchange::lagrangian_balanced,20260801,42163,BatchInference,RegionE,RegionE,2335,140100,140158,58,18,80,2406
w2328_2400,rolling_shadow_price_exchange::lagrangian_balanced,20260801,42169,AITraining,RegionF,RegionF,2376,142560,142916,356,58,150,2406
w2328_2400,rolling_shadow_price_exchange::lagrangian_balanced,20260801,42187,AITraining,RegionE,RegionE,2358,141480,141784,304,68,150,2406
w2328_2400,rolling_shadow_price_exchange::lagrangian_balanced,20260801,42220,RealTimeInference,RegionB,RegionB,2397,143820,143836,16,2,20,2398
w2328_2400,rolling_shadow_price_exchange::lagrangian_balanced,20260801,42258,RealTimeInference,RegionB,RegionB,2394,143640,143804,164,6,20,2397
w2328_2400,rolling_shadow_price_exchange::lagrangian_balanced,20260801,42342,RealTimeInference,RegionA,RegionA,2345,140700,140879,179,1,20,2348
w2328_2400,rolling_shadow_price_exchange::lagrangian_balanced,20260801,42373,AITraining,RegionF,RegionE,2360,141960,142071,111,115,150,2406
w2328_2400,rolling_shadow_price_exchange::lagrangian_balanced,20260801,42388,AITraining,RegionD,RegionF,2340,140400,140468,68,112,150,2406
w2328_2400,rolling_shadow_price_exchange::lagrangian_balanced,20260801,42394,BatchInference,RegionA,RegionA,2340,140400,140744,344,11,80,2406
w2328_2400,rolling_shadow_price_exchange::lagrangian_balanced,20260801,42445,BatchInference,RegionE,RegionE,2330,139800,139849,49,18,80,2406
w2328_2400,rolling_shadow_price_exchange::lagrangian_balanced,20260801,42453,RealTimeInference,RegionA,RegionA,2341,140460,140547,87,2,20,2343
w2328_2400,rolling_shadow_price_exchange::lagrangian_balanced,20260801,42475,AITraining,RegionD,RegionF,2360,141780,141857,77,102,150,2406
w2328_2400,rolling_shadow_price_exchange::lagrangian_balanced,20260801,42484,RealTimeInference,RegionC,RegionC,2341,140460,140821,361,5,20,2348
w2328_2400,rolling_shadow_price_exchange::lagrangian_balanced,20260801,42499,AITraining,RegionB,RegionC,2381,143160,143526,366,71,150,2406
w2328_2400,rolling_shadow_price_exchange::lagrangian_balanced,20260801,42578,AITraining,RegionC,RegionC,2399,144000,144235,235,37,150,2406
w2328_2400,rolling_shadow_price_exchange::lagrangian_balanced,20260801,42607,BatchInference,RegionD,RegionF,2344,140640,140826,186,9,80,2406
w2328_2400,rolling_shadow_price_exchange::lagrangian_balanced,20260801,42642,RealTimeInference,RegionC,RegionC,2382,142920,143130,210,1,20,2386
w2328_2400,rolling_shadow_price_exchange::lagrangian_balanced,20260801,42663,BatchInference,RegionA,RegionB,2388,143280,143654,374,7,80,2406
w2328_2400,rolling_shadow_price_exchange::lagrangian_balanced,20260801,42674,AITraining,RegionF,RegionF,2350,141000,141282,282,50,150,2406
w2328_2400,rolling_shadow_price_exchange::lagrangian_balanced,20260801,42710,AITraining,RegionD,RegionE,2330,139800,140031,231,110,150,2406
w2328_2400,rolling_shadow_price_exchange::lagrangian_balanced,20260801,42747,RealTimeInference,RegionD,RegionD,2332,139920,140067,147,7,20,2335
w2328_2400,rolling_shadow_price_exchange::lagrangian_balanced,20260801,42765,BatchInference,RegionD,RegionE,2370,142200,142417,217,21,80,2406
w2328_2400,rolling_shadow_price_exchange::lagrangian_balanced,20260801,42805,RealTimeInference,RegionC,RegionC,2348,140880,140926,46,5,20,2349
w2328_2400,rolling_shadow_price_exchange::lagrangian_balanced,20260801,42840,RealTimeInference,RegionA,RegionA,2339,140340,140616,276,2,20,2344
w2328_2400,rolling_shadow_price_exchange::lagrangian_balanced,20260801,42841,BatchInference,RegionB,RegionB,2329,139740,140036,296,11,80,2406
w2328_2400,rolling_shadow_price_exchange::lagrangian_balanced,20260801,42958,BatchInference,RegionA,RegionA,2395,143880,144241,361,19,80,2406
w2328_2400,rolling_shadow_price_exchange::lagrangian_balanced,20260801,43004,AITraining,RegionB,RegionC,2330,139800,139949,149,79,150,2406
w2328_2400,rolling_shadow_price_exchange::lagrangian_balanced,20260801,43032,RealTimeInference,RegionB,RegionB,2388,143280,143417,137,1,20,2391
w2328_2400,rolling_shadow_price_exchange::lagrangian_balanced,20260801,43047,RealTimeInference,RegionB,RegionB,2383,142980,143102,122,5,20,2386
w2328_2400,rolling_shadow_price_exchange::lagrangian_balanced,20260801,43091,BatchInference,RegionB,RegionB,2329,139740,140044,304,9,80,2406
w2328_2400,rolling_shadow_price_exchange::lagrangian_balanced,20260801,43137,BatchInference,RegionB,RegionB,2372,142440,142701,261,18,80,2406
w2328_2400,rolling_shadow_price_exchange::lagrangian_balanced,20260801,43153,AITraining,RegionF,RegionF,2385,143100,143179,79,36,150,2406
w2328_2400,rolling_shadow_price_exchange::lagrangian_balanced,20260801,43159,BatchInference,RegionD,RegionF,2329,139740,140110,370,9,80,2406
w2328_2400,rolling_shadow_price_exchange::lagrangian_balanced,20260801,43185,BatchInference,RegionD,RegionE,2368,142140,142359,219,22,80,2406
w2328_2400,rolling_shadow_price_exchange::lagrangian_balanced,20260801,43206,BatchInference,RegionE,RegionE,2346,140760,140935,175,16,80,2406
w2328_2400,rolling_shadow_price_exchange::lagrangian_balanced,20260801,43228,AITraining,RegionD,RegionE,2329,139740,140119,379,97,150,2406
w2328_2400,rolling_shadow_price_exchange::lagrangian_balanced,20260801,43240,RealTimeInference,RegionA,RegionA,2381,142860,143255,395,7,20,2388
w2328_2400,rolling_shadow_price_exchange::lagrangian_balanced,20260801,43266,AITraining,RegionA,RegionB,2388,143280,143339,59,103,150,2406
w2328_2400,rolling_shadow_price_exchange::lagrangian_balanced,20260801,43271,AITraining,RegionF,RegionF,2354,141240,141430,190,31,150,2406
w2328_2400,rolling_shadow_price_exchange::lagrangian_balanced,20260801,43287,RealTimeInference,RegionA,RegionA,2367,142020,142318,298,1,20,2372
w2328_2400,rolling_shadow_price_exchange::lagrangian_balanced,20260801,43304,BatchInference,RegionE,RegionE,2356,141360,141537,177,4,80,2406
w2328_2400,rolling_shadow_price_exchange::lagrangian_balanced,20260801,43369,BatchInference,RegionD,RegionD,2349,140940,141148,208,11,80,2406
w2328_2400,rolling_shadow_price_exchange::lagrangian_balanced,20260801,43374,RealTimeInference,RegionB,RegionB,2372,142320,142715,395,1,20,2379
w2328_2400,rolling_shadow_price_exchange::lagrangian_balanced,20260801,43380,AITraining,RegionD,RegionD,2380,142800,142873,73,50,150,2406
w2328_2400,rolling_shadow_price_exchange::lagrangian_balanced,20260801,43423,AITraining,RegionF,RegionF,2398,144000,144330,330,122,150,2406
w2328_2400,rolling_shadow_price_exchange::lagrangian_balanced,20260801,43463,BatchInference,RegionA,RegionC,2388,143280,143360,80,10,80,2406
w2328_2400,rolling_shadow_price_exchange::lagrangian_balanced,20260801,43496,AITraining,RegionB,RegionA,2369,143160,143450,290,95,150,2406
w2328_2400,rolling_shadow_price_exchange::lagrangian_balanced,20260801,43513,BatchInference,RegionD,RegionF,2336,140160,140502,342,12,80,2406
w2328_2400,rolling_shadow_price_exchange::lagrangian_balanced,20260801,43531,BatchInference,RegionC,RegionC,2393,143580,143728,148,18,80,2406
w2328_2400,rolling_shadow_price_exchange::lagrangian_balanced,20260801,43544,AITraining,RegionD,RegionF,2366,141960,142052,92,108,150,2406
w2328_2400,rolling_shadow_price_exchange::lagrangian_balanced,20260801,43634,AITraining,RegionC,RegionC,2341,140460,140619,159,69,150,2406
w2328_2400,rolling_shadow_price_exchange::lagrangian_balanced,20260801,43649,AITraining,RegionD,RegionD,2350,141240,141565,325,112,150,2406
w2328_2400,rolling_shadow_price_exchange::lagrangian_balanced,20260801,43659,BatchInference,RegionF,RegionE,2329,139740,139971,231,17,80,2406
w2328_2400,rolling_shadow_price_exchange::lagrangian_balanced,20260801,43668,BatchInference,RegionB,RegionB,2380,142800,142970,170,19,80,2406
w2328_2400,rolling_shadow_price_exchange::lagrangian_balanced,20260801,43690,AITraining,RegionE,RegionE,2377,142620,142808,188,102,150,2406
w2328_2400,rolling_shadow_price_exchange::lagrangian_balanced,20260801,43695,RealTimeInference,RegionB,RegionB,2371,142260,142568,308,6,20,2377
w2328_2400,rolling_shadow_price_exchange::lagrangian_balanced,20260801,43719,AITraining,RegionB,RegionC,2363,141780,142102,322,82,150,2406
w2328_2400,rolling_shadow_price_exchange::lagrangian_balanced,20260801,43720,BatchInference,RegionB,RegionC,2351,141060,141446,386,20,80,2406
w2328_2400,rolling_shadow_price_exchange::lagrangian_balanced,20260801,43732,RealTimeInference,RegionA,RegionA,2332,139920,139980,60,1,20,2333
w2328_2400,rolling_shadow_price_exchange::lagrangian_balanced,20260801,43767,RealTimeInference,RegionB,RegionB,2368,142080,142343,263,5,20,2373
w2328_2400,rolling_shadow_price_exchange::lagrangian_balanced,20260801,43786,BatchInference,RegionB,RegionB,2399,143940,144066,126,17,80,2406
w2328_2400,rolling_shadow_price_exchange::lagrangian_balanced,20260801,43815,BatchInference,RegionD,RegionF,2367,142020,142155,135,5,80,2406
w2328_2400,rolling_shadow_price_exchange::lagrangian_balanced,20260801,43856,AITraining,RegionF,RegionE,2359,141960,142081,121,116,150,2406
w2328_2400,rolling_shadow_price_exchange::lagrangian_balanced,20260801,43911,RealTimeInference,RegionB,RegionB,2338,140280,140530,250,1,20,2343
w2328_2400,rolling_shadow_price_exchange::lagrangian_balanced,20260801,43953,BatchInference,RegionE,RegionE,2386,143160,143322,162,17,80,2406
w2328_2400,rolling_shadow_price_exchange::lagrangian_balanced,20260801,43961,BatchInference,RegionF,RegionE,2345,140700,140775,75,9,80,2406
w2328_2400,rolling_shadow_price_exchange::lagrangian_balanced,20260801,43993,BatchInference,RegionE,RegionE,2396,143760,143980,220,16,80,2406
w2328_2400,rolling_shadow_price_exchange::lagrangian_balanced,20260801,43998,RealTimeInference,RegionB,RegionB,2361,141660,141881,221,2,20,2365
w2328_2400,rolling_shadow_price_exchange::lagrangian_balanced,20260801,44039,BatchInference,RegionE,RegionE,2374,142440,142802,362,12,80,2406
w2328_2400,rolling_shadow_price_exchange::lagrangian_balanced,20260801,44096,RealTimeInference,RegionB,RegionB,2328,139680,139829,149,1,20,2331
w2328_2400,rolling_shadow_price_exchange::lagrangian_balanced,20260801,44098,RealTimeInference,RegionC,RegionC,2354,141240,141471,231,4,20,2358
w2328_2400,rolling_shadow_price_exchange::lagrangian_balanced,20260801,44160,RealTimeInference,RegionA,RegionA,2368,142080,142297,217,7,20,2372
w2328_2400,rolling_shadow_price_exchange::lagrangian_balanced,20260801,44210,BatchInference,RegionF,RegionF,2356,141360,141557,197,6,80,2406
w2328_2400,rolling_shadow_price_exchange::lagrangian_balanced,20260801,44232,BatchInference,RegionB,RegionC,2371,142260,142539,279,4,80,2406
w2328_2400,rolling_shadow_price_exchange::lagrangian_balanced,20260801,44279,RealTimeInference,RegionB,RegionB,2377,142620,142791,171,1,20,2380
w2328_2400,rolling_shadow_price_exchange::lagrangian_balanced,20260801,44378,RealTimeInference,RegionB,RegionB,2355,141300,141510,210,7,20,2359
w2328_2400,rolling_shadow_price_exchange::lagrangian_balanced,20260801,44396,BatchInference,RegionB,RegionB,2354,141240,141458,218,20,80,2406
w2328_2400,rolling_shadow_price_exchange::lagrangian_balanced,20260801,44418,RealTimeInference,RegionB,RegionB,2339,140340,140424,84,3,20,2341
w2328_2400,rolling_shadow_price_exchange::lagrangian_balanced,20260801,44439,BatchInference,RegionE,RegionE,2399,143940,144277,337,6,80,2406
w2328_2400,rolling_shadow_price_exchange::lagrangian_balanced,20260801,44491,RealTimeInference,RegionC,RegionC,2350,141000,141141,141,3,20,2353
w2328_2400,rolling_shadow_price_exchange::lagrangian_balanced,20260801,44570,BatchInference,RegionE,RegionE,2337,140220,140495,275,7,80,2406
w2328_2400,rolling_shadow_price_exchange::lagrangian_balanced,20260801,44582,BatchInference,RegionD,RegionE,2345,140700,140888,188,18,80,2406
w2328_2400,rolling_shadow_price_exchange::lagrangian_balanced,20260801,44602,RealTimeInference,RegionC,RegionC,2393,143580,143920,340,4,20,2399
w2328_2400,rolling_shadow_price_exchange::lagrangian_balanced,20260801,44763,RealTimeInference,RegionA,RegionA,2367,142020,142356,336,1,20,2373
w2328_2400,rolling_shadow_price_exchange::lagrangian_balanced,20260801,44810,BatchInference,RegionC,RegionC,2333,139980,140063,83,10,80,2406
w2328_2400,rolling_shadow_price_exchange::lagrangian_balanced,20260801,44811,RealTimeInference,RegionB,RegionB,2392,143520,143854,334,2,20,2398
w2328_2400,rolling_shadow_price_exchange::lagrangian_balanced,20260801,44818,BatchInference,RegionD,RegionF,2352,141300,141528,228,22,80,2406
w2328_2400,rolling_shadow_price_exchange::lagrangian_balanced,20260801,44877,AITraining,RegionE,RegionE,2345,140700,140949,249,68,150,2406
w2328_2400,rolling_shadow_price_exchange::lagrangian_balanced,20260801,44922,RealTimeInference,RegionB,RegionB,2369,142140,142424,284,5,20,2374
w2328_2400,rolling_shadow_price_exchange::lagrangian_balanced,20260801,44930,RealTimeInference,RegionC,RegionC,2356,141360,141508,148,5,20,2359
w2328_2400,rolling_shadow_price_exchange::lagrangian_balanced,20260801,44965,AITraining,RegionA,RegionB,2338,140280,140562,282,44,150,2406
w2328_2400,rolling_shadow_price_exchange::lagrangian_balanced,20260801,44983,AITraining,RegionF,RegionE,2384,144000,144299,299,80,150,2406
w2328_2400,rolling_shadow_price_exchange::lagrangian_balanced,20260801,45057,RealTimeInference,RegionA,RegionA,2371,142260,142580,320,2,20,2377
w2328_2400,rolling_shadow_price_exchange::lagrangian_balanced,20260801,45061,RealTimeInference,RegionC,RegionC,2383,142980,143232,252,2,20,2388
w2328_2400,rolling_shadow_price_exchange::lagrangian_balanced,20260801,45156,BatchInference,RegionA,RegionB,2388,143280,143582,302,9,80,2406
w2328_2400,rolling_shadow_price_exchange::lagrangian_balanced,20260801,45172,AITraining,RegionE,RegionE,2380,142800,142940,140,73,150,2406
w2328_2400,rolling_shadow_price_exchange::lagrangian_balanced,20260801,45240,AITraining,RegionF,RegionE,2342,140520,140867,347,96,150,2406
w2328_2400,rolling_shadow_price_exchange::lagrangian_balanced,20260801,45328,AITraining,RegionD,RegionF,2345,141060,141321,261,63,150,2406
w2328_2400,rolling_shadow_price_exchange::lagrangian_balanced,20260801,45363,RealTimeInference,RegionC,RegionC,2391,143460,143765,305,2,20,2397
w2328_2400,rolling_shadow_price_exchange::lagrangian_balanced,20260801,45382,AITraining,RegionE,RegionE,2375,142500,142774,274,24,150,2406
w2328_2400,rolling_shadow_price_exchange::lagrangian_balanced,20260801,45404,AITraining,RegionF,RegionF,2380,142800,142935,135,74,150,2406
w2328_2400,rolling_shadow_price_exchange::lagrangian_balanced,20260801,45459,AITraining,RegionD,RegionF,2361,141660,141744,84,33,150,2406
w2328_2400,rolling_shadow_price_exchange::lagrangian_balanced,20260801,45529,RealTimeInference,RegionA,RegionA,2393,143580,143946,366,4,20,2400
w2328_2400,rolling_shadow_price_exchange::lagrangian_balanced,20260801,45549,AITraining,RegionB,RegionC,2365,141900,142256,356,58,150,2406
w2328_2400,rolling_shadow_price_exchange::lagrangian_balanced,20260801,45554,BatchInference,RegionE,RegionE,2367,142020,142365,345,4,80,2406
w2328_2400,rolling_shadow_price_exchange::lagrangian_balanced,20260801,45570,AITraining,RegionD,RegionF,2363,141840,141890,50,30,150,2406
w2328_2400,rolling_shadow_price_exchange::lagrangian_balanced,20260801,45583,BatchInference,RegionB,RegionB,2389,143340,143672,332,13,80,2406
w2328_2400,rolling_shadow_price_exchange::lagrangian_balanced,20260801,45584,BatchInference,RegionC,RegionC,2378,142680,142841,161,21,80,2406
w2328_2400,rolling_shadow_price_exchange::lagrangian_balanced,20260801,45608,BatchInference,RegionA,RegionB,2335,140100,140164,64,19,80,2406
w2328_2400,rolling_shadow_price_exchange::lagrangian_balanced,20260801,45636,AITraining,RegionD,RegionD,2353,141180,141549,369,68,150,2406
w2328_2400,rolling_shadow_price_exchange::lagrangian_balanced,20260801,45731,BatchInference,RegionE,RegionE,2391,143460,143712,252,14,80,2406
w2328_2400,rolling_shadow_price_exchange::lagrangian_balanced,20260801,45742,BatchInference,RegionC,RegionC,2385,143100,143482,382,20,80,2406
w2328_2400,rolling_shadow_price_exchange::lagrangian_balanced,20260801,45743,RealTimeInference,RegionB,RegionB,2377,142620,143012,392,2,20,2384
w2328_2400,rolling_shadow_price_exchange::lagrangian_balanced,20260801,45771,AITraining,RegionF,RegionF,2383,143100,143377,277,77,150,2406
w2328_2400,rolling_shadow_price_exchange::lagrangian_balanced,20260801,45784,BatchInference,RegionF,RegionE,2335,140100,140380,280,7,80,2406
w2328_2400,rolling_shadow_price_exchange::lagrangian_balanced,20260801,45855,BatchInference,RegionD,RegionD,2351,141060,141336,276,11,80,2406
w2328_2400,rolling_shadow_price_exchange::lagrangian_balanced,20260801,45879,RealTimeInference,RegionB,RegionB,2383,142980,143243,263,3,20,2388
w2328_2400,rolling_shadow_price_exchange::lagrangian_balanced,20260801,45887,BatchInference,RegionD,RegionF,2394,143640,143966,326,10,80,2406
w2328_2400,rolling_shadow_price_exchange::lagrangian_balanced,20260801,45967,RealTimeInference,RegionC,RegionC,2371,142260,142319,59,5,20,2372
w2328_2400,rolling_shadow_price_exchange::lagrangian_balanced,20260801,45986,BatchInference,RegionD,RegionF,2395,143700,143951,251,20,80,2406
w2328_2400,rolling_shadow_price_exchange::lagrangian_balanced,20260801,46008,RealTimeInference,RegionA,RegionA,2352,141120,141446,326,2,20,2358
w2328_2400,rolling_shadow_price_exchange::lagrangian_balanced,20260801,46011,AITraining,RegionE,RegionE,2395,143820,143938,118,66,150,2406
w2328_2400,rolling_shadow_price_exchange::lagrangian_balanced,20260801,46028,BatchInference,RegionA,RegionC,2397,143880,143947,67,22,80,2406
w2328_2400,rolling_shadow_price_exchange::lagrangian_balanced,20260801,46038,BatchInference,RegionD,RegionE,2348,140880,140908,28,15,80,2406
w2328_2400,rolling_shadow_price_exchange::lagrangian_balanced,20260801,46065,AITraining,RegionE,RegionE,2374,142440,142776,336,78,150,2406
w2328_2400,rolling_shadow_price_exchange::lagrangian_balanced,20260801,46119,AITraining,RegionF,RegionF,2333,139980,140001,21,112,150,2406
w2328_2400,rolling_shadow_price_exchange::lagrangian_balanced,20260801,46184,AITraining,RegionF,RegionF,2396,143970,144360,390,99,150,2406
w2328_2400,rolling_shadow_price_exchange::lagrangian_balanced,20260801,46192,AITraining,RegionB,RegionC,2386,143280,143478,198,113,150,2406
w2328_2400,rolling_shadow_price_exchange::lagrangian_balanced,20260801,46280,AITraining,RegionE,RegionE,2381,142860,143208,348,76,150,2406
w2328_2400,rolling_shadow_price_exchange::lagrangian_balanced,20260801,46326,AITraining,RegionE,RegionE,2351,141180,141275,95,28,150,2406
w2328_2400,rolling_shadow_price_exchange::lagrangian_balanced,20260801,46368,RealTimeInference,RegionD,RegionD,2351,141060,141260,200,6,20,2355
w2328_2400,rolling_shadow_price_exchange::lagrangian_balanced,20260801,46424,AITraining,RegionD,RegionD,2390,143996,144360,364,120,150,2406
w2328_2400,rolling_shadow_price_exchange::lagrangian_balanced,20260801,46459,AITraining,RegionF,RegionF,2348,141000,141111,111,92,150,2406
w2328_2400,rolling_shadow_price_exchange::lagrangian_balanced,20260801,46523,BatchInference,RegionD,RegionE,2329,139740,139898,158,12,80,2406
w2328_2400,rolling_shadow_price_exchange::lagrangian_balanced,20260801,46541,AITraining,RegionD,RegionF,2370,142440,142589,149,93,150,2406
w2328_2400,rolling_shadow_price_exchange::lagrangian_balanced,20260801,46560,AITraining,RegionD,RegionE,2357,141840,142092,252,75,150,2406
w2328_2400,rolling_shadow_price_exchange::lagrangian_balanced,20260801,46561,AITraining,RegionD,RegionE,2339,140460,140785,325,37,150,2406
w2328_2400,rolling_shadow_price_exchange::lagrangian_balanced,20260801,46582,AITraining,RegionE,RegionE,2384,143040,143103,63,33,150,2406
w2328_2400,rolling_shadow_price_exchange::lagrangian_balanced,20260801,46633,BatchInference,RegionB,RegionB,2335,140100,140446,346,14,80,2406
w2328_2400,rolling_shadow_price_exchange::lagrangian_balanced,20260801,46688,AITraining,RegionE,RegionE,2378,142680,142708,28,50,150,2406
w2328_2400,rolling_shadow_price_exchange::lagrangian_balanced,20260801,46780,BatchInference,RegionD,RegionE,2345,140700,141076,376,6,80,2406
w2328_2400,rolling_shadow_price_exchange::lagrangian_balanced,20260801,46818,BatchInference,RegionC,RegionC,2397,143820,143990,170,16,80,2406
w2328_2400,rolling_shadow_price_exchange::lagrangian_balanced,20260801,46823,AITraining,RegionD,RegionD,2398,144000,144179,179,109,150,2406
w2328_2400,rolling_shadow_price_exchange::lagrangian_balanced,20260801,46829,BatchInference,RegionB,RegionC,2372,142320,142435,115,16,80,2406
w2328_2400,rolling_shadow_price_exchange::lagrangian_balanced,20260801,46870,BatchInference,RegionC,RegionC,2355,141300,141563,263,12,80,2406
w2328_2400,rolling_shadow_price_exchange::lagrangian_balanced,20260801,46875,BatchInference,RegionB,RegionB,2385,143100,143470,370,18,80,2406
w2328_2400,rolling_shadow_price_exchange::lagrangian_balanced,20260801,46876,RealTimeInference,RegionB,RegionB,2380,142800,142971,171,3,20,2383
w2328_2400,rolling_shadow_price_exchange::lagrangian_balanced,20260801,46942,BatchInference,RegionC,RegionC,2399,143940,144282,342,11,80,2406
w2328_2400,rolling_shadow_price_exchange::lagrangian_balanced,20260801,46955,BatchInference,RegionC,RegionC,2337,140220,140435,215,8,80,2406
w2328_2400,rolling_shadow_price_exchange::lagrangian_balanced,20260801,46987,RealTimeInference,RegionA,RegionA,2369,142140,142436,296,6,20,2374
w2328_2400,rolling_shadow_price_exchange::lagrangian_balanced,20260801,47008,AITraining,RegionD,RegionE,2345,140700,140781,81,29,150,2406
w2328_2400,rolling_shadow_price_exchange::lagrangian_balanced,20260801,47013,AITraining,RegionD,RegionE,2389,143340,143350,10,67,150,2406
w2328_2400,rolling_shadow_price_exchange::lagrangian_balanced,20260801,47042,BatchInference,RegionD,RegionF,2339,140340,140625,285,21,80,2406
w2328_2400,rolling_shadow_price_exchange::lagrangian_balanced,20260801,47056,RealTimeInference,RegionC,RegionC,2333,139980,140238,258,2,20,2338
w2328_2400,rolling_shadow_price_exchange::lagrangian_balanced,20260801,47090,AITraining,RegionF,RegionF,2392,144047,144360,313,98,150,2406
w2328_2400,rolling_shadow_price_exchange::lagrangian_balanced,20260801,47126,RealTimeInference,RegionB,RegionB,2351,141060,141322,262,2,20,2356
w2328_2400,rolling_shadow_price_exchange::lagrangian_balanced,20260801,47157,BatchInference,RegionB,RegionB,2357,141420,141778,358,16,80,2406
w2328_2400,rolling_shadow_price_exchange::lagrangian_balanced,20260801,47234,RealTimeInference,RegionE,RegionE,2367,142020,142261,241,7,20,2372
w2328_2400,rolling_shadow_price_exchange::lagrangian_balanced,20260801,47260,RealTimeInference,RegionD,RegionD,2395,143700,143909,209,3,20,2399
w2328_2400,rolling_shadow_price_exchange::lagrangian_balanced,20260801,47274,AITraining,RegionA,RegionB,2374,142560,142854,294,35,150,2406
w2328_2400,rolling_shadow_price_exchange::lagrangian_balanced,20260801,47340,BatchInference,RegionA,RegionB,2358,141540,141889,349,17,80,2406
w2328_2400,rolling_shadow_price_exchange::lagrangian_balanced,20260801,47358,AITraining,RegionF,RegionF,2336,140160,140500,340,32,150,2406
w2328_2400,rolling_shadow_price_exchange::lagrangian_balanced,20260801,47379,RealTimeInference,RegionA,RegionA,2341,140460,140660,200,6,20,2345
w2328_2400,rolling_shadow_price_exchange::lagrangian_balanced,20260801,47419,AITraining,RegionC,RegionC,2382,142920,143055,135,67,150,2406
w2328_2400,rolling_shadow_price_exchange::lagrangian_balanced,20260801,47435,AITraining,RegionE,RegionE,2397,143880,144271,391,28,150,2406
w2328_2400,rolling_shadow_price_exchange::lagrangian_balanced,20260801,47456,AITraining,RegionF,RegionF,2352,141120,141246,126,127,150,2406
w2328_2400,rolling_shadow_price_exchange::lagrangian_balanced,20260801,47478,AITraining,RegionC,RegionC,2349,141000,141145,145,27,150,2406
w2328_2400,rolling_shadow_price_exchange::lagrangian_balanced,20260801,47509,AITraining,RegionF,RegionE,2381,143220,143378,158,71,150,2406
w2328_2400,rolling_shadow_price_exchange::lagrangian_balanced,20260801,47519,RealTimeInference,RegionB,RegionB,2362,141720,142030,310,6,20,2368
w2328_2400,rolling_shadow_price_exchange::lagrangian_balanced,20260801,47612,RealTimeInference,RegionB,RegionB,2336,140160,140423,263,4,20,2341
w2328_2400,rolling_shadow_price_exchange::lagrangian_balanced,20260801,47613,BatchInference,RegionD,RegionF,2380,142800,143120,320,22,80,2406
w2328_2400,rolling_shadow_price_exchange::lagrangian_balanced,20260801,47663,AITraining,RegionD,RegionF,2356,141480,141503,23,53,150,2406
w2328_2400,rolling_shadow_price_exchange::lagrangian_balanced,20260801,47666,AITraining,RegionF,RegionF,2370,142200,142456,256,24,150,2406
w2328_2400,rolling_shadow_price_exchange::lagrangian_balanced,20260801,47685,AITraining,RegionE,RegionE,2350,141060,141451,391,122,150,2406
w2328_2400,rolling_shadow_price_exchange::lagrangian_balanced,20260801,47716,BatchInference,RegionC,RegionC,2336,140160,140448,288,13,80,2406
w2328_2400,rolling_shadow_price_exchange::lagrangian_balanced,20260801,47787,BatchInference,RegionB,RegionC,2392,143520,143713,193,8,80,2406
w2328_2400,rolling_shadow_price_exchange::lagrangian_balanced,20260801,47790,BatchInference,RegionD,RegionF,2343,140580,140846,266,23,80,2406
w2328_2400,rolling_shadow_price_exchange::lagrangian_balanced,20260801,47838,AITraining,RegionA,RegionB,2337,140400,140545,145,123,150,2406
w2328_2400,rolling_shadow_price_exchange::lagrangian_balanced,20260801,47870,BatchInference,RegionF,RegionF,2346,140760,140807,47,8,80,2406
w2328_2400,rolling_shadow_price_exchange::lagrangian_balanced,20260801,47876,AITraining,RegionF,RegionF,2367,142020,142207,187,69,150,2406
w2328_2400,rolling_shadow_price_exchange::lagrangian_balanced,20260801,47899,BatchInference,RegionB,RegionB,2331,139860,140213,353,5,80,2406
w2328_2400,rolling_shadow_price_exchange::lagrangian_balanced,20260801,47967,BatchInference,RegionD,RegionF,2390,143400,143591,191,20,80,2406
w2328_2400,rolling_shadow_price_exchange::lagrangian_balanced,20260801,47989,RealTimeInference,RegionA,RegionA,2328,139680,139903,223,5,20,2332
w2328_2400,rolling_shadow_price_exchange::lagrangian_balanced,20260801,47992,RealTimeInference,RegionB,RegionB,2374,142440,142507,67,3,20,2376
w2328_2400,rolling_shadow_price_exchange::lagrangian_balanced,20260801,47993,RealTimeInference,RegionC,RegionC,2377,142620,142708,88,4,20,2379
w2328_2400,rolling_shadow_price_exchange::lagrangian_balanced,20260801,47997,RealTimeInference,RegionA,RegionA,2384,143040,143284,244,6,20,2389
w2328_2400,rolling_shadow_price_exchange::lagrangian_balanced,20260801,48004,RealTimeInference,RegionA,RegionA,2389,143340,143390,50,6,20,2390
w2328_2400,rolling_shadow_price_exchange::lagrangian_balanced,20260801,48007,RealTimeInference,RegionC,RegionC,2386,143160,143416,256,2,20,2391
w2328_2400,rolling_shadow_price_exchange::lagrangian_balanced,20260801,48029,BatchInference,RegionA,RegionC,2345,140700,140964,264,22,80,2406
w2328_2400,rolling_shadow_price_exchange::lagrangian_balanced,20260801,48033,BatchInference,RegionE,RegionE,2360,141600,141952,352,14,80,2406
w2328_2400,rolling_shadow_price_exchange::lagrangian_balanced,20260801,48103,BatchInference,RegionC,RegionC,2330,139800,139981,181,14,80,2406
w2328_2400,rolling_shadow_price_exchange::lagrangian_balanced,20260801,48104,AITraining,RegionE,RegionE,2330,139800,139936,136,29,150,2406
w2328_2400,rolling_shadow_price_exchange::lagrangian_balanced,20260801,48105,BatchInference,RegionD,RegionF,2341,140460,140783,323,6,80,2406
w2328_2400,rolling_shadow_price_exchange::lagrangian_balanced,20260801,48112,RealTimeInference,RegionC,RegionC,2359,141540,141600,60,1,20,2360
w2328_2400,rolling_shadow_price_exchange::lagrangian_balanced,20260801,48150,RealTimeInference,RegionB,RegionB,2374,142440,142616,176,6,20,2377
w2328_2400,rolling_shadow_price_exchange::lagrangian_balanced,20260801,48152,RealTimeInference,RegionC,RegionC,2356,141360,141451,91,7,20,2358
w2328_2400,rolling_shadow_price_exchange::lagrangian_balanced,20260801,48190,RealTimeInference,RegionC,RegionC,2368,142080,142142,62,6,20,2370
w2328_2400,rolling_shadow_price_exchange::lagrangian_balanced,20260801,48278,BatchInference,RegionA,RegionB,2364,141840,142143,303,7,80,2406
w2328_2400,rolling_shadow_price_exchange::lagrangian_balanced,20260801,48311,RealTimeInference,RegionA,RegionA,2359,141540,141859,319,1,20,2365
w2328_2400,rolling_shadow_price_exchange::lagrangian_balanced,20260801,48326,RealTimeInference,RegionB,RegionB,2372,142320,142346,26,1,20,2373
w2328_2400,rolling_shadow_price_exchange::lagrangian_balanced,20260801,48396,RealTimeInference,RegionA,RegionA,2386,143160,143321,161,2,20,2389
w2328_2400,rolling_shadow_price_exchange::lagrangian_balanced,20260801,48434,RealTimeInference,RegionC,RegionC,2331,139860,140071,211,1,20,2335
w2328_2400,rolling_shadow_price_exchange::lagrangian_balanced,20260801,48461,BatchInference,RegionA,RegionA,2339,140340,140378,38,4,80,2406
w2328_2400,rolling_shadow_price_exchange::lagrangian_balanced,20260801,48528,AITraining,RegionD,RegionF,2398,143880,143971,91,36,150,2406
w2328_2400,rolling_shadow_price_exchange::lagrangian_balanced,20260801,48579,AITraining,RegionF,RegionF,2399,143940,144090,150,119,150,2406
w2328_2400,rolling_shadow_price_exchange::lagrangian_balanced,20260801,48580,BatchInference,RegionA,RegionC,2335,140100,140387,287,5,80,2406
w2328_2400,rolling_shadow_price_exchange::lagrangian_balanced,20260801,48583,AITraining,RegionE,RegionE,2336,140160,140309,149,124,150,2406
w2328_2400,rolling_shadow_price_exchange::lagrangian_balanced,20260801,48614,RealTimeInference,RegionA,RegionA,2335,140100,140114,14,2,20,2336
w2328_2400,rolling_shadow_price_exchange::lagrangian_balanced,20260801,48651,BatchInference,RegionF,RegionE,2393,143580,143654,74,14,80,2406
w2328_2400,rolling_shadow_price_exchange::lagrangian_balanced,20260801,48695,BatchInference,RegionD,RegionD,2362,141720,141748,28,19,80,2406
w2328_2400,rolling_shadow_price_exchange::lagrangian_balanced,20260801,48734,RealTimeInference,RegionB,RegionB,2359,141540,141872,332,7,20,2365
w2328_2400,rolling_shadow_price_exchange::lagrangian_balanced,20260801,48795,AITraining,RegionF,RegionE,2342,141180,141514,334,117,150,2406
w2328_2400,rolling_shadow_price_exchange::lagrangian_balanced,20260801,48810,RealTimeInference,RegionA,RegionA,2357,141420,141662,242,3,20,2362
w2328_2400,rolling_shadow_price_exchange::lagrangian_balanced,20260801,48837,AITraining,RegionD,RegionF,2396,143760,143991,231,23,150,2406
w2328_2400,rolling_shadow_price_exchange::lagrangian_balanced,20260801,48925,BatchInference,RegionD,RegionD,2364,141840,142127,287,10,80,2406
w2328_2400,rolling_shadow_price_exchange::lagrangian_balanced,20260801,48929,AITraining,RegionD,RegionF,2367,142020,142204,184,21,150,2406
w2328_2400,rolling_shadow_price_exchange::lagrangian_balanced,20260801,49003,BatchInference,RegionD,RegionF,2347,140820,141105,285,20,80,2406
w2328_2400,rolling_shadow_price_exchange::lagrangian_balanced,20260801,49037,AITraining,RegionF,RegionF,2357,141420,141511,91,25,150,2406
w2328_2400,rolling_shadow_price_exchange::lagrangian_balanced,20260801,49049,RealTimeInference,RegionB,RegionB,2377,142620,142718,98,3,20,2379
w2328_2400,rolling_shadow_price_exchange::lagrangian_balanced,20260801,49133,BatchInference,RegionC,RegionC,2375,142500,142615,115,4,80,2406
w2328_2400,rolling_shadow_price_exchange::lagrangian_balanced,20260801,49201,BatchInference,RegionE,RegionE,2333,139980,140259,279,20,80,2406
w2328_2400,rolling_shadow_price_exchange::lagrangian_balanced,20260801,49227,RealTimeInference,RegionC,RegionC,2396,143760,144075,315,3,20,2402
w2328_2400,rolling_shadow_price_exchange::lagrangian_balanced,20260801,49336,BatchInference,RegionB,RegionB,2382,142920,143245,325,8,80,2406
w2328_2400,rolling_shadow_price_exchange::lagrangian_balanced,20260801,49345,AITraining,RegionF,RegionE,2371,142260,142349,89,69,150,2406
w2328_2400,rolling_shadow_price_exchange::lagrangian_balanced,20260801,49348,RealTimeInference,RegionA,RegionA,2365,141900,142276,376,5,20,2372
w2328_2400,rolling_shadow_price_exchange::lagrangian_balanced,20260801,49354,BatchInference,RegionA,RegionB,2355,141300,141377,77,19,80,2406
w2328_2400,rolling_shadow_price_exchange::lagrangian_balanced,20260801,49362,BatchInference,RegionB,RegionB,2365,141900,142051,151,9,80,2406
w2328_2400,rolling_shadow_price_exchange::lagrangian_balanced,20260801,49426,BatchInference,RegionA,RegionC,2337,140220,140364,144,13,80,2406
w2328_2400,rolling_shadow_price_exchange::lagrangian_balanced,20260801,49462,BatchInference,RegionD,RegionD,2356,141360,141421,61,15,80,2406
w2328_2400,rolling_shadow_price_exchange::lagrangian_balanced,20260801,49525,BatchInference,RegionB,RegionB,2399,143940,144127,187,16,80,2406
w2328_2400,rolling_shadow_price_exchange::lagrangian_balanced,20260801,49530,RealTimeInference,RegionF,RegionF,2362,141720,141879,159,6,20,2365
w2328_2400,rolling_shadow_price_exchange::lagrangian_balanced,20260801,49550,AITraining,RegionA,RegionB,2397,144000,144120,120,120,150,2406
w2328_2400,rolling_shadow_price_exchange::lagrangian_balanced,20260801,49575,AITraining,RegionF,RegionF,2397,143820,144013,193,27,150,2406
w2328_2400,rolling_shadow_price_exchange::lagrangian_balanced,20260801,49609,AITraining,RegionA,RegionC,2397,143880,143950,70,38,150,2406
w2328_2400,rolling_shadow_price_exchange::lagrangian_balanced,20260801,49617,RealTimeInference,RegionA,RegionA,2395,143700,143956,256,3,20,2400
w2328_2400,rolling_shadow_price_exchange::lagrangian_balanced,20260801,49640,AITraining,RegionE,RegionE,2395,143760,144003,243,54,150,2406
w2328_2400,rolling_shadow_price_exchange::lagrangian_balanced,20260801,49654,BatchInference,RegionE,RegionE,2339,140340,140593,253,18,80,2406
w2328_2400,rolling_shadow_price_exchange::lagrangian_balanced,20260801,49666,RealTimeInference,RegionC,RegionC,2373,142380,142708,328,2,20,2379
w2328_2400,rolling_shadow_price_exchange::lagrangian_balanced,20260801,49684,RealTimeInference,RegionB,RegionB,2391,143460,143565,105,1,20,2393
w2328_2400,rolling_shadow_price_exchange::lagrangian_balanced,20260801,49703,BatchInference,RegionB,RegionC,2344,140640,140788,148,13,80,2406
w2328_2400,rolling_shadow_price_exchange::lagrangian_balanced,20260801,49733,AITraining,RegionF,RegionF,2369,142140,142495,355,79,150,2406
w2328_2400,rolling_shadow_price_exchange::lagrangian_balanced,20260801,49734,BatchInference,RegionA,RegionC,2349,141000,141166,166,22,80,2406
w2328_2400,rolling_shadow_price_exchange::lagrangian_balanced,20260801,49755,AITraining,RegionD,RegionE,2336,140460,140839,379,45,150,2406
w2328_2400,rolling_shadow_price_exchange::lagrangian_balanced,20260801,49763,RealTimeInference,RegionB,RegionB,2374,142440,142693,253,2,20,2379
w2328_2400,rolling_shadow_price_exchange::lagrangian_balanced,20260801,49895,BatchInference,RegionD,RegionE,2368,142080,142451,371,12,80,2406
w2328_2400,rolling_shadow_price_exchange::lagrangian_balanced,20260801,49940,RealTimeInference,RegionB,RegionB,2376,142560,142653,93,6,20,2378
w2328_2400,rolling_shadow_price_exchange::lagrangian_balanced,20260801,49968,AITraining,RegionE,RegionE,2384,143100,143332,232,120,150,2406
w2328_2400,rolling_shadow_price_exchange::lagrangian_balanced,20260801,49995,AITraining,RegionF,RegionE,2328,139980,140353,373,67,150,2406
