Hour,Region,ElectricityPrice_CNY_per_MWh,SellPrice_CNY_per_MWh,CarbonIntensity_tCO2_per_MWh,Total_Load_MW,AvailableRenewable_MW,ChargePower_MW,DischargePower_MW,SOC_MWh,RenewableToLoad_MW,RenewableCharge_MW,GridCharge_MW,GridLoadPurchase_MW,GridPurchase_MW,GridSell_MW,Curtailment_MW,NetGridImport_MW,GridEnergyForCost_MW,ChargeMode,GridImportMode,Scenario,CoordinationIteration
0,RegionA,468.0000000000,0.0000000000,0.6679000000,499.1490004500,540.1900000000,0.0000000000,100.0000000000,48.8043478261,399.1490004500,-0.0000000000,0.0000000000,0.0000000000,0.0000000000,0.0000000000,141.0409995500,0.0000000000,0.0000000000,0,1,observed,5
1,RegionA,468.3100000000,0.0000000000,0.6703000000,535.4235000000,587.8700000000,52.4465000000,-0.0000000000,97.5795928261,535.4235000000,52.4465000000,0.0000000000,0.0000000000,0.0000000000,0.0000000000,0.0000000000,0.0000000000,0.0000000000,1,1,observed,5
2,RegionA,468.6100000000,0.0000000000,0.6693000000,544.3200000000,650.0000000000,100.0000000000,-0.0000000000,190.5795928261,544.3200000000,100.0000000000,0.0000000000,0.0000000000,0.0000000000,0.0000000000,5.6800000000,0.0000000000,0.0000000000,1,1,observed,5
3,RegionA,468.9100000000,0.0000000000,0.6650000000,544.3200000000,722.3500000000,0.0000000000,100.0000000000,81.8839406522,444.3200000000,-0.0000000000,0.0000000000,0.0000000000,0.0000000000,0.0000000000,278.0300000000,0.0000000000,0.0000000000,0,1,observed,5
4,RegionA,469.2200000000,0.0000000000,0.6578000000,544.3199995500,800.0000000000,100.0000000000,-0.0000000000,174.8839406522,544.3199995500,100.0000000000,0.0000000000,0.0000000000,0.0000000000,0.0000000000,155.6800004500,0.0000000000,0.0000000000,1,1,observed,5
5,RegionA,469.5200000000,0.0000000000,0.6483000000,544.3200000000,877.6500000000,0.0000000000,100.0000000000,66.1882884783,444.3200000000,-0.0000000000,0.0000000000,0.0000000000,0.0000000000,0.0000000000,433.3300000000,0.0000000000,0.0000000000,0,1,observed,5
6,RegionA,469.8200000000,0.0000000000,0.6370000000,544.3200004500,950.0000000000,100.0000000000,-0.0000000000,159.1882884783,544.3200004500,100.0000000000,0.0000000000,0.0000000000,0.0000000000,0.0000000000,305.6799995500,0.0000000000,0.0000000000,1,1,observed,5
7,RegionA,723.2600000000,0.0000000000,0.6248000000,544.3200004500,1012.1300000000,0.0000000000,100.0000000000,50.4926363043,444.3200004500,-0.0000000000,0.0000000000,0.0000000000,0.0000000000,0.0000000000,567.8099995500,0.0000000000,0.0000000000,0,1,observed,5
8,RegionA,723.7100000000,0.0000000000,0.6126000000,544.3200000000,1059.8100000000,100.0000000000,-0.0000000000,143.4926363043,544.3200000000,100.0000000000,0.0000000000,0.0000000000,0.0000000000,0.0000000000,415.4900000000,0.0000000000,0.0000000000,1,1,observed,5
9,RegionA,724.1600000000,0.0000000000,0.6013000000,544.3199995500,1089.7800000000,0.0000000000,99.8132254000,35.0000000000,444.5067741500,-0.0000000000,0.0000000000,0.0000000000,0.0000000000,0.0000000000,645.2732258500,0.0000000000,0.0000000000,0,1,observed,5
10,RegionA,724.6100000000,0.0000000000,0.5917000000,531.7110004500,1100.0000000000,100.0000000000,-0.0000000000,128.0000000000,531.7110004500,100.0000000000,0.0000000000,0.0000000000,0.0000000000,0.0000000000,468.2889995500,0.0000000000,0.0000000000,1,1,observed,5
11,RegionA,725.0400000000,0.0000000000,0.5845000000,506.1015000000,1089.7800000000,100.0000000000,-0.0000000000,221.0000000000,506.1015000000,100.0000000000,0.0000000000,0.0000000000,0.0000000000,0.0000000000,483.6785000000,0.0000000000,0.0000000000,1,1,observed,5
12,RegionA,725.4800000000,0.0000000000,0.5802000000,466.4789995500,1059.8100000000,100.0000000000,-0.0000000000,314.0000000000,466.4789995500,100.0000000000,0.0000000000,0.0000000000,0.0000000000,0.0000000000,493.3310004500,0.0000000000,0.0000000000,1,1,observed,5
13,RegionA,725.9000000000,0.0000000000,0.5791000000,443.6667000000,1012.1300000000,0.0000000000,100.0000000000,205.3043478261,343.6667000000,-0.0000000000,0.0000000000,0.0000000000,0.0000000000,0.0000000000,668.4633000000,0.0000000000,0.0000000000,0,1,observed,5
14,RegionA,726.3200000000,0.0000000000,0.5814000000,423.0872995500,950.0000000000,100.0000000000,-0.0000000000,298.3043478261,423.0872995500,100.0000000000,0.0000000000,0.0000000000,0.0000000000,0.0000000000,426.9127004500,0.0000000000,0.0000000000,1,1,observed,5
15,RegionA,726.7400000000,0.0000000000,0.5869000000,379.0665000000,877.6500000000,0.0000000000,100.0000000000,189.6086956522,279.0665000000,-0.0000000000,0.0000000000,0.0000000000,0.0000000000,0.0000000000,598.5835000000,0.0000000000,0.0000000000,0,1,observed,5
16,RegionA,727.1400000000,0.0000000000,0.5954000000,334.0439995500,800.0000000000,0.0000000000,100.0000000000,80.9130434783,234.0439995500,-0.0000000000,0.0000000000,0.0000000000,0.0000000000,0.0000000000,565.9560004500,0.0000000000,0.0000000000,0,1,observed,5
17,RegionA,1054.9200000000,0.0000000000,0.6062000000,316.9124995500,722.3500000000,100.0000000000,-0.0000000000,173.9130434783,316.9124995500,100.0000000000,0.0000000000,0.0000000000,0.0000000000,0.0000000000,305.4375004500,0.0000000000,0.0000000000,1,1,observed,5
18,RegionA,1055.4900000000,0.0000000000,0.6188000000,299.4434995500,650.0000000000,0.0000000000,71.7800000000,95.8913043478,227.6634995500,-0.0000000000,0.0000000000,0.0000000000,0.0000000000,0.0000000000,422.3365004500,0.0000000000,0.0000000000,0,1,observed,5
19,RegionA,1056.0300000000,0.0000000000,0.6321000000,386.4914995500,587.8700000000,100.0000000000,-0.0000000000,188.8913043478,386.4914995500,100.0000000000,0.0000000000,0.0000000000,0.0000000000,0.0000000000,101.3785004500,0.0000000000,0.0000000000,1,1,observed,5
20,RegionA,1056.5600000000,0.0000000000,0.6455000000,330.8849995500,540.1900000000,0.0000000000,100.0000000000,80.1956521739,230.8849995500,-0.0000000000,0.0000000000,0.0000000000,0.0000000000,0.0000000000,309.3050004500,0.0000000000,0.0000000000,0,1,observed,5
21,RegionA,1057.0800000000,0.0000000000,0.6580000000,376.1235000000,510.2200000000,100.0000000000,-0.0000000000,173.1956521739,376.1235000000,100.0000000000,0.0000000000,0.0000000000,0.0000000000,0.0000000000,34.0965000000,0.0000000000,0.0000000000,1,1,observed,5
22,RegionA,656.4300000000,0.0000000000,0.6687000000,388.0034995500,500.0000000000,0.0000000000,100.0000000000,64.5000000000,288.0034995500,-0.0000000000,0.0000000000,0.0000000000,0.0000000000,0.0000000000,211.9965004500,0.0000000000,0.0000000000,0,1,observed,5
23,RegionA,656.7300000000,0.0000000000,0.6771000000,408.9284995500,510.2200000000,100.0000000000,-0.0000000000,157.5000000000,408.9284995500,100.0000000000,0.0000000000,0.0000000000,0.0000000000,0.0000000000,1.2915004500,0.0000000000,0.0000000000,1,1,observed,5
0,RegionB,448.5000000000,0.0000000000,0.6248000000,458.7435004500,540.1900000000,55.9513791491,-0.0000000000,196.0347826087,458.7435004500,55.9513791491,0.0000000000,0.0000000000,0.0000000000,0.0000000000,25.4951204009,0.0000000000,0.0000000000,1,1,observed,5
1,RegionB,448.7900000000,0.0000000000,0.6271000000,527.3369995500,587.8700000000,0.0000000000,90.0000000000,98.2086956522,437.3369995500,0.0000000000,0.0000000000,0.0000000000,0.0000000000,0.0000000000,150.5330004500,0.0000000000,0.0000000000,0,1,observed,5
2,RegionB,449.0800000000,0.0000000000,0.6261000000,531.3599995500,650.0000000000,90.0000000000,-0.0000000000,181.9086956522,531.3599995500,90.0000000000,0.0000000000,0.0000000000,0.0000000000,0.0000000000,28.6400004500,0.0000000000,0.0000000000,1,1,observed,5
3,RegionB,449.3800000000,0.0000000000,0.6221000000,531.3600000000,722.3500000000,0.0000000000,90.0000000000,84.0826086957,441.3600000000,-0.0000000000,0.0000000000,0.0000000000,0.0000000000,0.0000000000,280.9900000000,0.0000000000,0.0000000000,0,1,observed,5
4,RegionB,449.6700000000,0.0000000000,0.6154000000,531.3600004500,800.0000000000,90.0000000000,-0.0000000000,167.7826086957,531.3600004500,90.0000000000,0.0000000000,0.0000000000,0.0000000000,0.0000000000,178.6399995500,0.0000000000,0.0000000000,1,1,observed,5
5,RegionB,449.9600000000,0.0000000000,0.6064000000,531.3599995500,877.6500000000,90.0000000000,-0.0000000000,251.4826086957,531.3599995500,90.0000000000,0.0000000000,0.0000000000,0.0000000000,0.0000000000,256.2900004500,0.0000000000,0.0000000000,1,1,observed,5
6,RegionB,450.2400000000,0.0000000000,0.5959000000,531.3600000000,950.0000000000,0.0000000000,90.0000000000,153.6565217391,441.3600000000,-0.0000000000,0.0000000000,0.0000000000,0.0000000000,0.0000000000,508.6400000000,0.0000000000,0.0000000000,0,1,observed,5
7,RegionB,693.1200000000,0.0000000000,0.5845000000,531.3599995500,1012.1300000000,90.0000000000,-0.0000000000,237.3565217391,531.3599995500,90.0000000000,0.0000000000,0.0000000000,0.0000000000,0.0000000000,390.7700004500,0.0000000000,0.0000000000,1,1,observed,5
8,RegionB,693.5600000000,0.0000000000,0.5731000000,531.3599995500,1059.8100000000,0.0000000000,90.0000000000,139.5304347826,441.3599995500,-0.0000000000,0.0000000000,0.0000000000,0.0000000000,0.0000000000,618.4500004500,0.0000000000,0.0000000000,0,1,observed,5
9,RegionB,693.9900000000,0.0000000000,0.5625000000,531.3600000000,1089.7800000000,90.0000000000,-0.0000000000,223.2304347826,531.3600000000,90.0000000000,0.0000000000,0.0000000000,0.0000000000,0.0000000000,468.4200000000,0.0000000000,0.0000000000,1,1,observed,5
10,RegionB,694.4100000000,0.0000000000,0.5535000000,531.3600000000,1100.0000000000,90.0000000000,-0.0000000000,306.9304347826,531.3600000000,90.0000000000,0.0000000000,0.0000000000,0.0000000000,0.0000000000,478.6400000000,0.0000000000,0.0000000000,1,1,observed,5
11,RegionB,694.8300000000,0.0000000000,0.5468000000,531.3599995500,1089.7800000000,0.0000000000,90.0000000000,209.1043478261,441.3599995500,-0.0000000000,0.0000000000,0.0000000000,0.0000000000,0.0000000000,648.4200004500,0.0000000000,0.0000000000,0,1,observed,5
12,RegionB,695.2500000000,0.0000000000,0.5427000000,482.3819995500,1059.8100000000,90.0000000000,-0.0000000000,292.8043478261,482.3819995500,90.0000000000,0.0000000000,0.0000000000,0.0000000000,0.0000000000,487.4280004500,0.0000000000,0.0000000000,1,1,observed,5
13,RegionB,695.6600000000,0.0000000000,0.5417000000,443.2360495500,1012.1300000000,0.0000000000,90.0000000000,194.9782608696,353.2360495500,-0.0000000000,0.0000000000,0.0000000000,0.0000000000,0.0000000000,658.8939504500,0.0000000000,0.0000000000,0,1,observed,5
14,RegionB,696.0600000000,0.0000000000,0.5439000000,422.4338995500,950.0000000000,0.0000000000,90.0000000000,97.1521739130,332.4338995500,-0.0000000000,0.0000000000,0.0000000000,0.0000000000,0.0000000000,617.5661004500,0.0000000000,0.0000000000,0,1,observed,5
15,RegionB,696.4500000000,0.0000000000,0.5491000000,377.5004995500,877.6500000000,90.0000000000,-0.0000000000,180.8521739130,377.5004995500,90.0000000000,0.0000000000,0.0000000000,0.0000000000,0.0000000000,410.1495004500,0.0000000000,0.0000000000,1,1,observed,5
16,RegionB,696.8400000000,0.0000000000,0.5570000000,341.6593500000,800.0000000000,0.0000000000,90.0000000000,83.0260869565,251.6593500000,-0.0000000000,0.0000000000,0.0000000000,0.0000000000,0.0000000000,548.3406500000,0.0000000000,0.0000000000,0,1,observed,5
17,RegionB,1010.9700000000,0.0000000000,0.5671000000,344.7360004500,722.3500000000,90.0000000000,-0.0000000000,166.7260869565,344.7360004500,90.0000000000,0.0000000000,0.0000000000,0.0000000000,0.0000000000,287.6139995500,0.0000000000,0.0000000000,1,1,observed,5
18,RegionB,1011.5100000000,0.0000000000,0.5788000000,291.1005004500,650.0000000000,0.0000000000,90.0000000000,68.9000000000,201.1005004500,-0.0000000000,0.0000000000,0.0000000000,0.0000000000,0.0000000000,448.8994995500,0.0000000000,0.0000000000,0,1,observed,5
19,RegionB,1012.0300000000,0.0000000000,0.5913000000,336.9734995500,587.8700000000,90.0000000000,-0.0000000000,152.6000000000,336.9734995500,90.0000000000,0.0000000000,0.0000000000,0.0000000000,0.0000000000,160.8965004500,0.0000000000,0.0000000000,1,1,observed,5
20,RegionB,1012.5400000000,0.0000000000,0.6038000000,356.0760000000,540.1900000000,90.0000000000,-0.0000000000,236.3000000000,356.0760000000,90.0000000000,0.0000000000,0.0000000000,0.0000000000,0.0000000000,94.1140000000,0.0000000000,0.0000000000,1,1,observed,5
21,RegionB,1013.0400000000,0.0000000000,0.6155000000,375.3270000000,510.2200000000,90.0000000000,-0.0000000000,320.0000000000,375.3270000000,90.0000000000,0.0000000000,0.0000000000,0.0000000000,0.0000000000,44.8930000000,0.0000000000,0.0000000000,1,1,observed,5
22,RegionB,629.0800000000,0.0000000000,0.6256000000,423.6299995500,500.0000000000,0.0000000000,90.0000000000,222.1739130435,333.6299995500,-0.0000000000,0.0000000000,0.0000000000,0.0000000000,0.0000000000,166.3700004500,0.0000000000,0.0000000000,0,1,observed,5
23,RegionB,629.3700000000,0.0000000000,0.6334000000,444.7440004500,510.2200000000,0.0000000000,71.9200000000,144.0000000000,372.8240004500,-0.0000000000,0.0000000000,0.0000000000,0.0000000000,0.0000000000,137.3959995500,0.0000000000,0.0000000000,0,1,observed,5
0,RegionC,435.5000000000,0.0000000000,0.5925000000,468.1097995400,540.1900000000,72.0802004600,0.0000000000,202.0345864278,468.1097995400,72.0802004600,0.0000000000,0.0000000000,0.0000000000,0.0000000000,0.0000000000,0.0000000000,0.0000000000,1,1,observed,5
1,RegionC,435.7800000000,0.0000000000,0.5946000000,536.5440000000,587.8700000000,0.0000000000,85.0000000000,109.6432820800,451.5440000000,0.0000000000,0.0000000000,0.0000000000,0.0000000000,0.0000000000,136.3260000000,0.0000000000,0.0000000000,0,1,observed,5
2,RegionC,436.0700000000,0.0000000000,0.5937000000,536.5440000000,650.0000000000,85.0000000000,0.0000000000,188.6932820800,536.5440000000,85.0000000000,0.0000000000,0.0000000000,0.0000000000,0.0000000000,28.4560000000,0.0000000000,0.0000000000,1,1,observed,5
3,RegionC,436.3500000000,0.0000000000,0.5900000000,536.5440000000,722.3500000000,0.0000000000,85.0000000000,96.3019777321,451.5440000000,-0.0000000000,0.0000000000,0.0000000000,0.0000000000,0.0000000000,270.8060000000,0.0000000000,0.0000000000,0,1,observed,5
4,RegionC,436.6300000000,0.0000000000,0.5836000000,536.5440000000,800.0000000000,85.0000000000,0.0000000000,175.3519777321,536.5440000000,85.0000000000,0.0000000000,0.0000000000,0.0000000000,0.0000000000,178.4560000000,0.0000000000,0.0000000000,1,1,observed,5
5,RegionC,436.9100000000,0.0000000000,0.5751000000,536.5439995400,877.6500000000,85.0000000000,0.0000000000,254.4019777321,536.5439995400,85.0000000000,0.0000000000,0.0000000000,0.0000000000,0.0000000000,256.1060004600,0.0000000000,0.0000000000,1,1,observed,5
6,RegionC,437.1900000000,0.0000000000,0.5651000000,536.5440000000,950.0000000000,0.0000000000,85.0000000000,162.0106733843,451.5440000000,-0.0000000000,0.0000000000,0.0000000000,0.0000000000,0.0000000000,498.4560000000,0.0000000000,0.0000000000,0,1,observed,5
7,RegionC,673.0300000000,0.0000000000,0.5543000000,536.5439995400,1012.1300000000,0.0000000000,85.0000000000,69.6193690365,451.5439995400,-0.0000000000,0.0000000000,0.0000000000,0.0000000000,0.0000000000,560.5860004600,0.0000000000,0.0000000000,0,1,observed,5
8,RegionC,673.4500000000,0.0000000000,0.5435000000,536.5440004600,1059.8100000000,85.0000000000,0.0000000000,148.6693690365,536.5440004600,85.0000000000,0.0000000000,0.0000000000,0.0000000000,0.0000000000,438.2659995400,0.0000000000,0.0000000000,1,1,observed,5
9,RegionC,673.8700000000,0.0000000000,0.5334000000,536.5440004600,1089.7800000000,85.0000000000,0.0000000000,227.7193690365,536.5440004600,85.0000000000,0.0000000000,0.0000000000,0.0000000000,0.0000000000,468.2359995400,0.0000000000,0.0000000000,1,1,observed,5
10,RegionC,674.2900000000,0.0000000000,0.5249000000,536.5440004600,1100.0000000000,0.0000000000,85.0000000000,135.3280646887,451.5440004600,-0.0000000000,0.0000000000,0.0000000000,0.0000000000,0.0000000000,648.4559995400,0.0000000000,0.0000000000,0,1,observed,5
11,RegionC,674.6900000000,0.0000000000,0.5185000000,527.8500000000,1089.7800000000,85.0000000000,0.0000000000,214.3780646887,527.8500000000,85.0000000000,0.0000000000,0.0000000000,0.0000000000,0.0000000000,476.9300000000,0.0000000000,0.0000000000,1,1,observed,5
12,RegionC,675.1000000000,0.0000000000,0.5147000000,474.4163995400,1059.8100000000,0.0000000000,85.0000000000,121.9867603408,389.4163995400,0.0000000000,0.0000000000,0.0000000000,0.0000000000,0.0000000000,670.3936004600,0.0000000000,0.0000000000,0,1,observed,5
13,RegionC,675.4900000000,0.0000000000,0.5137000000,464.8116004600,1012.1300000000,85.0000000000,0.0000000000,201.0367603408,464.8116004600,85.0000000000,0.0000000000,0.0000000000,0.0000000000,0.0000000000,462.3183995400,0.0000000000,0.0000000000,1,1,observed,5
14,RegionC,675.8800000000,0.0000000000,0.5157000000,429.9031200000,950.0000000000,0.0000000000,85.0000000000,108.6454559930,344.9031200000,0.0000000000,0.0000000000,0.0000000000,0.0000000000,0.0000000000,605.0968800000,0.0000000000,0.0000000000,0,1,observed,5
15,RegionC,676.2700000000,0.0000000000,0.5207000000,386.5642204600,877.6500000000,85.0000000000,0.0000000000,187.6954559930,386.5642204600,85.0000000000,0.0000000000,0.0000000000,0.0000000000,0.0000000000,406.0857795400,0.0000000000,0.0000000000,1,1,observed,5
16,RegionC,676.6400000000,0.0000000000,0.5282000000,342.1309804600,800.0000000000,85.0000000000,0.0000000000,266.7454559930,342.1309804600,85.0000000000,0.0000000000,0.0000000000,0.0000000000,0.0000000000,372.8690195400,0.0000000000,0.0000000000,1,1,observed,5
17,RegionC,981.6700000000,0.0000000000,0.5378000000,368.8050000000,722.3500000000,0.0000000000,85.0000000000,174.3541516452,283.8050000000,0.0000000000,0.0000000000,0.0000000000,0.0000000000,0.0000000000,438.5450000000,0.0000000000,0.0000000000,0,1,observed,5
18,RegionC,982.1900000000,0.0000000000,0.5489000000,293.0016000000,650.0000000000,0.0000000000,85.0000000000,81.9628472974,208.0016000000,0.0000000000,0.0000000000,0.0000000000,0.0000000000,0.0000000000,441.9984000000,0.0000000000,0.0000000000,0,1,observed,5
19,RegionC,982.7000000000,0.0000000000,0.5608000000,312.7908000000,587.8700000000,85.0000000000,-0.0000000000,161.0128472974,312.7908000000,85.0000000000,0.0000000000,0.0000000000,0.0000000000,0.0000000000,190.0792000000,0.0000000000,0.0000000000,1,1,observed,5
20,RegionC,983.1900000000,0.0000000000,0.5726000000,349.6919995400,540.1900000000,0.0000000000,85.0000000000,68.6215429495,264.6919995400,0.0000000000,0.0000000000,0.0000000000,0.0000000000,0.0000000000,275.4980004600,0.0000000000,0.0000000000,0,1,observed,5
21,RegionC,983.6700000000,0.0000000000,0.5837000000,364.5959995400,510.2200000000,85.0000000000,0.0000000000,147.6715429495,364.5959995400,85.0000000000,0.0000000000,0.0000000000,0.0000000000,0.0000000000,60.6240004600,0.0000000000,0.0000000000,1,1,observed,5
22,RegionC,610.8500000000,0.0000000000,0.5932000000,400.5174004600,500.0000000000,85.0000000000,0.0000000000,226.7215429495,400.5174004600,85.0000000000,0.0000000000,0.0000000000,0.0000000000,0.0000000000,14.4825995400,0.0000000000,0.0000000000,1,1,observed,5
23,RegionC,611.1300000000,0.0000000000,0.6006000000,455.6622004600,510.2200000000,0.0000000000,84.3838195136,135.0000000000,371.2783809464,-0.0000000000,0.0000000000,0.0000000000,0.0000000000,0.0000000000,138.9416190536,0.0000000000,0.0000000000,0,1,observed,5
0,RegionD,279.5000000000,218.0100000000,0.4525000000,443.3408000000,540.1900000000,0.0000000000,83.1508000000,315.5905376344,360.1900000000,0.0000000000,0.0000000000,0.0000000000,0.0000000000,180.0000000000,0.0000000000,-180.0000000000,0.0000000000,0,0,observed,5
1,RegionD,279.6800000000,218.1500000000,0.4541000000,465.3568000000,587.8700000000,0.0000000000,153.5911995733,150.4387101362,311.7656004267,0.0000000000,0.0000000000,0.0000000000,0.0000000000,180.0000000000,96.1043995733,-180.0000000000,0.0000000000,0,0,observed,5
2,RegionD,279.8600000000,218.2900000000,0.4534000000,526.2080004267,650.0000000000,0.0000000000,56.2080004267,90.0000000000,470.0000000000,0.0000000000,0.0000000000,0.0000000000,0.0000000000,180.0000000000,0.0000000000,-180.0000000000,0.0000000000,0,0,observed,5
3,RegionD,280.0500000000,218.4400000000,0.4505000000,523.9167995733,722.3500000000,18.4332004267,-0.0000000000,107.3272084011,523.9167995733,18.4332004267,0.0000000000,0.0000000000,0.0000000000,180.0000000000,-0.0000000000,-180.0000000000,0.0000000000,1,0,observed,5
4,RegionD,280.2300000000,218.5800000000,0.4456000000,588.2112004267,800.0000000000,31.7887995733,0.0000000000,137.2086800000,588.2112004267,31.7887995733,0.0000000000,0.0000000000,0.0000000000,180.0000000000,0.0000000000,-180.0000000000,0.0000000000,1,0,observed,5
5,RegionD,280.4100000000,218.7200000000,0.4391000000,589.3631995733,877.6500000000,108.2868004267,-0.0000000000,238.9982724011,589.3631995733,108.2868004267,0.0000000000,0.0000000000,0.0000000000,180.0000000000,0.0000000000,-180.0000000000,0.0000000000,1,0,observed,5
6,RegionD,280.5900000000,218.8600000000,0.4315000000,587.3408000000,950.0000000000,182.6592000000,0.0000000000,410.6979204011,587.3408000000,182.6592000000,0.0000000000,0.0000000000,0.0000000000,180.0000000000,0.0000000000,-180.0000000000,0.0000000000,1,0,observed,5
7,RegionD,431.9500000000,336.9200000000,0.4233000000,607.4111995733,1012.1300000000,0.0000000000,260.0000000000,131.1280279280,347.4111995733,0.0000000000,0.0000000000,0.0000000000,0.0000000000,180.0000000000,484.7188004267,-180.0000000000,0.0000000000,0,0,observed,5
8,RegionD,432.2200000000,337.1300000000,0.4150000000,580.3135995733,1059.8100000000,260.0000000000,0.0000000000,375.5280279280,580.3135995733,260.0000000000,0.0000000000,0.0000000000,0.0000000000,180.0000000000,39.4964004267,-180.0000000000,0.0000000000,1,0,observed,5
9,RegionD,432.4800000000,337.3300000000,0.4074000000,548.3391995733,1089.7800000000,260.0000000000,0.0000000000,619.9280279280,548.3391995733,260.0000000000,0.0000000000,0.0000000000,0.0000000000,180.0000000000,101.4408004267,-180.0000000000,0.0000000000,1,0,observed,5
10,RegionD,432.7500000000,337.5500000000,0.4008000000,541.8367995733,1100.0000000000,0.0000000000,260.0000000000,340.3581354549,281.8367995733,-0.0000000000,0.0000000000,0.0000000000,0.0000000000,180.0000000000,638.1632004267,-180.0000000000,0.0000000000,0,0,observed,5
11,RegionD,433.0100000000,337.7500000000,0.3959000000,488.7296000000,1089.7800000000,0.0000000000,232.8330659730,90.0000000000,255.8965340270,0.0000000000,0.0000000000,0.0000000000,0.0000000000,180.0000000000,653.8834659730,-180.0000000000,0.0000000000,0,0,observed,5
12,RegionD,433.2700000000,337.9500000000,0.3930000000,452.1600000000,1059.8100000000,260.0000000000,-0.0000000000,334.4000000000,452.1600000000,260.0000000000,0.0000000000,0.0000000000,0.0000000000,180.0000000000,167.6500000000,-180.0000000000,0.0000000000,1,0,observed,5
13,RegionD,433.5300000000,338.1500000000,0.3923000000,453.5424000000,1012.1300000000,260.0000000000,0.0000000000,578.8000000000,453.5424000000,260.0000000000,0.0000000000,0.0000000000,0.0000000000,180.0000000000,118.5876000000,-180.0000000000,0.0000000000,1,0,observed,5
14,RegionD,433.7800000000,338.3500000000,0.3938000000,390.1311995733,950.0000000000,260.0000000000,0.0000000000,823.2000000000,390.1311995733,260.0000000000,0.0000000000,0.0000000000,0.0000000000,180.0000000000,119.8688004267,-180.0000000000,0.0000000000,1,0,observed,5
15,RegionD,434.0200000000,338.5400000000,0.3976000000,388.6515195733,877.6500000000,0.0000000000,260.0000000000,543.6301075269,128.6515195733,0.0000000000,0.0000000000,0.0000000000,0.0000000000,180.0000000000,568.9984804267,-180.0000000000,0.0000000000,0,0,observed,5
16,RegionD,434.2600000000,338.7200000000,0.4033000000,334.7840000000,800.0000000000,260.0000000000,0.0000000000,788.0301075269,334.7840000000,260.0000000000,0.0000000000,0.0000000000,0.0000000000,180.0000000000,25.2160000000,-180.0000000000,0.0000000000,1,0,observed,5
17,RegionD,630.0200000000,491.4200000000,0.4107000000,308.6719995733,722.3500000000,0.0000000000,260.0000000000,508.4602150538,48.6719995733,0.0000000000,0.0000000000,0.0000000000,0.0000000000,180.0000000000,493.6780004267,-180.0000000000,0.0000000000,0,0,observed,5
18,RegionD,630.3600000000,491.6800000000,0.4192000000,262.9248000000,650.0000000000,207.0752000000,0.0000000000,703.1109030538,262.9248000000,207.0752000000,0.0000000000,0.0000000000,0.0000000000,180.0000000000,-0.0000000000,-180.0000000000,0.0000000000,1,0,observed,5
19,RegionD,630.6900000000,491.9400000000,0.4282000000,293.0944004267,587.8700000000,105.6576865397,0.0000000000,802.4291284011,293.0944004267,105.6576865397,0.0000000000,0.0000000000,0.0000000000,180.0000000000,9.1179130336,-180.0000000000,0.0000000000,1,0,observed,5
20,RegionD,631.0000000000,492.1800000000,0.4373000000,279.1168004267,540.1900000000,81.0731995733,0.0000000000,878.6379360000,279.1168004267,81.0731995733,0.0000000000,0.0000000000,0.0000000000,180.0000000000,0.0000000000,-180.0000000000,0.0000000000,1,0,observed,5
21,RegionD,631.3100000000,492.4200000000,0.4457000000,307.4944000000,510.2200000000,22.7256000000,0.0000000000,900.0000000000,307.4944000000,22.7256000000,0.0000000000,0.0000000000,0.0000000000,180.0000000000,-0.0000000000,-180.0000000000,0.0000000000,1,0,observed,5
22,RegionD,392.0400000000,305.7900000000,0.4530000000,349.8240004267,500.0000000000,0.0000000000,200.3500000000,684.5698924731,149.4740004267,0.0000000000,0.0000000000,0.0000000000,0.0000000000,180.0000000000,170.5259995733,-180.0000000000,0.0000000000,0,0,observed,5
23,RegionD,392.2200000000,305.9300000000,0.4586000000,412.6464004267,510.2200000000,0.0000000000,260.0000000000,405.0000000000,152.6464004267,0.0000000000,0.0000000000,0.0000000000,0.0000000000,180.0000000000,177.5735995733,-180.0000000000,0.0000000000,0,0,observed,5
0,RegionE,247.0000000000,192.6600000000,0.2370000000,448.4125000000,540.1900000000,0.0000000000,22.4225004167,345.8897844982,425.9899995833,0.0000000000,0.0000000000,0.0000000000,0.0000000000,114.2000004167,0.0000000000,-114.2000004167,0.0000000000,0,0,observed,5
1,RegionE,247.1600000000,192.7800000000,0.2378000000,497.2374995833,587.8700000000,0.0000000000,129.3674995833,206.7849462366,367.8700000000,0.0000000000,0.0000000000,0.0000000000,0.0000000000,220.0000000000,0.0000000000,-220.0000000000,0.0000000000,0,0,observed,5
2,RegionE,247.3200000000,192.9100000000,0.2375000000,503.4000000000,650.0000000000,0.0000000000,73.4000000000,127.8602150538,430.0000000000,0.0000000000,0.0000000000,0.0000000000,0.0000000000,220.0000000000,0.0000000000,-220.0000000000,0.0000000000,0,0,observed,5
3,RegionE,247.4800000000,193.0300000000,0.2360000000,545.0000000000,722.3500000000,0.0000000000,42.6500000000,82.0000000000,502.3500000000,0.0000000000,0.0000000000,0.0000000000,0.0000000000,220.0000000000,0.0000000000,-220.0000000000,0.0000000000,0,0,observed,5
4,RegionE,247.6400000000,193.1600000000,0.2334000000,556.6874995833,800.0000000000,23.3125004167,0.0000000000,103.9137503917,556.6874995833,23.3125004167,0.0000000000,0.0000000000,0.0000000000,220.0000000000,0.0000000000,-220.0000000000,0.0000000000,1,0,observed,5
5,RegionE,247.8000000000,193.2800000000,0.2300000000,570.3125000000,877.6500000000,87.3375000000,0.0000000000,186.0110003917,570.3125000000,87.3375000000,0.0000000000,0.0000000000,0.0000000000,220.0000000000,0.0000000000,-220.0000000000,0.0000000000,1,0,observed,5
6,RegionE,247.9600000000,193.4100000000,0.2260000000,591.8875004167,950.0000000000,138.1124995833,-0.0000000000,315.8367500000,591.8875004167,138.1124995833,0.0000000000,0.0000000000,0.0000000000,220.0000000000,0.0000000000,-220.0000000000,0.0000000000,1,0,observed,5
7,RegionE,381.7200000000,297.7400000000,0.2217000000,585.0250004167,1012.1300000000,0.0000000000,217.4681775000,82.0000000000,367.5568229167,-0.0000000000,0.0000000000,0.0000000000,0.0000000000,220.0000000000,424.5731770833,-220.0000000000,0.0000000000,0,0,observed,5
8,RegionE,381.9600000000,297.9300000000,0.2174000000,549.1500004167,1059.8100000000,240.0000000000,0.0000000000,307.6000000000,549.1500004167,240.0000000000,0.0000000000,0.0000000000,0.0000000000,220.0000000000,50.6599995833,-220.0000000000,0.0000000000,1,0,observed,5
9,RegionE,382.2000000000,298.1200000000,0.2134000000,566.0125000000,1089.7800000000,240.0000000000,0.0000000000,533.2000000000,566.0125000000,240.0000000000,0.0000000000,0.0000000000,0.0000000000,220.0000000000,63.7675000000,-220.0000000000,0.0000000000,1,0,observed,5
10,RegionE,382.4300000000,298.3000000000,0.2100000000,533.0874995833,1100.0000000000,0.0000000000,240.0000000000,275.1354838710,293.0874995833,-0.0000000000,0.0000000000,0.0000000000,0.0000000000,220.0000000000,586.9125004167,-220.0000000000,0.0000000000,0,0,observed,5
11,RegionE,382.6600000000,298.4700000000,0.2074000000,452.5875000000,1089.7800000000,0.0000000000,179.6160000000,82.0000000000,272.9715000000,0.0000000000,0.0000000000,0.0000000000,0.0000000000,220.0000000000,596.8085000000,-220.0000000000,0.0000000000,0,0,observed,5
12,RegionE,382.8900000000,298.6500000000,0.2059000000,443.6849995833,1059.8100000000,240.0000000000,0.0000000000,307.6000000000,443.6849995833,240.0000000000,0.0000000000,0.0000000000,0.0000000000,220.0000000000,156.1250004167,-220.0000000000,0.0000000000,1,0,observed,5
13,RegionE,383.1200000000,298.8300000000,0.2055000000,430.6812495833,1012.1300000000,0.0000000000,209.8080000000,82.0000000000,220.8732495833,-0.0000000000,0.0000000000,0.0000000000,0.0000000000,220.0000000000,571.2567504167,-220.0000000000,0.0000000000,0,0,observed,5
14,RegionE,383.3400000000,299.0100000000,0.2063000000,399.7300000000,950.0000000000,240.0000000000,0.0000000000,307.6000000000,399.7300000000,240.0000000000,0.0000000000,0.0000000000,0.0000000000,220.0000000000,90.2700000000,-220.0000000000,0.0000000000,1,0,observed,5
15,RegionE,383.5500000000,299.1700000000,0.2083000000,371.3024995833,877.6500000000,240.0000000000,0.0000000000,533.2000000000,371.3024995833,240.0000000000,0.0000000000,0.0000000000,0.0000000000,220.0000000000,46.3475004167,-220.0000000000,0.0000000000,1,0,observed,5
16,RegionE,383.7700000000,299.3400000000,0.2113000000,336.3374995833,800.0000000000,240.0000000000,0.0000000000,758.8000000000,336.3374995833,240.0000000000,0.0000000000,0.0000000000,0.0000000000,220.0000000000,3.6625004167,-220.0000000000,0.0000000000,1,0,observed,5
17,RegionE,556.7700000000,434.2800000000,0.2151000000,343.7250000000,722.3500000000,0.0000000000,240.0000000000,500.7354838710,103.7250000000,0.0000000000,0.0000000000,0.0000000000,0.0000000000,220.0000000000,398.6250000000,-220.0000000000,0.0000000000,0,0,observed,5
18,RegionE,557.0600000000,434.5100000000,0.2196000000,278.7624995833,650.0000000000,151.2375004167,0.0000000000,642.8987342627,278.7624995833,151.2375004167,0.0000000000,0.0000000000,0.0000000000,220.0000000000,0.0000000000,-220.0000000000,0.0000000000,1,0,observed,5
19,RegionE,557.3500000000,434.7300000000,0.2243000000,322.8250004167,587.8700000000,45.0449995833,-0.0000000000,685.2410338710,322.8250004167,45.0449995833,0.0000000000,0.0000000000,0.0000000000,220.0000000000,-0.0000000000,-220.0000000000,0.0000000000,1,0,observed,5
20,RegionE,557.6300000000,434.9500000000,0.2290000000,292.7625000000,540.1900000000,27.4275000000,0.0000000000,711.0228838710,292.7625000000,27.4275000000,0.0000000000,0.0000000000,0.0000000000,220.0000000000,0.0000000000,-220.0000000000,0.0000000000,1,0,observed,5
21,RegionE,557.9000000000,435.1600000000,0.2335000000,309.5500000000,510.2200000000,0.0000000000,120.0962815833,581.8870972223,189.4537184167,-0.0000000000,0.0000000000,0.0000000000,0.0000000000,220.0000000000,100.7662815833,-220.0000000000,0.0000000000,0,0,observed,5
22,RegionE,346.4500000000,270.2300000000,0.2373000000,361.8250000000,500.0000000000,0.0000000000,81.8250000000,493.9032262545,280.0000000000,0.0000000000,0.0000000000,0.0000000000,0.0000000000,220.0000000000,0.0000000000,-220.0000000000,0.0000000000,0,0,observed,5
23,RegionE,346.6100000000,270.3600000000,0.2402000000,405.4500004167,510.2200000000,0.0000000000,115.2300004167,370.0000000000,290.2200000000,0.0000000000,0.0000000000,0.0000000000,0.0000000000,220.0000000000,0.0000000000,-220.0000000000,0.0000000000,0,0,observed,5
0,RegionF,260.0000000000,202.8000000000,0.2801000000,478.7519000000,540.1900000000,0.0000000000,57.8861000000,320.2568817204,420.8658000000,0.0000000000,0.0000000000,0.0000000000,0.0000000000,119.3242000000,0.0000000000,-119.3242000000,0.0000000000,0,0,observed,5
1,RegionF,260.1700000000,202.9300000000,0.2811000000,462.8261000000,587.8700000000,0.0000000000,94.9561000000,218.1535483871,367.8700000000,0.0000000000,0.0000000000,0.0000000000,0.0000000000,220.0000000000,0.0000000000,-220.0000000000,0.0000000000,0,0,observed,5
2,RegionF,260.3400000000,203.0700000000,0.2807000000,508.7493000000,650.0000000000,0.0000000000,78.7493000000,133.4768817204,430.0000000000,0.0000000000,0.0000000000,0.0000000000,0.0000000000,220.0000000000,0.0000000000,-220.0000000000,0.0000000000,0,0,observed,5
3,RegionF,260.5100000000,203.2000000000,0.2789000000,547.4335000000,722.3500000000,0.0000000000,45.0835000000,85.0000000000,502.3500000000,0.0000000000,0.0000000000,0.0000000000,0.0000000000,220.0000000000,0.0000000000,-220.0000000000,0.0000000000,0,0,observed,5
4,RegionF,260.6800000000,203.3300000000,0.2759000000,559.1429000000,800.0000000000,20.8571000000,-0.0000000000,104.6056740000,559.1429000000,20.8571000000,0.0000000000,0.0000000000,0.0000000000,220.0000000000,0.0000000000,-220.0000000000,0.0000000000,1,0,observed,5
5,RegionF,260.8400000000,203.4600000000,0.2719000000,592.5184995767,877.6500000000,65.1315004233,-0.0000000000,165.8292843979,592.5184995767,65.1315004233,0.0000000000,0.0000000000,0.0000000000,220.0000000000,0.0000000000,-220.0000000000,0.0000000000,1,0,observed,5
6,RegionF,261.0100000000,203.5900000000,0.2671000000,613.7783004233,950.0000000000,116.2216995767,-0.0000000000,275.0776820000,613.7783004233,116.2216995767,0.0000000000,0.0000000000,0.0000000000,220.0000000000,0.0000000000,-220.0000000000,0.0000000000,1,0,observed,5
7,RegionF,401.8100000000,313.4100000000,0.2620000000,570.3951000000,1012.1300000000,221.7349000000,-0.0000000000,483.5084880000,570.3951000000,221.7349000000,0.0000000000,0.0000000000,0.0000000000,220.0000000000,0.0000000000,-220.0000000000,0.0000000000,1,0,observed,5
8,RegionF,402.0600000000,313.6100000000,0.2569000000,561.6194000000,1059.8100000000,0.0000000000,250.0000000000,214.6912836989,311.6194000000,-0.0000000000,0.0000000000,0.0000000000,0.0000000000,220.0000000000,528.1906000000,-220.0000000000,0.0000000000,0,0,observed,5
9,RegionF,402.3100000000,313.8000000000,0.2522000000,554.6089995767,1089.7800000000,250.0000000000,-0.0000000000,449.6912836989,554.6089995767,250.0000000000,0.0000000000,0.0000000000,0.0000000000,220.0000000000,65.1710004233,-220.0000000000,0.0000000000,1,0,observed,5
10,RegionF,402.5600000000,314.0000000000,0.2481000000,513.6895995767,1100.0000000000,250.0000000000,-0.0000000000,684.6912836989,513.6895995767,250.0000000000,0.0000000000,0.0000000000,0.0000000000,220.0000000000,116.3104004233,-220.0000000000,0.0000000000,1,0,observed,5
11,RegionF,402.8000000000,314.1800000000,0.2451000000,456.5522995767,1089.7800000000,0.0000000000,250.0000000000,415.8740793978,206.5522995767,-0.0000000000,0.0000000000,0.0000000000,0.0000000000,220.0000000000,663.2277004233,-220.0000000000,0.0000000000,0,0,observed,5
12,RegionF,403.0400000000,314.3700000000,0.2433000000,475.1324004233,1059.8100000000,0.0000000000,250.0000000000,147.0568750968,225.1324004233,-0.0000000000,0.0000000000,0.0000000000,0.0000000000,220.0000000000,614.6775995767,-220.0000000000,0.0000000000,0,0,observed,5
13,RegionF,403.2800000000,314.5600000000,0.2428000000,445.8665200000,1012.1300000000,250.0000000000,-0.0000000000,382.0568750968,445.8665200000,250.0000000000,0.0000000000,0.0000000000,0.0000000000,220.0000000000,96.2634800000,-220.0000000000,0.0000000000,1,0,observed,5
14,RegionF,403.5100000000,314.7400000000,0.2438000000,398.6822100000,950.0000000000,250.0000000000,-0.0000000000,617.0568750968,398.6822100000,250.0000000000,0.0000000000,0.0000000000,0.0000000000,220.0000000000,81.3177900000,-220.0000000000,0.0000000000,1,0,observed,5
15,RegionF,403.7400000000,314.9200000000,0.2461000000,353.4283000000,877.6500000000,0.0000000000,250.0000000000,348.2396707957,103.4283000000,-0.0000000000,0.0000000000,0.0000000000,0.0000000000,220.0000000000,554.2217000000,-220.0000000000,0.0000000000,0,0,observed,5
16,RegionF,403.9700000000,315.1000000000,0.2497000000,307.3908004233,800.0000000000,250.0000000000,0.0000000000,583.2396707957,307.3908004233,250.0000000000,0.0000000000,0.0000000000,0.0000000000,220.0000000000,22.6091995767,-220.0000000000,0.0000000000,1,0,observed,5
17,RegionF,586.0700000000,457.1300000000,0.2542000000,331.7367004233,722.3500000000,170.6132995767,-0.0000000000,743.6161723978,331.7367004233,170.6132995767,0.0000000000,0.0000000000,0.0000000000,220.0000000000,0.0000000000,-220.0000000000,0.0000000000,1,0,observed,5
18,RegionF,586.3800000000,457.3800000000,0.2595000000,310.2737004233,650.0000000000,0.0000000000,0.0000000000,743.6161723978,310.2737004233,-0.0000000000,0.0000000000,0.0000000000,0.0000000000,220.0000000000,119.7262995767,-220.0000000000,0.0000000000,0,0,observed,5
19,RegionF,586.6800000000,457.6100000000,0.2651000000,271.9324000000,587.8700000000,95.9376000000,-0.0000000000,833.7975163978,271.9324000000,95.9376000000,0.0000000000,0.0000000000,0.0000000000,220.0000000000,0.0000000000,-220.0000000000,0.0000000000,1,0,observed,5
20,RegionF,586.9800000000,457.8400000000,0.2707000000,319.8495000000,540.1900000000,0.3405000000,-0.0000000000,834.1175863978,319.8495000000,0.3405000000,0.0000000000,0.0000000000,0.0000000000,220.0000000000,0.0000000000,-220.0000000000,0.0000000000,1,0,observed,5
21,RegionF,587.2700000000,458.0700000000,0.2759000000,325.3993995767,510.2200000000,0.0000000000,230.2817557733,586.5027952438,95.1176438034,0.0000000000,0.0000000000,0.0000000000,0.0000000000,220.0000000000,195.1023561966,-220.0000000000,0.0000000000,0,0,observed,5
22,RegionF,364.6800000000,284.4500000000,0.2804000000,368.4523995767,500.0000000000,0.0000000000,88.4523995767,491.3926881720,280.0000000000,-0.0000000000,0.0000000000,0.0000000000,0.0000000000,220.0000000000,0.0000000000,-220.0000000000,0.0000000000,0,0,observed,5
23,RegionF,364.8500000000,284.5800000000,0.2839000000,391.4902000000,510.2200000000,0.0000000000,101.2702000000,382.5000000000,290.2200000000,-0.0000000000,0.0000000000,0.0000000000,0.0000000000,220.0000000000,0.0000000000,-220.0000000000,0.0000000000,0,0,observed,5
0,RegionA,468.0000000000,0.0000000000,0.6679000000,499.1490004500,540.1900000000,0.0000000000,100.0000000000,48.8043478261,399.1490004500,0.0000000000,0.0000000000,0.0000000000,0.0000000000,0.0000000000,141.0409995500,0.0000000000,0.0000000000,0,1,high_carbon_price,5
1,RegionA,468.3100000000,0.0000000000,0.6703000000,535.4235000000,587.8700000000,52.4465000000,-0.0000000000,97.5795928261,535.4235000000,52.4465000000,0.0000000000,0.0000000000,0.0000000000,0.0000000000,-0.0000000000,0.0000000000,0.0000000000,1,1,high_carbon_price,5
2,RegionA,468.6100000000,0.0000000000,0.6693000000,544.3200000000,650.0000000000,100.0000000000,0.0000000000,190.5795928261,544.3200000000,100.0000000000,0.0000000000,0.0000000000,0.0000000000,0.0000000000,5.6800000000,0.0000000000,0.0000000000,1,1,high_carbon_price,5
3,RegionA,468.9100000000,0.0000000000,0.6650000000,544.3200000000,722.3500000000,0.0000000000,100.0000000000,81.8839406522,444.3200000000,-0.0000000000,0.0000000000,0.0000000000,0.0000000000,0.0000000000,278.0300000000,0.0000000000,0.0000000000,0,1,high_carbon_price,5
4,RegionA,469.2200000000,0.0000000000,0.6578000000,544.3199995500,800.0000000000,100.0000000000,0.0000000000,174.8839406522,544.3199995500,100.0000000000,0.0000000000,0.0000000000,0.0000000000,0.0000000000,155.6800004500,0.0000000000,0.0000000000,1,1,high_carbon_price,5
5,RegionA,469.5200000000,0.0000000000,0.6483000000,544.3200000000,877.6500000000,100.0000000000,0.0000000000,267.8839406522,544.3200000000,100.0000000000,0.0000000000,0.0000000000,0.0000000000,0.0000000000,233.3300000000,0.0000000000,0.0000000000,1,1,high_carbon_price,5
6,RegionA,469.8200000000,0.0000000000,0.6370000000,544.3200004500,950.0000000000,0.0000000000,100.0000000000,159.1882884783,444.3200004500,0.0000000000,0.0000000000,0.0000000000,0.0000000000,0.0000000000,505.6799995500,0.0000000000,0.0000000000,0,1,high_carbon_price,5
7,RegionA,723.2600000000,0.0000000000,0.6248000000,544.3200004500,1012.1300000000,0.0000000000,100.0000000000,50.4926363043,444.3200004500,-0.0000000000,0.0000000000,0.0000000000,0.0000000000,0.0000000000,567.8099995500,0.0000000000,0.0000000000,0,1,high_carbon_price,5
8,RegionA,723.7100000000,0.0000000000,0.6126000000,544.3200000000,1059.8100000000,100.0000000000,0.0000000000,143.4926363043,544.3200000000,100.0000000000,0.0000000000,0.0000000000,0.0000000000,0.0000000000,415.4900000000,0.0000000000,0.0000000000,1,1,high_carbon_price,5
9,RegionA,724.1600000000,0.0000000000,0.6013000000,544.3199995500,1089.7800000000,0.0000000000,99.8132254000,35.0000000000,444.5067741500,0.0000000000,0.0000000000,0.0000000000,0.0000000000,0.0000000000,645.2732258500,0.0000000000,0.0000000000,0,1,high_carbon_price,5
10,RegionA,724.6100000000,0.0000000000,0.5917000000,531.7110004500,1100.0000000000,100.0000000000,0.0000000000,128.0000000000,531.7110004500,100.0000000000,0.0000000000,0.0000000000,0.0000000000,0.0000000000,468.2889995500,0.0000000000,0.0000000000,1,1,high_carbon_price,5
11,RegionA,725.0400000000,0.0000000000,0.5845000000,506.1015000000,1089.7800000000,0.0000000000,85.5600000000,35.0000000000,420.5415000000,0.0000000000,0.0000000000,0.0000000000,0.0000000000,0.0000000000,669.2385000000,0.0000000000,0.0000000000,0,1,high_carbon_price,5
12,RegionA,725.4800000000,0.0000000000,0.5802000000,466.4789995500,1059.8100000000,100.0000000000,0.0000000000,128.0000000000,466.4789995500,100.0000000000,0.0000000000,0.0000000000,0.0000000000,0.0000000000,493.3310004500,0.0000000000,0.0000000000,1,1,high_carbon_price,5
13,RegionA,725.9000000000,0.0000000000,0.5791000000,443.6667000000,1012.1300000000,0.0000000000,85.5600000000,35.0000000000,358.1067000000,0.0000000000,0.0000000000,0.0000000000,0.0000000000,0.0000000000,654.0233000000,0.0000000000,0.0000000000,0,1,high_carbon_price,5
14,RegionA,726.3200000000,0.0000000000,0.5814000000,423.0872995500,950.0000000000,99.2286115007,0.0000000000,127.2826086957,423.0872995500,99.2286115007,0.0000000000,0.0000000000,0.0000000000,0.0000000000,427.6840889493,0.0000000000,0.0000000000,1,1,high_carbon_price,5
15,RegionA,726.7400000000,0.0000000000,0.5869000000,379.0665000000,877.6500000000,100.0000000000,0.0000000000,220.2826086957,379.0665000000,100.0000000000,0.0000000000,0.0000000000,0.0000000000,0.0000000000,398.5835000000,0.0000000000,0.0000000000,1,1,high_carbon_price,5
16,RegionA,727.1400000000,0.0000000000,0.5954000000,334.0439995500,800.0000000000,100.0000000000,0.0000000000,313.2826086957,334.0439995500,100.0000000000,0.0000000000,0.0000000000,0.0000000000,0.0000000000,365.9560004500,0.0000000000,0.0000000000,1,1,high_carbon_price,5
17,RegionA,1054.9200000000,0.0000000000,0.6062000000,316.9124995500,722.3500000000,0.0000000000,100.0000000000,204.5869565217,216.9124995500,0.0000000000,0.0000000000,0.0000000000,0.0000000000,0.0000000000,505.4375004500,0.0000000000,0.0000000000,0,1,high_carbon_price,5
18,RegionA,1055.4900000000,0.0000000000,0.6188000000,299.4434995500,650.0000000000,100.0000000000,-0.0000000000,297.5869565217,299.4434995500,100.0000000000,0.0000000000,0.0000000000,0.0000000000,0.0000000000,250.5565004500,0.0000000000,0.0000000000,1,1,high_carbon_price,5
19,RegionA,1056.0300000000,0.0000000000,0.6321000000,386.4914995500,587.8700000000,0.0000000000,100.0000000000,188.8913043478,286.4914995500,0.0000000000,0.0000000000,0.0000000000,0.0000000000,0.0000000000,301.3785004500,0.0000000000,0.0000000000,0,1,high_carbon_price,5
20,RegionA,1056.5600000000,0.0000000000,0.6455000000,330.8849995500,540.1900000000,100.0000000000,0.0000000000,281.8913043478,330.8849995500,100.0000000000,0.0000000000,0.0000000000,0.0000000000,0.0000000000,109.3050004500,0.0000000000,0.0000000000,1,1,high_carbon_price,5
21,RegionA,1057.0800000000,0.0000000000,0.6580000000,376.1235000000,510.2200000000,0.0000000000,100.0000000000,173.1956521739,276.1235000000,0.0000000000,0.0000000000,0.0000000000,0.0000000000,0.0000000000,234.0965000000,0.0000000000,0.0000000000,0,1,high_carbon_price,5
22,RegionA,656.4300000000,0.0000000000,0.6687000000,388.0034995500,500.0000000000,0.0000000000,100.0000000000,64.5000000000,288.0034995500,0.0000000000,0.0000000000,0.0000000000,0.0000000000,0.0000000000,211.9965004500,0.0000000000,0.0000000000,0,1,high_carbon_price,5
23,RegionA,656.7300000000,0.0000000000,0.6771000000,408.9284995500,510.2200000000,100.0000000000,0.0000000000,157.5000000000,408.9284995500,100.0000000000,0.0000000000,0.0000000000,0.0000000000,0.0000000000,1.2915004500,0.0000000000,0.0000000000,1,1,high_carbon_price,5
0,RegionB,448.5000000000,0.0000000000,0.6248000000,458.7435004500,540.1900000000,81.4464995500,0.0000000000,219.7452445815,458.7435004500,81.4464995500,0.0000000000,0.0000000000,0.0000000000,0.0000000000,0.0000000000,0.0000000000,0.0000000000,1,1,high_carbon_price,5
1,RegionB,448.7900000000,0.0000000000,0.6271000000,527.3369995500,587.8700000000,0.0000000000,90.0000000000,121.9191576250,437.3369995500,0.0000000000,0.0000000000,0.0000000000,0.0000000000,0.0000000000,150.5330004500,0.0000000000,0.0000000000,0,1,high_carbon_price,5
2,RegionB,449.0800000000,0.0000000000,0.6261000000,531.3599995500,650.0000000000,90.0000000000,0.0000000000,205.6191576250,531.3599995500,90.0000000000,0.0000000000,0.0000000000,0.0000000000,0.0000000000,28.6400004500,0.0000000000,0.0000000000,1,1,high_carbon_price,5
3,RegionB,449.3800000000,0.0000000000,0.6221000000,531.3600000000,722.3500000000,90.0000000000,0.0000000000,289.3191576250,531.3600000000,90.0000000000,0.0000000000,0.0000000000,0.0000000000,0.0000000000,100.9900000000,0.0000000000,0.0000000000,1,1,high_carbon_price,5
4,RegionB,449.6700000000,0.0000000000,0.6154000000,531.3600004500,800.0000000000,0.0000000000,90.0000000000,191.4930706685,441.3600004500,0.0000000000,0.0000000000,0.0000000000,0.0000000000,0.0000000000,358.6399995500,0.0000000000,0.0000000000,0,1,high_carbon_price,5
5,RegionB,449.9600000000,0.0000000000,0.6064000000,531.3599995500,877.6500000000,90.0000000000,0.0000000000,275.1930706685,531.3599995500,90.0000000000,0.0000000000,0.0000000000,0.0000000000,0.0000000000,256.2900004500,0.0000000000,0.0000000000,1,1,high_carbon_price,5
6,RegionB,450.2400000000,0.0000000000,0.5959000000,531.3600000000,950.0000000000,0.0000000000,90.0000000000,177.3669837119,441.3600000000,-0.0000000000,0.0000000000,0.0000000000,0.0000000000,0.0000000000,508.6400000000,0.0000000000,0.0000000000,0,1,high_carbon_price,5
7,RegionB,693.1200000000,0.0000000000,0.5845000000,531.3599995500,1012.1300000000,0.0000000000,90.0000000000,79.5408967554,441.3599995500,0.0000000000,0.0000000000,0.0000000000,0.0000000000,0.0000000000,570.7700004500,0.0000000000,0.0000000000,0,1,high_carbon_price,5
8,RegionB,693.5600000000,0.0000000000,0.5731000000,531.3599995500,1059.8100000000,90.0000000000,-0.0000000000,163.2408967554,531.3599995500,90.0000000000,0.0000000000,0.0000000000,0.0000000000,0.0000000000,438.4500004500,0.0000000000,0.0000000000,1,1,high_carbon_price,5
9,RegionB,693.9900000000,0.0000000000,0.5625000000,531.3600000000,1089.7800000000,0.0000000000,90.0000000000,65.4148097989,441.3600000000,0.0000000000,0.0000000000,0.0000000000,0.0000000000,0.0000000000,648.4200000000,0.0000000000,0.0000000000,0,1,high_carbon_price,5
10,RegionB,694.4100000000,0.0000000000,0.5535000000,531.3600000000,1100.0000000000,90.0000000000,-0.0000000000,149.1148097989,531.3600000000,90.0000000000,0.0000000000,0.0000000000,0.0000000000,0.0000000000,478.6400000000,0.0000000000,0.0000000000,1,1,high_carbon_price,5
11,RegionB,694.8300000000,0.0000000000,0.5468000000,531.3599995500,1089.7800000000,90.0000000000,0.0000000000,232.8148097989,531.3599995500,90.0000000000,0.0000000000,0.0000000000,0.0000000000,0.0000000000,468.4200004500,0.0000000000,0.0000000000,1,1,high_carbon_price,5
12,RegionB,695.2500000000,0.0000000000,0.5427000000,482.3819995500,1059.8100000000,0.0000000000,90.0000000000,134.9887228424,392.3819995500,0.0000000000,0.0000000000,0.0000000000,0.0000000000,0.0000000000,667.4280004500,0.0000000000,0.0000000000,0,1,high_carbon_price,5
13,RegionB,695.6600000000,0.0000000000,0.5417000000,443.2360495500,1012.1300000000,90.0000000000,0.0000000000,218.6887228424,443.2360495500,90.0000000000,0.0000000000,0.0000000000,0.0000000000,0.0000000000,478.8939504500,0.0000000000,0.0000000000,1,1,high_carbon_price,5
14,RegionB,696.0600000000,0.0000000000,0.5439000000,422.4338995500,950.0000000000,0.0000000000,90.0000000000,120.8626358858,332.4338995500,0.0000000000,0.0000000000,0.0000000000,0.0000000000,0.0000000000,617.5661004500,0.0000000000,0.0000000000,0,1,high_carbon_price,5
15,RegionB,696.4500000000,0.0000000000,0.5491000000,377.5004995500,877.6500000000,90.0000000000,-0.0000000000,204.5626358858,377.5004995500,90.0000000000,0.0000000000,0.0000000000,0.0000000000,0.0000000000,410.1495004500,0.0000000000,0.0000000000,1,1,high_carbon_price,5
16,RegionB,696.8400000000,0.0000000000,0.5570000000,341.6593500000,800.0000000000,90.0000000000,0.0000000000,288.2626358858,341.6593500000,90.0000000000,0.0000000000,0.0000000000,0.0000000000,0.0000000000,368.3406500000,0.0000000000,0.0000000000,1,1,high_carbon_price,5
17,RegionB,1010.9700000000,0.0000000000,0.5671000000,344.7360004500,722.3500000000,0.0000000000,90.0000000000,190.4365489293,254.7360004500,-0.0000000000,0.0000000000,0.0000000000,0.0000000000,0.0000000000,467.6139995500,0.0000000000,0.0000000000,0,1,high_carbon_price,5
18,RegionB,1011.5100000000,0.0000000000,0.5788000000,291.1005004500,650.0000000000,90.0000000000,0.0000000000,274.1365489293,291.1005004500,90.0000000000,0.0000000000,0.0000000000,0.0000000000,0.0000000000,268.8994995500,0.0000000000,0.0000000000,1,1,high_carbon_price,5
19,RegionB,1012.0300000000,0.0000000000,0.5913000000,336.9734995500,587.8700000000,0.0000000000,90.0000000000,176.3104619728,246.9734995500,-0.0000000000,0.0000000000,0.0000000000,0.0000000000,0.0000000000,340.8965004500,0.0000000000,0.0000000000,0,1,high_carbon_price,5
20,RegionB,1012.5400000000,0.0000000000,0.6038000000,356.0760000000,540.1900000000,0.0000000000,90.0000000000,78.4843750163,266.0760000000,0.0000000000,0.0000000000,0.0000000000,0.0000000000,0.0000000000,274.1140000000,0.0000000000,0.0000000000,0,1,high_carbon_price,5
21,RegionB,1013.0400000000,0.0000000000,0.6155000000,375.3270000000,510.2200000000,90.0000000000,-0.0000000000,162.1843750163,375.3270000000,90.0000000000,0.0000000000,0.0000000000,0.0000000000,0.0000000000,44.8930000000,0.0000000000,0.0000000000,1,1,high_carbon_price,5
22,RegionB,629.0800000000,0.0000000000,0.6256000000,423.6299995500,500.0000000000,76.3700004500,0.0000000000,233.2084754348,423.6299995500,76.3700004500,0.0000000000,0.0000000000,0.0000000000,0.0000000000,0.0000000000,0.0000000000,0.0000000000,1,1,high_carbon_price,5
23,RegionB,629.3700000000,0.0000000000,0.6334000000,444.7440004500,510.2200000000,0.0000000000,82.0717974000,144.0000000000,362.6722030500,0.0000000000,0.0000000000,0.0000000000,0.0000000000,0.0000000000,147.5477969500,0.0000000000,0.0000000000,0,1,high_carbon_price,5
0,RegionC,435.5000000000,0.0000000000,0.5925000000,468.1097995400,540.1900000000,72.0802004600,0.0000000000,202.0345864278,468.1097995400,72.0802004600,0.0000000000,0.0000000000,0.0000000000,0.0000000000,0.0000000000,0.0000000000,0.0000000000,1,1,high_carbon_price,5
1,RegionC,435.7800000000,0.0000000000,0.5946000000,536.5440000000,587.8700000000,0.0000000000,85.0000000000,109.6432820800,451.5440000000,0.0000000000,0.0000000000,0.0000000000,0.0000000000,0.0000000000,136.3260000000,0.0000000000,0.0000000000,0,1,high_carbon_price,5
2,RegionC,436.0700000000,0.0000000000,0.5937000000,536.5440000000,650.0000000000,85.0000000000,0.0000000000,188.6932820800,536.5440000000,85.0000000000,0.0000000000,0.0000000000,0.0000000000,0.0000000000,28.4560000000,0.0000000000,0.0000000000,1,1,high_carbon_price,5
3,RegionC,436.3500000000,0.0000000000,0.5900000000,536.5440000000,722.3500000000,0.0000000000,85.0000000000,96.3019777321,451.5440000000,0.0000000000,0.0000000000,0.0000000000,0.0000000000,0.0000000000,270.8060000000,0.0000000000,0.0000000000,0,1,high_carbon_price,5
4,RegionC,436.6300000000,0.0000000000,0.5836000000,536.5440000000,800.0000000000,85.0000000000,0.0000000000,175.3519777321,536.5440000000,85.0000000000,0.0000000000,0.0000000000,0.0000000000,0.0000000000,178.4560000000,0.0000000000,0.0000000000,1,1,high_carbon_price,5
5,RegionC,436.9100000000,0.0000000000,0.5751000000,536.5439995400,877.6500000000,85.0000000000,0.0000000000,254.4019777321,536.5439995400,85.0000000000,0.0000000000,0.0000000000,0.0000000000,0.0000000000,256.1060004600,0.0000000000,0.0000000000,1,1,high_carbon_price,5
6,RegionC,437.1900000000,0.0000000000,0.5651000000,536.5440000000,950.0000000000,0.0000000000,85.0000000000,162.0106733843,451.5440000000,0.0000000000,0.0000000000,0.0000000000,0.0000000000,0.0000000000,498.4560000000,0.0000000000,0.0000000000,0,1,high_carbon_price,5
7,RegionC,673.0300000000,0.0000000000,0.5543000000,536.5439995400,1012.1300000000,85.0000000000,0.0000000000,241.0606733843,536.5439995400,85.0000000000,0.0000000000,0.0000000000,0.0000000000,0.0000000000,390.5860004600,0.0000000000,0.0000000000,1,1,high_carbon_price,5
8,RegionC,673.4500000000,0.0000000000,0.5435000000,536.5440004600,1059.8100000000,0.0000000000,85.0000000000,148.6693690365,451.5440004600,0.0000000000,0.0000000000,0.0000000000,0.0000000000,0.0000000000,608.2659995400,0.0000000000,0.0000000000,0,1,high_carbon_price,5
9,RegionC,673.8700000000,0.0000000000,0.5334000000,536.5440004600,1089.7800000000,85.0000000000,0.0000000000,227.7193690365,536.5440004600,85.0000000000,0.0000000000,0.0000000000,0.0000000000,0.0000000000,468.2359995400,0.0000000000,0.0000000000,1,1,high_carbon_price,5
10,RegionC,674.2900000000,0.0000000000,0.5249000000,536.5440004600,1100.0000000000,0.0000000000,85.0000000000,135.3280646887,451.5440004600,0.0000000000,0.0000000000,0.0000000000,0.0000000000,0.0000000000,648.4559995400,0.0000000000,0.0000000000,0,1,high_carbon_price,5
11,RegionC,674.6900000000,0.0000000000,0.5185000000,527.8500000000,1089.7800000000,85.0000000000,0.0000000000,214.3780646887,527.8500000000,85.0000000000,0.0000000000,0.0000000000,0.0000000000,0.0000000000,476.9300000000,0.0000000000,0.0000000000,1,1,high_carbon_price,5
12,RegionC,675.1000000000,0.0000000000,0.5147000000,474.4163995400,1059.8100000000,0.0000000000,85.0000000000,121.9867603408,389.4163995400,-0.0000000000,0.0000000000,0.0000000000,0.0000000000,0.0000000000,670.3936004600,0.0000000000,0.0000000000,0,1,high_carbon_price,5
13,RegionC,675.4900000000,0.0000000000,0.5137000000,464.8116004600,1012.1300000000,85.0000000000,-0.0000000000,201.0367603408,464.8116004600,85.0000000000,0.0000000000,0.0000000000,0.0000000000,0.0000000000,462.3183995400,0.0000000000,0.0000000000,1,1,high_carbon_price,5
14,RegionC,675.8800000000,0.0000000000,0.5157000000,429.9031200000,950.0000000000,0.0000000000,85.0000000000,108.6454559930,344.9031200000,-0.0000000000,0.0000000000,0.0000000000,0.0000000000,0.0000000000,605.0968800000,0.0000000000,0.0000000000,0,1,high_carbon_price,5
15,RegionC,676.2700000000,0.0000000000,0.5207000000,386.5642204600,877.6500000000,85.0000000000,0.0000000000,187.6954559930,386.5642204600,85.0000000000,0.0000000000,0.0000000000,0.0000000000,0.0000000000,406.0857795400,0.0000000000,0.0000000000,1,1,high_carbon_price,5
16,RegionC,676.6400000000,0.0000000000,0.5282000000,342.1309804600,800.0000000000,85.0000000000,-0.0000000000,266.7454559930,342.1309804600,85.0000000000,0.0000000000,0.0000000000,0.0000000000,0.0000000000,372.8690195400,0.0000000000,0.0000000000,1,1,high_carbon_price,5
17,RegionC,981.6700000000,0.0000000000,0.5378000000,368.8050000000,722.3500000000,0.0000000000,85.0000000000,174.3541516452,283.8050000000,0.0000000000,0.0000000000,0.0000000000,0.0000000000,0.0000000000,438.5450000000,0.0000000000,0.0000000000,0,1,high_carbon_price,5
18,RegionC,982.1900000000,0.0000000000,0.5489000000,293.0016000000,650.0000000000,0.0000000000,85.0000000000,81.9628472974,208.0016000000,0.0000000000,0.0000000000,0.0000000000,0.0000000000,0.0000000000,441.9984000000,0.0000000000,0.0000000000,0,1,high_carbon_price,5
19,RegionC,982.7000000000,0.0000000000,0.5608000000,312.7908000000,587.8700000000,85.0000000000,0.0000000000,161.0128472974,312.7908000000,85.0000000000,0.0000000000,0.0000000000,0.0000000000,0.0000000000,190.0792000000,0.0000000000,0.0000000000,1,1,high_carbon_price,5
20,RegionC,983.1900000000,0.0000000000,0.5726000000,349.6919995400,540.1900000000,0.0000000000,85.0000000000,68.6215429495,264.6919995400,-0.0000000000,0.0000000000,0.0000000000,0.0000000000,0.0000000000,275.4980004600,0.0000000000,0.0000000000,0,1,high_carbon_price,5
21,RegionC,983.6700000000,0.0000000000,0.5837000000,364.5959995400,510.2200000000,85.0000000000,-0.0000000000,147.6715429495,364.5959995400,85.0000000000,0.0000000000,0.0000000000,0.0000000000,0.0000000000,60.6240004600,0.0000000000,0.0000000000,1,1,high_carbon_price,5
22,RegionC,610.8500000000,0.0000000000,0.5932000000,400.5174004600,500.0000000000,85.0000000000,0.0000000000,226.7215429495,400.5174004600,85.0000000000,0.0000000000,0.0000000000,0.0000000000,0.0000000000,14.4825995400,0.0000000000,0.0000000000,1,1,high_carbon_price,5
23,RegionC,611.1300000000,0.0000000000,0.6006000000,455.6622004600,510.2200000000,0.0000000000,84.3838195136,135.0000000000,371.2783809464,0.0000000000,0.0000000000,0.0000000000,0.0000000000,0.0000000000,138.9416190536,0.0000000000,0.0000000000,0,1,high_carbon_price,5
0,RegionD,279.5000000000,218.0100000000,0.4525000000,443.3408000000,540.1900000000,0.0000000000,83.1508000000,315.5905376344,360.1900000000,0.0000000000,0.0000000000,0.0000000000,0.0000000000,180.0000000000,0.0000000000,-180.0000000000,0.0000000000,0,0,high_carbon_price,5
1,RegionD,279.6800000000,218.1500000000,0.4541000000,465.3568000000,587.8700000000,0.0000000000,153.5911995733,150.4387101362,311.7656004267,0.0000000000,0.0000000000,0.0000000000,0.0000000000,180.0000000000,96.1043995733,-180.0000000000,0.0000000000,0,0,high_carbon_price,5
2,RegionD,279.8600000000,218.2900000000,0.4534000000,526.2080004267,650.0000000000,0.0000000000,56.2080004267,90.0000000000,470.0000000000,-0.0000000000,0.0000000000,0.0000000000,0.0000000000,180.0000000000,0.0000000000,-180.0000000000,0.0000000000,0,0,high_carbon_price,5
3,RegionD,280.0500000000,218.4400000000,0.4505000000,523.9167995733,722.3500000000,18.4332004267,0.0000000000,107.3272084011,523.9167995733,18.4332004267,0.0000000000,0.0000000000,0.0000000000,180.0000000000,0.0000000000,-180.0000000000,0.0000000000,1,0,high_carbon_price,5
4,RegionD,280.2300000000,218.5800000000,0.4456000000,588.2112004267,800.0000000000,31.7887995733,0.0000000000,137.2086800000,588.2112004267,31.7887995733,0.0000000000,0.0000000000,0.0000000000,180.0000000000,0.0000000000,-180.0000000000,0.0000000000,1,0,high_carbon_price,5
5,RegionD,280.4100000000,218.7200000000,0.4391000000,589.3631995733,877.6500000000,108.2868004267,0.0000000000,238.9982724011,589.3631995733,108.2868004267,0.0000000000,0.0000000000,0.0000000000,180.0000000000,0.0000000000,-180.0000000000,0.0000000000,1,0,high_carbon_price,5
6,RegionD,280.5900000000,218.8600000000,0.4315000000,587.3408000000,950.0000000000,182.6592000000,0.0000000000,410.6979204011,587.3408000000,182.6592000000,0.0000000000,0.0000000000,0.0000000000,180.0000000000,0.0000000000,-180.0000000000,0.0000000000,1,0,high_carbon_price,5
7,RegionD,431.9500000000,336.9200000000,0.4233000000,607.4111995733,1012.1300000000,224.7188004267,-0.0000000000,621.9335928022,607.4111995733,224.7188004267,0.0000000000,0.0000000000,0.0000000000,180.0000000000,0.0000000000,-180.0000000000,0.0000000000,1,0,high_carbon_price,5
8,RegionD,432.2200000000,337.1300000000,0.4150000000,580.3135995733,1059.8100000000,260.0000000000,0.0000000000,866.3335928022,580.3135995733,260.0000000000,0.0000000000,0.0000000000,0.0000000000,180.0000000000,39.4964004267,-180.0000000000,0.0000000000,1,0,high_carbon_price,5
9,RegionD,432.4800000000,337.3300000000,0.4074000000,548.3391995733,1089.7800000000,0.0000000000,260.0000000000,586.7637003289,288.3391995733,0.0000000000,0.0000000000,0.0000000000,0.0000000000,180.0000000000,621.4408004267,-180.0000000000,0.0000000000,0,0,high_carbon_price,5
10,RegionD,432.7500000000,337.5500000000,0.4008000000,541.8367995733,1100.0000000000,260.0000000000,0.0000000000,831.1637003289,541.8367995733,260.0000000000,0.0000000000,0.0000000000,0.0000000000,180.0000000000,118.1632004267,-180.0000000000,0.0000000000,1,0,high_carbon_price,5
11,RegionD,433.0100000000,337.7500000000,0.3959000000,488.7296000000,1089.7800000000,0.0000000000,260.0000000000,551.5938078558,228.7296000000,0.0000000000,0.0000000000,0.0000000000,0.0000000000,180.0000000000,681.0504000000,-180.0000000000,0.0000000000,0,0,high_carbon_price,5
12,RegionD,433.2700000000,337.9500000000,0.3930000000,452.1600000000,1059.8100000000,260.0000000000,0.0000000000,795.9938078558,452.1600000000,260.0000000000,0.0000000000,0.0000000000,0.0000000000,180.0000000000,167.6500000000,-180.0000000000,0.0000000000,1,0,high_carbon_price,5
13,RegionD,433.5300000000,338.1500000000,0.3923000000,453.5424000000,1012.1300000000,0.0000000000,260.0000000000,516.4239153827,193.5424000000,0.0000000000,0.0000000000,0.0000000000,0.0000000000,180.0000000000,638.5876000000,-180.0000000000,0.0000000000,0,0,high_carbon_price,5
14,RegionD,433.7800000000,338.3500000000,0.3938000000,390.1311995733,950.0000000000,260.0000000000,0.0000000000,760.8239153827,390.1311995733,260.0000000000,0.0000000000,0.0000000000,0.0000000000,180.0000000000,119.8688004267,-180.0000000000,0.0000000000,1,0,high_carbon_price,5
15,RegionD,434.0200000000,338.5400000000,0.3976000000,388.6515195733,877.6500000000,0.0000000000,209.9611208798,535.0592692753,178.6903986935,0.0000000000,0.0000000000,0.0000000000,0.0000000000,180.0000000000,518.9596013065,-180.0000000000,0.0000000000,0,0,high_carbon_price,5
16,RegionD,434.2600000000,338.7200000000,0.4033000000,334.7840000000,800.0000000000,260.0000000000,0.0000000000,779.4592692753,334.7840000000,260.0000000000,0.0000000000,0.0000000000,0.0000000000,180.0000000000,25.2160000000,-180.0000000000,0.0000000000,1,0,high_carbon_price,5
17,RegionD,630.0200000000,491.4200000000,0.4107000000,308.6719995733,722.3500000000,0.0000000000,260.0000000000,499.8893768022,48.6719995733,-0.0000000000,0.0000000000,0.0000000000,0.0000000000,180.0000000000,493.6780004267,-180.0000000000,0.0000000000,0,0,high_carbon_price,5
18,RegionD,630.3600000000,491.6800000000,0.4192000000,262.9248000000,650.0000000000,207.0752000000,0.0000000000,694.5400648022,262.9248000000,207.0752000000,0.0000000000,0.0000000000,0.0000000000,180.0000000000,-0.0000000000,-180.0000000000,0.0000000000,1,0,high_carbon_price,5
19,RegionD,630.6900000000,491.9400000000,0.4282000000,293.0944004267,587.8700000000,114.7755995733,0.0000000000,802.4291284011,293.0944004267,114.7755995733,0.0000000000,0.0000000000,0.0000000000,180.0000000000,-0.0000000000,-180.0000000000,0.0000000000,1,0,high_carbon_price,5
20,RegionD,631.0000000000,492.1800000000,0.4373000000,279.1168004267,540.1900000000,81.0731995733,-0.0000000000,878.6379360000,279.1168004267,81.0731995733,0.0000000000,0.0000000000,0.0000000000,180.0000000000,-0.0000000000,-180.0000000000,0.0000000000,1,0,high_carbon_price,5
21,RegionD,631.3100000000,492.4200000000,0.4457000000,307.4944000000,510.2200000000,22.7256000000,-0.0000000000,900.0000000000,307.4944000000,22.7256000000,0.0000000000,0.0000000000,0.0000000000,180.0000000000,0.0000000000,-180.0000000000,0.0000000000,1,0,high_carbon_price,5
22,RegionD,392.0400000000,305.7900000000,0.4530000000,349.8240004267,500.0000000000,0.0000000000,200.3500000000,684.5698924731,149.4740004267,0.0000000000,0.0000000000,0.0000000000,0.0000000000,180.0000000000,170.5259995733,-180.0000000000,0.0000000000,0,0,high_carbon_price,5
23,RegionD,392.2200000000,305.9300000000,0.4586000000,412.6464004267,510.2200000000,0.0000000000,260.0000000000,405.0000000000,152.6464004267,0.0000000000,0.0000000000,0.0000000000,0.0000000000,180.0000000000,177.5735995733,-180.0000000000,0.0000000000,0,0,high_carbon_price,5
0,RegionE,247.0000000000,192.6600000000,0.2370000000,448.4125000000,540.1900000000,0.0000000000,22.4225004167,345.8897844982,425.9899995833,0.0000000000,0.0000000000,0.0000000000,0.0000000000,114.2000004167,0.0000000000,-114.2000004167,0.0000000000,0,0,high_carbon_price,5
1,RegionE,247.1600000000,192.7800000000,0.2378000000,497.2374995833,587.8700000000,0.0000000000,129.3674995833,206.7849462366,367.8700000000,0.0000000000,0.0000000000,0.0000000000,0.0000000000,220.0000000000,0.0000000000,-220.0000000000,0.0000000000,0,0,high_carbon_price,5
2,RegionE,247.3200000000,192.9100000000,0.2375000000,503.4000000000,650.0000000000,0.0000000000,73.4000000000,127.8602150538,430.0000000000,0.0000000000,0.0000000000,0.0000000000,0.0000000000,220.0000000000,0.0000000000,-220.0000000000,0.0000000000,0,0,high_carbon_price,5
3,RegionE,247.4800000000,193.0300000000,0.2360000000,545.0000000000,722.3500000000,0.0000000000,42.6500000000,82.0000000000,502.3500000000,0.0000000000,0.0000000000,0.0000000000,0.0000000000,220.0000000000,0.0000000000,-220.0000000000,0.0000000000,0,0,high_carbon_price,5
4,RegionE,247.6400000000,193.1600000000,0.2334000000,556.6874995833,800.0000000000,23.3125004167,0.0000000000,103.9137503917,556.6874995833,23.3125004167,0.0000000000,0.0000000000,0.0000000000,220.0000000000,0.0000000000,-220.0000000000,0.0000000000,1,0,high_carbon_price,5
5,RegionE,247.8000000000,193.2800000000,0.2300000000,570.3125000000,877.6500000000,87.3375000000,0.0000000000,186.0110003917,570.3125000000,87.3375000000,0.0000000000,0.0000000000,0.0000000000,220.0000000000,0.0000000000,-220.0000000000,0.0000000000,1,0,high_carbon_price,5
6,RegionE,247.9600000000,193.4100000000,0.2260000000,591.8875004167,950.0000000000,138.1124995833,-0.0000000000,315.8367500000,591.8875004167,138.1124995833,0.0000000000,0.0000000000,0.0000000000,220.0000000000,0.0000000000,-220.0000000000,0.0000000000,1,0,high_carbon_price,5
7,RegionE,381.7200000000,297.7400000000,0.2217000000,585.0250004167,1012.1300000000,0.0000000000,217.4681775000,82.0000000000,367.5568229167,-0.0000000000,0.0000000000,0.0000000000,0.0000000000,220.0000000000,424.5731770833,-220.0000000000,0.0000000000,0,0,high_carbon_price,5
8,RegionE,381.9600000000,297.9300000000,0.2174000000,549.1500004167,1059.8100000000,240.0000000000,0.0000000000,307.6000000000,549.1500004167,240.0000000000,0.0000000000,0.0000000000,0.0000000000,220.0000000000,50.6599995833,-220.0000000000,0.0000000000,1,0,high_carbon_price,5
9,RegionE,382.2000000000,298.1200000000,0.2134000000,566.0125000000,1089.7800000000,240.0000000000,0.0000000000,533.2000000000,566.0125000000,240.0000000000,0.0000000000,0.0000000000,0.0000000000,220.0000000000,63.7675000000,-220.0000000000,0.0000000000,1,0,high_carbon_price,5
10,RegionE,382.4300000000,298.3000000000,0.2100000000,533.0874995833,1100.0000000000,0.0000000000,240.0000000000,275.1354838710,293.0874995833,-0.0000000000,0.0000000000,0.0000000000,0.0000000000,220.0000000000,586.9125004167,-220.0000000000,0.0000000000,0,0,high_carbon_price,5
11,RegionE,382.6600000000,298.4700000000,0.2074000000,452.5875000000,1089.7800000000,0.0000000000,179.6160000000,82.0000000000,272.9715000000,0.0000000000,0.0000000000,0.0000000000,0.0000000000,220.0000000000,596.8085000000,-220.0000000000,0.0000000000,0,0,high_carbon_price,5
12,RegionE,382.8900000000,298.6500000000,0.2059000000,443.6849995833,1059.8100000000,240.0000000000,0.0000000000,307.6000000000,443.6849995833,240.0000000000,0.0000000000,0.0000000000,0.0000000000,220.0000000000,156.1250004167,-220.0000000000,0.0000000000,1,0,high_carbon_price,5
13,RegionE,383.1200000000,298.8300000000,0.2055000000,430.6812495833,1012.1300000000,0.0000000000,209.8080000000,82.0000000000,220.8732495833,-0.0000000000,0.0000000000,0.0000000000,0.0000000000,220.0000000000,571.2567504167,-220.0000000000,0.0000000000,0,0,high_carbon_price,5
14,RegionE,383.3400000000,299.0100000000,0.2063000000,399.7300000000,950.0000000000,240.0000000000,0.0000000000,307.6000000000,399.7300000000,240.0000000000,0.0000000000,0.0000000000,0.0000000000,220.0000000000,90.2700000000,-220.0000000000,0.0000000000,1,0,high_carbon_price,5
15,RegionE,383.5500000000,299.1700000000,0.2083000000,371.3024995833,877.6500000000,240.0000000000,0.0000000000,533.2000000000,371.3024995833,240.0000000000,0.0000000000,0.0000000000,0.0000000000,220.0000000000,46.3475004167,-220.0000000000,0.0000000000,1,0,high_carbon_price,5
16,RegionE,383.7700000000,299.3400000000,0.2113000000,336.3374995833,800.0000000000,240.0000000000,0.0000000000,758.8000000000,336.3374995833,240.0000000000,0.0000000000,0.0000000000,0.0000000000,220.0000000000,3.6625004167,-220.0000000000,0.0000000000,1,0,high_carbon_price,5
17,RegionE,556.7700000000,434.2800000000,0.2151000000,343.7250000000,722.3500000000,0.0000000000,240.0000000000,500.7354838710,103.7250000000,0.0000000000,0.0000000000,0.0000000000,0.0000000000,220.0000000000,398.6250000000,-220.0000000000,0.0000000000,0,0,high_carbon_price,5
18,RegionE,557.0600000000,434.5100000000,0.2196000000,278.7624995833,650.0000000000,151.2375004167,0.0000000000,642.8987342627,278.7624995833,151.2375004167,0.0000000000,0.0000000000,0.0000000000,220.0000000000,0.0000000000,-220.0000000000,0.0000000000,1,0,high_carbon_price,5
19,RegionE,557.3500000000,434.7300000000,0.2243000000,322.8250004167,587.8700000000,45.0449995833,-0.0000000000,685.2410338710,322.8250004167,45.0449995833,0.0000000000,0.0000000000,0.0000000000,220.0000000000,-0.0000000000,-220.0000000000,0.0000000000,1,0,high_carbon_price,5
20,RegionE,557.6300000000,434.9500000000,0.2290000000,292.7625000000,540.1900000000,27.4275000000,0.0000000000,711.0228838710,292.7625000000,27.4275000000,0.0000000000,0.0000000000,0.0000000000,220.0000000000,0.0000000000,-220.0000000000,0.0000000000,1,0,high_carbon_price,5
21,RegionE,557.9000000000,435.1600000000,0.2335000000,309.5500000000,510.2200000000,0.0000000000,120.0962815833,581.8870972223,189.4537184167,-0.0000000000,0.0000000000,0.0000000000,0.0000000000,220.0000000000,100.7662815833,-220.0000000000,0.0000000000,0,0,high_carbon_price,5
22,RegionE,346.4500000000,270.2300000000,0.2373000000,361.8250000000,500.0000000000,0.0000000000,81.8250000000,493.9032262545,280.0000000000,0.0000000000,0.0000000000,0.0000000000,0.0000000000,220.0000000000,0.0000000000,-220.0000000000,0.0000000000,0,0,high_carbon_price,5
23,RegionE,346.6100000000,270.3600000000,0.2402000000,405.4500004167,510.2200000000,0.0000000000,115.2300004167,370.0000000000,290.2200000000,0.0000000000,0.0000000000,0.0000000000,0.0000000000,220.0000000000,0.0000000000,-220.0000000000,0.0000000000,0,0,high_carbon_price,5
0,RegionF,260.0000000000,202.8000000000,0.2801000000,478.7519000000,540.1900000000,0.0000000000,57.8861000000,320.2568817204,420.8658000000,0.0000000000,0.0000000000,0.0000000000,0.0000000000,119.3242000000,0.0000000000,-119.3242000000,0.0000000000,0,0,high_carbon_price,5
1,RegionF,260.1700000000,202.9300000000,0.2811000000,462.8261000000,587.8700000000,0.0000000000,94.9561000000,218.1535483871,367.8700000000,0.0000000000,0.0000000000,0.0000000000,0.0000000000,220.0000000000,0.0000000000,-220.0000000000,0.0000000000,0,0,high_carbon_price,5
2,RegionF,260.3400000000,203.0700000000,0.2807000000,508.7493000000,650.0000000000,0.0000000000,78.7493000000,133.4768817204,430.0000000000,0.0000000000,0.0000000000,0.0000000000,0.0000000000,220.0000000000,0.0000000000,-220.0000000000,0.0000000000,0,0,high_carbon_price,5
3,RegionF,260.5100000000,203.2000000000,0.2789000000,547.4335000000,722.3500000000,0.0000000000,45.0835000000,85.0000000000,502.3500000000,0.0000000000,0.0000000000,0.0000000000,0.0000000000,220.0000000000,0.0000000000,-220.0000000000,0.0000000000,0,0,high_carbon_price,5
4,RegionF,260.6800000000,203.3300000000,0.2759000000,559.1429000000,800.0000000000,20.8571000000,-0.0000000000,104.6056740000,559.1429000000,20.8571000000,0.0000000000,0.0000000000,0.0000000000,220.0000000000,-0.0000000000,-220.0000000000,0.0000000000,1,0,high_carbon_price,5
5,RegionF,260.8400000000,203.4600000000,0.2719000000,592.5184995767,877.6500000000,65.1315004233,-0.0000000000,165.8292843979,592.5184995767,65.1315004233,0.0000000000,0.0000000000,0.0000000000,220.0000000000,0.0000000000,-220.0000000000,0.0000000000,1,0,high_carbon_price,5
6,RegionF,261.0100000000,203.5900000000,0.2671000000,613.7783004233,950.0000000000,116.2216995767,-0.0000000000,275.0776820000,613.7783004233,116.2216995767,0.0000000000,0.0000000000,0.0000000000,220.0000000000,0.0000000000,-220.0000000000,0.0000000000,1,0,high_carbon_price,5
7,RegionF,401.8100000000,313.4100000000,0.2620000000,570.3951000000,1012.1300000000,221.7349000000,-0.0000000000,483.5084880000,570.3951000000,221.7349000000,0.0000000000,0.0000000000,0.0000000000,220.0000000000,0.0000000000,-220.0000000000,0.0000000000,1,0,high_carbon_price,5
8,RegionF,402.0600000000,313.6100000000,0.2569000000,561.6194000000,1059.8100000000,0.0000000000,250.0000000000,214.6912836989,311.6194000000,-0.0000000000,0.0000000000,0.0000000000,0.0000000000,220.0000000000,528.1906000000,-220.0000000000,0.0000000000,0,0,high_carbon_price,5
9,RegionF,402.3100000000,313.8000000000,0.2522000000,554.6089995767,1089.7800000000,250.0000000000,-0.0000000000,449.6912836989,554.6089995767,250.0000000000,0.0000000000,0.0000000000,0.0000000000,220.0000000000,65.1710004233,-220.0000000000,0.0000000000,1,0,high_carbon_price,5
10,RegionF,402.5600000000,314.0000000000,0.2481000000,513.6895995767,1100.0000000000,0.0000000000,250.0000000000,180.8740793978,263.6895995767,-0.0000000000,0.0000000000,0.0000000000,0.0000000000,220.0000000000,616.3104004233,-220.0000000000,0.0000000000,0,0,high_carbon_price,5
11,RegionF,402.8000000000,314.1800000000,0.2451000000,456.5522995767,1089.7800000000,250.0000000000,-0.0000000000,415.8740793978,456.5522995767,250.0000000000,0.0000000000,0.0000000000,0.0000000000,220.0000000000,163.2277004233,-220.0000000000,0.0000000000,1,0,high_carbon_price,5
12,RegionF,403.0400000000,314.3700000000,0.2433000000,475.1324004233,1059.8100000000,0.0000000000,250.0000000000,147.0568750968,225.1324004233,-0.0000000000,0.0000000000,0.0000000000,0.0000000000,220.0000000000,614.6775995767,-220.0000000000,0.0000000000,0,0,high_carbon_price,5
13,RegionF,403.2800000000,314.5600000000,0.2428000000,445.8665200000,1012.1300000000,250.0000000000,-0.0000000000,382.0568750968,445.8665200000,250.0000000000,0.0000000000,0.0000000000,0.0000000000,220.0000000000,96.2634800000,-220.0000000000,0.0000000000,1,0,high_carbon_price,5
14,RegionF,403.5100000000,314.7400000000,0.2438000000,398.6822100000,950.0000000000,0.0000000000,250.0000000000,113.2396707957,148.6822100000,-0.0000000000,0.0000000000,0.0000000000,0.0000000000,220.0000000000,581.3177900000,-220.0000000000,0.0000000000,0,0,high_carbon_price,5
15,RegionF,403.7400000000,314.9200000000,0.2461000000,353.4283000000,877.6500000000,250.0000000000,-0.0000000000,348.2396707957,353.4283000000,250.0000000000,0.0000000000,0.0000000000,0.0000000000,220.0000000000,54.2217000000,-220.0000000000,0.0000000000,1,0,high_carbon_price,5
16,RegionF,403.9700000000,315.1000000000,0.2497000000,307.3908004233,800.0000000000,250.0000000000,-0.0000000000,583.2396707957,307.3908004233,250.0000000000,0.0000000000,0.0000000000,0.0000000000,220.0000000000,22.6091995767,-220.0000000000,0.0000000000,1,0,high_carbon_price,5
17,RegionF,586.0700000000,457.1300000000,0.2542000000,331.7367004233,722.3500000000,170.6132995767,0.0000000000,743.6161723978,331.7367004233,170.6132995767,0.0000000000,0.0000000000,0.0000000000,220.0000000000,-0.0000000000,-220.0000000000,0.0000000000,1,0,high_carbon_price,5
18,RegionF,586.3800000000,457.3800000000,0.2595000000,310.2737004233,650.0000000000,0.0000000000,195.1023561965,533.8286926166,115.1713442268,-0.0000000000,0.0000000000,0.0000000000,0.0000000000,220.0000000000,314.8286557732,-220.0000000000,0.0000000000,0,0,high_carbon_price,5
19,RegionF,586.6800000000,457.6100000000,0.2651000000,271.9324000000,587.8700000000,95.9376000000,-0.0000000000,624.0100366166,271.9324000000,95.9376000000,0.0000000000,0.0000000000,0.0000000000,220.0000000000,0.0000000000,-220.0000000000,0.0000000000,1,0,high_carbon_price,5
20,RegionF,586.9800000000,457.8400000000,0.2707000000,319.8495000000,540.1900000000,0.3405000000,-0.0000000000,624.3301066166,319.8495000000,0.3405000000,0.0000000000,0.0000000000,0.0000000000,220.0000000000,0.0000000000,-220.0000000000,0.0000000000,1,0,high_carbon_price,5
21,RegionF,587.2700000000,458.0700000000,0.2759000000,325.3993995767,510.2200000000,0.0000000000,35.1793995767,586.5027952438,290.2200000000,0.0000000000,0.0000000000,0.0000000000,0.0000000000,220.0000000000,0.0000000000,-220.0000000000,0.0000000000,0,0,high_carbon_price,5
22,RegionF,364.6800000000,284.4500000000,0.2804000000,368.4523995767,500.0000000000,0.0000000000,88.4523995767,491.3926881720,280.0000000000,0.0000000000,0.0000000000,0.0000000000,0.0000000000,220.0000000000,0.0000000000,-220.0000000000,0.0000000000,0,0,high_carbon_price,5
23,RegionF,364.8500000000,284.5800000000,0.2839000000,391.4902000000,510.2200000000,0.0000000000,101.2702000000,382.5000000000,290.2200000000,-0.0000000000,0.0000000000,0.0000000000,0.0000000000,220.0000000000,0.0000000000,-220.0000000000,0.0000000000,0,0,high_carbon_price,5
0,RegionA,468.0000000000,0.0000000000,0.6679000000,499.1490004500,378.1330000000,0.0000000000,47.1658336333,106.2327895290,378.1330000000,0.0000000000,0.0000000000,73.8501668167,73.8501668167,0.0000000000,0.0000000000,73.8501668167,73.8501668167,0,1,renewable_low_70pct,5
1,RegionA,468.3100000000,0.0000000000,0.6703000000,535.4235000000,411.5090000000,0.0000000000,50.0643331833,51.8150360688,411.5090000000,0.0000000000,0.0000000000,73.8501668167,73.8501668167,0.0000000000,0.0000000000,73.8501668167,73.8501668167,0,1,renewable_low_70pct,5
2,RegionA,468.6100000000,0.0000000000,0.6693000000,544.3200000000,455.0000000000,0.0000000000,15.4698331833,35.0000000000,455.0000000000,0.0000000000,0.0000000000,73.8501668167,73.8501668167,0.0000000000,0.0000000000,73.8501668167,73.8501668167,0,1,renewable_low_70pct,5
3,RegionA,468.9100000000,0.0000000000,0.6650000000,544.3200000000,505.6450000000,0.0000000000,-0.0000000000,35.0000000000,505.6450000000,0.0000000000,0.0000000000,38.6750000000,38.6750000000,0.0000000000,0.0000000000,38.6750000000,38.6750000000,0,1,renewable_low_70pct,5
4,RegionA,469.2200000000,0.0000000000,0.6578000000,544.3199995500,560.0000000000,15.6800004500,0.0000000000,49.5824004185,544.3199995500,15.6800004500,0.0000000000,0.0000000000,0.0000000000,0.0000000000,0.0000000000,0.0000000000,0.0000000000,1,1,renewable_low_70pct,5
5,RegionA,469.5200000000,0.0000000000,0.6483000000,544.3200000000,614.3550000000,70.0350000000,0.0000000000,114.7149504185,544.3200000000,70.0350000000,0.0000000000,0.0000000000,0.0000000000,0.0000000000,0.0000000000,0.0000000000,0.0000000000,1,1,renewable_low_70pct,5
6,RegionA,469.8200000000,0.0000000000,0.6370000000,544.3200004500,665.0000000000,100.0000000000,0.0000000000,207.7149504185,544.3200004500,100.0000000000,0.0000000000,0.0000000000,0.0000000000,0.0000000000,20.6799995500,0.0000000000,0.0000000000,1,1,renewable_low_70pct,5
7,RegionA,723.2600000000,0.0000000000,0.6248000000,544.3200004500,708.4910000000,0.0000000000,100.0000000000,99.0192982446,444.3200004500,0.0000000000,0.0000000000,0.0000000000,0.0000000000,0.0000000000,264.1709995500,0.0000000000,0.0000000000,0,1,renewable_low_70pct,5
8,RegionA,723.7100000000,0.0000000000,0.6126000000,544.3200000000,741.8670000000,100.0000000000,0.0000000000,192.0192982446,544.3200000000,100.0000000000,0.0000000000,0.0000000000,0.0000000000,0.0000000000,97.5470000000,0.0000000000,0.0000000000,1,1,renewable_low_70pct,5
9,RegionA,724.1600000000,0.0000000000,0.6013000000,544.3199995500,762.8460000000,100.0000000000,0.0000000000,285.0192982446,544.3199995500,100.0000000000,0.0000000000,0.0000000000,0.0000000000,0.0000000000,118.5260004500,0.0000000000,0.0000000000,1,1,renewable_low_70pct,5
10,RegionA,724.6100000000,0.0000000000,0.5917000000,531.7110004500,770.0000000000,0.0000000000,100.0000000000,176.3236460707,431.7110004500,0.0000000000,0.0000000000,0.0000000000,0.0000000000,0.0000000000,338.2889995500,0.0000000000,0.0000000000,0,1,renewable_low_70pct,5
11,RegionA,725.0400000000,0.0000000000,0.5845000000,506.1015000000,762.8460000000,100.0000000000,0.0000000000,269.3236460707,506.1015000000,100.0000000000,0.0000000000,0.0000000000,0.0000000000,0.0000000000,156.7445000000,0.0000000000,0.0000000000,1,1,renewable_low_70pct,5
12,RegionA,725.4800000000,0.0000000000,0.5802000000,466.4789995500,741.8670000000,0.0000000000,100.0000000000,160.6279938968,366.4789995500,-0.0000000000,0.0000000000,0.0000000000,0.0000000000,0.0000000000,375.3880004500,0.0000000000,0.0000000000,0,1,renewable_low_70pct,5
13,RegionA,725.9000000000,0.0000000000,0.5791000000,443.6667000000,708.4910000000,0.0000000000,100.0000000000,51.9323417228,343.6667000000,-0.0000000000,0.0000000000,0.0000000000,0.0000000000,0.0000000000,364.8243000000,0.0000000000,0.0000000000,0,1,renewable_low_70pct,5
14,RegionA,726.3200000000,0.0000000000,0.5814000000,423.0872995500,665.0000000000,100.0000000000,0.0000000000,144.9323417228,423.0872995500,100.0000000000,0.0000000000,0.0000000000,0.0000000000,0.0000000000,141.9127004500,0.0000000000,0.0000000000,1,1,renewable_low_70pct,5
15,RegionA,726.7400000000,0.0000000000,0.5869000000,379.0665000000,614.3550000000,100.0000000000,0.0000000000,237.9323417228,379.0665000000,100.0000000000,0.0000000000,0.0000000000,0.0000000000,0.0000000000,135.2885000000,0.0000000000,0.0000000000,1,1,renewable_low_70pct,5
16,RegionA,727.1400000000,0.0000000000,0.5954000000,334.0439995500,560.0000000000,0.0000000000,100.0000000000,129.2366895489,234.0439995500,0.0000000000,0.0000000000,0.0000000000,0.0000000000,0.0000000000,325.9560004500,0.0000000000,0.0000000000,0,1,renewable_low_70pct,5
17,RegionA,1054.9200000000,0.0000000000,0.6062000000,316.9124995500,505.6450000000,100.0000000000,-0.0000000000,222.2366895489,316.9124995500,100.0000000000,0.0000000000,0.0000000000,0.0000000000,0.0000000000,88.7325004500,0.0000000000,0.0000000000,1,1,renewable_low_70pct,5
18,RegionA,1055.4900000000,0.0000000000,0.6188000000,299.4434995500,455.0000000000,100.0000000000,0.0000000000,315.2366895489,299.4434995500,100.0000000000,0.0000000000,0.0000000000,0.0000000000,0.0000000000,55.5565004500,0.0000000000,0.0000000000,1,1,renewable_low_70pct,5
19,RegionA,1056.0300000000,0.0000000000,0.6321000000,386.4914995500,411.5090000000,0.0000000000,76.7956444700,231.7631629511,309.6958550800,0.0000000000,0.0000000000,0.0000000000,0.0000000000,0.0000000000,101.8131449200,0.0000000000,0.0000000000,0,1,renewable_low_70pct,5
20,RegionA,1056.5600000000,0.0000000000,0.6455000000,330.8849995500,378.1330000000,47.2480004500,0.0000000000,275.7038033696,330.8849995500,47.2480004500,0.0000000000,0.0000000000,0.0000000000,0.0000000000,0.0000000000,0.0000000000,0.0000000000,1,1,renewable_low_70pct,5
21,RegionA,1057.0800000000,0.0000000000,0.6580000000,376.1235000000,357.1540000000,0.0000000000,18.9695000000,255.0847816304,357.1540000000,0.0000000000,0.0000000000,0.0000000000,0.0000000000,0.0000000000,0.0000000000,0.0000000000,0.0000000000,0,1,renewable_low_70pct,5
22,RegionA,656.4300000000,0.0000000000,0.6687000000,388.0034995500,350.0000000000,0.0000000000,38.0034995500,213.7766299457,350.0000000000,0.0000000000,0.0000000000,0.0000000000,0.0000000000,0.0000000000,0.0000000000,0.0000000000,0.0000000000,0,1,renewable_low_70pct,5
23,RegionA,656.7300000000,0.0000000000,0.6771000000,408.9284995500,357.1540000000,0.0000000000,51.7744995500,157.5000000000,357.1540000000,0.0000000000,0.0000000000,0.0000000000,0.0000000000,0.0000000000,0.0000000000,0.0000000000,0.0000000000,0,1,renewable_low_70pct,5
0,RegionB,448.5000000000,0.0000000000,0.6248000000,458.7435004500,378.1330000000,0.0000000000,24.0243339333,117.8865935507,378.1330000000,-0.0000000000,0.0000000000,56.5861665167,56.5861665167,0.0000000000,0.0000000000,56.5861665167,56.5861665167,0,1,renewable_low_70pct,5
1,RegionB,448.7900000000,0.0000000000,0.6271000000,527.3369995500,411.5090000000,0.0000000000,59.2418330333,53.4932967754,411.5090000000,-0.0000000000,0.0000000000,56.5861665167,56.5861665167,0.0000000000,0.0000000000,56.5861665167,56.5861665167,0,1,renewable_low_70pct,5
2,RegionB,449.0800000000,0.0000000000,0.6261000000,531.3599995500,455.0000000000,0.0000000000,19.7738330333,32.0000000000,455.0000000000,-0.0000000000,0.0000000000,56.5861665167,56.5861665167,0.0000000000,0.0000000000,56.5861665167,56.5861665167,0,1,renewable_low_70pct,5
3,RegionB,449.3800000000,0.0000000000,0.6221000000,531.3600000000,505.6450000000,0.0000000000,-0.0000000000,32.0000000000,505.6450000000,-0.0000000000,0.0000000000,25.7150000000,25.7150000000,0.0000000000,0.0000000000,25.7150000000,25.7150000000,0,1,renewable_low_70pct,5
4,RegionB,449.6700000000,0.0000000000,0.6154000000,531.3600004500,560.0000000000,28.6399995500,-0.0000000000,58.6351995815,531.3600004500,28.6399995500,0.0000000000,0.0000000000,0.0000000000,0.0000000000,0.0000000000,0.0000000000,0.0000000000,1,1,renewable_low_70pct,5
5,RegionB,449.9600000000,0.0000000000,0.6064000000,531.3599995500,614.3550000000,82.9950004500,-0.0000000000,135.8205500000,531.3599995500,82.9950004500,0.0000000000,0.0000000000,0.0000000000,0.0000000000,0.0000000000,0.0000000000,0.0000000000,1,1,renewable_low_70pct,5
6,RegionB,450.2400000000,0.0000000000,0.5959000000,531.3600000000,665.0000000000,0.0000000000,90.0000000000,37.9944630435,441.3600000000,-0.0000000000,0.0000000000,0.0000000000,0.0000000000,0.0000000000,223.6400000000,0.0000000000,0.0000000000,0,1,renewable_low_70pct,5
7,RegionB,693.1200000000,0.0000000000,0.5845000000,531.3599995500,708.4910000000,90.0000000000,-0.0000000000,121.6944630435,531.3599995500,90.0000000000,0.0000000000,0.0000000000,0.0000000000,0.0000000000,87.1310004500,0.0000000000,0.0000000000,1,1,renewable_low_70pct,5
8,RegionB,693.5600000000,0.0000000000,0.5731000000,531.3599995500,741.8670000000,0.0000000000,82.5189060000,32.0000000000,448.8410935500,-0.0000000000,0.0000000000,0.0000000000,0.0000000000,0.0000000000,293.0259064500,0.0000000000,0.0000000000,0,1,renewable_low_70pct,5
9,RegionB,693.9900000000,0.0000000000,0.5625000000,531.3600000000,762.8460000000,85.2454417952,-0.0000000000,111.2782608696,531.3600000000,85.2454417952,0.0000000000,0.0000000000,0.0000000000,0.0000000000,146.2405582048,0.0000000000,0.0000000000,1,1,renewable_low_70pct,5
10,RegionB,694.4100000000,0.0000000000,0.5535000000,531.3600000000,770.0000000000,90.0000000000,-0.0000000000,194.9782608696,531.3600000000,90.0000000000,0.0000000000,0.0000000000,0.0000000000,0.0000000000,148.6400000000,0.0000000000,0.0000000000,1,1,renewable_low_70pct,5
11,RegionB,694.8300000000,0.0000000000,0.5468000000,531.3599995500,762.8460000000,0.0000000000,90.0000000000,97.1521739130,441.3599995500,-0.0000000000,0.0000000000,0.0000000000,0.0000000000,0.0000000000,321.4860004500,0.0000000000,0.0000000000,0,1,renewable_low_70pct,5
12,RegionB,695.2500000000,0.0000000000,0.5427000000,482.3819995500,741.8670000000,90.0000000000,-0.0000000000,180.8521739130,482.3819995500,90.0000000000,0.0000000000,0.0000000000,0.0000000000,0.0000000000,169.4850004500,0.0000000000,0.0000000000,1,1,renewable_low_70pct,5
13,RegionB,695.6600000000,0.0000000000,0.5417000000,443.2360495500,708.4910000000,0.0000000000,90.0000000000,83.0260869565,353.2360495500,-0.0000000000,0.0000000000,0.0000000000,0.0000000000,0.0000000000,355.2549504500,0.0000000000,0.0000000000,0,1,renewable_low_70pct,5
14,RegionB,696.0600000000,0.0000000000,0.5439000000,422.4338995500,665.0000000000,90.0000000000,-0.0000000000,166.7260869565,422.4338995500,90.0000000000,0.0000000000,0.0000000000,0.0000000000,0.0000000000,152.5661004500,0.0000000000,0.0000000000,1,1,renewable_low_70pct,5
15,RegionB,696.4500000000,0.0000000000,0.5491000000,377.5004995500,614.3550000000,0.0000000000,90.0000000000,68.9000000000,287.5004995500,-0.0000000000,0.0000000000,0.0000000000,0.0000000000,0.0000000000,326.8545004500,0.0000000000,0.0000000000,0,1,renewable_low_70pct,5
16,RegionB,696.8400000000,0.0000000000,0.5570000000,341.6593500000,560.0000000000,90.0000000000,-0.0000000000,152.6000000000,341.6593500000,90.0000000000,0.0000000000,0.0000000000,0.0000000000,0.0000000000,128.3406500000,0.0000000000,0.0000000000,1,1,renewable_low_70pct,5
17,RegionB,1010.9700000000,0.0000000000,0.5671000000,344.7360004500,505.6450000000,90.0000000000,-0.0000000000,236.3000000000,344.7360004500,90.0000000000,0.0000000000,0.0000000000,0.0000000000,0.0000000000,70.9089995500,0.0000000000,0.0000000000,1,1,renewable_low_70pct,5
18,RegionB,1011.5100000000,0.0000000000,0.5788000000,291.1005004500,455.0000000000,90.0000000000,-0.0000000000,320.0000000000,291.1005004500,90.0000000000,0.0000000000,0.0000000000,0.0000000000,0.0000000000,73.8994995500,0.0000000000,0.0000000000,1,1,renewable_low_70pct,5
19,RegionB,1012.0300000000,0.0000000000,0.5913000000,336.9734995500,411.5090000000,0.0000000000,18.8719692000,299.4869900000,318.1015303500,-0.0000000000,0.0000000000,0.0000000000,0.0000000000,0.0000000000,93.4074696500,0.0000000000,0.0000000000,0,1,renewable_low_70pct,5
20,RegionB,1012.5400000000,0.0000000000,0.6038000000,356.0760000000,378.1330000000,22.0570000000,-0.0000000000,320.0000000000,356.0760000000,22.0570000000,0.0000000000,0.0000000000,0.0000000000,0.0000000000,-0.0000000000,0.0000000000,0.0000000000,1,1,renewable_low_70pct,5
21,RegionB,1013.0400000000,0.0000000000,0.6155000000,375.3270000000,357.1540000000,0.0000000000,18.1730000000,300.2467391304,357.1540000000,-0.0000000000,0.0000000000,0.0000000000,0.0000000000,0.0000000000,0.0000000000,0.0000000000,0.0000000000,0,1,renewable_low_70pct,5
22,RegionB,629.0800000000,0.0000000000,0.6256000000,423.6299995500,350.0000000000,0.0000000000,56.1569995500,239.2065222283,350.0000000000,-0.0000000000,0.0000000000,17.4730000000,17.4730000000,0.0000000000,0.0000000000,17.4730000000,17.4730000000,0,1,renewable_low_70pct,5
23,RegionB,629.3700000000,0.0000000000,0.6334000000,444.7440004500,357.1540000000,0.0000000000,87.5900004500,144.0000000000,357.1540000000,-0.0000000000,0.0000000000,0.0000000000,0.0000000000,0.0000000000,0.0000000000,0.0000000000,0.0000000000,0,1,renewable_low_70pct,5
0,RegionC,435.5000000000,0.0000000000,0.5925000000,468.1097995400,378.1330000000,0.0000000000,23.3248663600,109.6468843913,378.1330000000,-0.0000000000,0.0000000000,66.6519331800,66.6519331800,0.0000000000,0.0000000000,66.6519331800,66.6519331800,0,1,renewable_low_70pct,5
1,RegionC,435.7800000000,0.0000000000,0.5946000000,536.5440000000,411.5090000000,0.0000000000,58.3830668200,46.1870291522,411.5090000000,-0.0000000000,0.0000000000,66.6519331800,66.6519331800,0.0000000000,0.0000000000,66.6519331800,66.6519331800,0,1,renewable_low_70pct,5
2,RegionC,436.0700000000,0.0000000000,0.5937000000,536.5440000000,455.0000000000,0.0000000000,14.8920668200,30.0000000000,455.0000000000,-0.0000000000,0.0000000000,66.6519331800,66.6519331800,0.0000000000,0.0000000000,66.6519331800,66.6519331800,0,1,renewable_low_70pct,5
3,RegionC,436.3500000000,0.0000000000,0.5900000000,536.5440000000,505.6450000000,0.0000000000,-0.0000000000,30.0000000000,505.6450000000,-0.0000000000,0.0000000000,30.8990000000,30.8990000000,0.0000000000,0.0000000000,30.8990000000,30.8990000000,0,1,renewable_low_70pct,5
4,RegionC,436.6300000000,0.0000000000,0.5836000000,536.5440000000,560.0000000000,23.4560000000,-0.0000000000,51.8140800000,536.5440000000,23.4560000000,0.0000000000,0.0000000000,0.0000000000,0.0000000000,0.0000000000,0.0000000000,0.0000000000,1,1,renewable_low_70pct,5
5,RegionC,436.9100000000,0.0000000000,0.5751000000,536.5439995400,614.3550000000,77.8110004600,-0.0000000000,124.1783104278,536.5439995400,77.8110004600,0.0000000000,0.0000000000,0.0000000000,0.0000000000,0.0000000000,0.0000000000,0.0000000000,1,1,renewable_low_70pct,5
6,RegionC,437.1900000000,0.0000000000,0.5651000000,536.5440000000,665.0000000000,85.0000000000,0.0000000000,203.2283104278,536.5440000000,85.0000000000,0.0000000000,0.0000000000,0.0000000000,0.0000000000,43.4560000000,0.0000000000,0.0000000000,1,1,renewable_low_70pct,5
7,RegionC,673.0300000000,0.0000000000,0.5543000000,536.5439995400,708.4910000000,85.0000000000,-0.0000000000,282.2783104278,536.5439995400,85.0000000000,0.0000000000,0.0000000000,0.0000000000,0.0000000000,86.9470004600,0.0000000000,0.0000000000,1,1,renewable_low_70pct,5
8,RegionC,673.4500000000,0.0000000000,0.5435000000,536.5440004600,741.8670000000,0.0000000000,85.0000000000,189.8870060800,451.5440004600,-0.0000000000,0.0000000000,0.0000000000,0.0000000000,0.0000000000,290.3229995400,0.0000000000,0.0000000000,0,1,renewable_low_70pct,5
9,RegionC,673.8700000000,0.0000000000,0.5334000000,536.5440004600,762.8460000000,0.0000000000,85.0000000000,97.4957017321,451.5440004600,-0.0000000000,0.0000000000,0.0000000000,0.0000000000,0.0000000000,311.3019995400,0.0000000000,0.0000000000,0,1,renewable_low_70pct,5
10,RegionC,674.2900000000,0.0000000000,0.5249000000,536.5440004600,770.0000000000,0.0000000000,62.0960455936,30.0000000000,474.4479548664,-0.0000000000,0.0000000000,0.0000000000,0.0000000000,0.0000000000,295.5520451336,0.0000000000,0.0000000000,0,1,renewable_low_70pct,5
11,RegionC,674.6900000000,0.0000000000,0.5185000000,527.8500000000,762.8460000000,85.0000000000,-0.0000000000,109.0500000000,527.8500000000,85.0000000000,0.0000000000,0.0000000000,0.0000000000,0.0000000000,149.9960000000,0.0000000000,0.0000000000,1,1,renewable_low_70pct,5
12,RegionC,675.1000000000,0.0000000000,0.5147000000,474.4163995400,741.8670000000,0.0000000000,72.7260000000,30.0000000000,401.6903995400,-0.0000000000,0.0000000000,0.0000000000,0.0000000000,0.0000000000,340.1766004600,0.0000000000,0.0000000000,0,1,renewable_low_70pct,5
13,RegionC,675.4900000000,0.0000000000,0.5137000000,464.8116004600,708.4910000000,85.0000000000,0.0000000000,109.0500000000,464.8116004600,85.0000000000,0.0000000000,0.0000000000,0.0000000000,0.0000000000,158.6793995400,0.0000000000,0.0000000000,1,1,renewable_low_70pct,5
14,RegionC,675.8800000000,0.0000000000,0.5157000000,429.9031200000,665.0000000000,85.0000000000,0.0000000000,188.1000000000,429.9031200000,85.0000000000,0.0000000000,0.0000000000,0.0000000000,0.0000000000,150.0968800000,0.0000000000,0.0000000000,1,1,renewable_low_70pct,5
15,RegionC,676.2700000000,0.0000000000,0.5207000000,386.5642204600,614.3550000000,85.0000000000,0.0000000000,267.1500000000,386.5642204600,85.0000000000,0.0000000000,0.0000000000,0.0000000000,0.0000000000,142.7907795400,0.0000000000,0.0000000000,1,1,renewable_low_70pct,5
16,RegionC,676.6400000000,0.0000000000,0.5282000000,342.1309804600,560.0000000000,0.0000000000,85.0000000000,174.7586956522,257.1309804600,-0.0000000000,0.0000000000,0.0000000000,0.0000000000,0.0000000000,302.8690195400,0.0000000000,0.0000000000,0,1,renewable_low_70pct,5
17,RegionC,981.6700000000,0.0000000000,0.5378000000,368.8050000000,505.6450000000,85.0000000000,-0.0000000000,253.8086956522,368.8050000000,85.0000000000,0.0000000000,0.0000000000,0.0000000000,0.0000000000,51.8400000000,0.0000000000,0.0000000000,1,1,renewable_low_70pct,5
18,RegionC,982.1900000000,0.0000000000,0.5489000000,293.0016000000,455.0000000000,0.0000000000,63.4047199936,184.8905217461,229.5968800064,-0.0000000000,0.0000000000,0.0000000000,0.0000000000,0.0000000000,225.4031199936,0.0000000000,0.0000000000,0,1,renewable_low_70pct,5
19,RegionC,982.7000000000,0.0000000000,0.5608000000,312.7908000000,411.5090000000,85.0000000000,0.0000000000,263.9405217461,312.7908000000,85.0000000000,0.0000000000,0.0000000000,0.0000000000,0.0000000000,13.7182000000,0.0000000000,0.0000000000,1,1,renewable_low_70pct,5
20,RegionC,983.1900000000,0.0000000000,0.5726000000,349.6919995400,378.1330000000,28.4410004600,-0.0000000000,290.3906521739,349.6919995400,28.4410004600,0.0000000000,0.0000000000,0.0000000000,0.0000000000,0.0000000000,0.0000000000,0.0000000000,1,1,renewable_low_70pct,5
21,RegionC,983.6700000000,0.0000000000,0.5837000000,364.5959995400,357.1540000000,0.0000000000,7.4419995400,282.3015222391,357.1540000000,-0.0000000000,0.0000000000,0.0000000000,0.0000000000,0.0000000000,0.0000000000,0.0000000000,0.0000000000,0,1,renewable_low_70pct,5
22,RegionC,610.8500000000,0.0000000000,0.5932000000,400.5174004600,350.0000000000,0.0000000000,50.5174004600,227.3913043478,350.0000000000,-0.0000000000,0.0000000000,0.0000000000,0.0000000000,0.0000000000,0.0000000000,0.0000000000,0.0000000000,0,1,renewable_low_70pct,5
23,RegionC,611.1300000000,0.0000000000,0.6006000000,455.6622004600,357.1540000000,0.0000000000,85.0000000000,135.0000000000,357.1540000000,0.0000000000,0.0000000000,13.5082004600,13.5082004600,0.0000000000,0.0000000000,13.5082004600,13.5082004600,0,1,renewable_low_70pct,5
0,RegionD,279.5000000000,218.0100000000,0.4525000000,443.3408000000,378.1330000000,0.0000000000,65.2078000000,334.8840860215,378.1330000000,0.0000000000,0.0000000000,0.0000000000,0.0000000000,0.0000000000,0.0000000000,0.0000000000,0.0000000000,0,0,renewable_low_70pct,5
1,RegionD,279.6800000000,218.1500000000,0.4541000000,465.3568000000,411.5090000000,0.0000000000,53.8478000000,276.9832258065,411.5090000000,0.0000000000,0.0000000000,0.0000000000,0.0000000000,0.0000000000,0.0000000000,0.0000000000,0.0000000000,0,0,renewable_low_70pct,5
2,RegionD,279.8600000000,218.2900000000,0.4534000000,526.2080004267,455.0000000000,0.0000000000,71.2080004267,200.4154834122,455.0000000000,-0.0000000000,0.0000000000,0.0000000000,0.0000000000,0.0000000000,0.0000000000,0.0000000000,0.0000000000,0,0,renewable_low_70pct,5
3,RegionD,280.0500000000,218.4400000000,0.4505000000,523.9167995733,505.6450000000,0.0000000000,18.2717995733,180.7683870968,505.6450000000,0.0000000000,0.0000000000,0.0000000000,0.0000000000,0.0000000000,0.0000000000,0.0000000000,0.0000000000,0,0,renewable_low_70pct,5
4,RegionD,280.2300000000,218.5800000000,0.4456000000,588.2112004267,560.0000000000,0.0000000000,28.2112004267,150.4337629820,560.0000000000,0.0000000000,0.0000000000,0.0000000000,0.0000000000,0.0000000000,0.0000000000,0.0000000000,0.0000000000,0,0,renewable_low_70pct,5
5,RegionD,280.4100000000,218.7200000000,0.4391000000,589.3631995733,614.3550000000,24.9918004267,0.0000000000,173.9260553831,589.3631995733,24.9918004267,0.0000000000,0.0000000000,0.0000000000,0.0000000000,0.0000000000,0.0000000000,0.0000000000,1,0,renewable_low_70pct,5
6,RegionD,280.5900000000,218.8600000000,0.4315000000,587.3408000000,665.0000000000,77.6592000000,-0.0000000000,246.9257033831,587.3408000000,77.6592000000,0.0000000000,0.0000000000,0.0000000000,0.0000000000,0.0000000000,0.0000000000,0.0000000000,1,0,renewable_low_70pct,5
7,RegionD,431.9500000000,336.9200000000,0.4233000000,607.4111995733,708.4910000000,0.0000000000,9.9249523740,236.2537115831,597.4862471993,0.0000000000,0.0000000000,0.0000000000,0.0000000000,111.0047528007,0.0000000000,-111.0047528007,0.0000000000,0,0,renewable_low_70pct,5
8,RegionD,432.2200000000,337.1300000000,0.4150000000,580.3135995733,741.8670000000,0.0000000000,18.4465995733,216.4186582785,561.8670000000,0.0000000000,0.0000000000,0.0000000000,0.0000000000,180.0000000000,0.0000000000,-180.0000000000,0.0000000000,0,0,renewable_low_70pct,5
9,RegionD,432.4800000000,337.3300000000,0.4074000000,548.3391995733,762.8460000000,34.5068004267,0.0000000000,248.8550506796,548.3391995733,34.5068004267,0.0000000000,0.0000000000,0.0000000000,180.0000000000,0.0000000000,-180.0000000000,0.0000000000,1,0,renewable_low_70pct,5
10,RegionD,432.7500000000,337.5500000000,0.4008000000,541.8367995733,770.0000000000,48.1632004267,0.0000000000,294.1284590807,541.8367995733,48.1632004267,0.0000000000,0.0000000000,0.0000000000,180.0000000000,0.0000000000,-180.0000000000,0.0000000000,1,0,renewable_low_70pct,5
11,RegionD,433.0100000000,337.7500000000,0.3959000000,488.7296000000,762.8460000000,94.1164000000,0.0000000000,382.5978750807,488.7296000000,94.1164000000,0.0000000000,0.0000000000,0.0000000000,180.0000000000,0.0000000000,-180.0000000000,0.0000000000,1,0,renewable_low_70pct,5
12,RegionD,433.2700000000,337.9500000000,0.3930000000,452.1600000000,741.8670000000,109.7070000000,0.0000000000,485.7224550807,452.1600000000,109.7070000000,0.0000000000,0.0000000000,0.0000000000,180.0000000000,0.0000000000,-180.0000000000,0.0000000000,1,0,renewable_low_70pct,5
13,RegionD,433.5300000000,338.1500000000,0.3923000000,453.5424000000,708.4910000000,74.9486000000,0.0000000000,556.1741390807,453.5424000000,74.9486000000,0.0000000000,0.0000000000,0.0000000000,180.0000000000,0.0000000000,-180.0000000000,0.0000000000,1,0,renewable_low_70pct,5
14,RegionD,433.7800000000,338.3500000000,0.3938000000,390.1311995733,665.0000000000,94.8688004267,0.0000000000,645.3508114818,390.1311995733,94.8688004267,0.0000000000,0.0000000000,0.0000000000,180.0000000000,0.0000000000,-180.0000000000,0.0000000000,1,0,renewable_low_70pct,5
15,RegionD,434.0200000000,338.5400000000,0.3976000000,388.6515195733,614.3550000000,45.7034804267,0.0000000000,688.3120830829,388.6515195733,45.7034804267,0.0000000000,0.0000000000,0.0000000000,180.0000000000,0.0000000000,-180.0000000000,0.0000000000,1,0,renewable_low_70pct,5
16,RegionD,434.2600000000,338.7200000000,0.4033000000,334.7840000000,560.0000000000,45.2160000000,0.0000000000,730.8151230829,334.7840000000,45.2160000000,0.0000000000,0.0000000000,0.0000000000,180.0000000000,0.0000000000,-180.0000000000,0.0000000000,1,0,renewable_low_70pct,5
17,RegionD,630.0200000000,491.4200000000,0.4107000000,308.6719995733,505.6450000000,16.9730004267,0.0000000000,746.7697434840,308.6719995733,16.9730004267,0.0000000000,0.0000000000,0.0000000000,180.0000000000,0.0000000000,-180.0000000000,0.0000000000,1,0,renewable_low_70pct,5
18,RegionD,630.3600000000,491.6800000000,0.4192000000,262.9248000000,455.0000000000,12.0752000000,0.0000000000,758.1204314840,262.9248000000,12.0752000000,0.0000000000,0.0000000000,0.0000000000,180.0000000000,0.0000000000,-180.0000000000,0.0000000000,1,0,renewable_low_70pct,5
19,RegionD,630.6900000000,491.9400000000,0.4282000000,293.0944004267,411.5090000000,0.0000000000,61.5854004267,691.8995708101,231.5090000000,0.0000000000,0.0000000000,0.0000000000,0.0000000000,180.0000000000,0.0000000000,-180.0000000000,0.0000000000,0,0,renewable_low_70pct,5
20,RegionD,631.0000000000,492.1800000000,0.4373000000,279.1168004267,378.1330000000,0.0000000000,80.9838004267,604.8202155126,198.1330000000,0.0000000000,0.0000000000,0.0000000000,0.0000000000,180.0000000000,0.0000000000,-180.0000000000,0.0000000000,0,0,renewable_low_70pct,5
21,RegionD,631.3100000000,492.4200000000,0.4457000000,307.4944000000,357.1540000000,0.0000000000,130.3404000000,464.6692477706,177.1540000000,0.0000000000,0.0000000000,0.0000000000,0.0000000000,180.0000000000,0.0000000000,-180.0000000000,0.0000000000,0,0,renewable_low_70pct,5
22,RegionD,392.0400000000,305.7900000000,0.4530000000,349.8240004267,350.0000000000,0.0000000000,-0.0000000000,464.6692477706,349.8240004267,0.0000000000,0.0000000000,0.0000000000,0.0000000000,0.1759995733,0.0000000000,-0.1759995733,0.0000000000,0,0,renewable_low_70pct,5
23,RegionD,392.2200000000,305.9300000000,0.4586000000,412.6464004267,357.1540000000,0.0000000000,55.4924004267,405.0000000000,357.1540000000,0.0000000000,0.0000000000,0.0000000000,0.0000000000,-0.0000000000,0.0000000000,0.0000000000,0.0000000000,0,0,renewable_low_70pct,5
0,RegionE,247.0000000000,192.6600000000,0.2370000000,448.4125000000,378.1330000000,0.0000000000,70.2795000000,294.4306451613,378.1330000000,0.0000000000,0.0000000000,0.0000000000,0.0000000000,0.0000000000,0.0000000000,0.0000000000,0.0000000000,0,0,renewable_low_70pct,5
1,RegionE,247.1600000000,192.7800000000,0.2378000000,497.2374995833,411.5090000000,0.0000000000,85.7284995833,202.2494628137,411.5090000000,0.0000000000,0.0000000000,0.0000000000,0.0000000000,0.0000000000,0.0000000000,0.0000000000,0.0000000000,0,0,renewable_low_70pct,5
2,RegionE,247.3200000000,192.9100000000,0.2375000000,503.4000000000,455.0000000000,0.0000000000,48.4000000000,150.2064520610,455.0000000000,-0.0000000000,0.0000000000,0.0000000000,0.0000000000,0.0000000000,0.0000000000,0.0000000000,0.0000000000,0,0,renewable_low_70pct,5
3,RegionE,247.4800000000,193.0300000000,0.2360000000,545.0000000000,505.6450000000,0.0000000000,39.3550000000,107.8892477599,505.6450000000,0.0000000000,0.0000000000,0.0000000000,0.0000000000,0.0000000000,0.0000000000,0.0000000000,0.0000000000,0,0,renewable_low_70pct,5
4,RegionE,247.6400000000,193.1600000000,0.2334000000,556.6874995833,560.0000000000,3.3125004167,0.0000000000,111.0029981516,556.6874995833,3.3125004167,0.0000000000,0.0000000000,0.0000000000,0.0000000000,0.0000000000,0.0000000000,0.0000000000,1,0,renewable_low_70pct,5
5,RegionE,247.8000000000,193.2800000000,0.2300000000,570.3125000000,614.3550000000,44.0425000000,-0.0000000000,152.4029481516,570.3125000000,44.0425000000,0.0000000000,0.0000000000,0.0000000000,0.0000000000,0.0000000000,0.0000000000,0.0000000000,1,0,renewable_low_70pct,5
6,RegionE,247.9600000000,193.4100000000,0.2260000000,591.8875004167,665.0000000000,73.1124995833,-0.0000000000,221.1286977599,591.8875004167,73.1124995833,0.0000000000,0.0000000000,0.0000000000,0.0000000000,0.0000000000,0.0000000000,0.0000000000,1,0,renewable_low_70pct,5
7,RegionE,381.7200000000,297.7400000000,0.2217000000,585.0250004167,708.4910000000,123.4659995833,0.0000000000,337.1867373682,585.0250004167,123.4659995833,0.0000000000,0.0000000000,0.0000000000,0.0000000000,0.0000000000,0.0000000000,0.0000000000,1,0,renewable_low_70pct,5
8,RegionE,381.9600000000,297.9300000000,0.2174000000,549.1500004167,741.8670000000,192.7169995833,-0.0000000000,518.3407169765,549.1500004167,192.7169995833,0.0000000000,0.0000000000,0.0000000000,0.0000000000,0.0000000000,0.0000000000,0.0000000000,1,0,renewable_low_70pct,5
9,RegionE,382.2000000000,298.1200000000,0.2134000000,566.0125000000,762.8460000000,5.7663787926,-0.0000000000,523.7611130415,566.0125000000,5.7663787926,0.0000000000,0.0000000000,0.0000000000,191.0671212074,0.0000000000,-191.0671212074,0.0000000000,1,0,renewable_low_70pct,5
10,RegionE,382.4300000000,298.3000000000,0.2100000000,533.0874995833,770.0000000000,16.9125004167,0.0000000000,539.6588634332,533.0874995833,16.9125004167,0.0000000000,0.0000000000,0.0000000000,220.0000000000,0.0000000000,-220.0000000000,0.0000000000,1,0,renewable_low_70pct,5
11,RegionE,382.6600000000,298.4700000000,0.2074000000,452.5875000000,762.8460000000,90.2585000000,0.0000000000,624.5018534332,452.5875000000,90.2585000000,0.0000000000,0.0000000000,0.0000000000,220.0000000000,0.0000000000,-220.0000000000,0.0000000000,1,0,renewable_low_70pct,5
12,RegionE,382.8900000000,298.6500000000,0.2059000000,443.6849995833,741.8670000000,78.1820004167,0.0000000000,697.9929338249,443.6849995833,78.1820004167,0.0000000000,0.0000000000,0.0000000000,220.0000000000,0.0000000000,-220.0000000000,0.0000000000,1,0,renewable_low_70pct,5
13,RegionE,383.1200000000,298.8300000000,0.2055000000,430.6812495833,708.4910000000,57.8097504167,0.0000000000,752.3340992166,430.6812495833,57.8097504167,0.0000000000,0.0000000000,0.0000000000,220.0000000000,0.0000000000,-220.0000000000,0.0000000000,1,0,renewable_low_70pct,5
14,RegionE,383.3400000000,299.0100000000,0.2063000000,399.7300000000,665.0000000000,45.2700000000,0.0000000000,794.8878992166,399.7300000000,45.2700000000,0.0000000000,0.0000000000,0.0000000000,220.0000000000,0.0000000000,-220.0000000000,0.0000000000,1,0,renewable_low_70pct,5
15,RegionE,383.5500000000,299.1700000000,0.2083000000,371.3024995833,614.3550000000,23.0525004167,0.0000000000,816.5572496083,371.3024995833,23.0525004167,0.0000000000,0.0000000000,0.0000000000,220.0000000000,0.0000000000,-220.0000000000,0.0000000000,1,0,renewable_low_70pct,5
16,RegionE,383.7700000000,299.3400000000,0.2113000000,336.3374995833,560.0000000000,3.6625004167,0.0000000000,820.0000000000,336.3374995833,3.6625004167,0.0000000000,0.0000000000,0.0000000000,220.0000000000,0.0000000000,-220.0000000000,0.0000000000,1,0,renewable_low_70pct,5
17,RegionE,556.7700000000,434.2800000000,0.2151000000,343.7250000000,505.6450000000,0.0000000000,-0.0000000000,820.0000000000,343.7250000000,0.0000000000,0.0000000000,0.0000000000,0.0000000000,161.9200000000,0.0000000000,-161.9200000000,0.0000000000,0,0,renewable_low_70pct,5
18,RegionE,557.0600000000,434.5100000000,0.2196000000,278.7624995833,455.0000000000,0.0000000000,-0.0000000000,820.0000000000,278.7624995833,0.0000000000,0.0000000000,0.0000000000,0.0000000000,176.2375004167,0.0000000000,-176.2375004167,0.0000000000,0,0,renewable_low_70pct,5
19,RegionE,557.3500000000,434.7300000000,0.2243000000,322.8250004167,411.5090000000,0.0000000000,51.3534995833,764.7811832438,271.4715008334,0.0000000000,0.0000000000,0.0000000000,0.0000000000,140.0374991666,0.0000000000,-140.0374991666,0.0000000000,0,0,renewable_low_70pct,5
20,RegionE,557.6300000000,434.9500000000,0.2290000000,292.7625000000,378.1330000000,0.0000000000,134.6295000000,620.0182800180,158.1330000000,0.0000000000,0.0000000000,0.0000000000,0.0000000000,220.0000000000,0.0000000000,-220.0000000000,0.0000000000,0,0,renewable_low_70pct,5
21,RegionE,557.9000000000,435.1600000000,0.2335000000,309.5500000000,357.1540000000,0.0000000000,172.3960000000,434.6462370072,137.1540000000,0.0000000000,0.0000000000,0.0000000000,0.0000000000,220.0000000000,0.0000000000,-220.0000000000,0.0000000000,0,0,renewable_low_70pct,5
22,RegionE,346.4500000000,270.2300000000,0.2373000000,361.8250000000,350.0000000000,0.0000000000,11.8250000000,421.9311832438,350.0000000000,-0.0000000000,0.0000000000,0.0000000000,0.0000000000,0.0000000000,0.0000000000,0.0000000000,0.0000000000,0,0,renewable_low_70pct,5
23,RegionE,346.6100000000,270.3600000000,0.2402000000,405.4500004167,357.1540000000,0.0000000000,48.2960004167,370.0000000000,357.1540000000,0.0000000000,0.0000000000,0.0000000000,0.0000000000,0.0000000000,0.0000000000,0.0000000000,0.0000000000,0,0,renewable_low_70pct,5
0,RegionF,260.0000000000,202.8000000000,0.2801000000,478.7519000000,378.1330000000,0.0000000000,100.6189000000,274.3076344086,378.1330000000,-0.0000000000,0.0000000000,0.0000000000,0.0000000000,0.0000000000,0.0000000000,0.0000000000,0.0000000000,0,0,renewable_low_70pct,5
1,RegionF,260.1700000000,202.9300000000,0.2811000000,462.8261000000,411.5090000000,0.0000000000,51.3171000000,219.1279569892,411.5090000000,0.0000000000,0.0000000000,0.0000000000,0.0000000000,0.0000000000,0.0000000000,0.0000000000,0.0000000000,0,0,renewable_low_70pct,5
2,RegionF,260.3400000000,203.0700000000,0.2807000000,508.7493000000,455.0000000000,0.0000000000,53.7493000000,161.3330107527,455.0000000000,0.0000000000,0.0000000000,0.0000000000,0.0000000000,0.0000000000,0.0000000000,0.0000000000,0.0000000000,0,0,renewable_low_70pct,5
3,RegionF,260.5100000000,203.2000000000,0.2789000000,547.4335000000,505.6450000000,0.0000000000,41.7885000000,116.3991397849,505.6450000000,0.0000000000,0.0000000000,0.0000000000,0.0000000000,0.0000000000,0.0000000000,0.0000000000,0.0000000000,0,0,renewable_low_70pct,5
4,RegionF,260.6800000000,203.3300000000,0.2759000000,559.1429000000,560.0000000000,0.8571000000,-0.0000000000,117.2048137849,559.1429000000,0.8571000000,0.0000000000,0.0000000000,0.0000000000,0.0000000000,0.0000000000,0.0000000000,0.0000000000,1,0,renewable_low_70pct,5
5,RegionF,260.8400000000,203.4600000000,0.2719000000,592.5184995767,614.3550000000,21.8365004233,0.0000000000,137.7311241828,592.5184995767,21.8365004233,0.0000000000,0.0000000000,0.0000000000,0.0000000000,0.0000000000,0.0000000000,0.0000000000,1,0,renewable_low_70pct,5
6,RegionF,261.0100000000,203.5900000000,0.2671000000,613.7783004233,665.0000000000,51.2216995767,0.0000000000,185.8795217849,613.7783004233,51.2216995767,0.0000000000,0.0000000000,0.0000000000,0.0000000000,0.0000000000,0.0000000000,0.0000000000,1,0,renewable_low_70pct,5
7,RegionF,401.8100000000,313.4100000000,0.2620000000,570.3951000000,708.4910000000,138.0959000000,0.0000000000,315.6896677849,570.3951000000,138.0959000000,0.0000000000,0.0000000000,0.0000000000,0.0000000000,0.0000000000,0.0000000000,0.0000000000,1,0,renewable_low_70pct,5
8,RegionF,402.0600000000,313.6100000000,0.2569000000,561.6194000000,741.8670000000,180.2476000000,0.0000000000,485.1224117849,561.6194000000,180.2476000000,0.0000000000,0.0000000000,0.0000000000,0.0000000000,0.0000000000,0.0000000000,0.0000000000,1,0,renewable_low_70pct,5
9,RegionF,402.3100000000,313.8000000000,0.2522000000,554.6089995767,762.8460000000,56.3507770373,0.0000000000,538.0921422000,554.6089995767,56.3507770373,0.0000000000,0.0000000000,0.0000000000,151.8862233860,0.0000000000,-151.8862233860,0.0000000000,1,0,renewable_low_70pct,5
10,RegionF,402.5600000000,314.0000000000,0.2481000000,513.6895995767,770.0000000000,36.3104004233,0.0000000000,572.2239185979,513.6895995767,36.3104004233,0.0000000000,0.0000000000,0.0000000000,220.0000000000,0.0000000000,-220.0000000000,0.0000000000,1,0,renewable_low_70pct,5
11,RegionF,402.8000000000,314.1800000000,0.2451000000,456.5522995767,762.8460000000,86.2937004233,0.0000000000,653.3399969958,456.5522995767,86.2937004233,0.0000000000,0.0000000000,0.0000000000,220.0000000000,0.0000000000,-220.0000000000,0.0000000000,1,0,renewable_low_70pct,5
12,RegionF,403.0400000000,314.3700000000,0.2433000000,475.1324004233,741.8670000000,46.7345995767,0.0000000000,697.2705205979,475.1324004233,46.7345995767,0.0000000000,0.0000000000,0.0000000000,220.0000000000,0.0000000000,-220.0000000000,0.0000000000,1,0,renewable_low_70pct,5
13,RegionF,403.2800000000,314.5600000000,0.2428000000,445.8665200000,708.4910000000,42.6244800000,0.0000000000,737.3375317979,445.8665200000,42.6244800000,0.0000000000,0.0000000000,0.0000000000,220.0000000000,0.0000000000,-220.0000000000,0.0000000000,1,0,renewable_low_70pct,5
14,RegionF,403.5100000000,314.7400000000,0.2438000000,398.6822100000,665.0000000000,46.3177900000,0.0000000000,780.8762543979,398.6822100000,46.3177900000,0.0000000000,0.0000000000,0.0000000000,220.0000000000,0.0000000000,-220.0000000000,0.0000000000,1,0,renewable_low_70pct,5
15,RegionF,403.7400000000,314.9200000000,0.2461000000,353.4283000000,614.3550000000,40.9267000000,0.0000000000,819.3473523979,353.4283000000,40.9267000000,0.0000000000,0.0000000000,0.0000000000,220.0000000000,0.0000000000,-220.0000000000,0.0000000000,1,0,renewable_low_70pct,5
16,RegionF,403.9700000000,315.1000000000,0.2497000000,307.3908004233,560.0000000000,32.6091995767,0.0000000000,850.0000000000,307.3908004233,32.6091995767,0.0000000000,0.0000000000,0.0000000000,220.0000000000,0.0000000000,-220.0000000000,0.0000000000,1,0,renewable_low_70pct,5
17,RegionF,586.0700000000,457.1300000000,0.2542000000,331.7367004233,505.6450000000,0.0000000000,0.0000000000,850.0000000000,331.7367004233,0.0000000000,0.0000000000,0.0000000000,0.0000000000,173.9082995767,0.0000000000,-173.9082995767,0.0000000000,0,0,renewable_low_70pct,5
18,RegionF,586.3800000000,457.3800000000,0.2595000000,310.2737004233,455.0000000000,0.0000000000,-0.0000000000,850.0000000000,310.2737004233,0.0000000000,0.0000000000,0.0000000000,0.0000000000,144.7262995767,0.0000000000,-144.7262995767,0.0000000000,0,0,renewable_low_70pct,5
19,RegionF,586.6800000000,457.6100000000,0.2651000000,271.9324000000,411.5090000000,0.0000000000,32.0245008466,815.5650528531,239.9078991534,0.0000000000,0.0000000000,0.0000000000,0.0000000000,171.6011008466,0.0000000000,-171.6011008466,0.0000000000,0,0,renewable_low_70pct,5
20,RegionF,586.9800000000,457.8400000000,0.2707000000,319.8495000000,378.1330000000,0.0000000000,161.7165000000,641.6763431757,158.1330000000,0.0000000000,0.0000000000,0.0000000000,0.0000000000,220.0000000000,0.0000000000,-220.0000000000,0.0000000000,0,0,renewable_low_70pct,5
21,RegionF,587.2700000000,458.0700000000,0.2759000000,325.3993995767,357.1540000000,0.0000000000,188.2453995767,439.2619350287,137.1540000000,0.0000000000,0.0000000000,0.0000000000,0.0000000000,220.0000000000,0.0000000000,-220.0000000000,0.0000000000,0,0,renewable_low_70pct,5
22,RegionF,364.6800000000,284.4500000000,0.2804000000,368.4523995767,350.0000000000,0.0000000000,18.4523995767,419.4206451613,350.0000000000,0.0000000000,0.0000000000,0.0000000000,0.0000000000,0.0000000000,0.0000000000,0.0000000000,0.0000000000,0,0,renewable_low_70pct,5
23,RegionF,364.8500000000,284.5800000000,0.2839000000,391.4902000000,357.1540000000,0.0000000000,34.3362000000,382.5000000000,357.1540000000,0.0000000000,0.0000000000,0.0000000000,0.0000000000,0.0000000000,0.0000000000,0.0000000000,0.0000000000,0,0,renewable_low_70pct,5
