Hour,Region,PricePeriod,ElectricityPrice_CNY_per_MWh,SellPrice_CNY_per_MWh,CarbonIntensity_tCO2_per_MWh,AvailableRenewable_MW,NonAI_IT_Load_MW,AbsoluteHour,AI_IT_Load_MW,IT_Load_MW,PUE,Total_Load_MW,Q2Method,ObservedElectricityPrice_CNY_per_MWh,ObservedCarbonIntensity_tCO2_per_MWh,ObservedAvailableRenewable_MW,ScenarioPriceMultiplier,ScenarioCarbonMultiplier,ScenarioRenewableMultiplier,ChargePower_MW,DischargePower_MW,SOC_MWh,RenewableToLoad_MW,RenewableCharge_MW,GridCharge_MW,GridLoadPurchase_MW,GridPurchase_MW,GridSell_MW,Curtailment_MW,NetGridImport_MW,ChargeMode,GridImportMode,Method
0,RegionA,Valley,459.4400000000,0.0000000000,0.6534000000,540.1900000000,343.6786670000,2328,2.8413333333,346.5200003333,1.3500000000,467.8020004500,surrogate_assisted_fix_and_optimize_candidate_PROBE_ONLY,459.4400000000,0.6534000000,540.1900000000,1.0000000000,1.0000000000,1.0000000000,0.0000000000,0.0000000000,157.5000000000,467.8020004500,0.0000000000,0.0000000000,0.0000000000,0.0000000000,0.0000000000,72.3879995500,0.0000000000,0,1,Q2_candidate_plus_integrated_storage_MILP
1,RegionA,Valley,459.6500000000,0.0000000000,0.6555000000,587.8700000000,360.9213330000,2329,4.7920000000,365.7133330000,1.3500000000,493.7129995500,surrogate_assisted_fix_and_optimize_candidate_PROBE_ONLY,459.6500000000,0.6555000000,587.8700000000,1.0000000000,1.0000000000,1.0000000000,0.0000000000,0.0000000000,157.5000000000,493.7129995500,0.0000000000,0.0000000000,0.0000000000,0.0000000000,0.0000000000,94.1570004500,0.0000000000,0,1,Q2_candidate_plus_integrated_storage_MILP
2,RegionA,Valley,459.8700000000,0.0000000000,0.6543000000,650.0000000000,388.0120000000,2330,4.2280000000,392.2400000000,1.3500000000,529.5240000000,surrogate_assisted_fix_and_optimize_candidate_PROBE_ONLY,459.8700000000,0.6543000000,650.0000000000,1.0000000000,1.0000000000,1.0000000000,0.0000000000,0.0000000000,157.5000000000,529.5240000000,0.0000000000,0.0000000000,0.0000000000,0.0000000000,0.0000000000,120.4760000000,0.0000000000,0,1,Q2_candidate_plus_integrated_storage_MILP
3,RegionA,Valley,460.0900000000,0.0000000000,0.6498000000,722.3500000000,395.2613330000,2331,5.1586666667,400.4199996667,1.3500000000,540.5669995500,surrogate_assisted_fix_and_optimize_candidate_PROBE_ONLY,460.0900000000,0.6498000000,722.3500000000,1.0000000000,1.0000000000,1.0000000000,0.0000000000,0.0000000000,157.5000000000,540.5669995500,0.0000000000,0.0000000000,0.0000000000,0.0000000000,0.0000000000,181.7830004500,0.0000000000,0,1,Q2_candidate_plus_integrated_storage_MILP
4,RegionA,Valley,460.3200000000,0.0000000000,0.6424000000,800.0000000000,391.8600000000,2332,9.3400000000,401.2000000000,1.3500000000,541.6200000000,surrogate_assisted_fix_and_optimize_candidate_PROBE_ONLY,460.3200000000,0.6424000000,800.0000000000,1.0000000000,1.0000000000,1.0000000000,0.0000000000,0.0000000000,157.5000000000,541.6200000000,0.0000000000,0.0000000000,0.0000000000,0.0000000000,0.0000000000,258.3800000000,0.0000000000,0,1,Q2_candidate_plus_integrated_storage_MILP
5,RegionA,Valley,460.5600000000,0.0000000000,0.6327000000,877.6500000000,393.0646670000,2333,8.8853333333,401.9500003333,1.3500000000,542.6325004500,surrogate_assisted_fix_and_optimize_candidate_PROBE_ONLY,460.5600000000,0.6327000000,877.6500000000,1.0000000000,1.0000000000,1.0000000000,0.0000000000,0.0000000000,157.5000000000,542.6325004500,0.0000000000,0.0000000000,0.0000000000,0.0000000000,0.0000000000,335.0174995500,0.0000000000,0,1,Q2_candidate_plus_integrated_storage_MILP
6,RegionA,Valley,460.8100000000,0.0000000000,0.6212000000,950.0000000000,393.8320000000,2334,7.6680000000,401.5000000000,1.3500000000,542.0250000000,surrogate_assisted_fix_and_optimize_candidate_PROBE_ONLY,460.8100000000,0.6212000000,950.0000000000,1.0000000000,1.0000000000,1.0000000000,0.0000000000,0.0000000000,157.5000000000,542.0250000000,0.0000000000,0.0000000000,0.0000000000,0.0000000000,0.0000000000,407.9750000000,0.0000000000,0,1,Q2_candidate_plus_integrated_storage_MILP
7,RegionA,Flat,709.3200000000,0.0000000000,0.6090000000,1012.1300000000,375.7946670000,2335,5.6853333333,381.4800003333,1.3500000000,514.9980004500,surrogate_assisted_fix_and_optimize_candidate_PROBE_ONLY,709.3200000000,0.6090000000,1012.1300000000,1.0000000000,1.0000000000,1.0000000000,0.0000000000,0.0000000000,157.5000000000,514.9980004500,0.0000000000,0.0000000000,0.0000000000,0.0000000000,0.0000000000,497.1319995500,0.0000000000,0,1,Q2_candidate_plus_integrated_storage_MILP
8,RegionA,Flat,709.7100000000,0.0000000000,0.5967000000,1059.8100000000,354.5046670000,2336,3.8586666667,358.3633336667,1.3500000000,483.7905004500,surrogate_assisted_fix_and_optimize_candidate_PROBE_ONLY,709.7100000000,0.5967000000,1059.8100000000,1.0000000000,1.0000000000,1.0000000000,0.0000000000,0.0000000000,157.5000000000,483.7905004500,0.0000000000,0.0000000000,0.0000000000,0.0000000000,0.0000000000,576.0194995500,0.0000000000,0,1,Q2_candidate_plus_integrated_storage_MILP
9,RegionA,Flat,710.1200000000,0.0000000000,0.5853000000,1089.7800000000,350.4706670000,2337,3.1693333333,353.6400003333,1.3500000000,477.4140004500,surrogate_assisted_fix_and_optimize_candidate_PROBE_ONLY,710.1200000000,0.5853000000,1089.7800000000,1.0000000000,1.0000000000,1.0000000000,0.0000000000,0.0000000000,157.5000000000,477.4140004500,0.0000000000,0.0000000000,0.0000000000,0.0000000000,0.0000000000,612.3659995500,0.0000000000,0,1,Q2_candidate_plus_integrated_storage_MILP
10,RegionA,Flat,710.5300000000,0.0000000000,0.5756000000,1100.0000000000,340.9533330000,2338,6.1800000000,347.1333330000,1.3500000000,468.6299995500,surrogate_assisted_fix_and_optimize_candidate_PROBE_ONLY,710.5300000000,0.5756000000,1100.0000000000,1.0000000000,1.0000000000,1.0000000000,0.0000000000,0.0000000000,157.5000000000,468.6299995500,0.0000000000,0.0000000000,0.0000000000,0.0000000000,0.0000000000,631.3700004500,0.0000000000,0,1,Q2_candidate_plus_integrated_storage_MILP
11,RegionA,Flat,710.9500000000,0.0000000000,0.5684000000,1089.7800000000,318.8353330000,2339,7.5463333333,326.3816663333,1.3500000000,440.6152495500,surrogate_assisted_fix_and_optimize_candidate_PROBE_ONLY,710.9500000000,0.5684000000,1089.7800000000,1.0000000000,1.0000000000,1.0000000000,0.0000000000,0.0000000000,157.5000000000,440.6152495500,0.0000000000,0.0000000000,0.0000000000,0.0000000000,0.0000000000,649.1647504500,0.0000000000,0,1,Q2_candidate_plus_integrated_storage_MILP
12,RegionA,Flat,711.3700000000,0.0000000000,0.5640000000,1059.8100000000,298.1053330000,2340,7.8826666667,305.9879996667,1.3500000000,413.0837995500,surrogate_assisted_fix_and_optimize_candidate_PROBE_ONLY,711.3700000000,0.5640000000,1059.8100000000,1.0000000000,1.0000000000,1.0000000000,0.0000000000,0.0000000000,157.5000000000,413.0837995500,0.0000000000,0.0000000000,0.0000000000,0.0000000000,0.0000000000,646.7262004500,0.0000000000,0,1,Q2_candidate_plus_integrated_storage_MILP
13,RegionA,Flat,711.8000000000,0.0000000000,0.5630000000,1012.1300000000,285.2006670000,2341,11.0800000000,296.2806670000,1.3500000000,399.9789004500,surrogate_assisted_fix_and_optimize_candidate_PROBE_ONLY,711.8000000000,0.5630000000,1012.1300000000,1.0000000000,1.0000000000,1.0000000000,0.0000000000,0.0000000000,157.5000000000,399.9789004500,0.0000000000,0.0000000000,0.0000000000,0.0000000000,0.0000000000,612.1510995500,0.0000000000,0,1,Q2_candidate_plus_integrated_storage_MILP
14,RegionA,Flat,712.2400000000,0.0000000000,0.5653000000,950.0000000000,306.1516670000,2342,12.5560000000,318.7076670000,1.3500000000,430.2553504500,surrogate_assisted_fix_and_optimize_candidate_PROBE_ONLY,712.2400000000,0.5653000000,950.0000000000,1.0000000000,1.0000000000,1.0000000000,0.0000000000,0.0000000000,157.5000000000,430.2553504500,0.0000000000,0.0000000000,0.0000000000,0.0000000000,0.0000000000,519.7446495500,0.0000000000,0,1,Q2_candidate_plus_integrated_storage_MILP
15,RegionA,Flat,712.6900000000,0.0000000000,0.5709000000,877.6500000000,299.7593330000,2343,13.0906666667,312.8499996667,1.3500000000,422.3474995500,surrogate_assisted_fix_and_optimize_candidate_PROBE_ONLY,712.6900000000,0.5709000000,877.6500000000,1.0000000000,1.0000000000,1.0000000000,0.0000000000,0.0000000000,157.5000000000,422.3474995500,0.0000000000,0.0000000000,0.0000000000,0.0000000000,0.0000000000,455.3025004500,0.0000000000,0,1,Q2_candidate_plus_integrated_storage_MILP
16,RegionA,Flat,713.1400000000,0.0000000000,0.5794000000,800.0000000000,220.9423330000,2344,8.8116666667,229.7539996667,1.3500000000,310.1678995500,surrogate_assisted_fix_and_optimize_candidate_PROBE_ONLY,713.1400000000,0.5794000000,800.0000000000,1.0000000000,1.0000000000,1.0000000000,0.0000000000,0.0000000000,157.5000000000,310.1678995500,0.0000000000,0.0000000000,0.0000000000,0.0000000000,0.0000000000,489.8321004500,0.0000000000,0,1,Q2_candidate_plus_integrated_storage_MILP
17,RegionA,Peak,1241.6400000000,0.0000000000,0.5904000000,722.3500000000,194.5866670000,2345,4.6966666667,199.2833336667,1.3500000000,269.0325004500,surrogate_assisted_fix_and_optimize_candidate_PROBE_ONLY,1034.7000000000,0.5904000000,722.3500000000,1.2000000000,1.0000000000,1.0000000000,0.0000000000,0.0000000000,157.5000000000,269.0325004500,0.0000000000,0.0000000000,0.0000000000,0.0000000000,0.0000000000,453.3174995500,0.0000000000,0,1,Q2_candidate_plus_integrated_storage_MILP
18,RegionA,Peak,1242.4440000000,0.0000000000,0.6030000000,650.0000000000,208.5800000000,2346,3.0480000000,211.6280000000,1.3500000000,285.6978000000,surrogate_assisted_fix_and_optimize_candidate_PROBE_ONLY,1035.3700000000,0.6030000000,650.0000000000,1.2000000000,1.0000000000,1.0000000000,0.0000000000,0.0000000000,157.5000000000,285.6978000000,0.0000000000,0.0000000000,0.0000000000,0.0000000000,0.0000000000,364.3022000000,0.0000000000,0,1,Q2_candidate_plus_integrated_storage_MILP
19,RegionA,Peak,1243.2360000000,0.0000000000,0.6165000000,587.8700000000,243.5246670000,2347,2.5853333333,246.1100003333,1.3500000000,332.2485004500,surrogate_assisted_fix_and_optimize_candidate_PROBE_ONLY,1036.0300000000,0.6165000000,587.8700000000,1.2000000000,1.0000000000,1.0000000000,0.0000000000,0.0000000000,157.5000000000,332.2485004500,0.0000000000,0.0000000000,0.0000000000,0.0000000000,0.0000000000,255.6214995500,0.0000000000,0,1,Q2_candidate_plus_integrated_storage_MILP
20,RegionA,Peak,1244.0520000000,0.0000000000,0.6301000000,540.1900000000,230.4453330000,2348,1.9213333333,232.3666663333,1.3500000000,313.6949995500,surrogate_assisted_fix_and_optimize_candidate_PROBE_ONLY,1036.7100000000,0.6301000000,540.1900000000,1.2000000000,1.0000000000,1.0000000000,0.0000000000,0.0000000000,157.5000000000,313.6949995500,0.0000000000,0.0000000000,0.0000000000,0.0000000000,0.0000000000,226.4950004500,0.0000000000,0,1,Q2_candidate_plus_integrated_storage_MILP
21,RegionA,Peak,1244.8560000000,0.0000000000,0.6427000000,510.2200000000,257.2800000000,2349,2.5600000000,259.8400000000,1.3500000000,350.7840000000,surrogate_assisted_fix_and_optimize_candidate_PROBE_ONLY,1037.3800000000,0.6427000000,510.2200000000,1.2000000000,1.0000000000,1.0000000000,0.0000000000,0.0000000000,157.5000000000,350.7840000000,0.0000000000,0.0000000000,0.0000000000,0.0000000000,0.0000000000,159.4360000000,0.0000000000,0,1,Q2_candidate_plus_integrated_storage_MILP
22,RegionA,Flat,644.3100000000,0.0000000000,0.6537000000,500.0000000000,266.8433330000,2350,18.7266666667,285.5699996667,1.3500000000,385.5194995500,surrogate_assisted_fix_and_optimize_candidate_PROBE_ONLY,644.3100000000,0.6537000000,500.0000000000,1.0000000000,1.0000000000,1.0000000000,0.0000000000,0.0000000000,157.5000000000,385.5194995500,0.0000000000,0.0000000000,0.0000000000,0.0000000000,0.0000000000,114.4805004500,0.0000000000,0,1,Q2_candidate_plus_integrated_storage_MILP
23,RegionA,Flat,644.7400000000,0.0000000000,0.6623000000,510.2200000000,315.1273330000,2351,19.0160000000,334.1433330000,1.3500000000,451.0934995500,surrogate_assisted_fix_and_optimize_candidate_PROBE_ONLY,644.7400000000,0.6623000000,510.2200000000,1.0000000000,1.0000000000,1.0000000000,0.0000000000,0.0000000000,157.5000000000,451.0934995500,0.0000000000,0.0000000000,0.0000000000,0.0000000000,0.0000000000,59.1265004500,0.0000000000,0,1,Q2_candidate_plus_integrated_storage_MILP
24,RegionA,Valley,465.9500000000,0.0000000000,0.6679000000,540.1900000000,320.0600000000,2352,19.8000000000,339.8600000000,1.3500000000,458.8110000000,surrogate_assisted_fix_and_optimize_candidate_PROBE_ONLY,465.9500000000,0.6679000000,540.1900000000,1.0000000000,1.0000000000,1.0000000000,0.0000000000,0.0000000000,157.5000000000,458.8110000000,0.0000000000,0.0000000000,0.0000000000,0.0000000000,0.0000000000,81.3790000000,0.0000000000,0,1,Q2_candidate_plus_integrated_storage_MILP
25,RegionA,Valley,466.2500000000,0.0000000000,0.6703000000,587.8700000000,357.6143330000,2353,18.9106666667,376.5249996667,1.3500000000,508.3087495500,surrogate_assisted_fix_and_optimize_candidate_PROBE_ONLY,466.2500000000,0.6703000000,587.8700000000,1.0000000000,1.0000000000,1.0000000000,0.0000000000,0.0000000000,157.5000000000,508.3087495500,0.0000000000,0.0000000000,0.0000000000,0.0000000000,0.0000000000,79.5612504500,0.0000000000,0,1,Q2_candidate_plus_integrated_storage_MILP
26,RegionA,Valley,466.5600000000,0.0000000000,0.6693000000,650.0000000000,380.1740000000,2354,18.8693333333,399.0433333333,1.3500000000,538.7085000000,surrogate_assisted_fix_and_optimize_candidate_PROBE_ONLY,466.5600000000,0.6693000000,650.0000000000,1.0000000000,1.0000000000,1.0000000000,0.0000000000,0.0000000000,157.5000000000,538.7085000000,0.0000000000,0.0000000000,0.0000000000,0.0000000000,0.0000000000,111.2915000000,0.0000000000,0,1,Q2_candidate_plus_integrated_storage_MILP
27,RegionA,Valley,466.8600000000,0.0000000000,0.6650000000,722.3500000000,376.8586670000,2355,19.7080000000,396.5666670000,1.3500000000,535.3650004500,surrogate_assisted_fix_and_optimize_candidate_PROBE_ONLY,466.8600000000,0.6650000000,722.3500000000,1.0000000000,1.0000000000,1.0000000000,0.0000000000,0.0000000000,157.5000000000,535.3650004500,0.0000000000,0.0000000000,0.0000000000,0.0000000000,0.0000000000,186.9849995500,0.0000000000,0,1,Q2_candidate_plus_integrated_storage_MILP
28,RegionA,Valley,467.1600000000,0.0000000000,0.6578000000,800.0000000000,382.0483330000,2356,8.9783333333,391.0266663333,1.3500000000,527.8859995500,surrogate_assisted_fix_and_optimize_candidate_PROBE_ONLY,467.1600000000,0.6578000000,800.0000000000,1.0000000000,1.0000000000,1.0000000000,0.0000000000,0.0000000000,157.5000000000,527.8859995500,0.0000000000,0.0000000000,0.0000000000,0.0000000000,0.0000000000,272.1140004500,0.0000000000,0,1,Q2_candidate_plus_integrated_storage_MILP
29,RegionA,Valley,467.4700000000,0.0000000000,0.6483000000,877.6500000000,394.3153330000,2357,2.5413333333,396.8566663333,1.3500000000,535.7564995500,surrogate_assisted_fix_and_optimize_candidate_PROBE_ONLY,467.4700000000,0.6483000000,877.6500000000,1.0000000000,1.0000000000,1.0000000000,0.0000000000,0.0000000000,157.5000000000,535.7564995500,0.0000000000,0.0000000000,0.0000000000,0.0000000000,0.0000000000,341.8935004500,0.0000000000,0,1,Q2_candidate_plus_integrated_storage_MILP
30,RegionA,Valley,467.7600000000,0.0000000000,0.6370000000,950.0000000000,398.1686670000,2358,1.6213333333,399.7900003333,1.3500000000,539.7165004500,surrogate_assisted_fix_and_optimize_candidate_PROBE_ONLY,467.7600000000,0.6370000000,950.0000000000,1.0000000000,1.0000000000,1.0000000000,0.0000000000,0.0000000000,157.5000000000,539.7165004500,0.0000000000,0.0000000000,0.0000000000,0.0000000000,0.0000000000,410.2834995500,0.0000000000,0,1,Q2_candidate_plus_integrated_storage_MILP
31,RegionA,Flat,720.1000000000,0.0000000000,0.6248000000,1012.1300000000,399.2600000000,2359,1.8400000000,401.1000000000,1.3500000000,541.4850000000,surrogate_assisted_fix_and_optimize_candidate_PROBE_ONLY,720.1000000000,0.6248000000,1012.1300000000,1.0000000000,1.0000000000,1.0000000000,0.0000000000,0.0000000000,157.5000000000,541.4850000000,0.0000000000,0.0000000000,0.0000000000,0.0000000000,0.0000000000,470.6450000000,0.0000000000,0,1,Q2_candidate_plus_integrated_storage_MILP
32,RegionA,Flat,720.5500000000,0.0000000000,0.6126000000,1059.8100000000,397.6533330000,2360,2.4800000000,400.1333330000,1.3500000000,540.1799995500,surrogate_assisted_fix_and_optimize_candidate_PROBE_ONLY,720.5500000000,0.6126000000,1059.8100000000,1.0000000000,1.0000000000,1.0000000000,0.0000000000,0.0000000000,157.5000000000,540.1799995500,0.0000000000,0.0000000000,0.0000000000,0.0000000000,0.0000000000,519.6300004500,0.0000000000,0,1,Q2_candidate_plus_integrated_storage_MILP
33,RegionA,Flat,721.0000000000,0.0000000000,0.6013000000,1089.7800000000,396.5840000000,2361,2.0160000000,398.6000000000,1.3500000000,538.1100000000,surrogate_assisted_fix_and_optimize_candidate_PROBE_ONLY,721.0000000000,0.6013000000,1089.7800000000,1.0000000000,1.0000000000,1.0000000000,0.0000000000,0.0000000000,157.5000000000,538.1100000000,0.0000000000,0.0000000000,0.0000000000,0.0000000000,0.0000000000,551.6700000000,0.0000000000,0,1,Q2_candidate_plus_integrated_storage_MILP
34,RegionA,Flat,721.4400000000,0.0000000000,0.5917000000,1100.0000000000,397.0053330000,2362,1.0946666667,398.0999996667,1.3500000000,537.4349995500,surrogate_assisted_fix_and_optimize_candidate_PROBE_ONLY,721.4400000000,0.5917000000,1100.0000000000,1.0000000000,1.0000000000,1.0000000000,0.0000000000,0.0000000000,157.5000000000,537.4349995500,0.0000000000,0.0000000000,0.0000000000,0.0000000000,0.0000000000,562.5650004500,0.0000000000,0,1,Q2_candidate_plus_integrated_storage_MILP
35,RegionA,Flat,721.8800000000,0.0000000000,0.5845000000,1089.7800000000,375.2343330000,2363,0.5173333333,375.7516663333,1.3500000000,507.2647495500,surrogate_assisted_fix_and_optimize_candidate_PROBE_ONLY,721.8800000000,0.5845000000,1089.7800000000,1.0000000000,1.0000000000,1.0000000000,0.0000000000,0.0000000000,157.5000000000,507.2647495500,0.0000000000,0.0000000000,0.0000000000,0.0000000000,0.0000000000,582.5152504500,0.0000000000,0,1,Q2_candidate_plus_integrated_storage_MILP
36,RegionA,Flat,722.3100000000,0.0000000000,0.5802000000,1059.8100000000,318.1453330000,2364,0.9213333333,319.0666663333,1.3500000000,430.7399995500,surrogate_assisted_fix_and_optimize_candidate_PROBE_ONLY,722.3100000000,0.5802000000,1059.8100000000,1.0000000000,1.0000000000,1.0000000000,0.0000000000,0.0000000000,157.5000000000,430.7399995500,0.0000000000,0.0000000000,0.0000000000,0.0000000000,0.0000000000,629.0700004500,0.0000000000,0,1,Q2_candidate_plus_integrated_storage_MILP
37,RegionA,Flat,722.7400000000,0.0000000000,0.5791000000,1012.1300000000,323.7120000000,2365,1.5546666667,325.2666666667,1.3500000000,439.1100000000,surrogate_assisted_fix_and_optimize_candidate_PROBE_ONLY,722.7400000000,0.5791000000,1012.1300000000,1.0000000000,1.0000000000,1.0000000000,0.0000000000,0.0000000000,157.5000000000,439.1100000000,0.0000000000,0.0000000000,0.0000000000,0.0000000000,0.0000000000,573.0200000000,0.0000000000,0,1,Q2_candidate_plus_integrated_storage_MILP
38,RegionA,Flat,723.1600000000,0.0000000000,0.5814000000,950.0000000000,306.7846670000,2366,2.2400000000,309.0246670000,1.3500000000,417.1833004500,surrogate_assisted_fix_and_optimize_candidate_PROBE_ONLY,723.1600000000,0.5814000000,950.0000000000,1.0000000000,1.0000000000,1.0000000000,0.0000000000,0.0000000000,157.5000000000,417.1833004500,0.0000000000,0.0000000000,0.0000000000,0.0000000000,0.0000000000,532.8166995500,0.0000000000,0,1,Q2_candidate_plus_integrated_storage_MILP
39,RegionA,Flat,723.5700000000,0.0000000000,0.5869000000,877.6500000000,279.2650000000,2367,3.8583333333,283.1233333333,1.3500000000,382.2165000000,surrogate_assisted_fix_and_optimize_candidate_PROBE_ONLY,723.5700000000,0.5869000000,877.6500000000,1.0000000000,1.0000000000,1.0000000000,0.0000000000,0.0000000000,157.5000000000,382.2165000000,0.0000000000,0.0000000000,0.0000000000,0.0000000000,0.0000000000,495.4335000000,0.0000000000,0,1,Q2_candidate_plus_integrated_storage_MILP
40,RegionA,Flat,723.9800000000,0.0000000000,0.5954000000,800.0000000000,252.6773330000,2368,4.1226666667,256.7999996667,1.3500000000,346.6799995500,surrogate_assisted_fix_and_optimize_candidate_PROBE_ONLY,723.9800000000,0.5954000000,800.0000000000,1.0000000000,1.0000000000,1.0000000000,0.0000000000,0.0000000000,157.5000000000,346.6799995500,0.0000000000,0.0000000000,0.0000000000,0.0000000000,0.0000000000,453.3200004500,0.0000000000,0,1,Q2_candidate_plus_integrated_storage_MILP
41,RegionA,Peak,1260.4080000000,0.0000000000,0.6062000000,722.3500000000,244.0370000000,2369,4.2146666667,248.2516666667,1.3500000000,335.1397500000,surrogate_assisted_fix_and_optimize_candidate_PROBE_ONLY,1050.3400000000,0.6062000000,722.3500000000,1.2000000000,1.0000000000,1.0000000000,0.0000000000,0.0000000000,157.5000000000,335.1397500000,0.0000000000,0.0000000000,0.0000000000,0.0000000000,0.0000000000,387.2102500000,0.0000000000,0,1,Q2_candidate_plus_integrated_storage_MILP
42,RegionA,Peak,1261.0800000000,0.0000000000,0.6188000000,650.0000000000,223.7783330000,2370,3.9333333333,227.7116663333,1.3500000000,307.4107495500,surrogate_assisted_fix_and_optimize_candidate_PROBE_ONLY,1050.9000000000,0.6188000000,650.0000000000,1.2000000000,1.0000000000,1.0000000000,0.0000000000,0.0000000000,157.5000000000,307.4107495500,0.0000000000,0.0000000000,0.0000000000,0.0000000000,0.0000000000,342.5892504500,0.0000000000,0,1,Q2_candidate_plus_integrated_storage_MILP
43,RegionA,Peak,1261.7280000000,0.0000000000,0.6321000000,587.8700000000,211.6813330000,2371,3.8453333333,215.5266663333,1.3500000000,290.9609995500,surrogate_assisted_fix_and_optimize_candidate_PROBE_ONLY,1051.4400000000,0.6321000000,587.8700000000,1.2000000000,1.0000000000,1.0000000000,0.0000000000,0.0000000000,157.5000000000,290.9609995500,0.0000000000,0.0000000000,0.0000000000,0.0000000000,0.0000000000,296.9090004500,0.0000000000,0,1,Q2_candidate_plus_integrated_storage_MILP
44,RegionA,Peak,1262.3760000000,0.0000000000,0.6455000000,540.1900000000,228.3473330000,2372,2.6026666667,230.9499996667,1.3500000000,311.7824995500,surrogate_assisted_fix_and_optimize_candidate_PROBE_ONLY,1051.9800000000,0.6455000000,540.1900000000,1.2000000000,1.0000000000,1.0000000000,0.0000000000,0.0000000000,157.5000000000,311.7824995500,0.0000000000,0.0000000000,0.0000000000,0.0000000000,0.0000000000,228.4075004500,0.0000000000,0,1,Q2_candidate_plus_integrated_storage_MILP
45,RegionA,Peak,1262.9880000000,0.0000000000,0.6580000000,510.2200000000,261.0486670000,2373,1.5440000000,262.5926670000,1.3500000000,354.5001004500,surrogate_assisted_fix_and_optimize_candidate_PROBE_ONLY,1052.4900000000,0.6580000000,510.2200000000,1.2000000000,1.0000000000,1.0000000000,0.0000000000,0.0000000000,157.5000000000,354.5001004500,0.0000000000,0.0000000000,0.0000000000,0.0000000000,0.0000000000,155.7198995500,0.0000000000,0,1,Q2_candidate_plus_integrated_storage_MILP
46,RegionA,Flat,653.5800000000,0.0000000000,0.6687000000,500.0000000000,271.9233330000,2374,0.7733333333,272.6966663333,1.3500000000,368.1404995500,surrogate_assisted_fix_and_optimize_candidate_PROBE_ONLY,653.5800000000,0.6687000000,500.0000000000,1.0000000000,1.0000000000,1.0000000000,0.0000000000,0.0000000000,157.5000000000,368.1404995500,0.0000000000,0.0000000000,0.0000000000,0.0000000000,0.0000000000,131.8595004500,0.0000000000,0,1,Q2_candidate_plus_integrated_storage_MILP
47,RegionA,Flat,653.8800000000,0.0000000000,0.6771000000,510.2200000000,314.1713330000,2375,1.0400000000,315.2113330000,1.3500000000,425.5352995500,surrogate_assisted_fix_and_optimize_candidate_PROBE_ONLY,653.8800000000,0.6771000000,510.2200000000,1.0000000000,1.0000000000,1.0000000000,0.0000000000,0.0000000000,157.5000000000,425.5352995500,0.0000000000,0.0000000000,0.0000000000,0.0000000000,0.0000000000,84.6847004500,0.0000000000,0,1,Q2_candidate_plus_integrated_storage_MILP
48,RegionA,Valley,472.4600000000,0.0000000000,0.6825000000,540.1900000000,309.8046670000,2376,1.1653333333,310.9700003333,1.3500000000,419.8095004500,surrogate_assisted_fix_and_optimize_candidate_PROBE_ONLY,472.4600000000,0.6825000000,540.1900000000,1.0000000000,1.0000000000,1.0000000000,0.0000000000,0.0000000000,157.5000000000,419.8095004500,0.0000000000,0.0000000000,0.0000000000,0.0000000000,0.0000000000,120.3804995500,0.0000000000,0,1,Q2_candidate_plus_integrated_storage_MILP
49,RegionA,Valley,472.6600000000,0.0000000000,0.6846000000,587.8700000000,365.4866670000,2377,2.5066666667,367.9933336667,1.3500000000,496.7910004500,surrogate_assisted_fix_and_optimize_candidate_PROBE_ONLY,472.6600000000,0.6846000000,587.8700000000,1.0000000000,1.0000000000,1.0000000000,0.0000000000,0.0000000000,157.5000000000,496.7910004500,0.0000000000,0.0000000000,0.0000000000,0.0000000000,0.0000000000,91.0789995500,0.0000000000,0,1,Q2_candidate_plus_integrated_storage_MILP
50,RegionA,Valley,472.8600000000,0.0000000000,0.6833000000,650.0000000000,386.0133330000,2378,2.7000000000,388.7133330000,1.3500000000,524.7629995500,surrogate_assisted_fix_and_optimize_candidate_PROBE_ONLY,472.8600000000,0.6833000000,650.0000000000,1.0000000000,1.0000000000,1.0000000000,0.0000000000,0.0000000000,157.5000000000,524.7629995500,0.0000000000,0.0000000000,0.0000000000,0.0000000000,0.0000000000,125.2370004500,0.0000000000,0,1,Q2_candidate_plus_integrated_storage_MILP
51,RegionA,Valley,473.0400000000,0.0000000000,0.6787000000,722.3500000000,393.1773330000,2379,2.7426666667,395.9199996667,1.3500000000,534.4919995500,surrogate_assisted_fix_and_optimize_candidate_PROBE_ONLY,473.0400000000,0.6787000000,722.3500000000,1.0000000000,1.0000000000,1.0000000000,0.0000000000,0.0000000000,157.5000000000,534.4919995500,0.0000000000,0.0000000000,0.0000000000,0.0000000000,0.0000000000,187.8580004500,0.0000000000,0,1,Q2_candidate_plus_integrated_storage_MILP
52,RegionA,Valley,473.2200000000,0.0000000000,0.6712000000,800.0000000000,376.7273330000,2380,2.2293333333,378.9566663333,1.3500000000,511.5914995500,surrogate_assisted_fix_and_optimize_candidate_PROBE_ONLY,473.2200000000,0.6712000000,800.0000000000,1.0000000000,1.0000000000,1.0000000000,0.0000000000,0.0000000000,157.5000000000,511.5914995500,0.0000000000,0.0000000000,0.0000000000,0.0000000000,0.0000000000,288.4085004500,0.0000000000,0,1,Q2_candidate_plus_integrated_storage_MILP
53,RegionA,Valley,473.3900000000,0.0000000000,0.6612000000,877.6500000000,374.4486670000,2381,1.8813333333,376.3300003333,1.3500000000,508.0455004500,surrogate_assisted_fix_and_optimize_candidate_PROBE_ONLY,473.3900000000,0.6612000000,877.6500000000,1.0000000000,1.0000000000,1.0000000000,0.0000000000,0.0000000000,157.5000000000,508.0455004500,0.0000000000,0.0000000000,0.0000000000,0.0000000000,0.0000000000,369.6044995500,0.0000000000,0,1,Q2_candidate_plus_integrated_storage_MILP
54,RegionA,Valley,473.5500000000,0.0000000000,0.6496000000,950.0000000000,376.8520000000,2382,1.5906666667,378.4426666667,1.3500000000,510.8976000000,surrogate_assisted_fix_and_optimize_candidate_PROBE_ONLY,473.5500000000,0.6496000000,950.0000000000,1.0000000000,1.0000000000,1.0000000000,0.0000000000,0.0000000000,157.5000000000,510.8976000000,0.0000000000,0.0000000000,0.0000000000,0.0000000000,0.0000000000,439.1024000000,0.0000000000,0,1,Q2_candidate_plus_integrated_storage_MILP
55,RegionA,Flat,728.7800000000,0.0000000000,0.6370000000,1012.1300000000,391.7786670000,2383,2.9213333333,394.7000003333,1.3500000000,532.8450004500,surrogate_assisted_fix_and_optimize_candidate_PROBE_ONLY,728.7800000000,0.6370000000,1012.1300000000,1.0000000000,1.0000000000,1.0000000000,0.0000000000,0.0000000000,157.5000000000,532.8450004500,0.0000000000,0.0000000000,0.0000000000,0.0000000000,0.0000000000,479.2849995500,0.0000000000,0,1,Q2_candidate_plus_integrated_storage_MILP
56,RegionA,Flat,729.0000000000,0.0000000000,0.6245000000,1059.8100000000,394.5553330000,2384,3.1680000000,397.7233330000,1.3500000000,536.9264995500,surrogate_assisted_fix_and_optimize_candidate_PROBE_ONLY,729.0000000000,0.6245000000,1059.8100000000,1.0000000000,1.0000000000,1.0000000000,0.0000000000,0.0000000000,157.5000000000,536.9264995500,0.0000000000,0.0000000000,0.0000000000,0.0000000000,0.0000000000,522.8835004500,0.0000000000,0,1,Q2_candidate_plus_integrated_storage_MILP
57,RegionA,Flat,729.2000000000,0.0000000000,0.6128000000,1089.7800000000,397.4733330000,2385,2.9666666667,400.4399996667,1.3500000000,540.5939995500,surrogate_assisted_fix_and_optimize_candidate_PROBE_ONLY,729.2000000000,0.6128000000,1089.7800000000,1.0000000000,1.0000000000,1.0000000000,0.0000000000,0.0000000000,157.5000000000,540.5939995500,0.0000000000,0.0000000000,0.0000000000,0.0000000000,0.0000000000,549.1860004500,0.0000000000,0,1,Q2_candidate_plus_integrated_storage_MILP
58,RegionA,Flat,729.4000000000,0.0000000000,0.6027000000,1100.0000000000,396.8240000000,2386,18.1760000000,415.0000000000,1.3500000000,560.2500000000,surrogate_assisted_fix_and_optimize_candidate_PROBE_ONLY,729.4000000000,0.6027000000,1100.0000000000,1.0000000000,1.0000000000,1.0000000000,0.0000000000,0.0000000000,157.5000000000,560.2500000000,0.0000000000,0.0000000000,0.0000000000,0.0000000000,0.0000000000,539.7500000000,0.0000000000,0,1,Q2_candidate_plus_integrated_storage_MILP
59,RegionA,Flat,729.5700000000,0.0000000000,0.5950000000,1089.7800000000,369.5850000000,2387,17.9266666667,387.5116666667,1.3500000000,523.1407500000,surrogate_assisted_fix_and_optimize_candidate_PROBE_ONLY,729.5700000000,0.5950000000,1089.7800000000,1.0000000000,1.0000000000,1.0000000000,0.0000000000,0.0000000000,157.5000000000,523.1407500000,0.0000000000,0.0000000000,0.0000000000,0.0000000000,0.0000000000,566.6392500000,0.0000000000,0,1,Q2_candidate_plus_integrated_storage_MILP
60,RegionA,Flat,729.7400000000,0.0000000000,0.5902000000,1059.8100000000,342.4593330000,2388,17.6253333333,360.0846663333,1.3500000000,486.1142995500,surrogate_assisted_fix_and_optimize_candidate_PROBE_ONLY,729.7400000000,0.5902000000,1059.8100000000,1.0000000000,1.0000000000,1.0000000000,0.0000000000,0.0000000000,157.5000000000,486.1142995500,0.0000000000,0.0000000000,0.0000000000,0.0000000000,0.0000000000,573.6957004500,0.0000000000,0,1,Q2_candidate_plus_integrated_storage_MILP
61,RegionA,Flat,729.8900000000,0.0000000000,0.5887000000,1012.1300000000,315.1733330000,2389,17.5133333333,332.6866663333,1.3500000000,449.1269995500,surrogate_assisted_fix_and_optimize_candidate_PROBE_ONLY,729.8900000000,0.5887000000,1012.1300000000,1.0000000000,1.0000000000,1.0000000000,0.0000000000,0.0000000000,157.5000000000,449.1269995500,0.0000000000,0.0000000000,0.0000000000,0.0000000000,0.0000000000,563.0030004500,0.0000000000,0,1,Q2_candidate_plus_integrated_storage_MILP
62,RegionA,Flat,730.0200000000,0.0000000000,0.5905000000,950.0000000000,303.7700000000,2390,14.0933333333,317.8633333333,1.3500000000,429.1155000000,surrogate_assisted_fix_and_optimize_candidate_PROBE_ONLY,730.0200000000,0.5905000000,950.0000000000,1.0000000000,1.0000000000,1.0000000000,0.0000000000,0.0000000000,157.5000000000,429.1155000000,0.0000000000,0.0000000000,0.0000000000,0.0000000000,0.0000000000,520.8845000000,0.0000000000,0,1,Q2_candidate_plus_integrated_storage_MILP
63,RegionA,Flat,730.1400000000,0.0000000000,0.5955000000,877.6500000000,261.0856670000,2391,1.9200000000,263.0056670000,1.3500000000,355.0576504500,surrogate_assisted_fix_and_optimize_candidate_PROBE_ONLY,730.1400000000,0.5955000000,877.6500000000,1.0000000000,1.0000000000,1.0000000000,0.0000000000,0.0000000000,157.5000000000,355.0576504500,0.0000000000,0.0000000000,0.0000000000,0.0000000000,0.0000000000,522.5923495500,0.0000000000,0,1,Q2_candidate_plus_integrated_storage_MILP
64,RegionA,Flat,730.2400000000,0.0000000000,0.6035000000,800.0000000000,246.1323330000,2392,1.8026666667,247.9349996667,1.3500000000,334.7122495500,surrogate_assisted_fix_and_optimize_candidate_PROBE_ONLY,730.2400000000,0.6035000000,800.0000000000,1.0000000000,1.0000000000,1.0000000000,0.0000000000,0.0000000000,157.5000000000,334.7122495500,0.0000000000,0.0000000000,0.0000000000,0.0000000000,0.0000000000,465.2877504500,0.0000000000,0,1,Q2_candidate_plus_integrated_storage_MILP
65,RegionA,Peak,1270.7760000000,0.0000000000,0.6138000000,722.3500000000,205.5583330000,2393,3.1066666667,208.6649996667,1.3500000000,281.6977495500,surrogate_assisted_fix_and_optimize_candidate_PROBE_ONLY,1058.9800000000,0.6138000000,722.3500000000,1.2000000000,1.0000000000,1.0000000000,0.0000000000,0.0000000000,157.5000000000,281.6977495500,0.0000000000,0.0000000000,0.0000000000,0.0000000000,0.0000000000,440.6522504500,0.0000000000,0,1,Q2_candidate_plus_integrated_storage_MILP
66,RegionA,Peak,1270.9080000000,0.0000000000,0.6258000000,650.0000000000,216.9636670000,2394,2.9880000000,219.9516670000,1.3500000000,296.9347504500,surrogate_assisted_fix_and_optimize_candidate_PROBE_ONLY,1059.0900000000,0.6258000000,650.0000000000,1.2000000000,1.0000000000,1.0000000000,0.0000000000,0.0000000000,157.5000000000,296.9347504500,0.0000000000,0.0000000000,0.0000000000,0.0000000000,0.0000000000,353.0652495500,0.0000000000,0,1,Q2_candidate_plus_integrated_storage_MILP
67,RegionA,Peak,1271.0040000000,0.0000000000,0.6386000000,587.8700000000,224.5660000000,2395,2.6173333333,227.1833333333,1.3500000000,306.6975000000,surrogate_assisted_fix_and_optimize_candidate_PROBE_ONLY,1059.1700000000,0.6386000000,587.8700000000,1.2000000000,1.0000000000,1.0000000000,0.0000000000,0.0000000000,157.5000000000,306.6975000000,0.0000000000,0.0000000000,0.0000000000,0.0000000000,0.0000000000,281.1725000000,0.0000000000,0,1,Q2_candidate_plus_integrated_storage_MILP
68,RegionA,Peak,1271.0760000000,0.0000000000,0.6514000000,540.1900000000,219.6760000000,2396,3.0440000000,222.7200000000,1.3500000000,300.6720000000,surrogate_assisted_fix_and_optimize_candidate_PROBE_ONLY,1059.2300000000,0.6514000000,540.1900000000,1.2000000000,1.0000000000,1.0000000000,0.0000000000,0.0000000000,157.5000000000,300.6720000000,0.0000000000,0.0000000000,0.0000000000,0.0000000000,0.0000000000,239.5180000000,0.0000000000,0,1,Q2_candidate_plus_integrated_storage_MILP
69,RegionA,Peak,1271.1240000000,0.0000000000,0.6633000000,510.2200000000,207.5086670000,2397,2.1813333333,209.6900003333,1.3500000000,283.0815004500,surrogate_assisted_fix_and_optimize_candidate_PROBE_ONLY,1059.2700000000,0.6633000000,510.2200000000,1.2000000000,1.0000000000,1.0000000000,0.0000000000,0.0000000000,157.5000000000,283.0815004500,0.0000000000,0.0000000000,0.0000000000,0.0000000000,0.0000000000,227.1384995500,0.0000000000,0,1,Q2_candidate_plus_integrated_storage_MILP
70,RegionA,Flat,657.4900000000,0.0000000000,0.6735000000,500.0000000000,260.8906670000,2398,6.6893333333,267.5800003333,1.3500000000,361.2330004500,surrogate_assisted_fix_and_optimize_candidate_PROBE_ONLY,657.4900000000,0.6735000000,500.0000000000,1.0000000000,1.0000000000,1.0000000000,0.0000000000,0.0000000000,157.5000000000,361.2330004500,0.0000000000,0.0000000000,0.0000000000,0.0000000000,0.0000000000,138.7669995500,0.0000000000,0,1,Q2_candidate_plus_integrated_storage_MILP
71,RegionA,Flat,657.4900000000,0.0000000000,0.6812000000,510.2200000000,302.2800000000,2399,5.6400000000,307.9200000000,1.3500000000,415.6920000000,surrogate_assisted_fix_and_optimize_candidate_PROBE_ONLY,657.4900000000,0.6812000000,510.2200000000,1.0000000000,1.0000000000,1.0000000000,0.0000000000,0.0000000000,157.5000000000,415.6920000000,0.0000000000,0.0000000000,0.0000000000,0.0000000000,0.0000000000,94.5280000000,0.0000000000,0,1,Q2_candidate_plus_integrated_storage_MILP
0,RegionB,Valley,440.3000000000,0.0000000000,0.6112000000,540.1900000000,329.5996670000,2328,18.1936666667,347.7933336667,1.3500000000,469.5210004500,surrogate_assisted_fix_and_optimize_candidate_PROBE_ONLY,440.3000000000,0.6112000000,540.1900000000,1.0000000000,1.0000000000,1.0000000000,0.0000000000,0.0000000000,144.0000000000,469.5210004500,0.0000000000,0.0000000000,0.0000000000,0.0000000000,0.0000000000,70.6689995500,0.0000000000,0,1,Q2_candidate_plus_integrated_storage_MILP
1,RegionB,Valley,440.5000000000,0.0000000000,0.6132000000,587.8700000000,349.9616670000,2329,30.3000000000,380.2616670000,1.3500000000,513.3532504500,surrogate_assisted_fix_and_optimize_candidate_PROBE_ONLY,440.5000000000,0.6132000000,587.8700000000,1.0000000000,1.0000000000,1.0000000000,0.0000000000,0.0000000000,144.0000000000,513.3532504500,0.0000000000,0.0000000000,0.0000000000,0.0000000000,0.0000000000,74.5167495500,0.0000000000,0,1,Q2_candidate_plus_integrated_storage_MILP
2,RegionB,Valley,440.7100000000,0.0000000000,0.6121000000,650.0000000000,354.2093330000,2330,30.0506666667,384.2599996667,1.3500000000,518.7509995500,surrogate_assisted_fix_and_optimize_candidate_PROBE_ONLY,440.7100000000,0.6121000000,650.0000000000,1.0000000000,1.0000000000,1.0000000000,0.0000000000,0.0000000000,144.0000000000,518.7509995500,0.0000000000,0.0000000000,0.0000000000,0.0000000000,0.0000000000,131.2490004500,0.0000000000,0,1,Q2_candidate_plus_integrated_storage_MILP
3,RegionB,Valley,440.9200000000,0.0000000000,0.6079000000,722.3500000000,352.7773330000,2331,41.4026666667,394.1799996667,1.3500000000,532.1429995500,surrogate_assisted_fix_and_optimize_candidate_PROBE_ONLY,440.9200000000,0.6079000000,722.3500000000,1.0000000000,1.0000000000,1.0000000000,0.0000000000,0.0000000000,144.0000000000,532.1429995500,0.0000000000,0.0000000000,0.0000000000,0.0000000000,0.0000000000,190.2070004500,0.0000000000,0,1,Q2_candidate_plus_integrated_storage_MILP
4,RegionB,Valley,441.1400000000,0.0000000000,0.6010000000,800.0000000000,339.1006670000,2332,61.6516666667,400.7523336667,1.3500000000,541.0156504500,surrogate_assisted_fix_and_optimize_candidate_PROBE_ONLY,441.1400000000,0.6010000000,800.0000000000,1.0000000000,1.0000000000,1.0000000000,0.0000000000,0.0000000000,144.0000000000,541.0156504500,0.0000000000,0.0000000000,0.0000000000,0.0000000000,0.0000000000,258.9843495500,0.0000000000,0,1,Q2_candidate_plus_integrated_storage_MILP
5,RegionB,Valley,441.3700000000,0.0000000000,0.5919000000,877.6500000000,346.7413330000,2333,53.7180000000,400.4593330000,1.3500000000,540.6200995500,surrogate_assisted_fix_and_optimize_candidate_PROBE_ONLY,441.3700000000,0.5919000000,877.6500000000,1.0000000000,1.0000000000,1.0000000000,0.0000000000,0.0000000000,144.0000000000,540.6200995500,0.0000000000,0.0000000000,0.0000000000,0.0000000000,0.0000000000,337.0299004500,0.0000000000,0,1,Q2_candidate_plus_integrated_storage_MILP
6,RegionB,Valley,441.6100000000,0.0000000000,0.5812000000,950.0000000000,364.8793330000,2334,37.4940000000,402.3733330000,1.3500000000,543.2039995500,surrogate_assisted_fix_and_optimize_candidate_PROBE_ONLY,441.6100000000,0.5812000000,950.0000000000,1.0000000000,1.0000000000,1.0000000000,0.0000000000,0.0000000000,144.0000000000,543.2039995500,0.0000000000,0.0000000000,0.0000000000,0.0000000000,0.0000000000,406.7960004500,0.0000000000,0,1,Q2_candidate_plus_integrated_storage_MILP
7,RegionB,Flat,679.7600000000,0.0000000000,0.5697000000,1012.1300000000,346.4893330000,2335,45.1973333333,391.6866663333,1.3500000000,528.7769995500,surrogate_assisted_fix_and_optimize_candidate_PROBE_ONLY,679.7600000000,0.5697000000,1012.1300000000,1.0000000000,1.0000000000,1.0000000000,0.0000000000,0.0000000000,144.0000000000,528.7769995500,0.0000000000,0.0000000000,0.0000000000,0.0000000000,0.0000000000,483.3530004500,0.0000000000,0,1,Q2_candidate_plus_integrated_storage_MILP
8,RegionB,Flat,680.1400000000,0.0000000000,0.5582000000,1059.8100000000,358.4623330000,2336,34.1376666667,392.5999996667,1.3500000000,530.0099995500,surrogate_assisted_fix_and_optimize_candidate_PROBE_ONLY,680.1400000000,0.5582000000,1059.8100000000,1.0000000000,1.0000000000,1.0000000000,0.0000000000,0.0000000000,144.0000000000,530.0099995500,0.0000000000,0.0000000000,0.0000000000,0.0000000000,0.0000000000,529.8000004500,0.0000000000,0,1,Q2_candidate_plus_integrated_storage_MILP
9,RegionB,Flat,680.5300000000,0.0000000000,0.5475000000,1089.7800000000,379.0433330000,2337,15.9766666667,395.0199996667,1.3500000000,533.2769995500,surrogate_assisted_fix_and_optimize_candidate_PROBE_ONLY,680.5300000000,0.5475000000,1089.7800000000,1.0000000000,1.0000000000,1.0000000000,0.0000000000,0.0000000000,144.0000000000,533.2769995500,0.0000000000,0.0000000000,0.0000000000,0.0000000000,0.0000000000,556.5030004500,0.0000000000,0,1,Q2_candidate_plus_integrated_storage_MILP
10,RegionB,Flat,680.9200000000,0.0000000000,0.5385000000,1100.0000000000,378.1320000000,2338,17.3346666667,395.4666666667,1.3500000000,533.8800000000,surrogate_assisted_fix_and_optimize_candidate_PROBE_ONLY,680.9200000000,0.5385000000,1100.0000000000,1.0000000000,1.0000000000,1.0000000000,0.0000000000,0.0000000000,144.0000000000,533.8800000000,0.0000000000,0.0000000000,0.0000000000,0.0000000000,0.0000000000,566.1200000000,0.0000000000,0,1,Q2_candidate_plus_integrated_storage_MILP
11,RegionB,Flat,681.3200000000,0.0000000000,0.5317000000,1089.7800000000,372.8233330000,2339,35.6483333333,408.4716663333,1.3500000000,551.4367495500,surrogate_assisted_fix_and_optimize_candidate_PROBE_ONLY,681.3200000000,0.5317000000,1089.7800000000,1.0000000000,1.0000000000,1.0000000000,0.0000000000,0.0000000000,144.0000000000,551.4367495500,0.0000000000,0.0000000000,0.0000000000,0.0000000000,0.0000000000,538.3432504500,0.0000000000,0,1,Q2_candidate_plus_integrated_storage_MILP
12,RegionB,Flat,681.7300000000,0.0000000000,0.5276000000,1059.8100000000,322.6046670000,2340,64.6866666667,387.2913336667,1.3500000000,522.8433004500,surrogate_assisted_fix_and_optimize_candidate_PROBE_ONLY,681.7300000000,0.5276000000,1059.8100000000,1.0000000000,1.0000000000,1.0000000000,0.0000000000,0.0000000000,144.0000000000,522.8433004500,0.0000000000,0.0000000000,0.0000000000,0.0000000000,0.0000000000,536.9666995500,0.0000000000,0,1,Q2_candidate_plus_integrated_storage_MILP
13,RegionB,Flat,682.1500000000,0.0000000000,0.5266000000,1012.1300000000,323.3373330000,2341,75.0430000000,398.3803330000,1.3500000000,537.8134495500,surrogate_assisted_fix_and_optimize_candidate_PROBE_ONLY,682.1500000000,0.5266000000,1012.1300000000,1.0000000000,1.0000000000,1.0000000000,0.0000000000,0.0000000000,144.0000000000,537.8134495500,0.0000000000,0.0000000000,0.0000000000,0.0000000000,0.0000000000,474.3165504500,0.0000000000,0,1,Q2_candidate_plus_integrated_storage_MILP
14,RegionB,Flat,682.5700000000,0.0000000000,0.5288000000,950.0000000000,276.1840000000,2342,73.4320000000,349.6160000000,1.3500000000,471.9816000000,surrogate_assisted_fix_and_optimize_candidate_PROBE_ONLY,682.5700000000,0.5288000000,950.0000000000,1.0000000000,1.0000000000,1.0000000000,0.0000000000,0.0000000000,144.0000000000,471.9816000000,0.0000000000,0.0000000000,0.0000000000,0.0000000000,0.0000000000,478.0184000000,0.0000000000,0,1,Q2_candidate_plus_integrated_storage_MILP
15,RegionB,Flat,682.9900000000,0.0000000000,0.5341000000,877.6500000000,242.6993330000,2343,76.6106666667,319.3099996667,1.3500000000,431.0684995500,surrogate_assisted_fix_and_optimize_candidate_PROBE_ONLY,682.9900000000,0.5341000000,877.6500000000,1.0000000000,1.0000000000,1.0000000000,0.0000000000,0.0000000000,144.0000000000,431.0684995500,0.0000000000,0.0000000000,0.0000000000,0.0000000000,0.0000000000,446.5815004500,0.0000000000,0,1,Q2_candidate_plus_integrated_storage_MILP
16,RegionB,Flat,683.4200000000,0.0000000000,0.5421000000,800.0000000000,238.4366670000,2344,41.3233333333,279.7600003333,1.3500000000,377.6760004500,surrogate_assisted_fix_and_optimize_candidate_PROBE_ONLY,683.4200000000,0.5421000000,800.0000000000,1.0000000000,1.0000000000,1.0000000000,0.0000000000,0.0000000000,144.0000000000,377.6760004500,0.0000000000,0.0000000000,0.0000000000,0.0000000000,0.0000000000,422.3239995500,0.0000000000,0,1,Q2_candidate_plus_integrated_storage_MILP
17,RegionB,Peak,1189.9080000000,0.0000000000,0.5523000000,722.3500000000,219.4903330000,2345,9.9423333333,229.4326663333,1.3500000000,309.7340995500,surrogate_assisted_fix_and_optimize_candidate_PROBE_ONLY,991.5900000000,0.5523000000,722.3500000000,1.2000000000,1.0000000000,1.0000000000,0.0000000000,0.0000000000,144.0000000000,309.7340995500,0.0000000000,0.0000000000,0.0000000000,0.0000000000,0.0000000000,412.6159004500,0.0000000000,0,1,Q2_candidate_plus_integrated_storage_MILP
18,RegionB,Peak,1190.6760000000,0.0000000000,0.5641000000,650.0000000000,184.2533330000,2346,3.5600000000,187.8133330000,1.3500000000,253.5479995500,surrogate_assisted_fix_and_optimize_candidate_PROBE_ONLY,992.2300000000,0.5641000000,650.0000000000,1.2000000000,1.0000000000,1.0000000000,0.0000000000,0.0000000000,144.0000000000,253.5479995500,0.0000000000,0.0000000000,0.0000000000,0.0000000000,0.0000000000,396.4520004500,0.0000000000,0,1,Q2_candidate_plus_integrated_storage_MILP
19,RegionB,Peak,1191.4440000000,0.0000000000,0.5768000000,587.8700000000,202.8813330000,2347,3.3666666667,206.2479996667,1.3500000000,278.4347995500,surrogate_assisted_fix_and_optimize_candidate_PROBE_ONLY,992.8700000000,0.5768000000,587.8700000000,1.2000000000,1.0000000000,1.0000000000,0.0000000000,0.0000000000,144.0000000000,278.4347995500,0.0000000000,0.0000000000,0.0000000000,0.0000000000,0.0000000000,309.4352004500,0.0000000000,0,1,Q2_candidate_plus_integrated_storage_MILP
20,RegionB,Peak,1192.2120000000,0.0000000000,0.5894000000,540.1900000000,200.0480000000,2348,4.3653333333,204.4133333333,1.3500000000,275.9580000000,surrogate_assisted_fix_and_optimize_candidate_PROBE_ONLY,993.5100000000,0.5894000000,540.1900000000,1.2000000000,1.0000000000,1.0000000000,0.0000000000,0.0000000000,144.0000000000,275.9580000000,0.0000000000,0.0000000000,0.0000000000,0.0000000000,0.0000000000,264.2320000000,0.0000000000,0,1,Q2_candidate_plus_integrated_storage_MILP
21,RegionB,Peak,1192.9920000000,0.0000000000,0.6013000000,510.2200000000,242.9640000000,2349,4.8760000000,247.8400000000,1.3500000000,334.5840000000,surrogate_assisted_fix_and_optimize_candidate_PROBE_ONLY,994.1600000000,0.6013000000,510.2200000000,1.2000000000,1.0000000000,1.0000000000,0.0000000000,0.0000000000,144.0000000000,334.5840000000,0.0000000000,0.0000000000,0.0000000000,0.0000000000,0.0000000000,175.6360000000,0.0000000000,0,1,Q2_candidate_plus_integrated_storage_MILP
22,RegionB,Flat,617.4700000000,0.0000000000,0.6115000000,500.0000000000,267.6920000000,2350,7.0693333333,274.7613333333,1.3500000000,370.9278000000,surrogate_assisted_fix_and_optimize_candidate_PROBE_ONLY,617.4700000000,0.6115000000,500.0000000000,1.0000000000,1.0000000000,1.0000000000,0.0000000000,0.0000000000,144.0000000000,370.9278000000,0.0000000000,0.0000000000,0.0000000000,0.0000000000,0.0000000000,129.0722000000,0.0000000000,0,1,Q2_candidate_plus_integrated_storage_MILP
23,RegionB,Flat,617.8700000000,0.0000000000,0.6195000000,510.2200000000,311.7866670000,2351,9.8733333333,321.6600003333,1.3500000000,434.2410004500,surrogate_assisted_fix_and_optimize_candidate_PROBE_ONLY,617.8700000000,0.6195000000,510.2200000000,1.0000000000,1.0000000000,1.0000000000,0.0000000000,0.0000000000,144.0000000000,434.2410004500,0.0000000000,0.0000000000,0.0000000000,0.0000000000,0.0000000000,75.9789995500,0.0000000000,0,1,Q2_candidate_plus_integrated_storage_MILP
24,RegionB,Valley,446.5300000000,0.0000000000,0.6248000000,540.1900000000,331.2233330000,2352,23.7166666667,354.9399996667,1.3500000000,479.1689995500,surrogate_assisted_fix_and_optimize_candidate_PROBE_ONLY,446.5300000000,0.6248000000,540.1900000000,1.0000000000,1.0000000000,1.0000000000,0.0000000000,0.0000000000,144.0000000000,479.1689995500,0.0000000000,0.0000000000,0.0000000000,0.0000000000,0.0000000000,61.0210004500,0.0000000000,0,1,Q2_candidate_plus_integrated_storage_MILP
25,RegionB,Valley,446.8200000000,0.0000000000,0.6271000000,587.8700000000,385.6310000000,2353,21.4740000000,407.1050000000,1.3500000000,549.5917500000,surrogate_assisted_fix_and_optimize_candidate_PROBE_ONLY,446.8200000000,0.6271000000,587.8700000000,1.0000000000,1.0000000000,1.0000000000,0.0000000000,0.0000000000,144.0000000000,549.5917500000,0.0000000000,0.0000000000,0.0000000000,0.0000000000,0.0000000000,38.2782500000,0.0000000000,0,1,Q2_candidate_plus_integrated_storage_MILP
26,RegionB,Valley,447.1200000000,0.0000000000,0.6261000000,650.0000000000,384.5666670000,2354,9.9033333333,394.4700003333,1.3500000000,532.5345004500,surrogate_assisted_fix_and_optimize_candidate_PROBE_ONLY,447.1200000000,0.6261000000,650.0000000000,1.0000000000,1.0000000000,1.0000000000,0.0000000000,0.0000000000,144.0000000000,532.5345004500,0.0000000000,0.0000000000,0.0000000000,0.0000000000,0.0000000000,117.4654995500,0.0000000000,0,1,Q2_candidate_plus_integrated_storage_MILP
27,RegionB,Valley,447.4100000000,0.0000000000,0.6221000000,722.3500000000,381.8070000000,2355,11.1613333333,392.9683333333,1.3500000000,530.5072500000,surrogate_assisted_fix_and_optimize_candidate_PROBE_ONLY,447.4100000000,0.6221000000,722.3500000000,1.0000000000,1.0000000000,1.0000000000,0.0000000000,0.0000000000,144.0000000000,530.5072500000,0.0000000000,0.0000000000,0.0000000000,0.0000000000,0.0000000000,191.8427500000,0.0000000000,0,1,Q2_candidate_plus_integrated_storage_MILP
28,RegionB,Valley,447.7000000000,0.0000000000,0.6154000000,800.0000000000,381.0333330000,2356,18.2400000000,399.2733330000,1.3500000000,539.0189995500,surrogate_assisted_fix_and_optimize_candidate_PROBE_ONLY,447.7000000000,0.6154000000,800.0000000000,1.0000000000,1.0000000000,1.0000000000,0.0000000000,0.0000000000,144.0000000000,539.0189995500,0.0000000000,0.0000000000,0.0000000000,0.0000000000,0.0000000000,260.9810004500,0.0000000000,0,1,Q2_candidate_plus_integrated_storage_MILP
29,RegionB,Valley,447.9900000000,0.0000000000,0.6064000000,877.6500000000,378.8783330000,2357,15.5550000000,394.4333330000,1.3500000000,532.4849995500,surrogate_assisted_fix_and_optimize_candidate_PROBE_ONLY,447.9900000000,0.6064000000,877.6500000000,1.0000000000,1.0000000000,1.0000000000,0.0000000000,0.0000000000,144.0000000000,532.4849995500,0.0000000000,0.0000000000,0.0000000000,0.0000000000,0.0000000000,345.1650004500,0.0000000000,0,1,Q2_candidate_plus_integrated_storage_MILP
30,RegionB,Valley,448.2700000000,0.0000000000,0.5959000000,950.0000000000,381.2360000000,2358,14.4706666667,395.7066666667,1.3500000000,534.2040000000,surrogate_assisted_fix_and_optimize_candidate_PROBE_ONLY,448.2700000000,0.5959000000,950.0000000000,1.0000000000,1.0000000000,1.0000000000,0.0000000000,0.0000000000,144.0000000000,534.2040000000,0.0000000000,0.0000000000,0.0000000000,0.0000000000,0.0000000000,415.7960000000,0.0000000000,0,1,Q2_candidate_plus_integrated_storage_MILP
31,RegionB,Flat,690.0900000000,0.0000000000,0.5845000000,1012.1300000000,380.1606670000,2359,14.5393333333,394.7000003333,1.3500000000,532.8450004500,surrogate_assisted_fix_and_optimize_candidate_PROBE_ONLY,690.0900000000,0.5845000000,1012.1300000000,1.0000000000,1.0000000000,1.0000000000,0.0000000000,0.0000000000,144.0000000000,532.8450004500,0.0000000000,0.0000000000,0.0000000000,0.0000000000,0.0000000000,479.2849995500,0.0000000000,0,1,Q2_candidate_plus_integrated_storage_MILP
32,RegionB,Flat,690.5300000000,0.0000000000,0.5731000000,1059.8100000000,379.8506670000,2360,15.8160000000,395.6666670000,1.3500000000,534.1500004500,surrogate_assisted_fix_and_optimize_candidate_PROBE_ONLY,690.5300000000,0.5731000000,1059.8100000000,1.0000000000,1.0000000000,1.0000000000,0.0000000000,0.0000000000,144.0000000000,534.1500004500,0.0000000000,0.0000000000,0.0000000000,0.0000000000,0.0000000000,525.6599995500,0.0000000000,0,1,Q2_candidate_plus_integrated_storage_MILP
33,RegionB,Flat,690.9600000000,0.0000000000,0.5625000000,1089.7800000000,350.2113330000,2361,28.0086666667,378.2199996667,1.3500000000,510.5969995500,surrogate_assisted_fix_and_optimize_candidate_PROBE_ONLY,690.9600000000,0.5625000000,1089.7800000000,1.0000000000,1.0000000000,1.0000000000,0.0000000000,0.0000000000,144.0000000000,510.5969995500,0.0000000000,0.0000000000,0.0000000000,0.0000000000,0.0000000000,579.1830004500,0.0000000000,0,1,Q2_candidate_plus_integrated_storage_MILP
34,RegionB,Flat,691.3800000000,0.0000000000,0.5535000000,1100.0000000000,365.4543330000,2362,11.4656666667,376.9199996667,1.3500000000,508.8419995500,surrogate_assisted_fix_and_optimize_candidate_PROBE_ONLY,691.3800000000,0.5535000000,1100.0000000000,1.0000000000,1.0000000000,1.0000000000,0.0000000000,0.0000000000,144.0000000000,508.8419995500,0.0000000000,0.0000000000,0.0000000000,0.0000000000,0.0000000000,591.1580004500,0.0000000000,0,1,Q2_candidate_plus_integrated_storage_MILP
35,RegionB,Flat,691.8000000000,0.0000000000,0.5468000000,1089.7800000000,362.7906670000,2363,5.1270000000,367.9176670000,1.3500000000,496.6888504500,surrogate_assisted_fix_and_optimize_candidate_PROBE_ONLY,691.8000000000,0.5468000000,1089.7800000000,1.0000000000,1.0000000000,1.0000000000,0.0000000000,0.0000000000,144.0000000000,496.6888504500,0.0000000000,0.0000000000,0.0000000000,0.0000000000,0.0000000000,593.0911495500,0.0000000000,0,1,Q2_candidate_plus_integrated_storage_MILP
36,RegionB,Flat,692.2200000000,0.0000000000,0.5427000000,1059.8100000000,330.5920000000,2364,12.6780000000,343.2700000000,1.3500000000,463.4145000000,surrogate_assisted_fix_and_optimize_candidate_PROBE_ONLY,692.2200000000,0.5427000000,1059.8100000000,1.0000000000,1.0000000000,1.0000000000,0.0000000000,0.0000000000,144.0000000000,463.4145000000,0.0000000000,0.0000000000,0.0000000000,0.0000000000,0.0000000000,596.3955000000,0.0000000000,0,1,Q2_candidate_plus_integrated_storage_MILP
37,RegionB,Flat,692.6300000000,0.0000000000,0.5417000000,1012.1300000000,298.3550000000,2365,13.4920000000,311.8470000000,1.3500000000,420.9934500000,surrogate_assisted_fix_and_optimize_candidate_PROBE_ONLY,692.6300000000,0.5417000000,1012.1300000000,1.0000000000,1.0000000000,1.0000000000,0.0000000000,0.0000000000,144.0000000000,420.9934500000,0.0000000000,0.0000000000,0.0000000000,0.0000000000,0.0000000000,591.1365500000,0.0000000000,0,1,Q2_candidate_plus_integrated_storage_MILP
38,RegionB,Flat,693.0300000000,0.0000000000,0.5439000000,950.0000000000,280.8883330000,2366,13.3226666667,294.2109996667,1.3500000000,397.1848495500,surrogate_assisted_fix_and_optimize_candidate_PROBE_ONLY,693.0300000000,0.5439000000,950.0000000000,1.0000000000,1.0000000000,1.0000000000,0.0000000000,0.0000000000,144.0000000000,397.1848495500,0.0000000000,0.0000000000,0.0000000000,0.0000000000,0.0000000000,552.8151504500,0.0000000000,0,1,Q2_candidate_plus_integrated_storage_MILP
39,RegionB,Flat,693.4200000000,0.0000000000,0.5491000000,877.6500000000,256.3330000000,2367,5.2303333333,261.5633333333,1.3500000000,353.1105000000,surrogate_assisted_fix_and_optimize_candidate_PROBE_ONLY,693.4200000000,0.5491000000,877.6500000000,1.0000000000,1.0000000000,1.0000000000,0.0000000000,0.0000000000,144.0000000000,353.1105000000,0.0000000000,0.0000000000,0.0000000000,0.0000000000,0.0000000000,524.5395000000,0.0000000000,0,1,Q2_candidate_plus_integrated_storage_MILP
40,RegionB,Flat,693.8100000000,0.0000000000,0.5570000000,800.0000000000,200.6893330000,2368,3.7413333333,204.4306663333,1.3500000000,275.9813995500,surrogate_assisted_fix_and_optimize_candidate_PROBE_ONLY,693.8100000000,0.5570000000,800.0000000000,1.0000000000,1.0000000000,1.0000000000,0.0000000000,0.0000000000,144.0000000000,275.9813995500,0.0000000000,0.0000000000,0.0000000000,0.0000000000,0.0000000000,524.0186004500,0.0000000000,0,1,Q2_candidate_plus_integrated_storage_MILP
41,RegionB,Peak,1207.8840000000,0.0000000000,0.5671000000,722.3500000000,190.8946670000,2369,2.7503333333,193.6450003333,1.3500000000,261.4207504500,surrogate_assisted_fix_and_optimize_candidate_PROBE_ONLY,1006.5700000000,0.5671000000,722.3500000000,1.2000000000,1.0000000000,1.0000000000,0.0000000000,0.0000000000,144.0000000000,261.4207504500,0.0000000000,0.0000000000,0.0000000000,0.0000000000,0.0000000000,460.9292495500,0.0000000000,0,1,Q2_candidate_plus_integrated_storage_MILP
42,RegionB,Peak,1208.5320000000,0.0000000000,0.5788000000,650.0000000000,178.5946670000,2370,2.4840000000,181.0786670000,1.3500000000,244.4562004500,surrogate_assisted_fix_and_optimize_candidate_PROBE_ONLY,1007.1100000000,0.5788000000,650.0000000000,1.2000000000,1.0000000000,1.0000000000,0.0000000000,0.0000000000,144.0000000000,244.4562004500,0.0000000000,0.0000000000,0.0000000000,0.0000000000,0.0000000000,405.5437995500,0.0000000000,0,1,Q2_candidate_plus_integrated_storage_MILP
43,RegionB,Peak,1209.1560000000,0.0000000000,0.5913000000,587.8700000000,191.3273330000,2371,3.7826666667,195.1099996667,1.3500000000,263.3984995500,surrogate_assisted_fix_and_optimize_candidate_PROBE_ONLY,1007.6300000000,0.5913000000,587.8700000000,1.2000000000,1.0000000000,1.0000000000,0.0000000000,0.0000000000,144.0000000000,263.3984995500,0.0000000000,0.0000000000,0.0000000000,0.0000000000,0.0000000000,324.4715004500,0.0000000000,0,1,Q2_candidate_plus_integrated_storage_MILP
44,RegionB,Peak,1209.7680000000,0.0000000000,0.6038000000,540.1900000000,232.9260000000,2372,5.6000000000,238.5260000000,1.3500000000,322.0101000000,surrogate_assisted_fix_and_optimize_candidate_PROBE_ONLY,1008.1400000000,0.6038000000,540.1900000000,1.2000000000,1.0000000000,1.0000000000,0.0000000000,0.0000000000,144.0000000000,322.0101000000,0.0000000000,0.0000000000,0.0000000000,0.0000000000,0.0000000000,218.1799000000,0.0000000000,0,1,Q2_candidate_plus_integrated_storage_MILP
45,RegionB,Peak,1210.3680000000,0.0000000000,0.6155000000,510.2200000000,237.5366670000,2373,6.2600000000,243.7966670000,1.3500000000,329.1255004500,surrogate_assisted_fix_and_optimize_candidate_PROBE_ONLY,1008.6400000000,0.6155000000,510.2200000000,1.2000000000,1.0000000000,1.0000000000,0.0000000000,0.0000000000,144.0000000000,329.1255004500,0.0000000000,0.0000000000,0.0000000000,0.0000000000,0.0000000000,181.0944995500,0.0000000000,0,1,Q2_candidate_plus_integrated_storage_MILP
46,RegionB,Flat,626.3500000000,0.0000000000,0.6256000000,500.0000000000,296.9360000000,2374,11.0573333333,307.9933333333,1.3500000000,415.7910000000,surrogate_assisted_fix_and_optimize_candidate_PROBE_ONLY,626.3500000000,0.6256000000,500.0000000000,1.0000000000,1.0000000000,1.0000000000,0.0000000000,0.0000000000,144.0000000000,415.7910000000,0.0000000000,0.0000000000,0.0000000000,0.0000000000,0.0000000000,84.2090000000,0.0000000000,0,1,Q2_candidate_plus_integrated_storage_MILP
47,RegionB,Flat,626.6400000000,0.0000000000,0.6334000000,510.2200000000,282.9753330000,2375,13.4413333333,296.4166663333,1.3500000000,400.1624995500,surrogate_assisted_fix_and_optimize_candidate_PROBE_ONLY,626.6400000000,0.6334000000,510.2200000000,1.0000000000,1.0000000000,1.0000000000,0.0000000000,0.0000000000,144.0000000000,400.1624995500,0.0000000000,0.0000000000,0.0000000000,0.0000000000,0.0000000000,110.0575004500,0.0000000000,0,1,Q2_candidate_plus_integrated_storage_MILP
48,RegionB,Valley,452.7700000000,0.0000000000,0.6384000000,540.1900000000,326.3646670000,2376,21.7820000000,348.1466670000,1.3500000000,469.9980004500,surrogate_assisted_fix_and_optimize_candidate_PROBE_ONLY,452.7700000000,0.6384000000,540.1900000000,1.0000000000,1.0000000000,1.0000000000,0.0000000000,0.0000000000,144.0000000000,469.9980004500,0.0000000000,0.0000000000,0.0000000000,0.0000000000,0.0000000000,70.1919995500,0.0000000000,0,1,Q2_candidate_plus_integrated_storage_MILP
49,RegionB,Valley,452.9700000000,0.0000000000,0.6404000000,587.8700000000,352.3613330000,2377,22.8553333333,375.2166663333,1.3500000000,506.5424995500,surrogate_assisted_fix_and_optimize_candidate_PROBE_ONLY,452.9700000000,0.6404000000,587.8700000000,1.0000000000,1.0000000000,1.0000000000,0.0000000000,0.0000000000,144.0000000000,506.5424995500,0.0000000000,0.0000000000,0.0000000000,0.0000000000,0.0000000000,81.3275004500,0.0000000000,0,1,Q2_candidate_plus_integrated_storage_MILP
50,RegionB,Valley,453.1500000000,0.0000000000,0.6392000000,650.0000000000,382.8506670000,2378,19.5660000000,402.4166670000,1.3500000000,543.2625004500,surrogate_assisted_fix_and_optimize_candidate_PROBE_ONLY,453.1500000000,0.6392000000,650.0000000000,1.0000000000,1.0000000000,1.0000000000,0.0000000000,0.0000000000,144.0000000000,543.2625004500,0.0000000000,0.0000000000,0.0000000000,0.0000000000,0.0000000000,106.7374995500,0.0000000000,0,1,Q2_candidate_plus_integrated_storage_MILP
51,RegionB,Valley,453.3300000000,0.0000000000,0.6349000000,722.3500000000,383.3320000000,2379,19.8680000000,403.2000000000,1.3500000000,544.3200000000,surrogate_assisted_fix_and_optimize_candidate_PROBE_ONLY,453.3300000000,0.6349000000,722.3500000000,1.0000000000,1.0000000000,1.0000000000,0.0000000000,0.0000000000,144.0000000000,544.3200000000,0.0000000000,0.0000000000,0.0000000000,0.0000000000,0.0000000000,178.0300000000,0.0000000000,0,1,Q2_candidate_plus_integrated_storage_MILP
52,RegionB,Valley,453.5000000000,0.0000000000,0.6279000000,800.0000000000,361.2666670000,2380,43.2966666667,404.5633336667,1.3500000000,546.1605004500,surrogate_assisted_fix_and_optimize_candidate_PROBE_ONLY,453.5000000000,0.6279000000,800.0000000000,1.0000000000,1.0000000000,1.0000000000,0.0000000000,0.0000000000,144.0000000000,546.1605004500,0.0000000000,0.0000000000,0.0000000000,0.0000000000,0.0000000000,253.8394995500,0.0000000000,0,1,Q2_candidate_plus_integrated_storage_MILP
53,RegionB,Valley,453.6700000000,0.0000000000,0.6186000000,877.6500000000,353.5386670000,2381,32.6380000000,386.1766670000,1.3500000000,521.3385004500,surrogate_assisted_fix_and_optimize_candidate_PROBE_ONLY,453.6700000000,0.6186000000,877.6500000000,1.0000000000,1.0000000000,1.0000000000,0.0000000000,0.0000000000,144.0000000000,521.3385004500,0.0000000000,0.0000000000,0.0000000000,0.0000000000,0.0000000000,356.3114995500,0.0000000000,0,1,Q2_candidate_plus_integrated_storage_MILP
54,RegionB,Valley,453.8200000000,0.0000000000,0.6077000000,950.0000000000,357.0840000000,2382,27.6533333333,384.7373333333,1.3500000000,519.3954000000,surrogate_assisted_fix_and_optimize_candidate_PROBE_ONLY,453.8200000000,0.6077000000,950.0000000000,1.0000000000,1.0000000000,1.0000000000,0.0000000000,0.0000000000,144.0000000000,519.3954000000,0.0000000000,0.0000000000,0.0000000000,0.0000000000,0.0000000000,430.6046000000,0.0000000000,0,1,Q2_candidate_plus_integrated_storage_MILP
55,RegionB,Flat,698.4100000000,0.0000000000,0.5959000000,1012.1300000000,367.3306670000,2383,10.7493333333,378.0800003333,1.3500000000,510.4080004500,surrogate_assisted_fix_and_optimize_candidate_PROBE_ONLY,698.4100000000,0.5959000000,1012.1300000000,1.0000000000,1.0000000000,1.0000000000,0.0000000000,0.0000000000,144.0000000000,510.4080004500,0.0000000000,0.0000000000,0.0000000000,0.0000000000,0.0000000000,501.7219995500,0.0000000000,0,1,Q2_candidate_plus_integrated_storage_MILP
56,RegionB,Flat,698.6200000000,0.0000000000,0.5842000000,1059.8100000000,363.4200000000,2384,8.9400000000,372.3600000000,1.3500000000,502.6860000000,surrogate_assisted_fix_and_optimize_candidate_PROBE_ONLY,698.6200000000,0.5842000000,1059.8100000000,1.0000000000,1.0000000000,1.0000000000,0.0000000000,0.0000000000,144.0000000000,502.6860000000,0.0000000000,0.0000000000,0.0000000000,0.0000000000,0.0000000000,557.1240000000,0.0000000000,0,1,Q2_candidate_plus_integrated_storage_MILP
57,RegionB,Flat,698.8200000000,0.0000000000,0.5732000000,1089.7800000000,361.1400000000,2385,11.2653333333,372.4053333333,1.3500000000,502.7472000000,surrogate_assisted_fix_and_optimize_candidate_PROBE_ONLY,698.8200000000,0.5732000000,1089.7800000000,1.0000000000,1.0000000000,1.0000000000,0.0000000000,0.0000000000,144.0000000000,502.7472000000,0.0000000000,0.0000000000,0.0000000000,0.0000000000,0.0000000000,587.0328000000,0.0000000000,0,1,Q2_candidate_plus_integrated_storage_MILP
58,RegionB,Flat,699.0100000000,0.0000000000,0.5638000000,1100.0000000000,348.6093330000,2386,29.5306666667,378.1399996667,1.3500000000,510.4889995500,surrogate_assisted_fix_and_optimize_candidate_PROBE_ONLY,699.0100000000,0.5638000000,1100.0000000000,1.0000000000,1.0000000000,1.0000000000,0.0000000000,0.0000000000,144.0000000000,510.4889995500,0.0000000000,0.0000000000,0.0000000000,0.0000000000,0.0000000000,589.5110004500,0.0000000000,0,1,Q2_candidate_plus_integrated_storage_MILP
59,RegionB,Flat,699.1800000000,0.0000000000,0.5566000000,1089.7800000000,357.3126670000,2387,29.6276666667,386.9403336667,1.3500000000,522.3694504500,surrogate_assisted_fix_and_optimize_candidate_PROBE_ONLY,699.1800000000,0.5566000000,1089.7800000000,1.0000000000,1.0000000000,1.0000000000,0.0000000000,0.0000000000,144.0000000000,522.3694504500,0.0000000000,0.0000000000,0.0000000000,0.0000000000,0.0000000000,567.4105495500,0.0000000000,0,1,Q2_candidate_plus_integrated_storage_MILP
60,RegionB,Flat,699.3300000000,0.0000000000,0.5521000000,1059.8100000000,309.8926670000,2388,38.9626666667,348.8553336667,1.3500000000,470.9547004500,surrogate_assisted_fix_and_optimize_candidate_PROBE_ONLY,699.3300000000,0.5521000000,1059.8100000000,1.0000000000,1.0000000000,1.0000000000,0.0000000000,0.0000000000,144.0000000000,470.9547004500,0.0000000000,0.0000000000,0.0000000000,0.0000000000,0.0000000000,588.8552995500,0.0000000000,0,1,Q2_candidate_plus_integrated_storage_MILP
61,RegionB,Flat,699.4700000000,0.0000000000,0.5507000000,1012.1300000000,312.1226670000,2389,23.5143333333,335.6370003333,1.3500000000,453.1099504500,surrogate_assisted_fix_and_optimize_candidate_PROBE_ONLY,699.4700000000,0.5507000000,1012.1300000000,1.0000000000,1.0000000000,1.0000000000,0.0000000000,0.0000000000,144.0000000000,453.1099504500,0.0000000000,0.0000000000,0.0000000000,0.0000000000,0.0000000000,559.0200495500,0.0000000000,0,1,Q2_candidate_plus_integrated_storage_MILP
62,RegionB,Flat,699.6000000000,0.0000000000,0.5524000000,950.0000000000,283.5113330000,2390,21.3720000000,304.8833330000,1.3500000000,411.5924995500,surrogate_assisted_fix_and_optimize_candidate_PROBE_ONLY,699.6000000000,0.5524000000,950.0000000000,1.0000000000,1.0000000000,1.0000000000,0.0000000000,0.0000000000,144.0000000000,411.5924995500,0.0000000000,0.0000000000,0.0000000000,0.0000000000,0.0000000000,538.4075004500,0.0000000000,0,1,Q2_candidate_plus_integrated_storage_MILP
63,RegionB,Flat,699.7200000000,0.0000000000,0.5571000000,877.6500000000,267.3846670000,2391,25.0500000000,292.4346670000,1.3500000000,394.7868004500,surrogate_assisted_fix_and_optimize_candidate_PROBE_ONLY,699.7200000000,0.5571000000,877.6500000000,1.0000000000,1.0000000000,1.0000000000,0.0000000000,0.0000000000,144.0000000000,394.7868004500,0.0000000000,0.0000000000,0.0000000000,0.0000000000,0.0000000000,482.8631995500,0.0000000000,0,1,Q2_candidate_plus_integrated_storage_MILP
64,RegionB,Flat,699.8200000000,0.0000000000,0.5645000000,800.0000000000,246.2640000000,2392,8.4450000000,254.7090000000,1.3500000000,343.8571500000,surrogate_assisted_fix_and_optimize_candidate_PROBE_ONLY,699.8200000000,0.5645000000,800.0000000000,1.0000000000,1.0000000000,1.0000000000,0.0000000000,0.0000000000,144.0000000000,343.8571500000,0.0000000000,0.0000000000,0.0000000000,0.0000000000,0.0000000000,456.1428500000,0.0000000000,0,1,Q2_candidate_plus_integrated_storage_MILP
65,RegionB,Peak,1217.8320000000,0.0000000000,0.5742000000,722.3500000000,186.7613330000,2393,7.0086666667,193.7699996667,1.3500000000,261.5894995500,surrogate_assisted_fix_and_optimize_candidate_PROBE_ONLY,1014.8600000000,0.5742000000,722.3500000000,1.2000000000,1.0000000000,1.0000000000,0.0000000000,0.0000000000,144.0000000000,261.5894995500,0.0000000000,0.0000000000,0.0000000000,0.0000000000,0.0000000000,460.7605004500,0.0000000000,0,1,Q2_candidate_plus_integrated_storage_MILP
66,RegionB,Peak,1217.9520000000,0.0000000000,0.5854000000,650.0000000000,204.9200000000,2394,4.6683333333,209.5883333333,1.3500000000,282.9442500000,surrogate_assisted_fix_and_optimize_candidate_PROBE_ONLY,1014.9600000000,0.5854000000,650.0000000000,1.2000000000,1.0000000000,1.0000000000,0.0000000000,0.0000000000,144.0000000000,282.9442500000,0.0000000000,0.0000000000,0.0000000000,0.0000000000,0.0000000000,367.0557500000,0.0000000000,0,1,Q2_candidate_plus_integrated_storage_MILP
67,RegionB,Peak,1218.0480000000,0.0000000000,0.5974000000,587.8700000000,193.2233330000,2395,3.0800000000,196.3033330000,1.3500000000,265.0094995500,surrogate_assisted_fix_and_optimize_candidate_PROBE_ONLY,1015.0400000000,0.5974000000,587.8700000000,1.2000000000,1.0000000000,1.0000000000,0.0000000000,0.0000000000,144.0000000000,265.0094995500,0.0000000000,0.0000000000,0.0000000000,0.0000000000,0.0000000000,322.8605004500,0.0000000000,0,1,Q2_candidate_plus_integrated_storage_MILP
68,RegionB,Peak,1218.1200000000,0.0000000000,0.6094000000,540.1900000000,192.4226670000,2396,3.2946666667,195.7173336667,1.3500000000,264.2184004500,surrogate_assisted_fix_and_optimize_candidate_PROBE_ONLY,1015.1000000000,0.6094000000,540.1900000000,1.2000000000,1.0000000000,1.0000000000,0.0000000000,0.0000000000,144.0000000000,264.2184004500,0.0000000000,0.0000000000,0.0000000000,0.0000000000,0.0000000000,275.9715995500,0.0000000000,0,1,Q2_candidate_plus_integrated_storage_MILP
69,RegionB,Peak,1218.1680000000,0.0000000000,0.6205000000,510.2200000000,240.4346670000,2397,3.0733333333,243.5080003333,1.3500000000,328.7358004500,surrogate_assisted_fix_and_optimize_candidate_PROBE_ONLY,1015.1400000000,0.6205000000,510.2200000000,1.2000000000,1.0000000000,1.0000000000,0.0000000000,0.0000000000,144.0000000000,328.7358004500,0.0000000000,0.0000000000,0.0000000000,0.0000000000,0.0000000000,181.4841995500,0.0000000000,0,1,Q2_candidate_plus_integrated_storage_MILP
70,RegionB,Flat,630.1000000000,0.0000000000,0.6300000000,500.0000000000,273.0810000000,2398,3.3400000000,276.4210000000,1.3500000000,373.1683500000,surrogate_assisted_fix_and_optimize_candidate_PROBE_ONLY,630.1000000000,0.6300000000,500.0000000000,1.0000000000,1.0000000000,1.0000000000,0.0000000000,0.0000000000,144.0000000000,373.1683500000,0.0000000000,0.0000000000,0.0000000000,0.0000000000,0.0000000000,126.8316500000,0.0000000000,0,1,Q2_candidate_plus_integrated_storage_MILP
71,RegionB,Flat,630.1000000000,0.0000000000,0.6373000000,510.2200000000,283.8833330000,2399,9.4800000000,293.3633330000,1.3500000000,396.0404995500,surrogate_assisted_fix_and_optimize_candidate_PROBE_ONLY,630.1000000000,0.6373000000,510.2200000000,1.0000000000,1.0000000000,1.0000000000,0.0000000000,0.0000000000,144.0000000000,396.0404995500,0.0000000000,0.0000000000,0.0000000000,0.0000000000,0.0000000000,114.1795004500,0.0000000000,0,1,Q2_candidate_plus_integrated_storage_MILP
0,RegionC,Valley,427.5400000000,0.0000000000,0.5796000000,540.1900000000,327.3393330000,2328,43.9906666667,371.3299996667,1.3800000000,512.4353995400,surrogate_assisted_fix_and_optimize_candidate_PROBE_ONLY,427.5400000000,0.5796000000,540.1900000000,1.0000000000,1.0000000000,1.0000000000,0.0000000000,0.0000000000,135.0000000000,512.4353995400,0.0000000000,0.0000000000,0.0000000000,0.0000000000,0.0000000000,27.7546004600,0.0000000000,0,1,Q2_candidate_plus_integrated_storage_MILP
1,RegionC,Valley,427.7300000000,0.0000000000,0.5815000000,587.8700000000,365.0203330000,2329,28.0533333333,393.0736663333,1.3800000000,542.4416595400,surrogate_assisted_fix_and_optimize_candidate_PROBE_ONLY,427.7300000000,0.5815000000,587.8700000000,1.0000000000,1.0000000000,1.0000000000,0.0000000000,0.0000000000,135.0000000000,542.4416595400,0.0000000000,0.0000000000,0.0000000000,0.0000000000,0.0000000000,45.4283404600,0.0000000000,0,1,Q2_candidate_plus_integrated_storage_MILP
2,RegionC,Valley,427.9300000000,0.0000000000,0.5804000000,650.0000000000,348.0586670000,2330,55.5413333333,403.6000003333,1.3800000000,556.9680004600,surrogate_assisted_fix_and_optimize_candidate_PROBE_ONLY,427.9300000000,0.5804000000,650.0000000000,1.0000000000,1.0000000000,1.0000000000,0.0000000000,0.0000000000,135.0000000000,556.9680004600,0.0000000000,0.0000000000,0.0000000000,0.0000000000,0.0000000000,93.0319995400,0.0000000000,0,1,Q2_candidate_plus_integrated_storage_MILP
3,RegionC,Valley,428.1400000000,0.0000000000,0.5764000000,722.3500000000,346.1840000000,2331,55.7460000000,401.9300000000,1.3800000000,554.6634000000,surrogate_assisted_fix_and_optimize_candidate_PROBE_ONLY,428.1400000000,0.5764000000,722.3500000000,1.0000000000,1.0000000000,1.0000000000,0.0000000000,0.0000000000,135.0000000000,554.6634000000,0.0000000000,0.0000000000,0.0000000000,0.0000000000,0.0000000000,167.6866000000,0.0000000000,0,1,Q2_candidate_plus_integrated_storage_MILP
4,RegionC,Valley,428.3600000000,0.0000000000,0.5699000000,800.0000000000,335.2746670000,2332,61.9596666667,397.2343336667,1.3800000000,548.1833804600,surrogate_assisted_fix_and_optimize_candidate_PROBE_ONLY,428.3600000000,0.5699000000,800.0000000000,1.0000000000,1.0000000000,1.0000000000,0.0000000000,0.0000000000,135.0000000000,548.1833804600,0.0000000000,0.0000000000,0.0000000000,0.0000000000,0.0000000000,251.8166195400,0.0000000000,0,1,Q2_candidate_plus_integrated_storage_MILP
5,RegionC,Valley,428.5800000000,0.0000000000,0.5612000000,877.6500000000,350.5380000000,2333,38.7620000000,389.3000000000,1.3800000000,537.2340000000,surrogate_assisted_fix_and_optimize_candidate_PROBE_ONLY,428.5800000000,0.5612000000,877.6500000000,1.0000000000,1.0000000000,1.0000000000,0.0000000000,0.0000000000,135.0000000000,537.2340000000,0.0000000000,0.0000000000,0.0000000000,0.0000000000,0.0000000000,340.4160000000,0.0000000000,0,1,Q2_candidate_plus_integrated_storage_MILP
6,RegionC,Valley,428.8100000000,0.0000000000,0.5511000000,950.0000000000,361.1233330000,2334,29.3766666667,390.4999996667,1.3800000000,538.8899995400,surrogate_assisted_fix_and_optimize_candidate_PROBE_ONLY,428.8100000000,0.5511000000,950.0000000000,1.0000000000,1.0000000000,1.0000000000,0.0000000000,0.0000000000,135.0000000000,538.8899995400,0.0000000000,0.0000000000,0.0000000000,0.0000000000,0.0000000000,411.1100004600,0.0000000000,0,1,Q2_candidate_plus_integrated_storage_MILP
7,RegionC,Flat,660.0600000000,0.0000000000,0.5402000000,1012.1300000000,381.5000000000,2335,11.1200000000,392.6200000000,1.3800000000,541.8156000000,surrogate_assisted_fix_and_optimize_candidate_PROBE_ONLY,660.0600000000,0.5402000000,1012.1300000000,1.0000000000,1.0000000000,1.0000000000,0.0000000000,0.0000000000,135.0000000000,541.8156000000,0.0000000000,0.0000000000,0.0000000000,0.0000000000,0.0000000000,470.3144000000,0.0000000000,0,1,Q2_candidate_plus_integrated_storage_MILP
8,RegionC,Flat,660.4300000000,0.0000000000,0.5293000000,1059.8100000000,382.4046670000,2336,10.4720000000,392.8766670000,1.3800000000,542.1698004600,surrogate_assisted_fix_and_optimize_candidate_PROBE_ONLY,660.4300000000,0.5293000000,1059.8100000000,1.0000000000,1.0000000000,1.0000000000,0.0000000000,0.0000000000,135.0000000000,542.1698004600,0.0000000000,0.0000000000,0.0000000000,0.0000000000,0.0000000000,517.6401995400,0.0000000000,0,1,Q2_candidate_plus_integrated_storage_MILP
9,RegionC,Flat,660.8000000000,0.0000000000,0.5192000000,1089.7800000000,379.0853330000,2337,24.0946666667,403.1799996667,1.3800000000,556.3883995400,surrogate_assisted_fix_and_optimize_candidate_PROBE_ONLY,660.8000000000,0.5192000000,1089.7800000000,1.0000000000,1.0000000000,1.0000000000,0.0000000000,0.0000000000,135.0000000000,556.3883995400,0.0000000000,0.0000000000,0.0000000000,0.0000000000,0.0000000000,533.3916004600,0.0000000000,0,1,Q2_candidate_plus_integrated_storage_MILP
10,RegionC,Flat,661.1900000000,0.0000000000,0.5106000000,1100.0000000000,370.0880000000,2338,32.1120000000,402.2000000000,1.3800000000,555.0360000000,surrogate_assisted_fix_and_optimize_candidate_PROBE_ONLY,661.1900000000,0.5106000000,1100.0000000000,1.0000000000,1.0000000000,1.0000000000,0.0000000000,0.0000000000,135.0000000000,555.0360000000,0.0000000000,0.0000000000,0.0000000000,0.0000000000,0.0000000000,544.9640000000,0.0000000000,0,1,Q2_candidate_plus_integrated_storage_MILP
11,RegionC,Flat,661.5700000000,0.0000000000,0.5042000000,1089.7800000000,368.3493330000,2339,36.1506666667,404.4999996667,1.3800000000,558.2099995400,surrogate_assisted_fix_and_optimize_candidate_PROBE_ONLY,661.5700000000,0.5042000000,1089.7800000000,1.0000000000,1.0000000000,1.0000000000,0.0000000000,0.0000000000,135.0000000000,558.2099995400,0.0000000000,0.0000000000,0.0000000000,0.0000000000,0.0000000000,531.5700004600,0.0000000000,0,1,Q2_candidate_plus_integrated_storage_MILP
12,RegionC,Flat,661.9700000000,0.0000000000,0.5003000000,1059.8100000000,352.5120000000,2340,39.5413333333,392.0533333333,1.3800000000,541.0336000000,surrogate_assisted_fix_and_optimize_candidate_PROBE_ONLY,661.9700000000,0.5003000000,1059.8100000000,1.0000000000,1.0000000000,1.0000000000,0.0000000000,0.0000000000,135.0000000000,541.0336000000,0.0000000000,0.0000000000,0.0000000000,0.0000000000,0.0000000000,518.7764000000,0.0000000000,0,1,Q2_candidate_plus_integrated_storage_MILP
13,RegionC,Flat,662.3700000000,0.0000000000,0.4994000000,1012.1300000000,297.4210000000,2341,66.3843333333,363.8053333333,1.3800000000,502.0513600000,surrogate_assisted_fix_and_optimize_candidate_PROBE_ONLY,662.3700000000,0.4994000000,1012.1300000000,1.0000000000,1.0000000000,1.0000000000,0.0000000000,0.0000000000,135.0000000000,502.0513600000,0.0000000000,0.0000000000,0.0000000000,0.0000000000,0.0000000000,510.0786400000,0.0000000000,0,1,Q2_candidate_plus_integrated_storage_MILP
14,RegionC,Flat,662.7800000000,0.0000000000,0.5015000000,950.0000000000,262.4216670000,2342,74.5686666667,336.9903336667,1.3800000000,465.0466604600,surrogate_assisted_fix_and_optimize_candidate_PROBE_ONLY,662.7800000000,0.5015000000,950.0000000000,1.0000000000,1.0000000000,1.0000000000,0.0000000000,0.0000000000,135.0000000000,465.0466604600,0.0000000000,0.0000000000,0.0000000000,0.0000000000,0.0000000000,484.9533395400,0.0000000000,0,1,Q2_candidate_plus_integrated_storage_MILP
15,RegionC,Flat,663.1900000000,0.0000000000,0.5064000000,877.6500000000,236.3476670000,2343,58.7973333333,295.1450003333,1.3800000000,407.3001004600,surrogate_assisted_fix_and_optimize_candidate_PROBE_ONLY,663.1900000000,0.5064000000,877.6500000000,1.0000000000,1.0000000000,1.0000000000,0.0000000000,0.0000000000,135.0000000000,407.3001004600,0.0000000000,0.0000000000,0.0000000000,0.0000000000,0.0000000000,470.3498995400,0.0000000000,0,1,Q2_candidate_plus_integrated_storage_MILP
16,RegionC,Flat,663.6100000000,0.0000000000,0.5140000000,800.0000000000,216.3433330000,2344,64.7133333333,281.0566663333,1.3800000000,387.8581995400,surrogate_assisted_fix_and_optimize_candidate_PROBE_ONLY,663.6100000000,0.5140000000,800.0000000000,1.0000000000,1.0000000000,1.0000000000,0.0000000000,0.0000000000,135.0000000000,387.8581995400,0.0000000000,0.0000000000,0.0000000000,0.0000000000,0.0000000000,412.1418004600,0.0000000000,0,1,Q2_candidate_plus_integrated_storage_MILP
17,RegionC,Peak,1155.4200000000,0.0000000000,0.5237000000,722.3500000000,239.9960000000,2345,47.4940000000,287.4900000000,1.3800000000,396.7362000000,surrogate_assisted_fix_and_optimize_candidate_PROBE_ONLY,962.8500000000,0.5237000000,722.3500000000,1.2000000000,1.0000000000,1.0000000000,0.0000000000,0.0000000000,135.0000000000,396.7362000000,0.0000000000,0.0000000000,0.0000000000,0.0000000000,0.0000000000,325.6138000000,0.0000000000,0,1,Q2_candidate_plus_integrated_storage_MILP
18,RegionC,Peak,1156.1640000000,0.0000000000,0.5349000000,650.0000000000,217.0860000000,2346,32.0826666667,249.1686666667,1.3800000000,343.8527600000,surrogate_assisted_fix_and_optimize_candidate_PROBE_ONLY,963.4700000000,0.5349000000,650.0000000000,1.2000000000,1.0000000000,1.0000000000,0.0000000000,0.0000000000,135.0000000000,343.8527600000,0.0000000000,0.0000000000,0.0000000000,0.0000000000,0.0000000000,306.1472400000,0.0000000000,0,1,Q2_candidate_plus_integrated_storage_MILP
19,RegionC,Peak,1156.9080000000,0.0000000000,0.5469000000,587.8700000000,217.6686670000,2347,18.2013333333,235.8700003333,1.3800000000,325.5006004600,surrogate_assisted_fix_and_optimize_candidate_PROBE_ONLY,964.0900000000,0.5469000000,587.8700000000,1.2000000000,1.0000000000,1.0000000000,0.0000000000,0.0000000000,135.0000000000,325.5006004600,0.0000000000,0.0000000000,0.0000000000,0.0000000000,0.0000000000,262.3693995400,0.0000000000,0,1,Q2_candidate_plus_integrated_storage_MILP
20,RegionC,Peak,1157.6520000000,0.0000000000,0.5589000000,540.1900000000,237.8090000000,2348,17.3810000000,255.1900000000,1.3800000000,352.1622000000,surrogate_assisted_fix_and_optimize_candidate_PROBE_ONLY,964.7100000000,0.5589000000,540.1900000000,1.2000000000,1.0000000000,1.0000000000,0.0000000000,0.0000000000,135.0000000000,352.1622000000,0.0000000000,0.0000000000,0.0000000000,0.0000000000,0.0000000000,188.0278000000,0.0000000000,0,1,Q2_candidate_plus_integrated_storage_MILP
21,RegionC,Peak,1158.4080000000,0.0000000000,0.5702000000,510.2200000000,268.8300000000,2349,26.5300000000,295.3600000000,1.3800000000,407.5968000000,surrogate_assisted_fix_and_optimize_candidate_PROBE_ONLY,965.3400000000,0.5702000000,510.2200000000,1.2000000000,1.0000000000,1.0000000000,0.0000000000,0.0000000000,135.0000000000,407.5968000000,0.0000000000,0.0000000000,0.0000000000,0.0000000000,0.0000000000,102.6232000000,0.0000000000,0,1,Q2_candidate_plus_integrated_storage_MILP
22,RegionC,Flat,599.5700000000,0.0000000000,0.5799000000,500.0000000000,207.6680000000,2350,41.9053333333,249.5733333333,1.3800000000,344.4112000000,surrogate_assisted_fix_and_optimize_candidate_PROBE_ONLY,599.5700000000,0.5799000000,500.0000000000,1.0000000000,1.0000000000,1.0000000000,0.0000000000,0.0000000000,135.0000000000,344.4112000000,0.0000000000,0.0000000000,0.0000000000,0.0000000000,0.0000000000,155.5888000000,0.0000000000,0,1,Q2_candidate_plus_integrated_storage_MILP
23,RegionC,Flat,599.9600000000,0.0000000000,0.5875000000,510.2200000000,329.1183330000,2351,47.8116666667,376.9299996667,1.3800000000,520.1633995400,surrogate_assisted_fix_and_optimize_candidate_PROBE_ONLY,599.9600000000,0.5875000000,510.2200000000,1.0000000000,1.0000000000,1.0000000000,0.0000000000,9.9433995400,124.1919570217,510.2200000000,0.0000000000,0.0000000000,0.0000000000,0.0000000000,0.0000000000,0.0000000000,0.0000000000,0,1,Q2_candidate_plus_integrated_storage_MILP
24,RegionC,Valley,433.5900000000,0.0000000000,0.5925000000,540.1900000000,296.8280000000,2352,52.7786666667,349.6066666667,1.3800000000,482.4572000000,surrogate_assisted_fix_and_optimize_candidate_PROBE_ONLY,433.5900000000,0.5925000000,540.1900000000,1.0000000000,1.0000000000,1.0000000000,0.0000000000,0.0000000000,124.1919570217,482.4572000000,0.0000000000,0.0000000000,0.0000000000,0.0000000000,0.0000000000,57.7328000000,0.0000000000,0,1,Q2_candidate_plus_integrated_storage_MILP
25,RegionC,Valley,433.8700000000,0.0000000000,0.5946000000,587.8700000000,364.7720000000,2353,34.9400000000,399.7120000000,1.3800000000,551.6025600000,surrogate_assisted_fix_and_optimize_candidate_PROBE_ONLY,433.8700000000,0.5946000000,587.8700000000,1.0000000000,1.0000000000,1.0000000000,0.0000000000,0.0000000000,124.1919570217,551.6025600000,0.0000000000,0.0000000000,0.0000000000,0.0000000000,0.0000000000,36.2674400000,0.0000000000,0,1,Q2_candidate_plus_integrated_storage_MILP
26,RegionC,Valley,434.1600000000,0.0000000000,0.5937000000,650.0000000000,373.9086670000,2354,19.9913333333,393.9000003333,1.3800000000,543.5820004600,surrogate_assisted_fix_and_optimize_candidate_PROBE_ONLY,434.1600000000,0.5937000000,650.0000000000,1.0000000000,1.0000000000,1.0000000000,0.0000000000,0.0000000000,124.1919570217,543.5820004600,0.0000000000,0.0000000000,0.0000000000,0.0000000000,0.0000000000,106.4179995400,0.0000000000,0,1,Q2_candidate_plus_integrated_storage_MILP
27,RegionC,Valley,434.4400000000,0.0000000000,0.5900000000,722.3500000000,383.4480000000,2355,20.1370000000,403.5850000000,1.3800000000,556.9473000000,surrogate_assisted_fix_and_optimize_candidate_PROBE_ONLY,434.4400000000,0.5900000000,722.3500000000,1.0000000000,1.0000000000,1.0000000000,0.0000000000,0.0000000000,124.1919570217,556.9473000000,0.0000000000,0.0000000000,0.0000000000,0.0000000000,0.0000000000,165.4027000000,0.0000000000,0,1,Q2_candidate_plus_integrated_storage_MILP
28,RegionC,Valley,434.7200000000,0.0000000000,0.5836000000,800.0000000000,382.4500000000,2356,20.3700000000,402.8200000000,1.3800000000,555.8916000000,surrogate_assisted_fix_and_optimize_candidate_PROBE_ONLY,434.7200000000,0.5836000000,800.0000000000,1.0000000000,1.0000000000,1.0000000000,0.0000000000,0.0000000000,124.1919570217,555.8916000000,0.0000000000,0.0000000000,0.0000000000,0.0000000000,0.0000000000,244.1084000000,0.0000000000,0,1,Q2_candidate_plus_integrated_storage_MILP
29,RegionC,Valley,435.0000000000,0.0000000000,0.5751000000,877.6500000000,374.5486670000,2357,27.5380000000,402.0866670000,1.3800000000,554.8796004600,surrogate_assisted_fix_and_optimize_candidate_PROBE_ONLY,435.0000000000,0.5751000000,877.6500000000,1.0000000000,1.0000000000,1.0000000000,0.0000000000,0.0000000000,124.1919570217,554.8796004600,0.0000000000,0.0000000000,0.0000000000,0.0000000000,0.0000000000,322.7703995400,0.0000000000,0,1,Q2_candidate_plus_integrated_storage_MILP
30,RegionC,Valley,435.2800000000,0.0000000000,0.5651000000,950.0000000000,374.9880000000,2358,24.5786666667,399.5666666667,1.3800000000,551.4020000000,surrogate_assisted_fix_and_optimize_candidate_PROBE_ONLY,435.2800000000,0.5651000000,950.0000000000,1.0000000000,1.0000000000,1.0000000000,0.0000000000,0.0000000000,124.1919570217,551.4020000000,0.0000000000,0.0000000000,0.0000000000,0.0000000000,0.0000000000,398.5980000000,0.0000000000,0,1,Q2_candidate_plus_integrated_storage_MILP
31,RegionC,Flat,670.0900000000,0.0000000000,0.5543000000,1012.1300000000,373.1440000000,2359,24.1760000000,397.3200000000,1.3800000000,548.3016000000,surrogate_assisted_fix_and_optimize_candidate_PROBE_ONLY,670.0900000000,0.5543000000,1012.1300000000,1.0000000000,1.0000000000,1.0000000000,0.0000000000,0.0000000000,124.1919570217,548.3016000000,0.0000000000,0.0000000000,0.0000000000,0.0000000000,0.0000000000,463.8284000000,0.0000000000,0,1,Q2_candidate_plus_integrated_storage_MILP
32,RegionC,Flat,670.5100000000,0.0000000000,0.5435000000,1059.8100000000,375.7810000000,2360,21.5390000000,397.3200000000,1.3800000000,548.3016000000,surrogate_assisted_fix_and_optimize_candidate_PROBE_ONLY,670.5100000000,0.5435000000,1059.8100000000,1.0000000000,1.0000000000,1.0000000000,0.0000000000,0.0000000000,124.1919570217,548.3016000000,0.0000000000,0.0000000000,0.0000000000,0.0000000000,0.0000000000,511.5084000000,0.0000000000,0,1,Q2_candidate_plus_integrated_storage_MILP
33,RegionC,Flat,670.9300000000,0.0000000000,0.5334000000,1089.7800000000,376.6360000000,2361,19.3760000000,396.0120000000,1.3800000000,546.4965600000,surrogate_assisted_fix_and_optimize_candidate_PROBE_ONLY,670.9300000000,0.5334000000,1089.7800000000,1.0000000000,1.0000000000,1.0000000000,0.0000000000,0.0000000000,124.1919570217,546.4965600000,0.0000000000,0.0000000000,0.0000000000,0.0000000000,0.0000000000,543.2834400000,0.0000000000,0,1,Q2_candidate_plus_integrated_storage_MILP
34,RegionC,Flat,671.3400000000,0.0000000000,0.5249000000,1100.0000000000,376.7000000000,2362,16.6000000000,393.3000000000,1.3800000000,542.7540000000,surrogate_assisted_fix_and_optimize_candidate_PROBE_ONLY,671.3400000000,0.5249000000,1100.0000000000,1.0000000000,1.0000000000,1.0000000000,0.0000000000,0.0000000000,124.1919570217,542.7540000000,0.0000000000,0.0000000000,0.0000000000,0.0000000000,0.0000000000,557.2460000000,0.0000000000,0,1,Q2_candidate_plus_integrated_storage_MILP
35,RegionC,Flat,671.7500000000,0.0000000000,0.5185000000,1089.7800000000,369.5560000000,2363,31.9406666667,401.4966666667,1.3800000000,554.0654000000,surrogate_assisted_fix_and_optimize_candidate_PROBE_ONLY,671.7500000000,0.5185000000,1089.7800000000,1.0000000000,1.0000000000,1.0000000000,0.0000000000,0.0000000000,124.1919570217,554.0654000000,0.0000000000,0.0000000000,0.0000000000,0.0000000000,0.0000000000,535.7146000000,0.0000000000,0,1,Q2_candidate_plus_integrated_storage_MILP
36,RegionC,Flat,672.1500000000,0.0000000000,0.5147000000,1059.8100000000,316.0103330000,2364,60.8230000000,376.8333330000,1.3800000000,520.0299995400,surrogate_assisted_fix_and_optimize_candidate_PROBE_ONLY,672.1500000000,0.5147000000,1059.8100000000,1.0000000000,1.0000000000,1.0000000000,0.0000000000,0.0000000000,124.1919570217,520.0299995400,0.0000000000,0.0000000000,0.0000000000,0.0000000000,0.0000000000,539.7800004600,0.0000000000,0,1,Q2_candidate_plus_integrated_storage_MILP
37,RegionC,Flat,672.5500000000,0.0000000000,0.5137000000,1012.1300000000,314.0360000000,2365,68.5053333333,382.5413333333,1.3800000000,527.9070400000,surrogate_assisted_fix_and_optimize_candidate_PROBE_ONLY,672.5500000000,0.5137000000,1012.1300000000,1.0000000000,1.0000000000,1.0000000000,0.0000000000,0.0000000000,124.1919570217,527.9070400000,0.0000000000,0.0000000000,0.0000000000,0.0000000000,0.0000000000,484.2229600000,0.0000000000,0,1,Q2_candidate_plus_integrated_storage_MILP
38,RegionC,Flat,672.9400000000,0.0000000000,0.5157000000,950.0000000000,294.2033330000,2366,49.4590000000,343.6623330000,1.3800000000,474.2540195400,surrogate_assisted_fix_and_optimize_candidate_PROBE_ONLY,672.9400000000,0.5157000000,950.0000000000,1.0000000000,1.0000000000,1.0000000000,0.0000000000,0.0000000000,124.1919570217,474.2540195400,0.0000000000,0.0000000000,0.0000000000,0.0000000000,0.0000000000,475.7459804600,0.0000000000,0,1,Q2_candidate_plus_integrated_storage_MILP
39,RegionC,Flat,673.3200000000,0.0000000000,0.5207000000,877.6500000000,279.1140000000,2367,37.4793333333,316.5933333333,1.3800000000,436.8988000000,surrogate_assisted_fix_and_optimize_candidate_PROBE_ONLY,673.3200000000,0.5207000000,877.6500000000,1.0000000000,1.0000000000,1.0000000000,0.0000000000,0.0000000000,124.1919570217,436.8988000000,0.0000000000,0.0000000000,0.0000000000,0.0000000000,0.0000000000,440.7512000000,0.0000000000,0,1,Q2_candidate_plus_integrated_storage_MILP
40,RegionC,Flat,673.7000000000,0.0000000000,0.5282000000,800.0000000000,232.7940000000,2368,41.9403333333,274.7343333333,1.3800000000,379.1333800000,surrogate_assisted_fix_and_optimize_candidate_PROBE_ONLY,673.7000000000,0.5282000000,800.0000000000,1.0000000000,1.0000000000,1.0000000000,0.0000000000,0.0000000000,124.1919570217,379.1333800000,0.0000000000,0.0000000000,0.0000000000,0.0000000000,0.0000000000,420.8666200000,0.0000000000,0,1,Q2_candidate_plus_integrated_storage_MILP
41,RegionC,Peak,1172.8800000000,0.0000000000,0.5378000000,722.3500000000,225.5886670000,2369,23.2746666667,248.8633336667,1.3800000000,343.4314004600,surrogate_assisted_fix_and_optimize_candidate_PROBE_ONLY,977.4000000000,0.5378000000,722.3500000000,1.2000000000,1.0000000000,1.0000000000,0.0000000000,0.0000000000,124.1919570217,343.4314004600,0.0000000000,0.0000000000,0.0000000000,0.0000000000,0.0000000000,378.9185995400,0.0000000000,0,1,Q2_candidate_plus_integrated_storage_MILP
42,RegionC,Peak,1173.5040000000,0.0000000000,0.5489000000,650.0000000000,232.9393330000,2370,22.4603333333,255.3996663333,1.3800000000,352.4515395400,surrogate_assisted_fix_and_optimize_candidate_PROBE_ONLY,977.9200000000,0.5489000000,650.0000000000,1.2000000000,1.0000000000,1.0000000000,0.0000000000,0.0000000000,124.1919570217,352.4515395400,0.0000000000,0.0000000000,0.0000000000,0.0000000000,0.0000000000,297.5484604600,0.0000000000,0,1,Q2_candidate_plus_integrated_storage_MILP
43,RegionC,Peak,1174.1160000000,0.0000000000,0.5608000000,587.8700000000,208.9546670000,2371,24.8066666667,233.7613336667,1.3800000000,322.5906404600,surrogate_assisted_fix_and_optimize_candidate_PROBE_ONLY,978.4300000000,0.5608000000,587.8700000000,1.2000000000,1.0000000000,1.0000000000,0.0000000000,0.0000000000,124.1919570217,322.5906404600,0.0000000000,0.0000000000,0.0000000000,0.0000000000,0.0000000000,265.2793595400,0.0000000000,0,1,Q2_candidate_plus_integrated_storage_MILP
44,RegionC,Peak,1174.7040000000,0.0000000000,0.5726000000,540.1900000000,235.8600000000,2372,23.7066666667,259.5666666667,1.3800000000,358.2020000000,surrogate_assisted_fix_and_optimize_candidate_PROBE_ONLY,978.9200000000,0.5726000000,540.1900000000,1.2000000000,1.0000000000,1.0000000000,0.0000000000,0.0000000000,124.1919570217,358.2020000000,0.0000000000,0.0000000000,0.0000000000,0.0000000000,0.0000000000,181.9880000000,0.0000000000,0,1,Q2_candidate_plus_integrated_storage_MILP
45,RegionC,Peak,1175.2800000000,0.0000000000,0.5837000000,510.2200000000,248.6806670000,2373,23.4060000000,272.0866670000,1.3800000000,375.4796004600,surrogate_assisted_fix_and_optimize_candidate_PROBE_ONLY,979.4000000000,0.5837000000,510.2200000000,1.2000000000,1.0000000000,1.0000000000,0.0000000000,0.0000000000,124.1919570217,375.4796004600,0.0000000000,0.0000000000,0.0000000000,0.0000000000,0.0000000000,134.7403995400,0.0000000000,0,1,Q2_candidate_plus_integrated_storage_MILP
46,RegionC,Flat,608.1900000000,0.0000000000,0.5932000000,500.0000000000,260.6800000000,2374,56.0720000000,316.7520000000,1.3800000000,437.1177600000,surrogate_assisted_fix_and_optimize_candidate_PROBE_ONLY,608.1900000000,0.5932000000,500.0000000000,1.0000000000,1.0000000000,1.0000000000,0.0000000000,0.0000000000,124.1919570217,437.1177600000,0.0000000000,0.0000000000,0.0000000000,0.0000000000,0.0000000000,62.8822400000,0.0000000000,0,1,Q2_candidate_plus_integrated_storage_MILP
47,RegionC,Flat,608.4800000000,0.0000000000,0.6006000000,510.2200000000,294.2513330000,2375,58.5906666667,352.8419996667,1.3800000000,486.9219595400,surrogate_assisted_fix_and_optimize_candidate_PROBE_ONLY,608.4800000000,0.6006000000,510.2200000000,1.0000000000,1.0000000000,1.0000000000,0.0000000000,0.0000000000,124.1919570217,486.9219595400,0.0000000000,0.0000000000,0.0000000000,0.0000000000,0.0000000000,23.2980404600,0.0000000000,0,1,Q2_candidate_plus_integrated_storage_MILP
48,RegionC,Valley,439.6500000000,0.0000000000,0.6054000000,540.1900000000,344.6903330000,2376,58.9930000000,403.6833330000,1.3800000000,557.0829995400,surrogate_assisted_fix_and_optimize_candidate_PROBE_ONLY,439.6500000000,0.6054000000,540.1900000000,1.0000000000,1.0000000000,1.0000000000,0.0000000000,16.8929995400,105.8300010000,540.1900000000,0.0000000000,0.0000000000,0.0000000000,0.0000000000,0.0000000000,0.0000000000,0.0000000000,0,1,Q2_candidate_plus_integrated_storage_MILP
49,RegionC,Valley,439.8400000000,0.0000000000,0.6073000000,587.8700000000,328.5200000000,2377,59.4573333333,387.9773333333,1.3800000000,535.4087200000,surrogate_assisted_fix_and_optimize_candidate_PROBE_ONLY,439.8400000000,0.6073000000,587.8700000000,1.0000000000,1.0000000000,1.0000000000,0.0000000000,0.0000000000,105.8300010000,535.4087200000,0.0000000000,0.0000000000,0.0000000000,0.0000000000,0.0000000000,52.4612800000,0.0000000000,0,1,Q2_candidate_plus_integrated_storage_MILP
50,RegionC,Valley,440.0200000000,0.0000000000,0.6061000000,650.0000000000,365.2826670000,2378,36.8773333333,402.1600003333,1.3800000000,554.9808004600,surrogate_assisted_fix_and_optimize_candidate_PROBE_ONLY,440.0200000000,0.6061000000,650.0000000000,1.0000000000,1.0000000000,1.0000000000,0.0000000000,0.0000000000,105.8300010000,554.9808004600,0.0000000000,0.0000000000,0.0000000000,0.0000000000,0.0000000000,95.0191995400,0.0000000000,0,1,Q2_candidate_plus_integrated_storage_MILP
51,RegionC,Valley,440.1900000000,0.0000000000,0.6021000000,722.3500000000,363.2253330000,2379,36.6946666667,399.9199996667,1.3800000000,551.8895995400,surrogate_assisted_fix_and_optimize_candidate_PROBE_ONLY,440.1900000000,0.6021000000,722.3500000000,1.0000000000,1.0000000000,1.0000000000,0.0000000000,0.0000000000,105.8300010000,551.8895995400,0.0000000000,0.0000000000,0.0000000000,0.0000000000,0.0000000000,170.4604004600,0.0000000000,0,1,Q2_candidate_plus_integrated_storage_MILP
52,RegionC,Valley,440.3600000000,0.0000000000,0.5954000000,800.0000000000,367.8300000000,2380,29.2100000000,397.0400000000,1.3800000000,547.9152000000,surrogate_assisted_fix_and_optimize_candidate_PROBE_ONLY,440.3600000000,0.5954000000,800.0000000000,1.0000000000,1.0000000000,1.0000000000,0.0000000000,0.0000000000,105.8300010000,547.9152000000,0.0000000000,0.0000000000,0.0000000000,0.0000000000,0.0000000000,252.0848000000,0.0000000000,0,1,Q2_candidate_plus_integrated_storage_MILP
53,RegionC,Valley,440.5200000000,0.0000000000,0.5866000000,877.6500000000,365.4100000000,2381,29.8406666667,395.2506666667,1.3800000000,545.4459200000,surrogate_assisted_fix_and_optimize_candidate_PROBE_ONLY,440.5200000000,0.5866000000,877.6500000000,1.0000000000,1.0000000000,1.0000000000,0.0000000000,0.0000000000,105.8300010000,545.4459200000,0.0000000000,0.0000000000,0.0000000000,0.0000000000,0.0000000000,332.2040800000,0.0000000000,0,1,Q2_candidate_plus_integrated_storage_MILP
54,RegionC,Valley,440.6700000000,0.0000000000,0.5763000000,950.0000000000,353.6200000000,2382,39.5200000000,393.1400000000,1.3800000000,542.5332000000,surrogate_assisted_fix_and_optimize_candidate_PROBE_ONLY,440.6700000000,0.5763000000,950.0000000000,1.0000000000,1.0000000000,1.0000000000,0.0000000000,0.0000000000,105.8300010000,542.5332000000,0.0000000000,0.0000000000,0.0000000000,0.0000000000,0.0000000000,407.4668000000,0.0000000000,0,1,Q2_candidate_plus_integrated_storage_MILP
55,RegionC,Flat,678.1700000000,0.0000000000,0.5651000000,1012.1300000000,365.7733330000,2383,26.7266666667,392.4999996667,1.3800000000,541.6499995400,surrogate_assisted_fix_and_optimize_candidate_PROBE_ONLY,678.1700000000,0.5651000000,1012.1300000000,1.0000000000,1.0000000000,1.0000000000,0.0000000000,0.0000000000,105.8300010000,541.6499995400,0.0000000000,0.0000000000,0.0000000000,0.0000000000,0.0000000000,470.4800004600,0.0000000000,0,1,Q2_candidate_plus_integrated_storage_MILP
56,RegionC,Flat,678.3700000000,0.0000000000,0.5540000000,1059.8100000000,379.2686670000,2384,12.4080000000,391.6766670000,1.3800000000,540.5138004600,surrogate_assisted_fix_and_optimize_candidate_PROBE_ONLY,678.3700000000,0.5540000000,1059.8100000000,1.0000000000,1.0000000000,1.0000000000,0.0000000000,0.0000000000,105.8300010000,540.5138004600,0.0000000000,0.0000000000,0.0000000000,0.0000000000,0.0000000000,519.2961995400,0.0000000000,0,1,Q2_candidate_plus_integrated_storage_MILP
57,RegionC,Flat,678.5700000000,0.0000000000,0.5436000000,1089.7800000000,380.2613330000,2385,9.4853333333,389.7466663333,1.3800000000,537.8503995400,surrogate_assisted_fix_and_optimize_candidate_PROBE_ONLY,678.5700000000,0.5436000000,1089.7800000000,1.0000000000,1.0000000000,1.0000000000,0.0000000000,0.0000000000,105.8300010000,537.8503995400,0.0000000000,0.0000000000,0.0000000000,0.0000000000,0.0000000000,551.9296004600,0.0000000000,0,1,Q2_candidate_plus_integrated_storage_MILP
58,RegionC,Flat,678.7400000000,0.0000000000,0.5347000000,1100.0000000000,381.1093330000,2386,20.9506666667,402.0599996667,1.3800000000,554.8427995400,surrogate_assisted_fix_and_optimize_candidate_PROBE_ONLY,678.7400000000,0.5347000000,1100.0000000000,1.0000000000,1.0000000000,1.0000000000,0.0000000000,0.0000000000,105.8300010000,554.8427995400,0.0000000000,0.0000000000,0.0000000000,0.0000000000,0.0000000000,545.1572004600,0.0000000000,0,1,Q2_candidate_plus_integrated_storage_MILP
59,RegionC,Flat,678.9100000000,0.0000000000,0.5278000000,1089.7800000000,367.1863330000,2387,34.8736666667,402.0599996667,1.3800000000,554.8427995400,surrogate_assisted_fix_and_optimize_candidate_PROBE_ONLY,678.9100000000,0.5278000000,1089.7800000000,1.0000000000,1.0000000000,1.0000000000,0.0000000000,0.0000000000,105.8300010000,554.8427995400,0.0000000000,0.0000000000,0.0000000000,0.0000000000,0.0000000000,534.9372004600,0.0000000000,0,1,Q2_candidate_plus_integrated_storage_MILP
60,RegionC,Flat,679.0600000000,0.0000000000,0.5236000000,1059.8100000000,304.7506670000,2388,72.4093333333,377.1600003333,1.3800000000,520.4808004600,surrogate_assisted_fix_and_optimize_candidate_PROBE_ONLY,679.0600000000,0.5236000000,1059.8100000000,1.0000000000,1.0000000000,1.0000000000,0.0000000000,0.0000000000,105.8300010000,520.4808004600,0.0000000000,0.0000000000,0.0000000000,0.0000000000,0.0000000000,539.3291995400,0.0000000000,0,1,Q2_candidate_plus_integrated_storage_MILP
61,RegionC,Flat,679.2000000000,0.0000000000,0.5222000000,1012.1300000000,323.6700000000,2389,70.3453333333,394.0153333333,1.3800000000,543.7411600000,surrogate_assisted_fix_and_optimize_candidate_PROBE_ONLY,679.2000000000,0.5222000000,1012.1300000000,1.0000000000,1.0000000000,1.0000000000,0.0000000000,0.0000000000,105.8300010000,543.7411600000,0.0000000000,0.0000000000,0.0000000000,0.0000000000,0.0000000000,468.3888400000,0.0000000000,0,1,Q2_candidate_plus_integrated_storage_MILP
62,RegionC,Flat,679.3200000000,0.0000000000,0.5238000000,950.0000000000,297.5186670000,2390,66.6613333333,364.1800003333,1.3800000000,502.5684004600,surrogate_assisted_fix_and_optimize_candidate_PROBE_ONLY,679.3200000000,0.5238000000,950.0000000000,1.0000000000,1.0000000000,1.0000000000,0.0000000000,0.0000000000,105.8300010000,502.5684004600,0.0000000000,0.0000000000,0.0000000000,0.0000000000,0.0000000000,447.4315995400,0.0000000000,0,1,Q2_candidate_plus_integrated_storage_MILP
63,RegionC,Flat,679.4300000000,0.0000000000,0.5283000000,877.6500000000,287.3153330000,2391,48.3293333333,335.6446663333,1.3800000000,463.1896395400,surrogate_assisted_fix_and_optimize_candidate_PROBE_ONLY,679.4300000000,0.5283000000,877.6500000000,1.0000000000,1.0000000000,1.0000000000,0.0000000000,0.0000000000,105.8300010000,463.1896395400,0.0000000000,0.0000000000,0.0000000000,0.0000000000,0.0000000000,414.4603604600,0.0000000000,0,1,Q2_candidate_plus_integrated_storage_MILP
64,RegionC,Flat,679.5300000000,0.0000000000,0.5353000000,800.0000000000,251.3046670000,2392,20.0983333333,271.4030003333,1.3800000000,374.5361404600,surrogate_assisted_fix_and_optimize_candidate_PROBE_ONLY,679.5300000000,0.5353000000,800.0000000000,1.0000000000,1.0000000000,1.0000000000,0.0000000000,0.0000000000,105.8300010000,374.5361404600,0.0000000000,0.0000000000,0.0000000000,0.0000000000,0.0000000000,425.4638595400,0.0000000000,0,1,Q2_candidate_plus_integrated_storage_MILP
65,RegionC,Peak,1182.5280000000,0.0000000000,0.5445000000,722.3500000000,199.5000000000,2393,15.8350000000,215.3350000000,1.3800000000,297.1623000000,surrogate_assisted_fix_and_optimize_candidate_PROBE_ONLY,985.4400000000,0.5445000000,722.3500000000,1.2000000000,1.0000000000,1.0000000000,0.0000000000,0.0000000000,105.8300010000,297.1623000000,0.0000000000,0.0000000000,0.0000000000,0.0000000000,0.0000000000,425.1877000000,0.0000000000,0,1,Q2_candidate_plus_integrated_storage_MILP
66,RegionC,Peak,1182.6480000000,0.0000000000,0.5551000000,650.0000000000,221.4730000000,2394,18.3470000000,239.8200000000,1.3800000000,330.9516000000,surrogate_assisted_fix_and_optimize_candidate_PROBE_ONLY,985.5400000000,0.5551000000,650.0000000000,1.2000000000,1.0000000000,1.0000000000,0.0000000000,0.0000000000,105.8300010000,330.9516000000,-0.0000000000,0.0000000000,0.0000000000,0.0000000000,0.0000000000,319.0484000000,0.0000000000,0,1,Q2_candidate_plus_integrated_storage_MILP
67,RegionC,Peak,1182.7440000000,0.0000000000,0.5665000000,587.8700000000,229.5160000000,2395,11.6773333333,241.1933333333,1.3800000000,332.8468000000,surrogate_assisted_fix_and_optimize_candidate_PROBE_ONLY,985.6200000000,0.5665000000,587.8700000000,1.2000000000,1.0000000000,1.0000000000,0.0000000000,0.0000000000,105.8300010000,332.8468000000,-0.0000000000,0.0000000000,0.0000000000,0.0000000000,0.0000000000,255.0232000000,0.0000000000,0,1,Q2_candidate_plus_integrated_storage_MILP
68,RegionC,Peak,1182.8160000000,0.0000000000,0.5778000000,540.1900000000,227.3823330000,2396,12.8710000000,240.2533330000,1.3800000000,331.5495995400,surrogate_assisted_fix_and_optimize_candidate_PROBE_ONLY,985.6800000000,0.5778000000,540.1900000000,1.2000000000,1.0000000000,1.0000000000,0.0000000000,0.0000000000,105.8300010000,331.5495995400,-0.0000000000,0.0000000000,0.0000000000,0.0000000000,0.0000000000,208.6404004600,0.0000000000,0,1,Q2_candidate_plus_integrated_storage_MILP
69,RegionC,Peak,1182.8520000000,0.0000000000,0.5884000000,510.2200000000,275.1966670000,2397,9.4800000000,284.6766670000,1.3800000000,392.8538004600,surrogate_assisted_fix_and_optimize_candidate_PROBE_ONLY,985.7100000000,0.5884000000,510.2200000000,1.2000000000,1.0000000000,1.0000000000,31.3655903226,0.0000000000,135.0000000000,392.8538004600,31.3655903226,0.0000000000,0.0000000000,0.0000000000,0.0000000000,86.0006092174,0.0000000000,1,1,Q2_candidate_plus_integrated_storage_MILP
70,RegionC,Flat,611.8300000000,0.0000000000,0.5974000000,500.0000000000,288.1586670000,2398,21.2986666667,309.4573336667,1.3800000000,427.0511204600,surrogate_assisted_fix_and_optimize_candidate_PROBE_ONLY,611.8300000000,0.5974000000,500.0000000000,1.0000000000,1.0000000000,1.0000000000,0.0000000000,0.0000000000,135.0000000000,427.0511204600,0.0000000000,0.0000000000,0.0000000000,0.0000000000,0.0000000000,72.9488795400,0.0000000000,0,1,Q2_candidate_plus_integrated_storage_MILP
71,RegionC,Flat,611.8300000000,0.0000000000,0.6043000000,510.2200000000,316.0066670000,2399,31.9666666667,347.9733336667,1.3800000000,480.2032004600,surrogate_assisted_fix_and_optimize_candidate_PROBE_ONLY,611.8300000000,0.6043000000,510.2200000000,1.0000000000,1.0000000000,1.0000000000,0.0000000000,0.0000000000,135.0000000000,480.2032004600,0.0000000000,0.0000000000,0.0000000000,0.0000000000,0.0000000000,30.0167995400,0.0000000000,0,1,Q2_candidate_plus_integrated_storage_MILP
0,RegionD,Valley,274.3900000000,214.0200000000,0.4426000000,540.1900000000,145.1600000000,2328,54.3000000000,199.4600000000,1.2800000000,255.3088000000,surrogate_assisted_fix_and_optimize_candidate_PROBE_ONLY,274.3900000000,0.4426000000,540.1900000000,1.0000000000,1.0000000000,1.0000000000,0.0000000000,0.0000000000,405.0000000000,255.3088000000,0.0000000000,0.0000000000,0.0000000000,0.0000000000,180.0000000000,104.8812000000,-180.0000000000,0,0,Q2_candidate_plus_integrated_storage_MILP
1,RegionD,Valley,274.5100000000,214.1200000000,0.4440000000,587.8700000000,200.6106670000,2329,85.0200000000,285.6306670000,1.2800000000,365.6072537600,surrogate_assisted_fix_and_optimize_candidate_PROBE_ONLY,274.5100000000,0.4440000000,587.8700000000,1.0000000000,1.0000000000,1.0000000000,0.0000000000,0.0000000000,405.0000000000,365.6072537600,0.0000000000,0.0000000000,0.0000000000,0.0000000000,180.0000000000,42.2627462400,-180.0000000000,0,0,Q2_candidate_plus_integrated_storage_MILP
2,RegionD,Valley,274.6400000000,214.2200000000,0.4432000000,650.0000000000,228.1950000000,2330,65.3026666667,293.4976666667,1.2800000000,375.6770133333,surrogate_assisted_fix_and_optimize_candidate_PROBE_ONLY,274.6400000000,0.4432000000,650.0000000000,1.0000000000,1.0000000000,1.0000000000,0.0000000000,0.0000000000,405.0000000000,375.6770133333,0.0000000000,0.0000000000,0.0000000000,0.0000000000,180.0000000000,94.3229866667,-180.0000000000,0,0,Q2_candidate_plus_integrated_storage_MILP
3,RegionD,Valley,274.7800000000,214.3300000000,0.4402000000,722.3500000000,262.8393330000,2331,53.1866666667,316.0259996667,1.2800000000,404.5132795733,surrogate_assisted_fix_and_optimize_candidate_PROBE_ONLY,274.7800000000,0.4402000000,722.3500000000,1.0000000000,1.0000000000,1.0000000000,0.0000000000,0.0000000000,405.0000000000,404.5132795733,0.0000000000,0.0000000000,0.0000000000,0.0000000000,180.0000000000,137.8367204267,-180.0000000000,0,0,Q2_candidate_plus_integrated_storage_MILP
4,RegionD,Valley,274.9200000000,214.4400000000,0.4352000000,800.0000000000,335.3283330000,2332,48.9400000000,384.2683330000,1.2800000000,491.8634662400,surrogate_assisted_fix_and_optimize_candidate_PROBE_ONLY,274.9200000000,0.4352000000,800.0000000000,1.0000000000,1.0000000000,1.0000000000,0.0000000000,0.0000000000,405.0000000000,491.8634662400,0.0000000000,0.0000000000,0.0000000000,0.0000000000,180.0000000000,128.1365337600,-180.0000000000,0,0,Q2_candidate_plus_integrated_storage_MILP
5,RegionD,Valley,275.0600000000,214.5500000000,0.4286000000,877.6500000000,383.3500000000,2333,47.4800000000,430.8300000000,1.2800000000,551.4624000000,surrogate_assisted_fix_and_optimize_candidate_PROBE_ONLY,275.0600000000,0.4286000000,877.6500000000,1.0000000000,1.0000000000,1.0000000000,0.0000000000,0.0000000000,405.0000000000,551.4624000000,0.0000000000,0.0000000000,0.0000000000,0.0000000000,180.0000000000,146.1876000000,-180.0000000000,0,0,Q2_candidate_plus_integrated_storage_MILP
6,RegionD,Valley,275.2000000000,214.6600000000,0.4208000000,950.0000000000,394.9743330000,2334,42.6066666667,437.5809996667,1.2800000000,560.1036795733,surrogate_assisted_fix_and_optimize_candidate_PROBE_ONLY,275.2000000000,0.4208000000,950.0000000000,1.0000000000,1.0000000000,1.0000000000,0.0000000000,0.0000000000,405.0000000000,560.1036795733,0.0000000000,0.0000000000,0.0000000000,0.0000000000,180.0000000000,209.8963204267,-180.0000000000,0,0,Q2_candidate_plus_integrated_storage_MILP
7,RegionD,Flat,423.6200000000,330.4200000000,0.4125000000,1012.1300000000,409.9853330000,2335,0.0100000000,409.9953330000,1.2800000000,524.7940262400,surrogate_assisted_fix_and_optimize_candidate_PROBE_ONLY,423.6200000000,0.4125000000,1012.1300000000,1.0000000000,1.0000000000,1.0000000000,0.0000000000,0.0000000000,405.0000000000,524.7940262400,-0.0000000000,0.0000000000,0.0000000000,0.0000000000,180.0000000000,307.3359737600,-180.0000000000,0,0,Q2_candidate_plus_integrated_storage_MILP
8,RegionD,Flat,423.8600000000,330.6100000000,0.4042000000,1059.8100000000,390.2796670000,2336,0.0000000000,390.2796670000,1.2800000000,499.5579737600,surrogate_assisted_fix_and_optimize_candidate_PROBE_ONLY,423.8600000000,0.4042000000,1059.8100000000,1.0000000000,1.0000000000,1.0000000000,0.0000000000,0.0000000000,405.0000000000,499.5579737600,0.0000000000,0.0000000000,0.0000000000,0.0000000000,180.0000000000,380.2520262400,-180.0000000000,0,0,Q2_candidate_plus_integrated_storage_MILP
9,RegionD,Flat,424.1000000000,330.8000000000,0.3965000000,1089.7800000000,409.4126670000,2337,0.4000000000,409.8126670000,1.2800000000,524.5602137600,surrogate_assisted_fix_and_optimize_candidate_PROBE_ONLY,424.1000000000,0.3965000000,1089.7800000000,1.0000000000,1.0000000000,1.0000000000,0.0000000000,0.0000000000,405.0000000000,524.5602137600,0.0000000000,0.0000000000,0.0000000000,0.0000000000,180.0000000000,385.2197862400,-180.0000000000,0,0,Q2_candidate_plus_integrated_storage_MILP
10,RegionD,Flat,424.3400000000,330.9900000000,0.3899000000,1100.0000000000,401.0393330000,2338,0.4000000000,401.4393330000,1.2800000000,513.8423462400,surrogate_assisted_fix_and_optimize_candidate_PROBE_ONLY,424.3400000000,0.3899000000,1100.0000000000,1.0000000000,1.0000000000,1.0000000000,0.0000000000,0.0000000000,405.0000000000,513.8423462400,0.0000000000,0.0000000000,0.0000000000,0.0000000000,180.0000000000,406.1576537600,-180.0000000000,0,0,Q2_candidate_plus_integrated_storage_MILP
11,RegionD,Flat,424.5900000000,331.1800000000,0.3850000000,1089.7800000000,300.2600000000,2339,0.4000000000,300.6600000000,1.2800000000,384.8448000000,surrogate_assisted_fix_and_optimize_candidate_PROBE_ONLY,424.5900000000,0.3850000000,1089.7800000000,1.0000000000,1.0000000000,1.0000000000,0.0000000000,0.0000000000,405.0000000000,384.8448000000,0.0000000000,0.0000000000,0.0000000000,0.0000000000,180.0000000000,524.9352000000,-180.0000000000,0,0,Q2_candidate_plus_integrated_storage_MILP
12,RegionD,Flat,424.8500000000,331.3800000000,0.3821000000,1059.8100000000,254.0900000000,2340,0.7933333333,254.8833333333,1.2800000000,326.2506666667,surrogate_assisted_fix_and_optimize_candidate_PROBE_ONLY,424.8500000000,0.3821000000,1059.8100000000,1.0000000000,1.0000000000,1.0000000000,0.0000000000,0.0000000000,405.0000000000,326.2506666667,0.0000000000,0.0000000000,0.0000000000,0.0000000000,180.0000000000,553.5593333333,-180.0000000000,0,0,Q2_candidate_plus_integrated_storage_MILP
13,RegionD,Flat,425.1100000000,331.5900000000,0.3814000000,1012.1300000000,189.0870000000,2341,0.6600000000,189.7470000000,1.2800000000,242.8761600000,surrogate_assisted_fix_and_optimize_candidate_PROBE_ONLY,425.1100000000,0.3814000000,1012.1300000000,1.0000000000,1.0000000000,1.0000000000,0.0000000000,0.0000000000,405.0000000000,242.8761600000,0.0000000000,0.0000000000,0.0000000000,0.0000000000,180.0000000000,589.2538400000,-180.0000000000,0,0,Q2_candidate_plus_integrated_storage_MILP
14,RegionD,Flat,425.3700000000,331.7900000000,0.3829000000,950.0000000000,212.7423330000,2342,0.6346666667,213.3769996667,1.2800000000,273.1225595733,surrogate_assisted_fix_and_optimize_candidate_PROBE_ONLY,425.3700000000,0.3829000000,950.0000000000,1.0000000000,1.0000000000,1.0000000000,0.0000000000,0.0000000000,405.0000000000,273.1225595733,0.0000000000,0.0000000000,0.0000000000,0.0000000000,180.0000000000,496.8774404267,-180.0000000000,0,0,Q2_candidate_plus_integrated_storage_MILP
15,RegionD,Flat,425.6300000000,331.9900000000,0.3867000000,877.6500000000,147.9150000000,2343,0.6000000000,148.5150000000,1.2800000000,190.0992000000,surrogate_assisted_fix_and_optimize_candidate_PROBE_ONLY,425.6300000000,0.3867000000,877.6500000000,1.0000000000,1.0000000000,1.0000000000,0.0000000000,0.0000000000,405.0000000000,190.0992000000,0.0000000000,0.0000000000,0.0000000000,0.0000000000,180.0000000000,507.5508000000,-180.0000000000,0,0,Q2_candidate_plus_integrated_storage_MILP
16,RegionD,Flat,425.9000000000,332.2000000000,0.3925000000,800.0000000000,130.3016670000,2344,0.6000000000,130.9016670000,1.2800000000,167.5541337600,surrogate_assisted_fix_and_optimize_candidate_PROBE_ONLY,425.9000000000,0.3925000000,800.0000000000,1.0000000000,1.0000000000,1.0000000000,0.0000000000,0.0000000000,405.0000000000,167.5541337600,0.0000000000,0.0000000000,0.0000000000,0.0000000000,180.0000000000,452.4458662400,-180.0000000000,0,0,Q2_candidate_plus_integrated_storage_MILP
17,RegionD,Peak,741.5400000000,482.0000000000,0.3999000000,722.3500000000,90.9700000000,2345,0.6000000000,91.5700000000,1.2800000000,117.2096000000,surrogate_assisted_fix_and_optimize_candidate_PROBE_ONLY,617.9500000000,0.3999000000,722.3500000000,1.2000000000,1.0000000000,1.0000000000,0.0000000000,0.0000000000,405.0000000000,117.2096000000,0.0000000000,0.0000000000,0.0000000000,0.0000000000,180.0000000000,425.1404000000,-180.0000000000,0,0,Q2_candidate_plus_integrated_storage_MILP
18,RegionD,Peak,742.0080000000,482.3100000000,0.4085000000,650.0000000000,96.6980000000,2346,0.2300000000,96.9280000000,1.2800000000,124.0678400000,surrogate_assisted_fix_and_optimize_candidate_PROBE_ONLY,618.3400000000,0.4085000000,650.0000000000,1.2000000000,1.0000000000,1.0000000000,0.0000000000,0.0000000000,405.0000000000,124.0678400000,0.0000000000,0.0000000000,0.0000000000,0.0000000000,180.0000000000,345.9321600000,-180.0000000000,0,0,Q2_candidate_plus_integrated_storage_MILP
19,RegionD,Peak,742.4880000000,482.6200000000,0.4177000000,587.8700000000,134.6646670000,2347,0.0000000000,134.6646670000,1.2800000000,172.3707737600,surrogate_assisted_fix_and_optimize_candidate_PROBE_ONLY,618.7400000000,0.4177000000,587.8700000000,1.2000000000,1.0000000000,1.0000000000,0.0000000000,0.0000000000,405.0000000000,172.3707737600,0.0000000000,0.0000000000,0.0000000000,0.0000000000,180.0000000000,235.4992262400,-180.0000000000,0,0,Q2_candidate_plus_integrated_storage_MILP
20,RegionD,Peak,742.9680000000,482.9300000000,0.4268000000,540.1900000000,191.2553330000,2348,0.0000000000,191.2553330000,1.2800000000,244.8068262400,surrogate_assisted_fix_and_optimize_candidate_PROBE_ONLY,619.1400000000,0.4268000000,540.1900000000,1.2000000000,1.0000000000,1.0000000000,0.0000000000,0.0000000000,405.0000000000,244.8068262400,0.0000000000,0.0000000000,0.0000000000,0.0000000000,180.0000000000,115.3831737600,-180.0000000000,0,0,Q2_candidate_plus_integrated_storage_MILP
21,RegionD,Peak,743.4600000000,483.2500000000,0.4354000000,510.2200000000,213.7486670000,2349,1.1000000000,214.8486670000,1.2800000000,275.0062937600,surrogate_assisted_fix_and_optimize_candidate_PROBE_ONLY,619.5500000000,0.4354000000,510.2200000000,1.2000000000,1.0000000000,1.0000000000,0.0000000000,0.0000000000,405.0000000000,275.0062937600,0.0000000000,0.0000000000,0.0000000000,0.0000000000,180.0000000000,55.2137062400,-180.0000000000,0,0,Q2_candidate_plus_integrated_storage_MILP
22,RegionD,Flat,384.8000000000,300.1400000000,0.4428000000,500.0000000000,170.3040000000,2350,5.5800000000,175.8840000000,1.2800000000,225.1315200000,surrogate_assisted_fix_and_optimize_candidate_PROBE_ONLY,384.8000000000,0.4428000000,500.0000000000,1.0000000000,1.0000000000,1.0000000000,0.0000000000,0.0000000000,405.0000000000,225.1315200000,0.0000000000,0.0000000000,0.0000000000,0.0000000000,180.0000000000,94.8684800000,-180.0000000000,0,0,Q2_candidate_plus_integrated_storage_MILP
23,RegionD,Flat,385.0500000000,300.3400000000,0.4486000000,510.2200000000,193.3106670000,2351,13.3800000000,206.6906670000,1.2800000000,264.5640537600,surrogate_assisted_fix_and_optimize_candidate_PROBE_ONLY,385.0500000000,0.4486000000,510.2200000000,1.0000000000,1.0000000000,1.0000000000,0.0000000000,0.0000000000,405.0000000000,264.5640537600,0.0000000000,0.0000000000,0.0000000000,0.0000000000,180.0000000000,65.6559462400,-180.0000000000,0,0,Q2_candidate_plus_integrated_storage_MILP
24,RegionD,Valley,278.2700000000,217.0500000000,0.4525000000,540.1900000000,194.5666670000,2352,61.3733333333,255.9400003333,1.2800000000,327.6032004267,surrogate_assisted_fix_and_optimize_candidate_PROBE_ONLY,278.2700000000,0.4525000000,540.1900000000,1.0000000000,1.0000000000,1.0000000000,0.0000000000,0.0000000000,405.0000000000,327.6032004267,0.0000000000,0.0000000000,0.0000000000,0.0000000000,180.0000000000,32.5867995733,-180.0000000000,0,0,Q2_candidate_plus_integrated_storage_MILP
25,RegionD,Valley,278.4600000000,217.2000000000,0.4541000000,587.8700000000,190.8460000000,2353,82.7800000000,273.6260000000,1.2800000000,350.2412800000,surrogate_assisted_fix_and_optimize_candidate_PROBE_ONLY,278.4600000000,0.4541000000,587.8700000000,1.0000000000,1.0000000000,1.0000000000,0.0000000000,0.0000000000,405.0000000000,350.2412800000,0.0000000000,0.0000000000,0.0000000000,0.0000000000,180.0000000000,57.6287200000,-180.0000000000,0,0,Q2_candidate_plus_integrated_storage_MILP
26,RegionD,Valley,278.6400000000,217.3400000000,0.4534000000,650.0000000000,260.6360000000,2354,108.1800000000,368.8160000000,1.2800000000,472.0844800000,surrogate_assisted_fix_and_optimize_candidate_PROBE_ONLY,278.6400000000,0.4534000000,650.0000000000,1.0000000000,1.0000000000,1.0000000000,0.0000000000,2.0844800000,402.7586236559,470.0000000000,0.0000000000,0.0000000000,0.0000000000,0.0000000000,180.0000000000,0.0000000000,-180.0000000000,0,0,Q2_candidate_plus_integrated_storage_MILP
27,RegionD,Valley,278.8200000000,217.4800000000,0.4505000000,722.3500000000,313.1886670000,2355,149.5880000000,462.7766670000,1.2800000000,592.3541337600,surrogate_assisted_fix_and_optimize_candidate_PROBE_ONLY,278.8200000000,0.4505000000,722.3500000000,1.0000000000,1.0000000000,1.0000000000,0.0000000000,50.0041337600,348.9907378925,542.3500000000,0.0000000000,0.0000000000,0.0000000000,0.0000000000,180.0000000000,0.0000000000,-180.0000000000,0,0,Q2_candidate_plus_integrated_storage_MILP
28,RegionD,Valley,279.0000000000,217.6200000000,0.4456000000,800.0000000000,370.5356670000,2356,107.0976666667,477.6333336667,1.2800000000,611.3706670933,surrogate_assisted_fix_and_optimize_candidate_PROBE_ONLY,279.0000000000,0.4456000000,800.0000000000,1.0000000000,1.0000000000,1.0000000000,0.0000000000,0.0000000000,348.9907378925,611.3706670933,0.0000000000,0.0000000000,0.0000000000,0.0000000000,180.0000000000,8.6293329067,-180.0000000000,0,0,Q2_candidate_plus_integrated_storage_MILP
29,RegionD,Valley,279.1800000000,217.7600000000,0.4391000000,877.6500000000,409.8326670000,2357,83.3913333333,493.2240003333,1.2800000000,631.3267204267,surrogate_assisted_fix_and_optimize_candidate_PROBE_ONLY,279.1800000000,0.4391000000,877.6500000000,1.0000000000,1.0000000000,1.0000000000,0.0000000000,0.0000000000,348.9907378925,631.3267204267,0.0000000000,0.0000000000,0.0000000000,0.0000000000,180.0000000000,66.3232795733,-180.0000000000,0,0,Q2_candidate_plus_integrated_storage_MILP
30,RegionD,Valley,279.3600000000,217.9000000000,0.4315000000,950.0000000000,393.3286670000,2358,69.7053333333,463.0340003333,1.2800000000,592.6835204267,surrogate_assisted_fix_and_optimize_candidate_PROBE_ONLY,279.3600000000,0.4315000000,950.0000000000,1.0000000000,1.0000000000,1.0000000000,0.0000000000,0.0000000000,348.9907378925,592.6835204267,0.0000000000,0.0000000000,0.0000000000,0.0000000000,180.0000000000,177.3164795733,-180.0000000000,0,0,Q2_candidate_plus_integrated_storage_MILP
31,RegionD,Flat,430.0600000000,335.4500000000,0.4233000000,1012.1300000000,361.8916670000,2359,24.8903333333,386.7820003333,1.2800000000,495.0809604267,surrogate_assisted_fix_and_optimize_candidate_PROBE_ONLY,430.0600000000,0.4233000000,1012.1300000000,1.0000000000,1.0000000000,1.0000000000,0.0000000000,0.0000000000,348.9907378925,495.0809604267,0.0000000000,0.0000000000,0.0000000000,0.0000000000,180.0000000000,337.0490395733,-180.0000000000,0,0,Q2_candidate_plus_integrated_storage_MILP
32,RegionD,Flat,430.3300000000,335.6600000000,0.4150000000,1059.8100000000,370.0646670000,2360,12.1920000000,382.2566670000,1.2800000000,489.2885337600,surrogate_assisted_fix_and_optimize_candidate_PROBE_ONLY,430.3300000000,0.4150000000,1059.8100000000,1.0000000000,1.0000000000,1.0000000000,0.0000000000,0.0000000000,348.9907378925,489.2885337600,0.0000000000,0.0000000000,0.0000000000,0.0000000000,180.0000000000,390.5214662400,-180.0000000000,0,0,Q2_candidate_plus_integrated_storage_MILP
33,RegionD,Flat,430.6000000000,335.8700000000,0.4074000000,1089.7800000000,337.6033330000,2361,3.4000000000,341.0033330000,1.2800000000,436.4842662400,surrogate_assisted_fix_and_optimize_candidate_PROBE_ONLY,430.6000000000,0.4074000000,1089.7800000000,1.0000000000,1.0000000000,1.0000000000,0.0000000000,0.0000000000,348.9907378925,436.4842662400,-0.0000000000,0.0000000000,0.0000000000,0.0000000000,180.0000000000,473.2957337600,-180.0000000000,0,0,Q2_candidate_plus_integrated_storage_MILP
34,RegionD,Flat,430.8600000000,336.0700000000,0.4008000000,1100.0000000000,330.0793330000,2362,0.1600000000,330.2393330000,1.2800000000,422.7063462400,surrogate_assisted_fix_and_optimize_candidate_PROBE_ONLY,430.8600000000,0.4008000000,1100.0000000000,1.0000000000,1.0000000000,1.0000000000,0.0000000000,0.0000000000,348.9907378925,422.7063462400,0.0000000000,0.0000000000,0.0000000000,0.0000000000,180.0000000000,497.2936537600,-180.0000000000,0,0,Q2_candidate_plus_integrated_storage_MILP
35,RegionD,Flat,431.1200000000,336.2700000000,0.3959000000,1089.7800000000,318.4793330000,2363,0.1600000000,318.6393330000,1.2800000000,407.8583462400,surrogate_assisted_fix_and_optimize_candidate_PROBE_ONLY,431.1200000000,0.3959000000,1089.7800000000,1.0000000000,1.0000000000,1.0000000000,0.0000000000,0.0000000000,348.9907378925,407.8583462400,0.0000000000,0.0000000000,0.0000000000,0.0000000000,180.0000000000,501.9216537600,-180.0000000000,0,0,Q2_candidate_plus_integrated_storage_MILP
36,RegionD,Flat,431.3800000000,336.4800000000,0.3930000000,1059.8100000000,330.9233330000,2364,0.1600000000,331.0833330000,1.2800000000,423.7866662400,surrogate_assisted_fix_and_optimize_candidate_PROBE_ONLY,431.3800000000,0.3930000000,1059.8100000000,1.0000000000,1.0000000000,1.0000000000,0.0000000000,0.0000000000,348.9907378925,423.7866662400,0.0000000000,0.0000000000,0.0000000000,0.0000000000,180.0000000000,456.0233337600,-180.0000000000,0,0,Q2_candidate_plus_integrated_storage_MILP
37,RegionD,Flat,431.6400000000,336.6800000000,0.3923000000,1012.1300000000,302.1026670000,2365,0.1600000000,302.2626670000,1.2800000000,386.8962137600,surrogate_assisted_fix_and_optimize_candidate_PROBE_ONLY,431.6400000000,0.3923000000,1012.1300000000,1.0000000000,1.0000000000,1.0000000000,0.0000000000,0.0000000000,348.9907378925,386.8962137600,0.0000000000,0.0000000000,0.0000000000,0.0000000000,180.0000000000,445.2337862400,-180.0000000000,0,0,Q2_candidate_plus_integrated_storage_MILP
38,RegionD,Flat,431.8900000000,336.8700000000,0.3938000000,950.0000000000,272.7020000000,2366,0.1600000000,272.8620000000,1.2800000000,349.2633600000,surrogate_assisted_fix_and_optimize_candidate_PROBE_ONLY,431.8900000000,0.3938000000,950.0000000000,1.0000000000,1.0000000000,1.0000000000,0.0000000000,0.0000000000,348.9907378925,349.2633600000,0.0000000000,0.0000000000,0.0000000000,0.0000000000,180.0000000000,420.7366400000,-180.0000000000,0,0,Q2_candidate_plus_integrated_storage_MILP
39,RegionD,Flat,432.1300000000,337.0600000000,0.3976000000,877.6500000000,217.2416670000,2367,0.0346666667,217.2763336667,1.2800000000,278.1137070933,surrogate_assisted_fix_and_optimize_candidate_PROBE_ONLY,432.1300000000,0.3976000000,877.6500000000,1.0000000000,1.0000000000,1.0000000000,0.0000000000,0.0000000000,348.9907378925,278.1137070933,0.0000000000,0.0000000000,0.0000000000,0.0000000000,180.0000000000,419.5362929067,-180.0000000000,0,0,Q2_candidate_plus_integrated_storage_MILP
40,RegionD,Flat,432.3700000000,337.2500000000,0.4033000000,800.0000000000,164.3106670000,2368,0.0000000000,164.3106670000,1.2800000000,210.3176537600,surrogate_assisted_fix_and_optimize_candidate_PROBE_ONLY,432.3700000000,0.4033000000,800.0000000000,1.0000000000,1.0000000000,1.0000000000,0.0000000000,0.0000000000,348.9907378925,210.3176537600,0.0000000000,0.0000000000,0.0000000000,0.0000000000,180.0000000000,409.6823462400,-180.0000000000,0,0,Q2_candidate_plus_integrated_storage_MILP
41,RegionD,Peak,752.7360000000,489.2800000000,0.4107000000,722.3500000000,147.2470000000,2369,0.0000000000,147.2470000000,1.2800000000,188.4761600000,surrogate_assisted_fix_and_optimize_candidate_PROBE_ONLY,627.2800000000,0.4107000000,722.3500000000,1.2000000000,1.0000000000,1.0000000000,0.0000000000,0.0000000000,348.9907378925,188.4761600000,0.0000000000,0.0000000000,0.0000000000,0.0000000000,180.0000000000,353.8738400000,-180.0000000000,0,0,Q2_candidate_plus_integrated_storage_MILP
42,RegionD,Peak,753.1440000000,489.5400000000,0.4192000000,650.0000000000,141.3440000000,2370,0.0000000000,141.3440000000,1.2800000000,180.9203200000,surrogate_assisted_fix_and_optimize_candidate_PROBE_ONLY,627.6200000000,0.4192000000,650.0000000000,1.2000000000,1.0000000000,1.0000000000,0.0000000000,0.0000000000,348.9907378925,180.9203200000,0.0000000000,0.0000000000,0.0000000000,0.0000000000,180.0000000000,289.0796800000,-180.0000000000,0,0,Q2_candidate_plus_integrated_storage_MILP
43,RegionD,Peak,753.5400000000,489.8000000000,0.4282000000,587.8700000000,160.7856670000,2371,0.0000000000,160.7856670000,1.2800000000,205.8056537600,surrogate_assisted_fix_and_optimize_candidate_PROBE_ONLY,627.9500000000,0.4282000000,587.8700000000,1.2000000000,1.0000000000,1.0000000000,0.0000000000,0.0000000000,348.9907378925,205.8056537600,0.0000000000,0.0000000000,0.0000000000,0.0000000000,180.0000000000,202.0643462400,-180.0000000000,0,0,Q2_candidate_plus_integrated_storage_MILP
44,RegionD,Peak,753.9120000000,490.0400000000,0.4373000000,540.1900000000,144.4313330000,2372,0.0000000000,144.4313330000,1.2800000000,184.8721062400,surrogate_assisted_fix_and_optimize_candidate_PROBE_ONLY,628.2600000000,0.4373000000,540.1900000000,1.2000000000,1.0000000000,1.0000000000,0.0000000000,0.0000000000,348.9907378925,184.8721062400,0.0000000000,0.0000000000,0.0000000000,0.0000000000,180.0000000000,175.3178937600,-180.0000000000,0,0,Q2_candidate_plus_integrated_storage_MILP
45,RegionD,Peak,754.2840000000,490.2800000000,0.4457000000,510.2200000000,166.7270000000,2373,0.0000000000,166.7270000000,1.2800000000,213.4105600000,surrogate_assisted_fix_and_optimize_candidate_PROBE_ONLY,628.5700000000,0.4457000000,510.2200000000,1.2000000000,1.0000000000,1.0000000000,0.0000000000,0.0000000000,348.9907378925,213.4105600000,0.0000000000,0.0000000000,0.0000000000,0.0000000000,180.0000000000,116.8094400000,-180.0000000000,0,0,Q2_candidate_plus_integrated_storage_MILP
46,RegionD,Flat,390.3300000000,304.4600000000,0.4530000000,500.0000000000,168.4690000000,2374,7.7200000000,176.1890000000,1.2800000000,225.5219200000,surrogate_assisted_fix_and_optimize_candidate_PROBE_ONLY,390.3300000000,0.4530000000,500.0000000000,1.0000000000,1.0000000000,1.0000000000,0.0000000000,0.0000000000,348.9907378925,225.5219200000,0.0000000000,0.0000000000,0.0000000000,0.0000000000,180.0000000000,94.4780800000,-180.0000000000,0,0,Q2_candidate_plus_integrated_storage_MILP
47,RegionD,Flat,390.5100000000,304.6000000000,0.4586000000,510.2200000000,228.9546670000,2375,7.7200000000,236.6746670000,1.2800000000,302.9435737600,surrogate_assisted_fix_and_optimize_candidate_PROBE_ONLY,390.5100000000,0.4586000000,510.2200000000,1.0000000000,1.0000000000,1.0000000000,0.0000000000,0.0000000000,348.9907378925,302.9435737600,-0.0000000000,0.0000000000,0.0000000000,0.0000000000,180.0000000000,27.2764262400,-180.0000000000,0,0,Q2_candidate_plus_integrated_storage_MILP
48,RegionD,Valley,282.1600000000,220.0800000000,0.4623000000,540.1900000000,306.7546670000,2376,5.6960000000,312.4506670000,1.2800000000,399.9368537600,surrogate_assisted_fix_and_optimize_candidate_PROBE_ONLY,282.1600000000,0.4623000000,540.1900000000,1.0000000000,1.0000000000,1.0000000000,0.0000000000,39.7468537600,306.2521854624,360.1900000000,0.0000000000,0.0000000000,0.0000000000,0.0000000000,180.0000000000,0.0000000000,-180.0000000000,0,0,Q2_candidate_plus_integrated_storage_MILP
49,RegionD,Valley,282.2800000000,220.1800000000,0.4637000000,587.8700000000,329.9646670000,2377,14.9600000000,344.9246670000,1.2800000000,441.5035737600,surrogate_assisted_fix_and_optimize_candidate_PROBE_ONLY,282.2800000000,0.4637000000,587.8700000000,1.0000000000,1.0000000000,1.0000000000,0.0000000000,33.6335737600,270.0870523871,407.8700000000,0.0000000000,0.0000000000,0.0000000000,0.0000000000,180.0000000000,0.0000000000,-180.0000000000,0,0,Q2_candidate_plus_integrated_storage_MILP
50,RegionD,Valley,282.4000000000,220.2700000000,0.4629000000,650.0000000000,348.9473330000,2378,36.1766666667,385.1239996667,1.2800000000,492.9587195733,surrogate_assisted_fix_and_optimize_candidate_PROBE_ONLY,282.4000000000,0.4629000000,650.0000000000,1.0000000000,1.0000000000,1.0000000000,0.0000000000,22.9587195733,245.4002571470,470.0000000000,0.0000000000,0.0000000000,0.0000000000,0.0000000000,180.0000000000,0.0000000000,-180.0000000000,0,0,Q2_candidate_plus_integrated_storage_MILP
51,RegionD,Valley,282.5100000000,220.3600000000,0.4598000000,722.3500000000,373.8270000000,2379,79.7200000000,453.5470000000,1.2800000000,580.5401600000,surrogate_assisted_fix_and_optimize_candidate_PROBE_ONLY,282.5100000000,0.4598000000,722.3500000000,1.0000000000,1.0000000000,1.0000000000,0.0000000000,38.1901600000,204.3355689749,542.3500000000,0.0000000000,0.0000000000,0.0000000000,0.0000000000,180.0000000000,0.0000000000,-180.0000000000,0,0,Q2_candidate_plus_integrated_storage_MILP
52,RegionD,Valley,282.6200000000,220.4400000000,0.4547000000,800.0000000000,401.4206670000,2380,70.1093333333,471.5300003333,1.2800000000,603.5584004267,surrogate_assisted_fix_and_optimize_candidate_PROBE_ONLY,282.6200000000,0.4547000000,800.0000000000,1.0000000000,1.0000000000,1.0000000000,0.0000000000,0.0000000000,204.3355689749,603.5584004267,0.0000000000,0.0000000000,0.0000000000,0.0000000000,180.0000000000,16.4415995733,-180.0000000000,0,0,Q2_candidate_plus_integrated_storage_MILP
53,RegionD,Valley,282.7200000000,220.5200000000,0.4479000000,877.6500000000,402.6560000000,2381,69.1200000000,471.7760000000,1.2800000000,603.8732800000,surrogate_assisted_fix_and_optimize_candidate_PROBE_ONLY,282.7200000000,0.4479000000,877.6500000000,1.0000000000,1.0000000000,1.0000000000,0.0000000000,0.0000000000,204.3355689749,603.8732800000,0.0000000000,0.0000000000,0.0000000000,0.0000000000,180.0000000000,93.7767200000,-180.0000000000,0,0,Q2_candidate_plus_integrated_storage_MILP
54,RegionD,Valley,282.8200000000,220.6000000000,0.4400000000,950.0000000000,364.5540000000,2382,53.4333333333,417.9873333333,1.2800000000,535.0237866667,surrogate_assisted_fix_and_optimize_candidate_PROBE_ONLY,282.8200000000,0.4400000000,950.0000000000,1.0000000000,1.0000000000,1.0000000000,0.0000000000,0.0000000000,204.3355689749,535.0237866667,0.0000000000,0.0000000000,0.0000000000,0.0000000000,180.0000000000,234.9762133333,-180.0000000000,0,0,Q2_candidate_plus_integrated_storage_MILP
55,RegionD,Flat,435.2400000000,339.4900000000,0.4315000000,1012.1300000000,367.4760000000,2383,20.5480000000,388.0240000000,1.2800000000,496.6707200000,surrogate_assisted_fix_and_optimize_candidate_PROBE_ONLY,435.2400000000,0.4315000000,1012.1300000000,1.0000000000,1.0000000000,1.0000000000,260.0000000000,0.0000000000,448.7355689749,496.6707200000,260.0000000000,0.0000000000,0.0000000000,0.0000000000,180.0000000000,75.4592800000,-180.0000000000,1,0,Q2_candidate_plus_integrated_storage_MILP
56,RegionD,Flat,435.3700000000,339.5900000000,0.4230000000,1059.8100000000,382.3576670000,2384,16.6156666667,398.9733336667,1.2800000000,510.6858670933,surrogate_assisted_fix_and_optimize_candidate_PROBE_ONLY,435.3700000000,0.4230000000,1059.8100000000,1.0000000000,1.0000000000,1.0000000000,0.0000000000,0.0000000000,448.7355689749,510.6858670933,0.0000000000,0.0000000000,0.0000000000,0.0000000000,180.0000000000,369.1241329067,-180.0000000000,0,0,Q2_candidate_plus_integrated_storage_MILP
57,RegionD,Flat,435.5000000000,339.6900000000,0.4151000000,1089.7800000000,376.2626670000,2385,4.4133333333,380.6760003333,1.2800000000,487.2652804267,surrogate_assisted_fix_and_optimize_candidate_PROBE_ONLY,435.5000000000,0.4151000000,1089.7800000000,1.0000000000,1.0000000000,1.0000000000,0.0000000000,0.0000000000,448.7355689749,487.2652804267,0.0000000000,0.0000000000,0.0000000000,0.0000000000,180.0000000000,422.5147195733,-180.0000000000,0,0,Q2_candidate_plus_integrated_storage_MILP
58,RegionD,Flat,435.6100000000,339.7800000000,0.4083000000,1100.0000000000,345.5260000000,2386,17.4400000000,362.9660000000,1.2800000000,464.5964800000,surrogate_assisted_fix_and_optimize_candidate_PROBE_ONLY,435.6100000000,0.4083000000,1100.0000000000,1.0000000000,1.0000000000,1.0000000000,0.0000000000,0.0000000000,448.7355689749,464.5964800000,0.0000000000,0.0000000000,0.0000000000,0.0000000000,180.0000000000,455.4035200000,-180.0000000000,0,0,Q2_candidate_plus_integrated_storage_MILP
59,RegionD,Flat,435.7200000000,339.8600000000,0.4031000000,1089.7800000000,284.6873330000,2387,15.7226666667,300.4099996667,1.2800000000,384.5247995733,surrogate_assisted_fix_and_optimize_candidate_PROBE_ONLY,435.7200000000,0.4031000000,1089.7800000000,1.0000000000,1.0000000000,1.0000000000,0.0000000000,0.0000000000,448.7355689749,384.5247995733,0.0000000000,0.0000000000,0.0000000000,0.0000000000,180.0000000000,525.2552004267,-180.0000000000,0,0,Q2_candidate_plus_integrated_storage_MILP
60,RegionD,Flat,435.8200000000,339.9400000000,0.3998000000,1059.8100000000,288.3400000000,2388,15.1600000000,303.5000000000,1.2800000000,388.4800000000,surrogate_assisted_fix_and_optimize_candidate_PROBE_ONLY,435.8200000000,0.3998000000,1059.8100000000,1.0000000000,1.0000000000,1.0000000000,0.0000000000,0.0000000000,448.7355689749,388.4800000000,0.0000000000,0.0000000000,0.0000000000,0.0000000000,180.0000000000,491.3300000000,-180.0000000000,0,0,Q2_candidate_plus_integrated_storage_MILP
61,RegionD,Flat,435.9000000000,340.0000000000,0.3988000000,1012.1300000000,276.7423330000,2389,14.9466666667,291.6889996667,1.2800000000,373.3619195733,surrogate_assisted_fix_and_optimize_candidate_PROBE_ONLY,435.9000000000,0.3988000000,1012.1300000000,1.0000000000,1.0000000000,1.0000000000,0.0000000000,0.0000000000,448.7355689749,373.3619195733,0.0000000000,0.0000000000,0.0000000000,0.0000000000,180.0000000000,458.7680804267,-180.0000000000,0,0,Q2_candidate_plus_integrated_storage_MILP
62,RegionD,Flat,435.9800000000,340.0600000000,0.4000000000,950.0000000000,220.5786670000,2390,16.3400000000,236.9186670000,1.2800000000,303.2558937600,surrogate_assisted_fix_and_optimize_candidate_PROBE_ONLY,435.9800000000,0.4000000000,950.0000000000,1.0000000000,1.0000000000,1.0000000000,0.0000000000,0.0000000000,448.7355689749,303.2558937600,0.0000000000,0.0000000000,0.0000000000,0.0000000000,180.0000000000,466.7441062400,-180.0000000000,0,0,Q2_candidate_plus_integrated_storage_MILP
63,RegionD,Flat,436.0500000000,340.1200000000,0.4034000000,877.6500000000,163.7426670000,2391,3.2606666667,167.0033336667,1.2800000000,213.7642670933,surrogate_assisted_fix_and_optimize_candidate_PROBE_ONLY,436.0500000000,0.4034000000,877.6500000000,1.0000000000,1.0000000000,1.0000000000,0.0000000000,0.0000000000,448.7355689749,213.7642670933,0.0000000000,0.0000000000,0.0000000000,0.0000000000,180.0000000000,483.8857329067,-180.0000000000,0,0,Q2_candidate_plus_integrated_storage_MILP
64,RegionD,Flat,436.1200000000,340.1700000000,0.4088000000,800.0000000000,135.0896670000,2392,1.3350000000,136.4246670000,1.2800000000,174.6235737600,surrogate_assisted_fix_and_optimize_candidate_PROBE_ONLY,436.1200000000,0.4088000000,800.0000000000,1.0000000000,1.0000000000,1.0000000000,0.0000000000,0.0000000000,448.7355689749,174.6235737600,0.0000000000,0.0000000000,0.0000000000,0.0000000000,180.0000000000,445.3764262400,-180.0000000000,0,0,Q2_candidate_plus_integrated_storage_MILP
65,RegionD,Peak,758.9400000000,493.3100000000,0.4158000000,722.3500000000,162.8473330000,2393,0.2850000000,163.1323330000,1.2800000000,208.8093862400,surrogate_assisted_fix_and_optimize_candidate_PROBE_ONLY,632.4500000000,0.4158000000,722.3500000000,1.2000000000,1.0000000000,1.0000000000,0.0000000000,0.0000000000,448.7355689749,208.8093862400,0.0000000000,0.0000000000,0.0000000000,0.0000000000,180.0000000000,333.5406137600,-180.0000000000,0,0,Q2_candidate_plus_integrated_storage_MILP
66,RegionD,Peak,759.0120000000,493.3600000000,0.4239000000,650.0000000000,152.2986670000,2394,0.1600000000,152.4586670000,1.2800000000,195.1470937600,surrogate_assisted_fix_and_optimize_candidate_PROBE_ONLY,632.5100000000,0.4239000000,650.0000000000,1.2000000000,1.0000000000,1.0000000000,0.0000000000,0.0000000000,448.7355689749,195.1470937600,0.0000000000,0.0000000000,0.0000000000,0.0000000000,180.0000000000,274.8529062400,-180.0000000000,0,0,Q2_candidate_plus_integrated_storage_MILP
67,RegionD,Peak,759.0720000000,493.4000000000,0.4326000000,587.8700000000,135.8153330000,2395,0.3466666667,136.1619996667,1.2800000000,174.2873595733,surrogate_assisted_fix_and_optimize_candidate_PROBE_ONLY,632.5600000000,0.4326000000,587.8700000000,1.2000000000,1.0000000000,1.0000000000,0.0000000000,0.0000000000,448.7355689749,174.2873595733,-0.0000000000,0.0000000000,0.0000000000,0.0000000000,180.0000000000,233.5826404267,-180.0000000000,0,0,Q2_candidate_plus_integrated_storage_MILP
68,RegionD,Peak,759.1200000000,493.4300000000,0.4413000000,540.1900000000,149.0523330000,2396,5.1400000000,154.1923330000,1.2800000000,197.3661862400,surrogate_assisted_fix_and_optimize_candidate_PROBE_ONLY,632.6000000000,0.4413000000,540.1900000000,1.2000000000,1.0000000000,1.0000000000,0.0000000000,0.0000000000,448.7355689749,197.3661862400,0.0000000000,0.0000000000,0.0000000000,0.0000000000,180.0000000000,162.8238137600,-180.0000000000,0,0,Q2_candidate_plus_integrated_storage_MILP
69,RegionD,Peak,759.1440000000,493.4400000000,0.4493000000,510.2200000000,170.2683330000,2397,5.2983333333,175.5666663333,1.2800000000,224.7253329067,surrogate_assisted_fix_and_optimize_candidate_PROBE_ONLY,632.6200000000,0.4493000000,510.2200000000,1.2000000000,1.0000000000,1.0000000000,0.2747822161,-0.0000000000,448.9938642581,224.7253329067,0.2747822161,0.0000000000,0.0000000000,0.0000000000,180.0000000000,105.2198848772,-180.0000000000,1,0,Q2_candidate_plus_integrated_storage_MILP
70,RegionD,Flat,392.6700000000,306.2800000000,0.4562000000,500.0000000000,192.1226670000,2398,13.2640000000,205.3866670000,1.2800000000,262.8949337600,surrogate_assisted_fix_and_optimize_candidate_PROBE_ONLY,392.6700000000,0.4562000000,500.0000000000,1.0000000000,1.0000000000,1.0000000000,0.0000000000,0.0000000000,448.9938642581,262.8949337600,-0.0000000000,0.0000000000,0.0000000000,0.0000000000,180.0000000000,57.1050662400,-180.0000000000,0,0,Q2_candidate_plus_integrated_storage_MILP
71,RegionD,Flat,392.6700000000,306.2800000000,0.4615000000,510.2200000000,238.0086670000,2399,51.9400000000,289.9486670000,1.2800000000,371.1342937600,surrogate_assisted_fix_and_optimize_candidate_PROBE_ONLY,392.6700000000,0.4615000000,510.2200000000,1.0000000000,1.0000000000,1.0000000000,0.0000000000,40.9142937600,405.0000000000,330.2200000000,0.0000000000,0.0000000000,0.0000000000,0.0000000000,180.0000000000,0.0000000000,-180.0000000000,0,0,Q2_candidate_plus_integrated_storage_MILP
0,RegionE,Valley,242.4800000000,189.1300000000,0.2318000000,540.1900000000,263.9336670000,2328,148.3076666667,412.2413336667,1.2500000000,515.3016670833,surrogate_assisted_fix_and_optimize_candidate_PROBE_ONLY,242.4800000000,0.2318000000,540.1900000000,1.0000000000,1.0000000000,1.0000000000,0.0000000000,-0.0000000000,370.0000000000,515.3016670833,0.0000000000,0.0000000000,0.0000000000,0.0000000000,24.8883329167,0.0000000000,-24.8883329167,0,0,Q2_candidate_plus_integrated_storage_MILP
1,RegionE,Valley,242.5900000000,189.2200000000,0.2326000000,587.8700000000,310.0913330000,2329,132.3686666667,442.4599996667,1.2500000000,553.0749995833,surrogate_assisted_fix_and_optimize_candidate_PROBE_ONLY,242.5900000000,0.2326000000,587.8700000000,1.0000000000,1.0000000000,1.0000000000,0.0000000000,0.0000000000,370.0000000000,553.0749995833,0.0000000000,0.0000000000,0.0000000000,0.0000000000,34.7950004167,0.0000000000,-34.7950004167,0,0,Q2_candidate_plus_integrated_storage_MILP
2,RegionE,Valley,242.7100000000,189.3100000000,0.2322000000,650.0000000000,353.5720000000,2330,143.4580000000,497.0300000000,1.2500000000,621.2875000000,surrogate_assisted_fix_and_optimize_candidate_PROBE_ONLY,242.7100000000,0.2322000000,650.0000000000,1.0000000000,1.0000000000,1.0000000000,0.0000000000,7.8841675000,361.5224005376,613.4033325000,0.0000000000,0.0000000000,0.0000000000,0.0000000000,36.5966675000,0.0000000000,-36.5966675000,0,0,Q2_candidate_plus_integrated_storage_MILP
3,RegionE,Valley,242.8300000000,189.4100000000,0.2306000000,722.3500000000,373.7453330000,2331,134.6573333333,508.4026663333,1.2500000000,635.5033329167,surrogate_assisted_fix_and_optimize_candidate_PROBE_ONLY,242.8300000000,0.2306000000,722.3500000000,1.0000000000,1.0000000000,1.0000000000,0.0000000000,133.1533329167,218.3467737455,502.3500000000,0.0000000000,0.0000000000,0.0000000000,0.0000000000,220.0000000000,0.0000000000,-220.0000000000,0,0,Q2_candidate_plus_integrated_storage_MILP
4,RegionE,Valley,242.9500000000,189.5000000000,0.2280000000,800.0000000000,412.7363330000,2332,135.3056666667,548.0419996667,1.2500000000,685.0524995833,surrogate_assisted_fix_and_optimize_candidate_PROBE_ONLY,242.9500000000,0.2280000000,800.0000000000,1.0000000000,1.0000000000,1.0000000000,0.0000000000,105.0524995833,105.3870967742,580.0000000000,0.0000000000,0.0000000000,0.0000000000,0.0000000000,220.0000000000,0.0000000000,-220.0000000000,0,0,Q2_candidate_plus_integrated_storage_MILP
5,RegionE,Valley,243.0700000000,189.5900000000,0.2245000000,877.6500000000,399.6440000000,2333,143.8760000000,543.5200000000,1.2500000000,679.4000000000,surrogate_assisted_fix_and_optimize_candidate_PROBE_ONLY,243.0700000000,0.2245000000,877.6500000000,1.0000000000,1.0000000000,1.0000000000,0.0000000000,21.7500000000,82.0000000000,657.6500000000,0.0000000000,0.0000000000,0.0000000000,0.0000000000,220.0000000000,0.0000000000,-220.0000000000,0,0,Q2_candidate_plus_integrated_storage_MILP
6,RegionE,Valley,243.2000000000,189.7000000000,0.2204000000,950.0000000000,382.4746670000,2334,111.8226666667,494.2973336667,1.2500000000,617.8716670833,surrogate_assisted_fix_and_optimize_candidate_PROBE_ONLY,243.2000000000,0.2204000000,950.0000000000,1.0000000000,1.0000000000,1.0000000000,0.0000000000,0.0000000000,82.0000000000,617.8716670833,0.0000000000,0.0000000000,0.0000000000,0.0000000000,220.0000000000,112.1283329167,-220.0000000000,0,0,Q2_candidate_plus_integrated_storage_MILP
7,RegionE,Flat,374.3600000000,292.0000000000,0.2161000000,1012.1300000000,404.1476670000,2335,94.3123333333,498.4600003333,1.2500000000,623.0750004167,surrogate_assisted_fix_and_optimize_candidate_PROBE_ONLY,374.3600000000,0.2161000000,1012.1300000000,1.0000000000,1.0000000000,1.0000000000,0.0000000000,0.0000000000,82.0000000000,623.0750004167,0.0000000000,0.0000000000,0.0000000000,0.0000000000,220.0000000000,169.0549995833,-220.0000000000,0,0,Q2_candidate_plus_integrated_storage_MILP
8,RegionE,Flat,374.5700000000,292.1600000000,0.2117000000,1059.8100000000,395.2890000000,2336,115.8560000000,511.1450000000,1.2500000000,638.9312500000,surrogate_assisted_fix_and_optimize_candidate_PROBE_ONLY,374.5700000000,0.2117000000,1059.8100000000,1.0000000000,1.0000000000,1.0000000000,0.0000000000,0.0000000000,82.0000000000,638.9312500000,-0.0000000000,0.0000000000,0.0000000000,0.0000000000,220.0000000000,200.8787500000,-220.0000000000,0,0,Q2_candidate_plus_integrated_storage_MILP
9,RegionE,Flat,374.7800000000,292.3300000000,0.2077000000,1089.7800000000,381.2266670000,2337,135.2533333333,516.4800003333,1.2500000000,645.6000004167,surrogate_assisted_fix_and_optimize_candidate_PROBE_ONLY,374.7800000000,0.2077000000,1089.7800000000,1.0000000000,1.0000000000,1.0000000000,0.0000000000,0.0000000000,82.0000000000,645.6000004167,-0.0000000000,0.0000000000,0.0000000000,0.0000000000,220.0000000000,224.1799995833,-220.0000000000,0,0,Q2_candidate_plus_integrated_storage_MILP
10,RegionE,Flat,375.0000000000,292.5000000000,0.2043000000,1100.0000000000,360.2710000000,2338,140.3390000000,500.6100000000,1.2500000000,625.7625000000,surrogate_assisted_fix_and_optimize_candidate_PROBE_ONLY,375.0000000000,0.2043000000,1100.0000000000,1.0000000000,1.0000000000,1.0000000000,240.0000000000,0.0000000000,307.6000000000,625.7625000000,240.0000000000,0.0000000000,0.0000000000,0.0000000000,220.0000000000,14.2375000000,-220.0000000000,1,0,Q2_candidate_plus_integrated_storage_MILP
11,RegionE,Flat,375.2200000000,292.6700000000,0.2017000000,1089.7800000000,338.2000000000,2339,121.0800000000,459.2800000000,1.2500000000,574.1000000000,surrogate_assisted_fix_and_optimize_candidate_PROBE_ONLY,375.2200000000,0.2017000000,1089.7800000000,1.0000000000,1.0000000000,1.0000000000,0.0000000000,0.0000000000,307.6000000000,574.1000000000,-0.0000000000,0.0000000000,0.0000000000,0.0000000000,220.0000000000,295.6800000000,-220.0000000000,0,0,Q2_candidate_plus_integrated_storage_MILP
12,RegionE,Flat,375.4500000000,292.8500000000,0.2001000000,1059.8100000000,260.3600000000,2340,157.0173333333,417.3773333333,1.2500000000,521.7216666667,surrogate_assisted_fix_and_optimize_candidate_PROBE_ONLY,375.4500000000,0.2001000000,1059.8100000000,1.0000000000,1.0000000000,1.0000000000,240.0000000000,0.0000000000,533.2000000000,521.7216666667,240.0000000000,0.0000000000,0.0000000000,0.0000000000,220.0000000000,78.0883333333,-220.0000000000,1,0,Q2_candidate_plus_integrated_storage_MILP
13,RegionE,Flat,375.6700000000,293.0200000000,0.1998000000,1012.1300000000,267.3293330000,2341,143.2536666667,410.5829996667,1.2500000000,513.2287495833,surrogate_assisted_fix_and_optimize_candidate_PROBE_ONLY,375.6700000000,0.1998000000,1012.1300000000,1.0000000000,1.0000000000,1.0000000000,0.0000000000,0.0000000000,533.2000000000,513.2287495833,-0.0000000000,0.0000000000,0.0000000000,0.0000000000,220.0000000000,278.9012504167,-220.0000000000,0,0,Q2_candidate_plus_integrated_storage_MILP
14,RegionE,Flat,375.9100000000,293.2100000000,0.2006000000,950.0000000000,263.4170000000,2342,119.3813333333,382.7983333333,1.2500000000,478.4979166667,surrogate_assisted_fix_and_optimize_candidate_PROBE_ONLY,375.9100000000,0.2006000000,950.0000000000,1.0000000000,1.0000000000,1.0000000000,129.9126325621,0.0000000000,655.3178746083,478.4979166667,129.9126325621,0.0000000000,0.0000000000,0.0000000000,220.0000000000,121.5894507713,-220.0000000000,1,0,Q2_candidate_plus_integrated_storage_MILP
15,RegionE,Flat,376.1400000000,293.3900000000,0.2026000000,877.6500000000,258.5603330000,2343,127.4046666667,385.9649996667,1.2500000000,482.4562495833,surrogate_assisted_fix_and_optimize_candidate_PROBE_ONLY,376.1400000000,0.2026000000,877.6500000000,1.0000000000,1.0000000000,1.0000000000,175.1937504167,0.0000000000,820.0000000000,482.4562495833,175.1937504167,0.0000000000,0.0000000000,0.0000000000,220.0000000000,0.0000000000,-220.0000000000,1,0,Q2_candidate_plus_integrated_storage_MILP
16,RegionE,Flat,376.3800000000,293.5800000000,0.2056000000,800.0000000000,228.4080000000,2344,133.4520000000,361.8600000000,1.2500000000,452.3250000000,surrogate_assisted_fix_and_optimize_candidate_PROBE_ONLY,376.3800000000,0.2056000000,800.0000000000,1.0000000000,1.0000000000,1.0000000000,0.0000000000,0.0000000000,820.0000000000,452.3250000000,-0.0000000000,0.0000000000,0.0000000000,0.0000000000,220.0000000000,127.6750000000,-220.0000000000,1,0,Q2_candidate_plus_integrated_storage_MILP
17,RegionE,Peak,655.3080000000,425.9500000000,0.2095000000,722.3500000000,241.1920000000,2345,110.4466666667,351.6386666667,1.2500000000,439.5483333333,surrogate_assisted_fix_and_optimize_candidate_PROBE_ONLY,546.0900000000,0.2095000000,722.3500000000,1.2000000000,1.0000000000,1.0000000000,0.0000000000,0.0000000000,820.0000000000,439.5483333333,-0.0000000000,0.0000000000,0.0000000000,0.0000000000,220.0000000000,62.8016666667,-220.0000000000,0,0,Q2_candidate_plus_integrated_storage_MILP
18,RegionE,Peak,655.7280000000,426.2200000000,0.2140000000,650.0000000000,223.3766670000,2346,106.8933333333,330.2700003333,1.2500000000,412.8375004167,surrogate_assisted_fix_and_optimize_candidate_PROBE_ONLY,546.4400000000,0.2140000000,650.0000000000,1.2000000000,1.0000000000,1.0000000000,0.0000000000,0.0000000000,820.0000000000,412.8375004167,-0.0000000000,0.0000000000,0.0000000000,0.0000000000,220.0000000000,17.1624995833,-220.0000000000,0,0,Q2_candidate_plus_integrated_storage_MILP
19,RegionE,Peak,656.1600000000,426.5000000000,0.2188000000,587.8700000000,170.3986670000,2347,131.8666666667,302.2653336667,1.2500000000,377.8316670833,surrogate_assisted_fix_and_optimize_candidate_PROBE_ONLY,546.8000000000,0.2188000000,587.8700000000,1.2000000000,1.0000000000,1.0000000000,0.0000000000,9.9616670833,809.2885300179,367.8700000000,0.0000000000,0.0000000000,0.0000000000,0.0000000000,220.0000000000,0.0000000000,-220.0000000000,0,0,Q2_candidate_plus_integrated_storage_MILP
20,RegionE,Peak,656.5800000000,426.7800000000,0.2236000000,540.1900000000,160.0550000000,2348,141.6030000000,301.6580000000,1.2500000000,377.0725000000,surrogate_assisted_fix_and_optimize_candidate_PROBE_ONLY,547.1500000000,0.2236000000,540.1900000000,1.2000000000,1.0000000000,1.0000000000,0.0000000000,56.8825000000,748.1245515233,320.1900000000,0.0000000000,0.0000000000,0.0000000000,0.0000000000,220.0000000000,0.0000000000,-220.0000000000,0,0,Q2_candidate_plus_integrated_storage_MILP
21,RegionE,Peak,657.0120000000,427.0600000000,0.2281000000,510.2200000000,155.8446670000,2349,104.4800000000,260.3246670000,1.2500000000,325.4058337500,surrogate_assisted_fix_and_optimize_candidate_PROBE_ONLY,547.5100000000,0.2281000000,510.2200000000,1.2000000000,1.0000000000,1.0000000000,0.0000000000,35.1858337500,710.2903216846,290.2200000000,0.0000000000,0.0000000000,0.0000000000,0.0000000000,220.0000000000,0.0000000000,-220.0000000000,0,0,Q2_candidate_plus_integrated_storage_MILP
22,RegionE,Flat,340.0500000000,265.2400000000,0.2320000000,500.0000000000,144.6020000000,2350,103.2506666667,247.8526666667,1.2500000000,309.8158333333,surrogate_assisted_fix_and_optimize_candidate_PROBE_ONLY,340.0500000000,0.2320000000,500.0000000000,1.0000000000,1.0000000000,1.0000000000,0.0000000000,29.8158333333,678.2302858423,280.0000000000,0.0000000000,0.0000000000,0.0000000000,0.0000000000,220.0000000000,0.0000000000,-220.0000000000,0,0,Q2_candidate_plus_integrated_storage_MILP
23,RegionE,Flat,340.2800000000,265.4200000000,0.2350000000,510.2200000000,156.5973330000,2351,157.2560000000,313.8533330000,1.2500000000,392.3166662500,surrogate_assisted_fix_and_optimize_candidate_PROBE_ONLY,340.2800000000,0.2350000000,510.2200000000,1.0000000000,1.0000000000,1.0000000000,0.0000000000,102.0966662500,568.4489242832,290.2200000000,0.0000000000,0.0000000000,0.0000000000,0.0000000000,220.0000000000,0.0000000000,-220.0000000000,0,0,Q2_candidate_plus_integrated_storage_MILP
24,RegionE,Valley,245.9200000000,191.8200000000,0.2370000000,540.1900000000,190.3180000000,2352,122.0346666667,312.3526666667,1.2500000000,390.4408333333,surrogate_assisted_fix_and_optimize_candidate_PROBE_ONLY,245.9200000000,0.2370000000,540.1900000000,1.0000000000,1.0000000000,1.0000000000,0.0000000000,0.0000000000,568.4489242832,390.4408333333,0.0000000000,0.0000000000,0.0000000000,0.0000000000,149.7491666667,0.0000000000,-149.7491666667,0,0,Q2_candidate_plus_integrated_storage_MILP
25,RegionE,Valley,246.0800000000,191.9400000000,0.2378000000,587.8700000000,291.1993330000,2353,131.5613333333,422.7606663333,1.2500000000,528.4508329167,surrogate_assisted_fix_and_optimize_candidate_PROBE_ONLY,246.0800000000,0.2378000000,587.8700000000,1.0000000000,1.0000000000,1.0000000000,0.0000000000,91.7808325000,469.7598570789,436.6700004167,0.0000000000,0.0000000000,0.0000000000,0.0000000000,151.1999995833,0.0000000000,-151.1999995833,0,0,Q2_candidate_plus_integrated_storage_MILP
26,RegionE,Valley,246.2400000000,192.0700000000,0.2375000000,650.0000000000,346.0050000000,2354,156.5990000000,502.6040000000,1.2500000000,628.2550000000,surrogate_assisted_fix_and_optimize_candidate_PROBE_ONLY,246.2400000000,0.2375000000,650.0000000000,1.0000000000,1.0000000000,1.0000000000,0.0000000000,198.2550000000,256.5824377240,430.0000000000,0.0000000000,0.0000000000,0.0000000000,0.0000000000,220.0000000000,0.0000000000,-220.0000000000,0,0,Q2_candidate_plus_integrated_storage_MILP
27,RegionE,Valley,246.4000000000,192.1900000000,0.2360000000,722.3500000000,336.9700000000,2355,142.3766666667,479.3466666667,1.2500000000,599.1833333333,surrogate_assisted_fix_and_optimize_candidate_PROBE_ONLY,246.4000000000,0.2360000000,722.3500000000,1.0000000000,1.0000000000,1.0000000000,0.0000000000,96.8333333333,152.4605739247,502.3500000000,0.0000000000,0.0000000000,0.0000000000,0.0000000000,220.0000000000,0.0000000000,-220.0000000000,0,0,Q2_candidate_plus_integrated_storage_MILP
28,RegionE,Valley,246.5600000000,192.3200000000,0.2334000000,800.0000000000,374.4906670000,2356,141.9320000000,516.4226670000,1.2500000000,645.5283337500,surrogate_assisted_fix_and_optimize_candidate_PROBE_ONLY,246.5600000000,0.2334000000,800.0000000000,1.0000000000,1.0000000000,1.0000000000,0.0000000000,65.5283337500,82.0000000000,580.0000000000,0.0000000000,0.0000000000,0.0000000000,0.0000000000,220.0000000000,0.0000000000,-220.0000000000,0,0,Q2_candidate_plus_integrated_storage_MILP
29,RegionE,Valley,246.7200000000,192.4400000000,0.2300000000,877.6500000000,389.1096670000,2357,129.8256666667,518.9353336667,1.2500000000,648.6691670833,surrogate_assisted_fix_and_optimize_candidate_PROBE_ONLY,246.7200000000,0.2300000000,877.6500000000,1.0000000000,1.0000000000,1.0000000000,0.0000000000,0.0000000000,82.0000000000,648.6691670833,-0.0000000000,0.0000000000,0.0000000000,0.0000000000,220.0000000000,8.9808329167,-220.0000000000,0,0,Q2_candidate_plus_integrated_storage_MILP
30,RegionE,Valley,246.8800000000,192.5700000000,0.2260000000,950.0000000000,402.5433330000,2358,139.7146666667,542.2579996667,1.2500000000,677.8224995833,surrogate_assisted_fix_and_optimize_candidate_PROBE_ONLY,246.8800000000,0.2260000000,950.0000000000,1.0000000000,1.0000000000,1.0000000000,0.0000000000,0.0000000000,82.0000000000,677.8224995833,-0.0000000000,0.0000000000,0.0000000000,0.0000000000,220.0000000000,52.1775004167,-220.0000000000,0,0,Q2_candidate_plus_integrated_storage_MILP
31,RegionE,Flat,380.0500000000,296.4400000000,0.2217000000,1012.1300000000,402.3160000000,2359,118.0413333333,520.3573333333,1.2500000000,650.4466666667,surrogate_assisted_fix_and_optimize_candidate_PROBE_ONLY,380.0500000000,0.2217000000,1012.1300000000,1.0000000000,1.0000000000,1.0000000000,0.0000000000,0.0000000000,82.0000000000,650.4466666667,-0.0000000000,0.0000000000,0.0000000000,0.0000000000,220.0000000000,141.6833333333,-220.0000000000,0,0,Q2_candidate_plus_integrated_storage_MILP
32,RegionE,Flat,380.2900000000,296.6300000000,0.2174000000,1059.8100000000,346.4430000000,2360,133.3430000000,479.7860000000,1.2500000000,599.7325000000,surrogate_assisted_fix_and_optimize_candidate_PROBE_ONLY,380.2900000000,0.2174000000,1059.8100000000,1.0000000000,1.0000000000,1.0000000000,240.0000000000,0.0000000000,307.6000000000,599.7325000000,240.0000000000,0.0000000000,0.0000000000,0.0000000000,220.0000000000,0.0775000000,-220.0000000000,1,0,Q2_candidate_plus_integrated_storage_MILP
33,RegionE,Flat,380.5300000000,296.8100000000,0.2134000000,1089.7800000000,291.8200000000,2361,154.9000000000,446.7200000000,1.2500000000,558.4000000000,surrogate_assisted_fix_and_optimize_candidate_PROBE_ONLY,380.5300000000,0.2134000000,1089.7800000000,1.0000000000,1.0000000000,1.0000000000,0.0000000000,0.0000000000,307.6000000000,558.4000000000,-0.0000000000,0.0000000000,0.0000000000,0.0000000000,220.0000000000,311.3800000000,-220.0000000000,0,0,Q2_candidate_plus_integrated_storage_MILP
34,RegionE,Flat,380.7600000000,296.9900000000,0.2100000000,1100.0000000000,264.2476670000,2362,135.3716666667,399.6193336667,1.2500000000,499.5241670833,surrogate_assisted_fix_and_optimize_candidate_PROBE_ONLY,380.7600000000,0.2100000000,1100.0000000000,1.0000000000,1.0000000000,1.0000000000,240.0000000000,0.0000000000,533.2000000000,499.5241670833,240.0000000000,0.0000000000,0.0000000000,0.0000000000,220.0000000000,140.4758329167,-220.0000000000,1,0,Q2_candidate_plus_integrated_storage_MILP
35,RegionE,Flat,380.9900000000,297.1700000000,0.2074000000,1089.7800000000,254.4100000000,2363,119.0600000000,373.4700000000,1.2500000000,466.8375000000,surrogate_assisted_fix_and_optimize_candidate_PROBE_ONLY,380.9900000000,0.2074000000,1089.7800000000,1.0000000000,1.0000000000,1.0000000000,0.0000000000,0.0000000000,533.2000000000,466.8375000000,-0.0000000000,0.0000000000,0.0000000000,0.0000000000,220.0000000000,402.9425000000,-220.0000000000,0,0,Q2_candidate_plus_integrated_storage_MILP
36,RegionE,Flat,381.2200000000,297.3500000000,0.2059000000,1059.8100000000,254.1000000000,2364,139.1240000000,393.2240000000,1.2500000000,491.5300000000,surrogate_assisted_fix_and_optimize_candidate_PROBE_ONLY,381.2200000000,0.2059000000,1059.8100000000,1.0000000000,1.0000000000,1.0000000000,0.0000000000,0.0000000000,533.2000000000,491.5300000000,-0.0000000000,0.0000000000,0.0000000000,0.0000000000,220.0000000000,348.2800000000,-220.0000000000,0,0,Q2_candidate_plus_integrated_storage_MILP
37,RegionE,Flat,381.4500000000,297.5300000000,0.2055000000,1012.1300000000,245.5606670000,2365,149.3400000000,394.9006670000,1.2500000000,493.6258337500,surrogate_assisted_fix_and_optimize_candidate_PROBE_ONLY,381.4500000000,0.2055000000,1012.1300000000,1.0000000000,1.0000000000,1.0000000000,0.0000000000,0.0000000000,533.2000000000,493.6258337500,-0.0000000000,0.0000000000,0.0000000000,0.0000000000,220.0000000000,298.5041662500,-220.0000000000,0,0,Q2_candidate_plus_integrated_storage_MILP
38,RegionE,Flat,381.6700000000,297.7000000000,0.2063000000,950.0000000000,294.7203330000,2366,133.7433333333,428.4636663333,1.2500000000,535.5795829167,surrogate_assisted_fix_and_optimize_candidate_PROBE_ONLY,381.6700000000,0.2063000000,950.0000000000,1.0000000000,1.0000000000,1.0000000000,0.0000000000,0.0000000000,533.2000000000,535.5795829167,-0.0000000000,0.0000000000,0.0000000000,0.0000000000,220.0000000000,194.4204170833,-220.0000000000,0,0,Q2_candidate_plus_integrated_storage_MILP
39,RegionE,Flat,381.8800000000,297.8700000000,0.2083000000,877.6500000000,237.4893330000,2367,130.7546666667,368.2439996667,1.2500000000,460.3049995833,surrogate_assisted_fix_and_optimize_candidate_PROBE_ONLY,381.8800000000,0.2083000000,877.6500000000,1.0000000000,1.0000000000,1.0000000000,197.3450004167,0.0000000000,718.7043003917,460.3049995833,197.3450004167,0.0000000000,0.0000000000,0.0000000000,220.0000000000,-0.0000000000,-220.0000000000,1,0,Q2_candidate_plus_integrated_storage_MILP
40,RegionE,Flat,382.1000000000,298.0400000000,0.2113000000,800.0000000000,192.5123330000,2368,141.6363333333,334.1486663333,1.2500000000,417.6858329167,surrogate_assisted_fix_and_optimize_candidate_PROBE_ONLY,382.1000000000,0.2113000000,800.0000000000,1.0000000000,1.0000000000,1.0000000000,42.6230488121,0.0000000000,758.7699662750,417.6858329167,42.6230488121,0.0000000000,0.0000000000,0.0000000000,220.0000000000,119.6911182713,-220.0000000000,1,0,Q2_candidate_plus_integrated_storage_MILP
41,RegionE,Peak,665.2080000000,432.3900000000,0.2151000000,722.3500000000,148.5200000000,2369,156.4533333333,304.9733333333,1.2500000000,381.2166666667,surrogate_assisted_fix_and_optimize_candidate_PROBE_ONLY,554.3400000000,0.2151000000,722.3500000000,1.2000000000,1.0000000000,1.0000000000,0.0000000000,0.0000000000,758.7699662750,381.2166666667,-0.0000000000,0.0000000000,0.0000000000,0.0000000000,220.0000000000,121.1333333333,-220.0000000000,0,0,Q2_candidate_plus_integrated_storage_MILP
42,RegionE,Peak,665.5680000000,432.6200000000,0.2196000000,650.0000000000,162.7893330000,2370,129.1000000000,291.8893330000,1.2500000000,364.8616662500,surrogate_assisted_fix_and_optimize_candidate_PROBE_ONLY,554.6400000000,0.2196000000,650.0000000000,1.2000000000,1.0000000000,1.0000000000,65.1383337500,0.0000000000,820.0000000000,364.8616662500,65.1383337500,0.0000000000,0.0000000000,0.0000000000,220.0000000000,-0.0000000000,-220.0000000000,1,0,Q2_candidate_plus_integrated_storage_MILP
43,RegionE,Peak,665.9160000000,432.8500000000,0.2243000000,587.8700000000,152.1086670000,2371,117.7810000000,269.8896670000,1.2500000000,337.3620837500,surrogate_assisted_fix_and_optimize_candidate_PROBE_ONLY,554.9300000000,0.2243000000,587.8700000000,1.2000000000,1.0000000000,1.0000000000,0.0000000000,0.0000000000,820.0000000000,337.3620837500,-0.0000000000,0.0000000000,0.0000000000,0.0000000000,220.0000000000,30.5079162500,-220.0000000000,0,0,Q2_candidate_plus_integrated_storage_MILP
44,RegionE,Peak,666.2520000000,433.0600000000,0.2290000000,540.1900000000,184.5020000000,2372,136.1286666667,320.6306666667,1.2500000000,400.7883333333,surrogate_assisted_fix_and_optimize_candidate_PROBE_ONLY,555.2100000000,0.2290000000,540.1900000000,1.2000000000,1.0000000000,1.0000000000,0.0000000000,80.5983333333,733.3351254480,320.1900000000,0.0000000000,0.0000000000,0.0000000000,0.0000000000,220.0000000000,0.0000000000,-220.0000000000,0,0,Q2_candidate_plus_integrated_storage_MILP
45,RegionE,Peak,666.5760000000,433.2700000000,0.2335000000,510.2200000000,210.6086670000,2373,100.2120000000,310.8206670000,1.2500000000,388.5258337500,surrogate_assisted_fix_and_optimize_candidate_PROBE_ONLY,555.4800000000,0.2335000000,510.2200000000,1.2000000000,1.0000000000,1.0000000000,0.0000000000,98.3058337500,627.6299278674,290.2200000000,0.0000000000,0.0000000000,0.0000000000,0.0000000000,220.0000000000,0.0000000000,-220.0000000000,0,0,Q2_candidate_plus_integrated_storage_MILP
46,RegionE,Flat,344.9500000000,269.0600000000,0.2373000000,500.0000000000,180.1766670000,2374,131.9856666667,312.1623336667,1.2500000000,390.2029170833,surrogate_assisted_fix_and_optimize_candidate_PROBE_ONLY,344.9500000000,0.2373000000,500.0000000000,1.0000000000,1.0000000000,1.0000000000,0.0000000000,110.2029170833,509.1321675627,280.0000000000,0.0000000000,0.0000000000,0.0000000000,0.0000000000,220.0000000000,0.0000000000,-220.0000000000,0,0,Q2_candidate_plus_integrated_storage_MILP
47,RegionE,Flat,345.1100000000,269.1900000000,0.2402000000,510.2200000000,225.8653330000,2375,140.2200000000,366.0853330000,1.2500000000,457.6066662500,surrogate_assisted_fix_and_optimize_candidate_PROBE_ONLY,345.1100000000,0.2402000000,510.2200000000,1.0000000000,1.0000000000,1.0000000000,0.0000000000,167.3866662500,329.1465049283,290.2200000000,0.0000000000,0.0000000000,0.0000000000,0.0000000000,220.0000000000,0.0000000000,-220.0000000000,0,0,Q2_candidate_plus_integrated_storage_MILP
48,RegionE,Valley,249.3500000000,194.4900000000,0.2422000000,540.1900000000,284.8386670000,2376,129.6213333333,414.4600003333,1.2500000000,518.0750004167,surrogate_assisted_fix_and_optimize_candidate_PROBE_ONLY,249.3500000000,0.2422000000,540.1900000000,1.0000000000,1.0000000000,1.0000000000,0.0000000000,0.0000000000,329.1465049283,518.0750004167,0.0000000000,0.0000000000,0.0000000000,0.0000000000,22.1149995833,0.0000000000,-22.1149995833,0,0,Q2_candidate_plus_integrated_storage_MILP
49,RegionE,Valley,249.4600000000,194.5800000000,0.2429000000,587.8700000000,278.6566670000,2377,132.1560000000,410.8126670000,1.2500000000,513.5158337500,surrogate_assisted_fix_and_optimize_candidate_PROBE_ONLY,249.4600000000,0.2429000000,587.8700000000,1.0000000000,1.0000000000,1.0000000000,0.0000000000,78.7566666667,244.4619171147,434.7591670833,0.0000000000,0.0000000000,0.0000000000,0.0000000000,153.1108329167,0.0000000000,-153.1108329167,0,0,Q2_candidate_plus_integrated_storage_MILP
50,RegionE,Valley,249.5600000000,194.6600000000,0.2425000000,650.0000000000,270.4910000000,2378,129.9910000000,400.4820000000,1.2500000000,500.6025000000,surrogate_assisted_fix_and_optimize_candidate_PROBE_ONLY,249.5600000000,0.2425000000,650.0000000000,1.0000000000,1.0000000000,1.0000000000,0.0000000000,70.6025000000,168.5452504480,430.0000000000,0.0000000000,0.0000000000,0.0000000000,0.0000000000,220.0000000000,0.0000000000,-220.0000000000,0,0,Q2_candidate_plus_integrated_storage_MILP
51,RegionE,Valley,249.6600000000,194.7300000000,0.2408000000,722.3500000000,303.2260000000,2379,133.5336666667,436.7596666667,1.2500000000,545.9495833333,surrogate_assisted_fix_and_optimize_candidate_PROBE_ONLY,249.6600000000,0.2408000000,722.3500000000,1.0000000000,1.0000000000,1.0000000000,0.0000000000,43.5995833333,121.6639780466,502.3500000000,0.0000000000,0.0000000000,0.0000000000,0.0000000000,220.0000000000,0.0000000000,-220.0000000000,0,0,Q2_candidate_plus_integrated_storage_MILP
52,RegionE,Valley,249.7600000000,194.8100000000,0.2382000000,800.0000000000,379.6513330000,2380,113.8586666667,493.5099996667,1.2500000000,616.8874995833,surrogate_assisted_fix_and_optimize_candidate_PROBE_ONLY,249.7600000000,0.2382000000,800.0000000000,1.0000000000,1.0000000000,1.0000000000,0.0000000000,36.8874995833,82.0000000000,580.0000000000,0.0000000000,0.0000000000,0.0000000000,0.0000000000,220.0000000000,0.0000000000,-220.0000000000,0,0,Q2_candidate_plus_integrated_storage_MILP
53,RegionE,Valley,249.8500000000,194.8800000000,0.2346000000,877.6500000000,357.7946670000,2381,117.1746666667,474.9693336667,1.2500000000,593.7116670833,surrogate_assisted_fix_and_optimize_candidate_PROBE_ONLY,249.8500000000,0.2346000000,877.6500000000,1.0000000000,1.0000000000,1.0000000000,0.0000000000,0.0000000000,82.0000000000,593.7116670833,-0.0000000000,0.0000000000,0.0000000000,0.0000000000,220.0000000000,63.9383329167,-220.0000000000,0,0,Q2_candidate_plus_integrated_storage_MILP
54,RegionE,Valley,249.9300000000,194.9500000000,0.2305000000,950.0000000000,424.7566670000,2382,121.0973333333,545.8540003333,1.2500000000,682.3175004167,surrogate_assisted_fix_and_optimize_candidate_PROBE_ONLY,249.9300000000,0.2305000000,950.0000000000,1.0000000000,1.0000000000,1.0000000000,0.0000000000,0.0000000000,82.0000000000,682.3175004167,-0.0000000000,0.0000000000,0.0000000000,0.0000000000,220.0000000000,47.6824995833,-220.0000000000,0,0,Q2_candidate_plus_integrated_storage_MILP
55,RegionE,Flat,384.6300000000,300.0100000000,0.2260000000,1012.1300000000,381.6500000000,2383,143.5840000000,525.2340000000,1.2500000000,656.5425000000,surrogate_assisted_fix_and_optimize_candidate_PROBE_ONLY,384.6300000000,0.2260000000,1012.1300000000,1.0000000000,1.0000000000,1.0000000000,0.0000000000,0.0000000000,82.0000000000,656.5425000000,-0.0000000000,0.0000000000,0.0000000000,0.0000000000,220.0000000000,135.5875000000,-220.0000000000,0,0,Q2_candidate_plus_integrated_storage_MILP
56,RegionE,Flat,384.7500000000,300.1100000000,0.2216000000,1059.8100000000,391.7250000000,2384,140.1796666667,531.9046666667,1.2500000000,664.8808333333,surrogate_assisted_fix_and_optimize_candidate_PROBE_ONLY,384.7500000000,0.2216000000,1059.8100000000,1.0000000000,1.0000000000,1.0000000000,0.0000000000,0.0000000000,82.0000000000,664.8808333333,-0.0000000000,0.0000000000,0.0000000000,0.0000000000,220.0000000000,174.9291666667,-220.0000000000,0,0,Q2_candidate_plus_integrated_storage_MILP
57,RegionE,Flat,384.8600000000,300.1900000000,0.2174000000,1089.7800000000,308.9093330000,2385,144.9893333333,453.8986663333,1.2500000000,567.3733329167,surrogate_assisted_fix_and_optimize_candidate_PROBE_ONLY,384.8600000000,0.2174000000,1089.7800000000,1.0000000000,1.0000000000,1.0000000000,0.0000000000,0.0000000000,82.0000000000,567.3733329167,-0.0000000000,0.0000000000,0.0000000000,0.0000000000,220.0000000000,302.4066670833,-220.0000000000,0,0,Q2_candidate_plus_integrated_storage_MILP
58,RegionE,Flat,384.9600000000,300.2700000000,0.2139000000,1100.0000000000,318.3600000000,2386,130.2746666667,448.6346666667,1.2500000000,560.7933333333,surrogate_assisted_fix_and_optimize_candidate_PROBE_ONLY,384.9600000000,0.2139000000,1100.0000000000,1.0000000000,1.0000000000,1.0000000000,0.0000000000,0.0000000000,82.0000000000,560.7933333333,-0.0000000000,0.0000000000,0.0000000000,0.0000000000,220.0000000000,319.2066666667,-220.0000000000,0,0,Q2_candidate_plus_integrated_storage_MILP
59,RegionE,Flat,385.0500000000,300.3400000000,0.2111000000,1089.7800000000,237.0590000000,2387,142.1310000000,379.1900000000,1.2500000000,473.9875000000,surrogate_assisted_fix_and_optimize_candidate_PROBE_ONLY,385.0500000000,0.2111000000,1089.7800000000,1.0000000000,1.0000000000,1.0000000000,0.0000000000,0.0000000000,82.0000000000,473.9875000000,-0.0000000000,0.0000000000,0.0000000000,0.0000000000,220.0000000000,395.7925000000,-220.0000000000,0,0,Q2_candidate_plus_integrated_storage_MILP
60,RegionE,Flat,385.1400000000,300.4100000000,0.2094000000,1059.8100000000,276.2840000000,2388,136.5873333333,412.8713333333,1.2500000000,516.0891666667,surrogate_assisted_fix_and_optimize_candidate_PROBE_ONLY,385.1400000000,0.2094000000,1059.8100000000,1.0000000000,1.0000000000,1.0000000000,240.0000000000,0.0000000000,307.6000000000,516.0891666667,240.0000000000,0.0000000000,0.0000000000,0.0000000000,220.0000000000,83.7208333333,-220.0000000000,1,0,Q2_candidate_plus_integrated_storage_MILP
61,RegionE,Flat,385.2200000000,300.4700000000,0.2089000000,1012.1300000000,255.5633330000,2389,122.4666666667,378.0299996667,1.2500000000,472.5374995833,surrogate_assisted_fix_and_optimize_candidate_PROBE_ONLY,385.2200000000,0.2089000000,1012.1300000000,1.0000000000,1.0000000000,1.0000000000,62.0636005300,0.0000000000,365.9397844982,472.5374995833,62.0636005300,0.0000000000,0.0000000000,0.0000000000,220.0000000000,257.5288998867,-220.0000000000,1,0,Q2_candidate_plus_integrated_storage_MILP
62,RegionE,Flat,385.2900000000,300.5300000000,0.2095000000,950.0000000000,162.1530000000,2390,150.2780000000,312.4310000000,1.2500000000,390.5387500000,surrogate_assisted_fix_and_optimize_candidate_PROBE_ONLY,385.2900000000,0.2095000000,950.0000000000,1.0000000000,1.0000000000,1.0000000000,240.0000000000,0.0000000000,591.5397844982,390.5387500000,240.0000000000,0.0000000000,0.0000000000,0.0000000000,220.0000000000,99.4612500000,-220.0000000000,1,0,Q2_candidate_plus_integrated_storage_MILP
63,RegionE,Flat,385.3500000000,300.5700000000,0.2113000000,877.6500000000,136.8620000000,2391,152.2980000000,289.1600000000,1.2500000000,361.4500000000,surrogate_assisted_fix_and_optimize_candidate_PROBE_ONLY,385.3500000000,0.2113000000,877.6500000000,1.0000000000,1.0000000000,1.0000000000,0.0000000000,0.0000000000,591.5397844982,361.4500000000,-0.0000000000,0.0000000000,0.0000000000,0.0000000000,220.0000000000,296.2000000000,-220.0000000000,0,0,Q2_candidate_plus_integrated_storage_MILP
64,RegionE,Flat,385.4100000000,300.6200000000,0.2141000000,800.0000000000,138.0713330000,2392,127.7620000000,265.8333330000,1.2500000000,332.2916662500,surrogate_assisted_fix_and_optimize_candidate_PROBE_ONLY,385.4100000000,0.2141000000,800.0000000000,1.0000000000,1.0000000000,1.0000000000,240.0000000000,0.0000000000,817.1397844982,332.2916662500,240.0000000000,0.0000000000,0.0000000000,0.0000000000,220.0000000000,7.7083337500,-220.0000000000,1,0,Q2_candidate_plus_integrated_storage_MILP
65,RegionE,Peak,670.6920000000,435.9500000000,0.2178000000,722.3500000000,122.7813330000,2393,124.4106666667,247.1919996667,1.2500000000,308.9899995833,surrogate_assisted_fix_and_optimize_candidate_PROBE_ONLY,558.9100000000,0.2178000000,722.3500000000,1.2000000000,1.0000000000,1.0000000000,0.0000000000,0.0000000000,817.1397844982,308.9899995833,0.0000000000,0.0000000000,0.0000000000,0.0000000000,220.0000000000,193.3600004167,-220.0000000000,0,0,Q2_candidate_plus_integrated_storage_MILP
66,RegionE,Peak,670.7520000000,435.9900000000,0.2220000000,650.0000000000,111.7806670000,2394,137.3233333333,249.1040003333,1.2500000000,311.3800004167,surrogate_assisted_fix_and_optimize_candidate_PROBE_ONLY,558.9600000000,0.2220000000,650.0000000000,1.2000000000,1.0000000000,1.0000000000,0.0000000000,0.0000000000,817.1397844982,311.3800004167,0.0000000000,0.0000000000,0.0000000000,0.0000000000,220.0000000000,118.6199995833,-220.0000000000,0,0,Q2_candidate_plus_integrated_storage_MILP
67,RegionE,Peak,670.8120000000,436.0300000000,0.2266000000,587.8700000000,86.9566670000,2395,141.9840000000,228.9406670000,1.2500000000,286.1758337500,surrogate_assisted_fix_and_optimize_candidate_PROBE_ONLY,559.0100000000,0.2266000000,587.8700000000,1.2000000000,1.0000000000,1.0000000000,0.0000000000,0.0000000000,817.1397844982,286.1758337500,0.0000000000,0.0000000000,0.0000000000,0.0000000000,220.0000000000,81.6941662500,-220.0000000000,0,0,Q2_candidate_plus_integrated_storage_MILP
68,RegionE,Peak,670.8480000000,436.0500000000,0.2311000000,540.1900000000,127.5686670000,2396,144.9340000000,272.5026670000,1.2500000000,340.6283337500,surrogate_assisted_fix_and_optimize_candidate_PROBE_ONLY,559.0400000000,0.2311000000,540.1900000000,1.2000000000,1.0000000000,1.0000000000,0.0000000000,20.4383337500,795.1630815412,320.1900000000,0.0000000000,0.0000000000,0.0000000000,0.0000000000,220.0000000000,0.0000000000,-220.0000000000,0,0,Q2_candidate_plus_integrated_storage_MILP
69,RegionE,Peak,670.8720000000,436.0700000000,0.2354000000,510.2200000000,160.8780000000,2397,152.5460000000,313.4240000000,1.2500000000,391.7800000000,surrogate_assisted_fix_and_optimize_candidate_PROBE_ONLY,559.0600000000,0.2354000000,510.2200000000,1.2000000000,1.0000000000,1.0000000000,0.0000000000,101.5600000000,685.9587804659,290.2200000000,0.0000000000,0.0000000000,0.0000000000,0.0000000000,220.0000000000,0.0000000000,-220.0000000000,0,0,Q2_candidate_plus_integrated_storage_MILP
70,RegionE,Flat,347.0100000000,270.6700000000,0.2390000000,500.0000000000,202.8333330000,2398,142.8186666667,345.6519996667,1.2500000000,432.0649995833,surrogate_assisted_fix_and_optimize_candidate_PROBE_ONLY,347.0100000000,0.2390000000,500.0000000000,1.0000000000,1.0000000000,1.0000000000,0.0000000000,152.0649995833,522.4480282258,280.0000000000,0.0000000000,0.0000000000,0.0000000000,0.0000000000,220.0000000000,0.0000000000,-220.0000000000,0,0,Q2_candidate_plus_integrated_storage_MILP
71,RegionE,Flat,347.0100000000,270.6700000000,0.2417000000,510.2200000000,226.5013330000,2399,119.0960000000,345.5973330000,1.2500000000,431.9966662500,surrogate_assisted_fix_and_optimize_candidate_PROBE_ONLY,347.0100000000,0.2417000000,510.2200000000,1.0000000000,1.0000000000,1.0000000000,0.0000000000,141.7766662500,370.0000000000,290.2200000000,0.0000000000,0.0000000000,0.0000000000,0.0000000000,220.0000000000,0.0000000000,-220.0000000000,0,0,Q2_candidate_plus_integrated_storage_MILP
0,RegionF,Valley,255.2500000000,199.0900000000,0.2740000000,540.1900000000,272.8240000000,2328,131.7160000000,404.5400000000,1.2700000000,513.7658000000,surrogate_assisted_fix_and_optimize_candidate_PROBE_ONLY,255.2500000000,0.2740000000,540.1900000000,1.0000000000,1.0000000000,1.0000000000,0.0000000000,-0.0000000000,382.5000000000,513.7658000000,0.0000000000,0.0000000000,0.0000000000,0.0000000000,26.4242000000,0.0000000000,-26.4242000000,0,0,Q2_candidate_plus_integrated_storage_MILP
1,RegionF,Valley,255.3600000000,199.1800000000,0.2749000000,587.8700000000,336.0460000000,2329,128.7040000000,464.7500000000,1.2700000000,590.2325000000,surrogate_assisted_fix_and_optimize_candidate_PROBE_ONLY,255.3600000000,0.2749000000,587.8700000000,1.0000000000,1.0000000000,1.0000000000,0.0000000000,2.3625000000,379.9596774194,587.8700000000,0.0000000000,0.0000000000,0.0000000000,0.0000000000,0.0000000000,0.0000000000,0.0000000000,0,0,Q2_candidate_plus_integrated_storage_MILP
2,RegionF,Valley,255.4800000000,199.2700000000,0.2744000000,650.0000000000,354.3443330000,2330,120.6590000000,475.0033330000,1.2700000000,603.2542329100,surrogate_assisted_fix_and_optimize_candidate_PROBE_ONLY,255.4800000000,0.2744000000,650.0000000000,1.0000000000,1.0000000000,1.0000000000,0.0000000000,20.1868633333,358.2533727599,583.0673695767,0.0000000000,0.0000000000,0.0000000000,0.0000000000,66.9326304233,0.0000000000,-66.9326304233,0,0,Q2_candidate_plus_integrated_storage_MILP
3,RegionF,Valley,255.6100000000,199.3800000000,0.2725000000,722.3500000000,419.1400000000,2331,102.2016666667,521.3416666667,1.2700000000,662.1039166667,surrogate_assisted_fix_and_optimize_candidate_PROBE_ONLY,255.6100000000,0.2725000000,722.3500000000,1.0000000000,1.0000000000,1.0000000000,0.0000000000,159.7539166667,186.4749677419,502.3500000000,0.0000000000,0.0000000000,0.0000000000,0.0000000000,220.0000000000,0.0000000000,-220.0000000000,0,0,Q2_candidate_plus_integrated_storage_MILP
4,RegionF,Valley,255.7400000000,199.4800000000,0.2694000000,800.0000000000,423.7150000000,2332,102.3883333333,526.1033333333,1.2700000000,668.1512333333,surrogate_assisted_fix_and_optimize_candidate_PROBE_ONLY,255.7400000000,0.2694000000,800.0000000000,1.0000000000,1.0000000000,1.0000000000,0.0000000000,88.1512333333,91.6886953405,580.0000000000,0.0000000000,0.0000000000,0.0000000000,0.0000000000,220.0000000000,0.0000000000,-220.0000000000,0,0,Q2_candidate_plus_integrated_storage_MILP
5,RegionF,Valley,255.8700000000,199.5800000000,0.2653000000,877.6500000000,417.2180000000,2333,105.5146666667,522.7326666667,1.2700000000,663.8704866667,surrogate_assisted_fix_and_optimize_candidate_PROBE_ONLY,255.8700000000,0.2653000000,877.6500000000,1.0000000000,1.0000000000,1.0000000000,0.0000000000,6.2204866667,85.0000000000,657.6500000000,0.0000000000,0.0000000000,0.0000000000,0.0000000000,220.0000000000,0.0000000000,-220.0000000000,0,0,Q2_candidate_plus_integrated_storage_MILP
6,RegionF,Valley,256.0000000000,199.6800000000,0.2605000000,950.0000000000,431.5173330000,2334,66.2720000000,497.7893330000,1.2700000000,632.1924529100,surrogate_assisted_fix_and_optimize_candidate_PROBE_ONLY,256.0000000000,0.2605000000,950.0000000000,1.0000000000,1.0000000000,1.0000000000,0.0000000000,0.0000000000,85.0000000000,632.1924529100,-0.0000000000,0.0000000000,0.0000000000,0.0000000000,220.0000000000,97.8075470900,-220.0000000000,0,0,Q2_candidate_plus_integrated_storage_MILP
7,RegionF,Flat,394.0700000000,307.3700000000,0.2554000000,1012.1300000000,426.4913330000,2335,86.2386666667,512.7299996667,1.2700000000,651.1670995767,surrogate_assisted_fix_and_optimize_candidate_PROBE_ONLY,394.0700000000,0.2554000000,1012.1300000000,1.0000000000,1.0000000000,1.0000000000,0.0000000000,0.0000000000,85.0000000000,651.1670995767,-0.0000000000,0.0000000000,0.0000000000,0.0000000000,220.0000000000,140.9629004233,-220.0000000000,0,0,Q2_candidate_plus_integrated_storage_MILP
8,RegionF,Flat,394.2900000000,307.5500000000,0.2502000000,1059.8100000000,421.9266670000,2336,100.9333333333,522.8600003333,1.2700000000,664.0322004233,surrogate_assisted_fix_and_optimize_candidate_PROBE_ONLY,394.2900000000,0.2502000000,1059.8100000000,1.0000000000,1.0000000000,1.0000000000,0.0000000000,0.0000000000,85.0000000000,664.0322004233,-0.0000000000,0.0000000000,0.0000000000,0.0000000000,220.0000000000,175.7777995767,-220.0000000000,0,0,Q2_candidate_plus_integrated_storage_MILP
9,RegionF,Flat,394.5100000000,307.7200000000,0.2455000000,1089.7800000000,377.0900000000,2337,109.3286666667,486.4186666667,1.2700000000,617.7517066667,surrogate_assisted_fix_and_optimize_candidate_PROBE_ONLY,394.5100000000,0.2455000000,1089.7800000000,1.0000000000,1.0000000000,1.0000000000,250.0000000000,0.0000000000,320.0000000000,617.7517066667,250.0000000000,0.0000000000,0.0000000000,0.0000000000,220.0000000000,2.0282933333,-220.0000000000,1,0,Q2_candidate_plus_integrated_storage_MILP
10,RegionF,Flat,394.7400000000,307.9000000000,0.2414000000,1100.0000000000,330.6606670000,2338,84.8363333333,415.4970003333,1.2700000000,527.6811904233,surrogate_assisted_fix_and_optimize_candidate_PROBE_ONLY,394.7400000000,0.2414000000,1100.0000000000,1.0000000000,1.0000000000,1.0000000000,0.0000000000,0.0000000000,320.0000000000,527.6811904233,-0.0000000000,0.0000000000,0.0000000000,0.0000000000,220.0000000000,352.3188095767,-220.0000000000,0,0,Q2_candidate_plus_integrated_storage_MILP
11,RegionF,Flat,394.9700000000,308.0800000000,0.2383000000,1089.7800000000,331.9680000000,2339,82.7336666667,414.7016666667,1.2700000000,526.6711166667,surrogate_assisted_fix_and_optimize_candidate_PROBE_ONLY,394.9700000000,0.2383000000,1089.7800000000,1.0000000000,1.0000000000,1.0000000000,0.0000000000,0.0000000000,320.0000000000,526.6711166667,-0.0000000000,0.0000000000,0.0000000000,0.0000000000,220.0000000000,343.1088833333,-220.0000000000,0,0,Q2_candidate_plus_integrated_storage_MILP
12,RegionF,Flat,395.2100000000,308.2600000000,0.2365000000,1059.8100000000,275.3916670000,2340,121.1543333333,396.5460003333,1.2700000000,503.6134204233,surrogate_assisted_fix_and_optimize_candidate_PROBE_ONLY,395.2100000000,0.2365000000,1059.8100000000,1.0000000000,1.0000000000,1.0000000000,0.0000000000,0.0000000000,320.0000000000,503.6134204233,-0.0000000000,0.0000000000,0.0000000000,0.0000000000,220.0000000000,336.1965795767,-220.0000000000,0,0,Q2_candidate_plus_integrated_storage_MILP
13,RegionF,Flat,395.4500000000,308.4500000000,0.2361000000,1012.1300000000,240.6086670000,2341,127.3893333333,367.9980003333,1.2700000000,467.3574604233,surrogate_assisted_fix_and_optimize_candidate_PROBE_ONLY,395.4500000000,0.2361000000,1012.1300000000,1.0000000000,1.0000000000,1.0000000000,250.0000000000,0.0000000000,555.0000000000,467.3574604233,250.0000000000,0.0000000000,0.0000000000,0.0000000000,220.0000000000,74.7725395767,-220.0000000000,1,0,Q2_candidate_plus_integrated_storage_MILP
14,RegionF,Flat,395.6900000000,308.6400000000,0.2371000000,950.0000000000,211.1526670000,2342,116.1046666667,327.2573336667,1.2700000000,415.6168137567,surrogate_assisted_fix_and_optimize_candidate_PROBE_ONLY,395.6900000000,0.2371000000,950.0000000000,1.0000000000,1.0000000000,1.0000000000,0.0000000000,0.0000000000,555.0000000000,415.6168137567,-0.0000000000,0.0000000000,0.0000000000,0.0000000000,220.0000000000,314.3831862433,-220.0000000000,0,0,Q2_candidate_plus_integrated_storage_MILP
15,RegionF,Flat,395.9400000000,308.8300000000,0.2394000000,877.6500000000,197.3070000000,2343,129.9880000000,327.2950000000,1.2700000000,415.6646500000,surrogate_assisted_fix_and_optimize_candidate_PROBE_ONLY,395.9400000000,0.2394000000,877.6500000000,1.0000000000,1.0000000000,1.0000000000,0.0000000000,0.0000000000,555.0000000000,415.6646500000,0.0000000000,0.0000000000,0.0000000000,0.0000000000,220.0000000000,241.9853500000,-220.0000000000,0,0,Q2_candidate_plus_integrated_storage_MILP
16,RegionF,Flat,396.1900000000,309.0300000000,0.2430000000,800.0000000000,169.3813330000,2344,134.0853333333,303.4666663333,1.2700000000,385.4026662433,surrogate_assisted_fix_and_optimize_candidate_PROBE_ONLY,396.1900000000,0.2430000000,800.0000000000,1.0000000000,1.0000000000,1.0000000000,194.5973337567,0.0000000000,737.9214937313,385.4026662433,194.5973337567,0.0000000000,0.0000000000,0.0000000000,220.0000000000,-0.0000000000,-220.0000000000,1,0,Q2_candidate_plus_integrated_storage_MILP
17,RegionF,Peak,689.8080000000,448.3800000000,0.2476000000,722.3500000000,114.2400000000,2345,133.0300000000,247.2700000000,1.2700000000,314.0329000000,surrogate_assisted_fix_and_optimize_candidate_PROBE_ONLY,574.8400000000,0.2476000000,722.3500000000,1.2000000000,1.0000000000,1.0000000000,0.0000000000,0.0000000000,737.9214937313,314.0329000000,0.0000000000,0.0000000000,0.0000000000,0.0000000000,220.0000000000,188.3171000000,-220.0000000000,0,0,Q2_candidate_plus_integrated_storage_MILP
18,RegionF,Peak,690.2400000000,448.6600000000,0.2529000000,650.0000000000,125.8983330000,2346,89.6696666667,215.5679996667,1.2700000000,273.7713595767,surrogate_assisted_fix_and_optimize_candidate_PROBE_ONLY,575.2000000000,0.2529000000,650.0000000000,1.2000000000,1.0000000000,1.0000000000,0.0000000000,0.0000000000,737.9214937313,273.7713595767,0.0000000000,0.0000000000,0.0000000000,0.0000000000,220.0000000000,156.2286404233,-220.0000000000,1,0,Q2_candidate_plus_integrated_storage_MILP
19,RegionF,Peak,690.6840000000,448.9400000000,0.2585000000,587.8700000000,127.7083330000,2347,54.7336666667,182.4419996667,1.2700000000,231.7013395767,surrogate_assisted_fix_and_optimize_candidate_PROBE_ONLY,575.5700000000,0.2585000000,587.8700000000,1.2000000000,1.0000000000,1.0000000000,119.2324534774,0.0000000000,850.0000000000,231.7013395767,119.2324534774,0.0000000000,0.0000000000,0.0000000000,220.0000000000,16.9362069460,-220.0000000000,1,0,Q2_candidate_plus_integrated_storage_MILP
20,RegionF,Peak,691.1400000000,449.2400000000,0.2642000000,540.1900000000,125.1946670000,2348,22.1733333333,147.3680003333,1.2700000000,187.1573604233,surrogate_assisted_fix_and_optimize_candidate_PROBE_ONLY,575.9500000000,0.2642000000,540.1900000000,1.2000000000,1.0000000000,1.0000000000,0.0000000000,0.0000000000,850.0000000000,187.1573604233,-0.0000000000,0.0000000000,0.0000000000,0.0000000000,220.0000000000,133.0326395767,-220.0000000000,0,0,Q2_candidate_plus_integrated_storage_MILP
21,RegionF,Peak,691.5840000000,449.5300000000,0.2695000000,510.2200000000,162.6913330000,2349,11.2433333333,173.9346663333,1.2700000000,220.8970262433,surrogate_assisted_fix_and_optimize_candidate_PROBE_ONLY,576.3200000000,0.2695000000,510.2200000000,1.2000000000,1.0000000000,1.0000000000,0.0000000000,0.0000000000,850.0000000000,220.8970262433,-0.0000000000,0.0000000000,0.0000000000,0.0000000000,220.0000000000,69.3229737567,-220.0000000000,0,0,Q2_candidate_plus_integrated_storage_MILP
22,RegionF,Flat,357.9500000000,279.2000000000,0.2741000000,500.0000000000,247.4880000000,2350,96.0700000000,343.5580000000,1.2700000000,436.3186600000,surrogate_assisted_fix_and_optimize_candidate_PROBE_ONLY,357.9500000000,0.2741000000,500.0000000000,1.0000000000,1.0000000000,1.0000000000,0.0000000000,156.3186600000,681.9154193548,280.0000000000,0.0000000000,0.0000000000,0.0000000000,0.0000000000,220.0000000000,0.0000000000,-220.0000000000,0,0,Q2_candidate_plus_integrated_storage_MILP
23,RegionF,Flat,358.1900000000,279.3900000000,0.2777000000,510.2200000000,234.8933330000,2351,109.5553333333,344.4486663333,1.2700000000,437.4498062433,surrogate_assisted_fix_and_optimize_candidate_PROBE_ONLY,358.1900000000,0.2777000000,510.2200000000,1.0000000000,1.0000000000,1.0000000000,0.0000000000,147.2298062433,523.6037997384,290.2200000000,0.0000000000,0.0000000000,0.0000000000,0.0000000000,220.0000000000,0.0000000000,-220.0000000000,0,0,Q2_candidate_plus_integrated_storage_MILP
24,RegionF,Valley,258.8600000000,201.9100000000,0.2801000000,540.1900000000,286.9823330000,2352,131.2276666667,418.2099996667,1.2700000000,531.1266995767,surrogate_assisted_fix_and_optimize_candidate_PROBE_ONLY,258.8600000000,0.2801000000,540.1900000000,1.0000000000,1.0000000000,1.0000000000,0.0000000000,-0.0000000000,523.6037997384,531.1266995767,0.0000000000,0.0000000000,0.0000000000,0.0000000000,9.0633004233,0.0000000000,-9.0633004233,0,0,Q2_candidate_plus_integrated_storage_MILP
25,RegionF,Valley,259.0300000000,202.0400000000,0.2811000000,587.8700000000,307.4900000000,2353,146.6166666667,454.1066666667,1.2700000000,576.7154666667,surrogate_assisted_fix_and_optimize_candidate_PROBE_ONLY,259.0300000000,0.2811000000,587.8700000000,1.0000000000,1.0000000000,1.0000000000,0.0000000000,95.2860866667,421.1456420323,481.4293800000,0.0000000000,0.0000000000,0.0000000000,0.0000000000,106.4406200000,0.0000000000,-106.4406200000,0,0,Q2_candidate_plus_integrated_storage_MILP
26,RegionF,Valley,259.2000000000,202.1800000000,0.2807000000,650.0000000000,351.1180000000,2354,120.5053333333,471.6233333333,1.2700000000,598.9616333333,surrogate_assisted_fix_and_optimize_candidate_PROBE_ONLY,259.2000000000,0.2807000000,650.0000000000,1.0000000000,1.0000000000,1.0000000000,0.0000000000,168.9616333333,239.4664664050,430.0000000000,0.0000000000,0.0000000000,0.0000000000,0.0000000000,220.0000000000,0.0000000000,-220.0000000000,0,0,Q2_candidate_plus_integrated_storage_MILP
27,RegionF,Valley,259.3700000000,202.3100000000,0.2789000000,722.3500000000,368.7490000000,2355,134.1850000000,502.9340000000,1.2700000000,638.7261800000,surrogate_assisted_fix_and_optimize_candidate_PROBE_ONLY,259.3700000000,0.2789000000,722.3500000000,1.0000000000,1.0000000000,1.0000000000,0.0000000000,136.3761800000,92.8254126416,502.3500000000,0.0000000000,0.0000000000,0.0000000000,0.0000000000,220.0000000000,0.0000000000,-220.0000000000,0,0,Q2_candidate_plus_integrated_storage_MILP
28,RegionF,Valley,259.5400000000,202.4400000000,0.2759000000,800.0000000000,339.5006670000,2356,122.9226666667,462.4233336667,1.2700000000,587.2776337567,surrogate_assisted_fix_and_optimize_candidate_PROBE_ONLY,259.5400000000,0.2759000000,800.0000000000,1.0000000000,1.0000000000,1.0000000000,0.0000000000,7.2776337567,85.0000000000,580.0000000000,0.0000000000,0.0000000000,0.0000000000,0.0000000000,220.0000000000,0.0000000000,-220.0000000000,0,0,Q2_candidate_plus_integrated_storage_MILP
29,RegionF,Valley,259.7000000000,202.5700000000,0.2719000000,877.6500000000,378.2500000000,2357,127.2520000000,505.5020000000,1.2700000000,641.9875400000,surrogate_assisted_fix_and_optimize_candidate_PROBE_ONLY,259.7000000000,0.2719000000,877.6500000000,1.0000000000,1.0000000000,1.0000000000,0.0000000000,0.0000000000,85.0000000000,641.9875400000,-0.0000000000,0.0000000000,0.0000000000,0.0000000000,220.0000000000,15.6624600000,-220.0000000000,0,0,Q2_candidate_plus_integrated_storage_MILP
30,RegionF,Valley,259.8700000000,202.7000000000,0.2671000000,950.0000000000,390.5493330000,2358,111.7786666667,502.3279996667,1.2700000000,637.9565595767,surrogate_assisted_fix_and_optimize_candidate_PROBE_ONLY,259.8700000000,0.2671000000,950.0000000000,1.0000000000,1.0000000000,1.0000000000,0.0000000000,0.0000000000,85.0000000000,637.9565595767,-0.0000000000,0.0000000000,0.0000000000,0.0000000000,220.0000000000,92.0434404233,-220.0000000000,0,0,Q2_candidate_plus_integrated_storage_MILP
31,RegionF,Flat,400.0500000000,312.0400000000,0.2620000000,1012.1300000000,364.1233330000,2359,88.9740000000,453.0973330000,1.2700000000,575.4336129100,surrogate_assisted_fix_and_optimize_candidate_PROBE_ONLY,400.0500000000,0.2620000000,1012.1300000000,1.0000000000,1.0000000000,1.0000000000,0.0000000000,0.0000000000,85.0000000000,575.4336129100,-0.0000000000,0.0000000000,0.0000000000,0.0000000000,220.0000000000,216.6963870900,-220.0000000000,0,0,Q2_candidate_plus_integrated_storage_MILP
32,RegionF,Flat,400.3100000000,312.2400000000,0.2569000000,1059.8100000000,317.4146670000,2360,108.1866666667,425.6013336667,1.2700000000,540.5136937567,surrogate_assisted_fix_and_optimize_candidate_PROBE_ONLY,400.3100000000,0.2569000000,1059.8100000000,1.0000000000,1.0000000000,1.0000000000,250.0000000000,0.0000000000,320.0000000000,540.5136937567,250.0000000000,0.0000000000,0.0000000000,0.0000000000,220.0000000000,49.2963062433,-220.0000000000,1,0,Q2_candidate_plus_integrated_storage_MILP
33,RegionF,Flat,400.5500000000,312.4300000000,0.2522000000,1089.7800000000,323.0200000000,2361,139.4820000000,462.5020000000,1.2700000000,587.3775400000,surrogate_assisted_fix_and_optimize_candidate_PROBE_ONLY,400.5500000000,0.2522000000,1089.7800000000,1.0000000000,1.0000000000,1.0000000000,250.0000000000,0.0000000000,555.0000000000,587.3775400000,250.0000000000,0.0000000000,0.0000000000,0.0000000000,220.0000000000,32.4024600000,-220.0000000000,1,0,Q2_candidate_plus_integrated_storage_MILP
34,RegionF,Flat,400.8000000000,312.6200000000,0.2481000000,1100.0000000000,322.9966670000,2362,106.6746666667,429.6713336667,1.2700000000,545.6825937567,surrogate_assisted_fix_and_optimize_candidate_PROBE_ONLY,400.8000000000,0.2481000000,1100.0000000000,1.0000000000,1.0000000000,1.0000000000,0.0000000000,0.0000000000,555.0000000000,545.6825937567,-0.0000000000,0.0000000000,0.0000000000,0.0000000000,220.0000000000,334.3174062433,-220.0000000000,0,0,Q2_candidate_plus_integrated_storage_MILP
35,RegionF,Flat,401.0500000000,312.8200000000,0.2451000000,1089.7800000000,301.3860000000,2363,129.0013333333,430.3873333333,1.2700000000,546.5919133333,surrogate_assisted_fix_and_optimize_candidate_PROBE_ONLY,401.0500000000,0.2451000000,1089.7800000000,1.0000000000,1.0000000000,1.0000000000,0.0000000000,0.0000000000,555.0000000000,546.5919133333,-0.0000000000,0.0000000000,0.0000000000,0.0000000000,220.0000000000,323.1880866667,-220.0000000000,0,0,Q2_candidate_plus_integrated_storage_MILP
36,RegionF,Flat,401.2900000000,313.0100000000,0.2433000000,1059.8100000000,317.5973330000,2364,92.5266666667,410.1239996667,1.2700000000,520.8574795767,surrogate_assisted_fix_and_optimize_candidate_PROBE_ONLY,401.2900000000,0.2433000000,1059.8100000000,1.0000000000,1.0000000000,1.0000000000,0.0000000000,0.0000000000,555.0000000000,520.8574795767,-0.0000000000,0.0000000000,0.0000000000,0.0000000000,220.0000000000,318.9525204233,-220.0000000000,0,0,Q2_candidate_plus_integrated_storage_MILP
37,RegionF,Flat,401.5200000000,313.1900000000,0.2428000000,1012.1300000000,307.1420000000,2365,89.0160000000,396.1580000000,1.2700000000,503.1206600000,surrogate_assisted_fix_and_optimize_candidate_PROBE_ONLY,401.5200000000,0.2428000000,1012.1300000000,1.0000000000,1.0000000000,1.0000000000,250.0000000000,0.0000000000,790.0000000000,503.1206600000,250.0000000000,0.0000000000,0.0000000000,0.0000000000,220.0000000000,39.0093400000,-220.0000000000,1,0,Q2_candidate_plus_integrated_storage_MILP
38,RegionF,Flat,401.7600000000,313.3700000000,0.2438000000,950.0000000000,256.3193330000,2366,103.0396666667,359.3589996667,1.2700000000,456.3859295767,surrogate_assisted_fix_and_optimize_candidate_PROBE_ONLY,401.7600000000,0.2438000000,950.0000000000,1.0000000000,1.0000000000,1.0000000000,0.0000000000,0.0000000000,790.0000000000,456.3859295767,-0.0000000000,0.0000000000,0.0000000000,0.0000000000,220.0000000000,273.6140704233,-220.0000000000,0,0,Q2_candidate_plus_integrated_storage_MILP
39,RegionF,Flat,401.9800000000,313.5400000000,0.2461000000,877.6500000000,186.4833330000,2367,94.1713333333,280.6546663333,1.2700000000,356.4314262433,surrogate_assisted_fix_and_optimize_candidate_PROBE_ONLY,401.9800000000,0.2461000000,877.6500000000,1.0000000000,1.0000000000,1.0000000000,0.0000000000,0.0000000000,790.0000000000,356.4314262433,-0.0000000000,0.0000000000,0.0000000000,0.0000000000,220.0000000000,301.2185737567,-220.0000000000,0,0,Q2_candidate_plus_integrated_storage_MILP
40,RegionF,Flat,402.2100000000,313.7200000000,0.2497000000,800.0000000000,163.5473330000,2368,95.3726666667,258.9199996667,1.2700000000,328.8283995767,surrogate_assisted_fix_and_optimize_candidate_PROBE_ONLY,402.2100000000,0.2497000000,800.0000000000,1.0000000000,1.0000000000,1.0000000000,0.0000000000,0.0000000000,790.0000000000,328.8283995767,-0.0000000000,0.0000000000,0.0000000000,0.0000000000,220.0000000000,251.1716004233,-220.0000000000,0,0,Q2_candidate_plus_integrated_storage_MILP
41,RegionF,Peak,700.2240000000,455.1500000000,0.2542000000,722.3500000000,135.3313330000,2369,105.6436666667,240.9749996667,1.2700000000,306.0382495767,surrogate_assisted_fix_and_optimize_candidate_PROBE_ONLY,583.5200000000,0.2542000000,722.3500000000,1.2000000000,1.0000000000,1.0000000000,0.0000000000,0.0000000000,790.0000000000,306.0382495767,-0.0000000000,0.0000000000,0.0000000000,0.0000000000,220.0000000000,196.3117504233,-220.0000000000,0,0,Q2_candidate_plus_integrated_storage_MILP
42,RegionF,Peak,700.5960000000,455.3900000000,0.2595000000,650.0000000000,105.9966670000,2370,90.4826666667,196.4793336667,1.2700000000,249.5287537567,surrogate_assisted_fix_and_optimize_candidate_PROBE_ONLY,583.8300000000,0.2595000000,650.0000000000,1.2000000000,1.0000000000,1.0000000000,0.0000000000,0.0000000000,790.0000000000,249.5287537567,0.0000000000,0.0000000000,0.0000000000,0.0000000000,220.0000000000,180.4712462433,-220.0000000000,0,0,Q2_candidate_plus_integrated_storage_MILP
43,RegionF,Peak,700.9680000000,455.6300000000,0.2651000000,587.8700000000,124.4300000000,2371,92.9833333333,217.4133333333,1.2700000000,276.1149333333,surrogate_assisted_fix_and_optimize_candidate_PROBE_ONLY,584.1400000000,0.2651000000,587.8700000000,1.2000000000,1.0000000000,1.0000000000,63.8297872340,0.0000000000,850.0000000000,276.1149333333,63.8297872340,0.0000000000,0.0000000000,0.0000000000,220.0000000000,27.9252794326,-220.0000000000,1,0,Q2_candidate_plus_integrated_storage_MILP
44,RegionF,Peak,701.3160000000,455.8600000000,0.2707000000,540.1900000000,120.6690000000,2372,85.9416666667,206.6106666667,1.2700000000,262.3955466667,surrogate_assisted_fix_and_optimize_candidate_PROBE_ONLY,584.4300000000,0.2707000000,540.1900000000,1.2000000000,1.0000000000,1.0000000000,0.0000000000,0.0000000000,850.0000000000,262.3955466667,-0.0000000000,0.0000000000,0.0000000000,0.0000000000,220.0000000000,57.7944533333,-220.0000000000,0,0,Q2_candidate_plus_integrated_storage_MILP
45,RegionF,Peak,701.6640000000,456.0800000000,0.2759000000,510.2200000000,138.8206670000,2373,91.1440000000,229.9646670000,1.2700000000,292.0551270900,surrogate_assisted_fix_and_optimize_candidate_PROBE_ONLY,584.7200000000,0.2759000000,510.2200000000,1.2000000000,1.0000000000,1.0000000000,0.0000000000,1.8351270900,848.0267450645,290.2200000000,0.0000000000,0.0000000000,0.0000000000,0.0000000000,220.0000000000,0.0000000000,-220.0000000000,0,0,Q2_candidate_plus_integrated_storage_MILP
46,RegionF,Flat,363.1000000000,283.2200000000,0.2804000000,500.0000000000,183.2280000000,2374,128.3836666667,311.6116666667,1.2700000000,395.7468166667,surrogate_assisted_fix_and_optimize_candidate_PROBE_ONLY,363.1000000000,0.2804000000,500.0000000000,1.0000000000,1.0000000000,1.0000000000,0.0000000000,115.7468166667,723.5678024122,280.0000000000,0.0000000000,0.0000000000,0.0000000000,0.0000000000,220.0000000000,0.0000000000,-220.0000000000,0,0,Q2_candidate_plus_integrated_storage_MILP
47,RegionF,Flat,363.2700000000,283.3500000000,0.2839000000,510.2200000000,276.7060000000,2375,135.9573333333,412.6633333333,1.2700000000,524.0824333333,surrogate_assisted_fix_and_optimize_candidate_PROBE_ONLY,363.2700000000,0.2839000000,510.2200000000,1.0000000000,1.0000000000,1.0000000000,0.0000000000,233.8624333333,472.1028203333,290.2200000000,0.0000000000,0.0000000000,0.0000000000,0.0000000000,220.0000000000,0.0000000000,-220.0000000000,0,0,Q2_candidate_plus_integrated_storage_MILP
48,RegionF,Valley,262.4800000000,204.7300000000,0.2862000000,540.1900000000,294.0393330000,2376,114.1626666667,408.2019996667,1.2700000000,518.4165395767,surrogate_assisted_fix_and_optimize_candidate_PROBE_ONLY,262.4800000000,0.2862000000,540.1900000000,1.0000000000,1.0000000000,1.0000000000,0.0000000000,82.6663370900,383.2142858280,435.7502024867,0.0000000000,0.0000000000,0.0000000000,0.0000000000,104.4397975133,0.0000000000,-104.4397975133,0,0,Q2_candidate_plus_integrated_storage_MILP
49,RegionF,Valley,262.5900000000,204.8200000000,0.2871000000,587.8700000000,289.8880000000,2377,108.9740000000,398.8620000000,1.2700000000,506.5547400000,surrogate_assisted_fix_and_optimize_candidate_PROBE_ONLY,262.5900000000,0.2871000000,587.8700000000,1.0000000000,1.0000000000,1.0000000000,0.0000000000,138.6847400000,234.0909094839,367.8700000000,0.0000000000,0.0000000000,0.0000000000,0.0000000000,220.0000000000,0.0000000000,-220.0000000000,0,0,Q2_candidate_plus_integrated_storage_MILP
50,RegionF,Valley,262.7000000000,204.9100000000,0.2865000000,650.0000000000,288.2513330000,2378,118.0780000000,406.3293330000,1.2700000000,516.0382529100,surrogate_assisted_fix_and_optimize_candidate_PROBE_ONLY,262.7000000000,0.2865000000,650.0000000000,1.0000000000,1.0000000000,1.0000000000,0.0000000000,86.0382529100,141.5766590430,430.0000000000,0.0000000000,0.0000000000,0.0000000000,0.0000000000,220.0000000000,0.0000000000,-220.0000000000,0,0,Q2_candidate_plus_integrated_storage_MILP
51,RegionF,Valley,262.8000000000,204.9800000000,0.2846000000,722.3500000000,297.4213330000,2379,139.5600000000,436.9813330000,1.2700000000,554.9662929100,surrogate_assisted_fix_and_optimize_candidate_PROBE_ONLY,262.8000000000,0.2846000000,722.3500000000,1.0000000000,1.0000000000,1.0000000000,0.0000000000,52.6162929100,85.0000000000,502.3500000000,0.0000000000,0.0000000000,0.0000000000,0.0000000000,220.0000000000,0.0000000000,-220.0000000000,0,0,Q2_candidate_plus_integrated_storage_MILP
52,RegionF,Valley,262.9000000000,205.0600000000,0.2815000000,800.0000000000,273.6483330000,2380,145.8816666667,419.5299996667,1.2700000000,532.8030995767,surrogate_assisted_fix_and_optimize_candidate_PROBE_ONLY,262.9000000000,0.2815000000,800.0000000000,1.0000000000,1.0000000000,1.0000000000,0.0000000000,0.0000000000,85.0000000000,532.8030995767,0.0000000000,0.0000000000,0.0000000000,0.0000000000,220.0000000000,47.1969004233,-220.0000000000,0,0,Q2_candidate_plus_integrated_storage_MILP
53,RegionF,Valley,263.0000000000,205.1400000000,0.2773000000,877.6500000000,299.5753330000,2381,132.0200000000,431.5953330000,1.2700000000,548.1260729100,surrogate_assisted_fix_and_optimize_candidate_PROBE_ONLY,263.0000000000,0.2773000000,877.6500000000,1.0000000000,1.0000000000,1.0000000000,0.0000000000,0.0000000000,85.0000000000,548.1260729100,-0.0000000000,0.0000000000,0.0000000000,0.0000000000,220.0000000000,109.5239270900,-220.0000000000,0,0,Q2_candidate_plus_integrated_storage_MILP
54,RegionF,Valley,263.0900000000,205.2100000000,0.2724000000,950.0000000000,360.6133330000,2382,130.8480000000,491.4613330000,1.2700000000,624.1558929100,surrogate_assisted_fix_and_optimize_candidate_PROBE_ONLY,263.0900000000,0.2724000000,950.0000000000,1.0000000000,1.0000000000,1.0000000000,0.0000000000,0.0000000000,85.0000000000,624.1558929100,-0.0000000000,0.0000000000,0.0000000000,0.0000000000,220.0000000000,105.8441070900,-220.0000000000,0,0,Q2_candidate_plus_integrated_storage_MILP
55,RegionF,Flat,404.8800000000,315.8100000000,0.2671000000,1012.1300000000,399.1546670000,2383,104.6986666667,503.8533336667,1.2700000000,639.8937337567,surrogate_assisted_fix_and_optimize_candidate_PROBE_ONLY,404.8800000000,0.2671000000,1012.1300000000,1.0000000000,1.0000000000,1.0000000000,0.0000000000,0.0000000000,85.0000000000,639.8937337567,-0.0000000000,0.0000000000,0.0000000000,0.0000000000,220.0000000000,152.2362662433,-220.0000000000,0,0,Q2_candidate_plus_integrated_storage_MILP
56,RegionF,Flat,405.0000000000,315.9000000000,0.2619000000,1059.8100000000,389.6460000000,2384,117.8733333333,507.5193333333,1.2700000000,644.5495533333,surrogate_assisted_fix_and_optimize_candidate_PROBE_ONLY,405.0000000000,0.2619000000,1059.8100000000,1.0000000000,1.0000000000,1.0000000000,0.0000000000,0.0000000000,85.0000000000,644.5495533333,-0.0000000000,0.0000000000,0.0000000000,0.0000000000,220.0000000000,195.2604466667,-220.0000000000,0,0,Q2_candidate_plus_integrated_storage_MILP
57,RegionF,Flat,405.1100000000,315.9900000000,0.2570000000,1089.7800000000,323.4240000000,2385,108.9373333333,432.3613333333,1.2700000000,549.0988933333,surrogate_assisted_fix_and_optimize_candidate_PROBE_ONLY,405.1100000000,0.2570000000,1089.7800000000,1.0000000000,1.0000000000,1.0000000000,0.0000000000,0.0000000000,85.0000000000,549.0988933333,-0.0000000000,0.0000000000,0.0000000000,0.0000000000,220.0000000000,320.6811066667,-220.0000000000,0,0,Q2_candidate_plus_integrated_storage_MILP
58,RegionF,Flat,405.2200000000,316.0700000000,0.2527000000,1100.0000000000,289.3960000000,2386,114.2973333333,403.6933333333,1.2700000000,512.6905333333,surrogate_assisted_fix_and_optimize_candidate_PROBE_ONLY,405.2200000000,0.2527000000,1100.0000000000,1.0000000000,1.0000000000,1.0000000000,0.0000000000,0.0000000000,85.0000000000,512.6905333333,-0.0000000000,0.0000000000,0.0000000000,0.0000000000,220.0000000000,367.3094666667,-220.0000000000,0,0,Q2_candidate_plus_integrated_storage_MILP
59,RegionF,Flat,405.3200000000,316.1500000000,0.2495000000,1089.7800000000,268.3866670000,2387,124.9693333333,393.3560003333,1.2700000000,499.5621204233,surrogate_assisted_fix_and_optimize_candidate_PROBE_ONLY,405.3200000000,0.2495000000,1089.7800000000,1.0000000000,1.0000000000,1.0000000000,0.0000000000,0.0000000000,85.0000000000,499.5621204233,-0.0000000000,0.0000000000,0.0000000000,0.0000000000,220.0000000000,370.2178795767,-220.0000000000,0,0,Q2_candidate_plus_integrated_storage_MILP
60,RegionF,Flat,405.4100000000,316.2200000000,0.2475000000,1059.8100000000,183.5400000000,2388,115.3333333333,298.8733333333,1.2700000000,379.5691333333,surrogate_assisted_fix_and_optimize_candidate_PROBE_ONLY,405.4100000000,0.2475000000,1059.8100000000,1.0000000000,1.0000000000,1.0000000000,0.0000000000,0.0000000000,85.0000000000,379.5691333333,-0.0000000000,0.0000000000,0.0000000000,0.0000000000,220.0000000000,460.2408666667,-220.0000000000,0,0,Q2_candidate_plus_integrated_storage_MILP
61,RegionF,Flat,405.4900000000,316.2800000000,0.2469000000,1012.1300000000,249.6686670000,2389,90.2026666667,339.8713336667,1.2700000000,431.6365937567,surrogate_assisted_fix_and_optimize_candidate_PROBE_ONLY,405.4900000000,0.2469000000,1012.1300000000,1.0000000000,1.0000000000,1.0000000000,0.0000000000,0.0000000000,85.0000000000,431.6365937567,-0.0000000000,0.0000000000,0.0000000000,0.0000000000,220.0000000000,360.4934062433,-220.0000000000,0,0,Q2_candidate_plus_integrated_storage_MILP
62,RegionF,Flat,405.5700000000,316.3400000000,0.2476000000,950.0000000000,207.5270000000,2390,138.5760000000,346.1030000000,1.2700000000,439.5508100000,surrogate_assisted_fix_and_optimize_candidate_PROBE_ONLY,405.5700000000,0.2476000000,950.0000000000,1.0000000000,1.0000000000,1.0000000000,0.0000000000,0.0000000000,85.0000000000,439.5508100000,-0.0000000000,0.0000000000,0.0000000000,0.0000000000,220.0000000000,290.4491900000,-220.0000000000,0,0,Q2_candidate_plus_integrated_storage_MILP
63,RegionF,Flat,405.6300000000,316.3900000000,0.2497000000,877.6500000000,176.3513330000,2391,126.3920000000,302.7433330000,1.2700000000,384.4840329100,surrogate_assisted_fix_and_optimize_candidate_PROBE_ONLY,405.6300000000,0.2497000000,877.6500000000,1.0000000000,1.0000000000,1.0000000000,250.0000000000,0.0000000000,320.0000000000,384.4840329100,250.0000000000,0.0000000000,0.0000000000,0.0000000000,220.0000000000,23.1659670900,-220.0000000000,1,0,Q2_candidate_plus_integrated_storage_MILP
64,RegionF,Flat,405.6900000000,316.4400000000,0.2531000000,800.0000000000,110.1306670000,2392,136.8993333333,247.0300003333,1.2700000000,313.7281004233,surrogate_assisted_fix_and_optimize_candidate_PROBE_ONLY,405.6900000000,0.2531000000,800.0000000000,1.0000000000,1.0000000000,1.0000000000,250.0000000000,0.0000000000,555.0000000000,313.7281004233,250.0000000000,0.0000000000,0.0000000000,0.0000000000,220.0000000000,16.2718995767,-220.0000000000,1,0,Q2_candidate_plus_integrated_storage_MILP
65,RegionF,Peak,705.9840000000,458.8900000000,0.2574000000,722.3500000000,114.7626670000,2393,67.5980000000,182.3606670000,1.2700000000,231.5980470900,surrogate_assisted_fix_and_optimize_candidate_PROBE_ONLY,588.3200000000,0.2574000000,722.3500000000,1.2000000000,1.0000000000,1.0000000000,0.0000000000,0.0000000000,555.0000000000,231.5980470900,-0.0000000000,0.0000000000,0.0000000000,0.0000000000,220.0000000000,270.7519529100,-220.0000000000,0,0,Q2_candidate_plus_integrated_storage_MILP
66,RegionF,Peak,706.0560000000,458.9400000000,0.2624000000,650.0000000000,159.1500000000,2394,34.9990000000,194.1490000000,1.2700000000,246.5692300000,surrogate_assisted_fix_and_optimize_candidate_PROBE_ONLY,588.3800000000,0.2624000000,650.0000000000,1.2000000000,1.0000000000,1.0000000000,0.0000000000,0.0000000000,555.0000000000,246.5692300000,-0.0000000000,0.0000000000,0.0000000000,0.0000000000,220.0000000000,183.4307700000,-220.0000000000,0,0,Q2_candidate_plus_integrated_storage_MILP
67,RegionF,Peak,706.1160000000,458.9800000000,0.2678000000,587.8700000000,165.8020000000,2395,30.7493333333,196.5513333333,1.2700000000,249.6201933333,surrogate_assisted_fix_and_optimize_candidate_PROBE_ONLY,588.4300000000,0.2678000000,587.8700000000,1.2000000000,1.0000000000,1.0000000000,0.0000000000,0.0000000000,555.0000000000,249.6201933333,-0.0000000000,0.0000000000,0.0000000000,0.0000000000,220.0000000000,118.2498066667,-220.0000000000,0,0,Q2_candidate_plus_integrated_storage_MILP
68,RegionF,Peak,706.1520000000,459.0000000000,0.2732000000,540.1900000000,129.3800000000,2396,47.9306666667,177.3106666667,1.2700000000,225.1845466667,surrogate_assisted_fix_and_optimize_candidate_PROBE_ONLY,588.4600000000,0.2732000000,540.1900000000,1.2000000000,1.0000000000,1.0000000000,35.4322199344,0.0000000000,588.3062867384,225.1845466667,35.4322199344,0.0000000000,0.0000000000,0.0000000000,220.0000000000,59.5732333989,-220.0000000000,1,0,Q2_candidate_plus_integrated_storage_MILP
69,RegionF,Peak,706.1880000000,459.0200000000,0.2782000000,510.2200000000,166.1600000000,2397,52.4916666667,218.6516666667,1.2700000000,277.6876166667,surrogate_assisted_fix_and_optimize_candidate_PROBE_ONLY,588.4900000000,0.2782000000,510.2200000000,1.2000000000,1.0000000000,1.0000000000,0.0000000000,0.0000000000,588.3062867384,277.6876166667,-0.0000000000,0.0000000000,0.0000000000,0.0000000000,220.0000000000,12.5323833333,-220.0000000000,0,0,Q2_candidate_plus_integrated_storage_MILP
70,RegionF,Flat,365.2700000000,284.9100000000,0.2824000000,500.0000000000,179.2900000000,2398,69.8886666667,249.1786666667,1.2700000000,316.4569066667,surrogate_assisted_fix_and_optimize_candidate_PROBE_ONLY,365.2700000000,0.2824000000,500.0000000000,1.0000000000,1.0000000000,1.0000000000,0.0000000000,36.4569066667,549.1053118280,280.0000000000,0.0000000000,0.0000000000,0.0000000000,0.0000000000,220.0000000000,0.0000000000,-220.0000000000,0,0,Q2_candidate_plus_integrated_storage_MILP
71,RegionF,Flat,365.2700000000,284.9100000000,0.2857000000,510.2200000000,216.3380000000,2399,134.1840000000,350.5220000000,1.2700000000,445.1629400000,surrogate_assisted_fix_and_optimize_candidate_PROBE_ONLY,365.2700000000,0.2857000000,510.2200000000,1.0000000000,1.0000000000,1.0000000000,0.0000000000,154.9429400000,382.5000000000,290.2200000000,0.0000000000,0.0000000000,0.0000000000,0.0000000000,220.0000000000,0.0000000000,-220.0000000000,0,0,Q2_candidate_plus_integrated_storage_MILP
